codigo_uf,sigla_uf,codigo_municipio,nome_municipio,pct_alfabetizados,ano
0.0,SG_UF,0.0,NO_MUNICIPIO,,2023
0.0,SG_UF,0.0,NO_MUNICIPIO,,2024
11.0,RO,1100015.0,Alta Floresta D'Oeste,64.6,2023
11.0,RO,1100015.0,Alta Floresta D'Oeste,67.79,2024
11.0,RO,1100023.0,Ariquemes,62.3,2023
11.0,RO,1100023.0,Ariquemes,65.62,2024
11.0,RO,1100031.0,Cabixi,69.1,2023
11.0,RO,1100031.0,Cabixi,75.88,2024
11.0,RO,1100056.0,Cerejeiras,58.5,2023
11.0,RO,1100056.0,Cerejeiras,66.81,2024
11.0,RO,1100064.0,Colorado do Oeste,62.9,2023
11.0,RO,1100064.0,Colorado do Oeste,71.69,2024
11.0,RO,1100072.0,Corumbiara,58.2,2023
11.0,RO,1100072.0,Corumbiara,72.68,2024
11.0,RO,1100080.0,Costa Marques,80.7,2023
11.0,RO,1100080.0,Costa Marques,59.63,2024
11.0,RO,1100098.0,Espigão D'Oeste,85.3,2023
11.0,RO,1100098.0,Espigão D'Oeste,71.16,2024
11.0,RO,1100106.0,Guajará-Mirim,41.8,2023
11.0,RO,1100106.0,Guajará-Mirim,43.07,2024
11.0,RO,1100114.0,Jaru,62.8,2023
11.0,RO,1100114.0,Jaru,63.99,2024
11.0,RO,1100122.0,Ji-Paraná,81.8,2023
11.0,RO,1100122.0,Ji-Paraná,72.81,2024
11.0,RO,1100130.0,Machadinho D'Oeste,51.4,2023
11.0,RO,1100130.0,Machadinho D'Oeste,64.75,2024
11.0,RO,1100148.0,Nova Brasilândia D'Oeste,74.8,2023
11.0,RO,1100148.0,Nova Brasilândia D'Oeste,75.61,2024
11.0,RO,1100155.0,Ouro Preto do Oeste,72.4,2023
11.0,RO,1100155.0,Ouro Preto do Oeste,66.4,2024
11.0,RO,1100205.0,Porto Velho,65.1,2023
11.0,RO,1100205.0,Porto Velho,50.84,2024
11.0,RO,1100254.0,Presidente Médici,62.4,2023
11.0,RO,1100254.0,Presidente Médici,71.14,2024
11.0,RO,1100262.0,Rio Crespo,83.8,2023
11.0,RO,1100262.0,Rio Crespo,62.81,2024
11.0,RO,1100288.0,Rolim de Moura,68.8,2023
11.0,RO,1100288.0,Rolim de Moura,75.19,2024
11.0,RO,1100296.0,Santa Luzia D'Oeste,76.1,2023
11.0,RO,1100296.0,Santa Luzia D'Oeste,83.36,2024
11.0,RO,1100304.0,Vilhena,65.6,2023
11.0,RO,1100304.0,Vilhena,71.66,2024
11.0,RO,1100320.0,São Miguel do Guaporé,67.8,2023
11.0,RO,1100320.0,São Miguel do Guaporé,69.13,2024
11.0,RO,1100338.0,Nova Mamoré,63.0,2023
11.0,RO,1100338.0,Nova Mamoré,45.3,2024
11.0,RO,1100346.0,Alvorada D'Oeste,29.2,2023
11.0,RO,1100346.0,Alvorada D'Oeste,65.35,2024
11.0,RO,1100379.0,Alto Alegre dos Parecis,69.5,2023
11.0,RO,1100379.0,Alto Alegre dos Parecis,79.54,2024
11.0,RO,1100403.0,Alto Paraíso,61.5,2023
11.0,RO,1100403.0,Alto Paraíso,60.45,2024
11.0,RO,1100452.0,Buritis,49.8,2023
11.0,RO,1100452.0,Buritis,72.32000000000001,2024
11.0,RO,1100502.0,Novo Horizonte do Oeste,72.5,2023
11.0,RO,1100502.0,Novo Horizonte do Oeste,70.67,2024
11.0,RO,1100601.0,Cacaulândia,54.6,2023
11.0,RO,1100601.0,Cacaulândia,78.84,2024
11.0,RO,1100700.0,Campo Novo de Rondônia,59.3,2023
11.0,RO,1100700.0,Campo Novo de Rondônia,71.94,2024
11.0,RO,1100809.0,Candeias do Jamari,49.0,2023
11.0,RO,1100809.0,Candeias do Jamari,51.63,2024
11.0,RO,1100908.0,Castanheiras,70.1,2023
11.0,RO,1100908.0,Castanheiras,65.42,2024
11.0,RO,1100940.0,Cujubim,77.5,2023
11.0,RO,1100940.0,Cujubim,67.6,2024
11.0,RO,1101005.0,Governador Jorge Teixeira,65.1,2023
11.0,RO,1101005.0,Governador Jorge Teixeira,70.76,2024
11.0,RO,1101104.0,Itapuã do Oeste,98.8,2023
11.0,RO,1101104.0,Itapuã do Oeste,70.62,2024
11.0,RO,1101203.0,Ministro Andreazza,72.5,2023
11.0,RO,1101203.0,Ministro Andreazza,69.17,2024
11.0,RO,1101302.0,Mirante da Serra,59.2,2023
11.0,RO,1101302.0,Mirante da Serra,73.82000000000001,2024
11.0,RO,1101401.0,Monte Negro,72.2,2023
11.0,RO,1101401.0,Monte Negro,69.92,2024
11.0,RO,1101435.0,Nova União,60.7,2023
11.0,RO,1101435.0,Nova União,70.92,2024
11.0,RO,1101450.0,Parecis,61.0,2023
11.0,RO,1101450.0,Parecis,70.60000000000001,2024
11.0,RO,1101468.0,Pimenteiras do Oeste,54.8,2023
11.0,RO,1101468.0,Pimenteiras do Oeste,57.63,2024
11.0,RO,1101476.0,Primavera de Rondônia,86.1,2023
11.0,RO,1101476.0,Primavera de Rondônia,57.63,2024
11.0,RO,1101484.0,São Felipe D'Oeste,53.3,2023
11.0,RO,1101484.0,São Felipe D'Oeste,78.36,2024
11.0,RO,1101492.0,São Francisco do Guaporé,65.8,2023
11.0,RO,1101492.0,São Francisco do Guaporé,62.99,2024
11.0,RO,1101500.0,Seringueiras,63.0,2023
11.0,RO,1101500.0,Seringueiras,66.06,2024
11.0,RO,1101559.0,Teixeirópolis,72.0,2023
11.0,RO,1101559.0,Teixeirópolis,65.3,2024
11.0,RO,1101609.0,Theobroma,50.7,2023
11.0,RO,1101609.0,Theobroma,78.73,2024
11.0,RO,1101708.0,Urupá,70.9,2023
11.0,RO,1101708.0,Urupá,61.28,2024
11.0,RO,1101757.0,Vale do Anari,37.0,2023
11.0,RO,1101757.0,Vale do Anari,55.65,2024
11.0,RO,1101807.0,Vale do Paraíso,55.7,2023
11.0,RO,1101807.0,Vale do Paraíso,44.06,2024
12.0,AC,1200013.0,Acrelândia,,2023
12.0,AC,1200013.0,Acrelândia,59.69,2024
12.0,AC,1200054.0,Assis Brasil,,2023
12.0,AC,1200054.0,Assis Brasil,49.17,2024
12.0,AC,1200104.0,Brasiléia,,2023
12.0,AC,1200104.0,Brasiléia,46.68,2024
12.0,AC,1200138.0,Bujari,,2023
12.0,AC,1200138.0,Bujari,26.69,2024
12.0,AC,1200179.0,Capixaba,,2023
12.0,AC,1200179.0,Capixaba,34.97,2024
12.0,AC,1200203.0,Cruzeiro do Sul,,2023
12.0,AC,1200203.0,Cruzeiro do Sul,42.18,2024
12.0,AC,1200252.0,Epitaciolândia,,2023
12.0,AC,1200252.0,Epitaciolândia,52.28,2024
12.0,AC,1200302.0,Feijó,,2023
12.0,AC,1200302.0,Feijó,53.33,2024
12.0,AC,1200328.0,Jordão,,2023
12.0,AC,1200328.0,Jordão,19.59,2024
12.0,AC,1200336.0,Mâncio Lima,,2023
12.0,AC,1200336.0,Mâncio Lima,38.07,2024
12.0,AC,1200351.0,Marechal Thaumaturgo,,2023
12.0,AC,1200351.0,Marechal Thaumaturgo,62.82,2024
12.0,AC,1200385.0,Plácido de Castro,,2023
12.0,AC,1200385.0,Plácido de Castro,33.78,2024
12.0,AC,1200393.0,Porto Walter,,2023
12.0,AC,1200393.0,Porto Walter,39.79,2024
12.0,AC,1200401.0,Rio Branco,,2023
12.0,AC,1200401.0,Rio Branco,55.64,2024
12.0,AC,1200427.0,Rodrigues Alves,,2023
12.0,AC,1200427.0,Rodrigues Alves,38.92,2024
12.0,AC,1200435.0,Santa Rosa do Purus,,2023
12.0,AC,1200435.0,Santa Rosa do Purus,15.62,2024
12.0,AC,1200450.0,Senador Guiomard,,2023
12.0,AC,1200450.0,Senador Guiomard,43.66,2024
12.0,AC,1200500.0,Sena Madureira,,2023
12.0,AC,1200500.0,Sena Madureira,64.83,2024
12.0,AC,1200609.0,Tarauacá,,2023
12.0,AC,1200609.0,Tarauacá,45.18,2024
12.0,AC,1200708.0,Xapuri,,2023
12.0,AC,1200708.0,Xapuri,51.91,2024
12.0,AC,1200807.0,Porto Acre,,2023
12.0,AC,1200807.0,Porto Acre,39.69,2024
13.0,AM,1300029.0,Alvarães,39.9,2023
13.0,AM,1300029.0,Alvarães,58.47,2024
13.0,AM,1300060.0,Amaturá,62.7,2023
13.0,AM,1300060.0,Amaturá,64.58,2024
13.0,AM,1300086.0,Anamã,33.3,2023
13.0,AM,1300086.0,Anamã,53.48,2024
13.0,AM,1300102.0,Anori,76.0,2023
13.0,AM,1300102.0,Anori,77.45,2024
13.0,AM,1300144.0,Apuí,56.8,2023
13.0,AM,1300144.0,Apuí,49.25,2024
13.0,AM,1300201.0,Atalaia do Norte,54.2,2023
13.0,AM,1300201.0,Atalaia do Norte,84.07000000000001,2024
13.0,AM,1300409.0,Barcelos,48.6,2023
13.0,AM,1300409.0,Barcelos,38.21,2024
13.0,AM,1300508.0,Barreirinha,29.7,2023
13.0,AM,1300508.0,Barreirinha,24.4,2024
13.0,AM,1300607.0,Benjamin Constant,,2023
13.0,AM,1300607.0,Benjamin Constant,34.300000000000004,2024
13.0,AM,1300680.0,Boa Vista do Ramos,26.2,2023
13.0,AM,1300680.0,Boa Vista do Ramos,31.41,2024
13.0,AM,1300706.0,Boca do Acre,59.1,2023
13.0,AM,1300706.0,Boca do Acre,44.78,2024
13.0,AM,1300805.0,Borba,28.4,2023
13.0,AM,1300805.0,Borba,22.82,2024
13.0,AM,1300839.0,Caapiranga,,2023
13.0,AM,1300839.0,Caapiranga,21.72,2024
13.0,AM,1301001.0,Carauari,47.4,2023
13.0,AM,1301001.0,Carauari,49.19,2024
13.0,AM,1301159.0,Careiro da Várzea,38.0,2023
13.0,AM,1301159.0,Careiro da Várzea,27.35,2024
13.0,AM,1301209.0,Coari,38.8,2023
13.0,AM,1301209.0,Coari,32.72,2024
13.0,AM,1301308.0,Codajás,43.7,2023
13.0,AM,1301308.0,Codajás,40.59,2024
13.0,AM,1301506.0,Envira,,2023
13.0,AM,1301506.0,Envira,19.3,2024
13.0,AM,1301654.0,Guajará,61.9,2023
13.0,AM,1301654.0,Guajará,54.66,2024
13.0,AM,1301704.0,Humaitá,50.3,2023
13.0,AM,1301704.0,Humaitá,57.23,2024
13.0,AM,1301803.0,Ipixuna,,2023
13.0,AM,1301803.0,Ipixuna,63.28,2024
13.0,AM,1301852.0,Iranduba,45.2,2023
13.0,AM,1301852.0,Iranduba,34.35,2024
13.0,AM,1301902.0,Itacoatiara,46.3,2023
13.0,AM,1301902.0,Itacoatiara,42.66,2024
13.0,AM,1302108.0,Japurá,77.3,2023
13.0,AM,1302108.0,Japurá,91.93,2024
13.0,AM,1302207.0,Juruá,40.6,2023
13.0,AM,1302207.0,Juruá,44.2,2024
13.0,AM,1302306.0,Jutaí,36.6,2023
13.0,AM,1302306.0,Jutaí,30.91,2024
13.0,AM,1302405.0,Lábrea,64.3,2023
13.0,AM,1302405.0,Lábrea,66.7,2024
13.0,AM,1302504.0,Manacapuru,44.0,2023
13.0,AM,1302504.0,Manacapuru,37.28,2024
13.0,AM,1302553.0,Manaquiri,47.0,2023
13.0,AM,1302553.0,Manaquiri,20.56,2024
13.0,AM,1302603.0,Manaus,52.2,2023
13.0,AM,1302603.0,Manaus,50.13,2024
13.0,AM,1302702.0,Manicoré,51.8,2023
13.0,AM,1302702.0,Manicoré,57.02,2024
13.0,AM,1302801.0,Maraã,21.0,2023
13.0,AM,1302801.0,Maraã,48.41,2024
13.0,AM,1302900.0,Maués,53.2,2023
13.0,AM,1302900.0,Maués,45.97,2024
13.0,AM,1303007.0,Nhamundá,64.7,2023
13.0,AM,1303007.0,Nhamundá,57.1,2024
13.0,AM,1303106.0,Nova Olinda do Norte,51.4,2023
13.0,AM,1303106.0,Nova Olinda do Norte,32.8,2024
13.0,AM,1303205.0,Novo Airão,75.9,2023
13.0,AM,1303205.0,Novo Airão,57.09,2024
13.0,AM,1303304.0,Novo Aripuanã,84.0,2023
13.0,AM,1303304.0,Novo Aripuanã,50.99,2024
13.0,AM,1303403.0,Parintins,51.9,2023
13.0,AM,1303403.0,Parintins,51.36,2024
13.0,AM,1303502.0,Pauini,39.0,2023
13.0,AM,1303502.0,Pauini,48.43,2024
13.0,AM,1303536.0,Presidente Figueiredo,34.2,2023
13.0,AM,1303536.0,Presidente Figueiredo,35.31,2024
13.0,AM,1303569.0,Rio Preto da Eva,35.3,2023
13.0,AM,1303569.0,Rio Preto da Eva,46.76,2024
13.0,AM,1303601.0,Santa Isabel do Rio Negro,26.7,2023
13.0,AM,1303601.0,Santa Isabel do Rio Negro,36.02,2024
13.0,AM,1303700.0,Santo Antônio do Içá,59.7,2023
13.0,AM,1303700.0,Santo Antônio do Içá,37.94,2024
13.0,AM,1303809.0,São Gabriel da Cachoeira,36.5,2023
13.0,AM,1303809.0,São Gabriel da Cachoeira,31.59,2024
13.0,AM,1303908.0,São Paulo de Olivença,33.1,2023
13.0,AM,1303908.0,São Paulo de Olivença,32.06,2024
13.0,AM,1303957.0,São Sebastião do Uatumã,51.8,2023
13.0,AM,1303957.0,São Sebastião do Uatumã,29.46,2024
13.0,AM,1304005.0,Silves,,2023
13.0,AM,1304005.0,Silves,38.73,2024
13.0,AM,1304062.0,Tabatinga,41.5,2023
13.0,AM,1304062.0,Tabatinga,37.75,2024
13.0,AM,1304104.0,Tapauá,49.3,2023
13.0,AM,1304104.0,Tapauá,51.81,2024
13.0,AM,1304203.0,Tefé,,2023
13.0,AM,1304203.0,Tefé,36.78,2024
13.0,AM,1304237.0,Tonantins,45.9,2023
13.0,AM,1304237.0,Tonantins,30.02,2024
13.0,AM,1304302.0,Urucará,57.0,2023
13.0,AM,1304302.0,Urucará,73.95,2024
13.0,AM,1304401.0,Urucurituba,,2023
13.0,AM,1304401.0,Urucurituba,46.46,2024
15.0,PA,1500131.0,Abel Figueiredo,59.8,2023
15.0,PA,1500131.0,Abel Figueiredo,54.88,2024
15.0,PA,1500206.0,Acará,39.0,2023
15.0,PA,1500206.0,Acará,41.73,2024
15.0,PA,1500305.0,Afuá,30.8,2023
15.0,PA,1500305.0,Afuá,38.18,2024
15.0,PA,1500347.0,Água Azul do Norte,27.8,2023
15.0,PA,1500347.0,Água Azul do Norte,51.4,2024
15.0,PA,1500404.0,Alenquer,36.4,2023
15.0,PA,1500404.0,Alenquer,34.75,2024
15.0,PA,1500503.0,Almeirim,30.7,2023
15.0,PA,1500503.0,Almeirim,38.92,2024
15.0,PA,1500602.0,Altamira,46.7,2023
15.0,PA,1500602.0,Altamira,45.32,2024
15.0,PA,1500701.0,Anajás,26.8,2023
15.0,PA,1500701.0,Anajás,33.83,2024
15.0,PA,1500800.0,Ananindeua,59.0,2023
15.0,PA,1500800.0,Ananindeua,52.74,2024
15.0,PA,1500859.0,Anapu,48.8,2023
15.0,PA,1500859.0,Anapu,48.45,2024
15.0,PA,1500909.0,Augusto Corrêa,38.6,2023
15.0,PA,1500909.0,Augusto Corrêa,43.99,2024
15.0,PA,1500958.0,Aurora do Pará,34.0,2023
15.0,PA,1500958.0,Aurora do Pará,55.54,2024
15.0,PA,1501006.0,Aveiro,57.2,2023
15.0,PA,1501006.0,Aveiro,64.37,2024
15.0,PA,1501105.0,Bagre,46.7,2023
15.0,PA,1501105.0,Bagre,53.31,2024
15.0,PA,1501204.0,Baião,27.5,2023
15.0,PA,1501204.0,Baião,38.16,2024
15.0,PA,1501303.0,Barcarena,46.6,2023
15.0,PA,1501303.0,Barcarena,39.5,2024
15.0,PA,1501402.0,Belém,48.2,2023
15.0,PA,1501402.0,Belém,46.08,2024
15.0,PA,1501451.0,Belterra,60.6,2023
15.0,PA,1501451.0,Belterra,57.61,2024
15.0,PA,1501501.0,Benevides,60.6,2023
15.0,PA,1501501.0,Benevides,65.29,2024
15.0,PA,1501576.0,Bom Jesus do Tocantins,58.1,2023
15.0,PA,1501576.0,Bom Jesus do Tocantins,51.82,2024
15.0,PA,1501600.0,Bonito,37.0,2023
15.0,PA,1501600.0,Bonito,32.2,2024
15.0,PA,1501709.0,Bragança,42.7,2023
15.0,PA,1501709.0,Bragança,37.0,2024
15.0,PA,1501758.0,Brejo Grande do Araguaia,61.6,2023
15.0,PA,1501758.0,Brejo Grande do Araguaia,75.7,2024
15.0,PA,1501782.0,Breu Branco,31.2,2023
15.0,PA,1501782.0,Breu Branco,50.55,2024
15.0,PA,1501808.0,Breves,44.0,2023
15.0,PA,1501808.0,Breves,55.58,2024
15.0,PA,1501907.0,Bujaru,51.4,2023
15.0,PA,1501907.0,Bujaru,51.61,2024
15.0,PA,1501956.0,Cachoeira do Piriá,47.7,2023
15.0,PA,1501956.0,Cachoeira do Piriá,52.04,2024
15.0,PA,1502152.0,Canaã dos Carajás,62.1,2023
15.0,PA,1502152.0,Canaã dos Carajás,65.12,2024
15.0,PA,1502202.0,Capanema,62.0,2023
15.0,PA,1502202.0,Capanema,59.49,2024
15.0,PA,1502301.0,Capitão Poço,51.0,2023
15.0,PA,1502301.0,Capitão Poço,48.98,2024
15.0,PA,1502400.0,Castanhal,,2023
15.0,PA,1502400.0,Castanhal,32.97,2024
15.0,PA,1502509.0,Chaves,44.8,2023
15.0,PA,1502509.0,Chaves,74.09,2024
15.0,PA,1502608.0,Colares,54.4,2023
15.0,PA,1502608.0,Colares,37.22,2024
15.0,PA,1502707.0,Conceição do Araguaia,38.7,2023
15.0,PA,1502707.0,Conceição do Araguaia,50.69,2024
15.0,PA,1502756.0,Concórdia do Pará,40.6,2023
15.0,PA,1502756.0,Concórdia do Pará,54.24,2024
15.0,PA,1502764.0,Cumaru do Norte,50.1,2023
15.0,PA,1502764.0,Cumaru do Norte,45.2,2024
15.0,PA,1502772.0,Curionópolis,50.8,2023
15.0,PA,1502772.0,Curionópolis,72.88,2024
15.0,PA,1502806.0,Curralinho,25.1,2023
15.0,PA,1502806.0,Curralinho,24.03,2024
15.0,PA,1502855.0,Curuá,37.5,2023
15.0,PA,1502855.0,Curuá,42.47,2024
15.0,PA,1502905.0,Curuçá,30.8,2023
15.0,PA,1502905.0,Curuçá,33.480000000000004,2024
15.0,PA,1502939.0,Dom Eliseu,59.3,2023
15.0,PA,1502939.0,Dom Eliseu,69.24,2024
15.0,PA,1502954.0,Eldorado do Carajás,52.9,2023
15.0,PA,1502954.0,Eldorado do Carajás,50.59,2024
15.0,PA,1503002.0,Faro,51.1,2023
15.0,PA,1503002.0,Faro,51.79,2024
15.0,PA,1503044.0,Floresta do Araguaia,47.8,2023
15.0,PA,1503044.0,Floresta do Araguaia,67.37,2024
15.0,PA,1503077.0,Garrafão do Norte,38.0,2023
15.0,PA,1503077.0,Garrafão do Norte,32.89,2024
15.0,PA,1503093.0,Goianésia do Pará,46.1,2023
15.0,PA,1503093.0,Goianésia do Pará,42.29,2024
15.0,PA,1503200.0,Igarapé-Açu,32.8,2023
15.0,PA,1503200.0,Igarapé-Açu,40.43,2024
15.0,PA,1503309.0,Igarapé-Miri,36.7,2023
15.0,PA,1503309.0,Igarapé-Miri,41.34,2024
15.0,PA,1503408.0,Inhangapi,21.8,2023
15.0,PA,1503408.0,Inhangapi,45.41,2024
15.0,PA,1503457.0,Ipixuna do Pará,39.7,2023
15.0,PA,1503457.0,Ipixuna do Pará,42.95,2024
15.0,PA,1503507.0,Irituia,45.3,2023
15.0,PA,1503507.0,Irituia,49.64,2024
15.0,PA,1503606.0,Itaituba,61.0,2023
15.0,PA,1503606.0,Itaituba,59.22,2024
15.0,PA,1503705.0,Itupiranga,42.7,2023
15.0,PA,1503705.0,Itupiranga,44.08,2024
15.0,PA,1503754.0,Jacareacanga,,2023
15.0,PA,1503754.0,Jacareacanga,24.95,2024
15.0,PA,1504000.0,Limoeiro do Ajuru,47.6,2023
15.0,PA,1504000.0,Limoeiro do Ajuru,47.82,2024
15.0,PA,1504059.0,Mãe do Rio,45.5,2023
15.0,PA,1504059.0,Mãe do Rio,46.97,2024
15.0,PA,1504109.0,Magalhães Barata,54.0,2023
15.0,PA,1504109.0,Magalhães Barata,60.05,2024
15.0,PA,1504208.0,Marabá,51.5,2023
15.0,PA,1504208.0,Marabá,50.68,2024
15.0,PA,1504307.0,Maracanã,68.1,2023
15.0,PA,1504307.0,Maracanã,47.51,2024
15.0,PA,1504406.0,Marapanim,28.7,2023
15.0,PA,1504406.0,Marapanim,45.42,2024
15.0,PA,1504455.0,Medicilândia,49.0,2023
15.0,PA,1504455.0,Medicilândia,48.44,2024
15.0,PA,1504505.0,Melgaço,38.0,2023
15.0,PA,1504505.0,Melgaço,28.64,2024
15.0,PA,1504703.0,Moju,32.1,2023
15.0,PA,1504703.0,Moju,34.29,2024
15.0,PA,1504802.0,Monte Alegre,54.0,2023
15.0,PA,1504802.0,Monte Alegre,46.69,2024
15.0,PA,1504901.0,Muaná,36.2,2023
15.0,PA,1504901.0,Muaná,33.63,2024
15.0,PA,1504950.0,Nova Esperança do Piriá,35.6,2023
15.0,PA,1504950.0,Nova Esperança do Piriá,50.02,2024
15.0,PA,1505007.0,Nova Timboteua,50.3,2023
15.0,PA,1505007.0,Nova Timboteua,51.68,2024
15.0,PA,1505031.0,Novo Progresso,61.4,2023
15.0,PA,1505031.0,Novo Progresso,56.8,2024
15.0,PA,1505064.0,Novo Repartimento,55.6,2023
15.0,PA,1505064.0,Novo Repartimento,47.88,2024
15.0,PA,1505106.0,Óbidos,48.8,2023
15.0,PA,1505106.0,Óbidos,53.98,2024
15.0,PA,1505205.0,Oeiras do Pará,18.5,2023
15.0,PA,1505205.0,Oeiras do Pará,31.03,2024
15.0,PA,1505304.0,Oriximiná,34.5,2023
15.0,PA,1505304.0,Oriximiná,30.61,2024
15.0,PA,1505403.0,Ourém,48.5,2023
15.0,PA,1505403.0,Ourém,56.24,2024
15.0,PA,1505437.0,Ourilândia do Norte,48.7,2023
15.0,PA,1505437.0,Ourilândia do Norte,53.11,2024
15.0,PA,1505486.0,Pacajá,37.3,2023
15.0,PA,1505486.0,Pacajá,45.49,2024
15.0,PA,1505494.0,Palestina do Pará,33.8,2023
15.0,PA,1505494.0,Palestina do Pará,44.75,2024
15.0,PA,1505502.0,Paragominas,62.5,2023
15.0,PA,1505502.0,Paragominas,56.72,2024
15.0,PA,1505536.0,Parauapebas,54.3,2023
15.0,PA,1505536.0,Parauapebas,49.49,2024
15.0,PA,1505551.0,Pau D'Arco,50.7,2023
15.0,PA,1505551.0,Pau D'Arco,48.91,2024
15.0,PA,1505601.0,Peixe-Boi,53.8,2023
15.0,PA,1505601.0,Peixe-Boi,84.31,2024
15.0,PA,1505635.0,Piçarra,58.3,2023
15.0,PA,1505635.0,Piçarra,57.18,2024
15.0,PA,1505650.0,Placas,,2023
15.0,PA,1505650.0,Placas,55.72,2024
15.0,PA,1505700.0,Ponta de Pedras,38.7,2023
15.0,PA,1505700.0,Ponta de Pedras,57.13,2024
15.0,PA,1505809.0,Portel,43.7,2023
15.0,PA,1505809.0,Portel,40.72,2024
15.0,PA,1506005.0,Prainha,57.3,2023
15.0,PA,1506005.0,Prainha,43.28,2024
15.0,PA,1506104.0,Primavera,49.0,2023
15.0,PA,1506104.0,Primavera,49.94,2024
15.0,PA,1506112.0,Quatipuru,48.9,2023
15.0,PA,1506112.0,Quatipuru,47.3,2024
15.0,PA,1506138.0,Redenção,55.1,2023
15.0,PA,1506138.0,Redenção,58.25,2024
15.0,PA,1506161.0,Rio Maria,41.8,2023
15.0,PA,1506161.0,Rio Maria,56.31,2024
15.0,PA,1506187.0,Rondon do Pará,60.2,2023
15.0,PA,1506187.0,Rondon do Pará,68.8,2024
15.0,PA,1506195.0,Rurópolis,58.0,2023
15.0,PA,1506195.0,Rurópolis,54.76,2024
15.0,PA,1506203.0,Salinópolis,43.3,2023
15.0,PA,1506203.0,Salinópolis,50.44,2024
15.0,PA,1506302.0,Salvaterra,52.0,2023
15.0,PA,1506302.0,Salvaterra,49.47,2024
15.0,PA,1506351.0,Santa Bárbara do Pará,37.6,2023
15.0,PA,1506351.0,Santa Bárbara do Pará,46.35,2024
15.0,PA,1506401.0,Santa Cruz do Arari,49.9,2023
15.0,PA,1506401.0,Santa Cruz do Arari,52.31,2024
15.0,PA,1506500.0,Santa Izabel do Pará,40.8,2023
15.0,PA,1506500.0,Santa Izabel do Pará,34.18,2024
15.0,PA,1506559.0,Santa Luzia do Pará,56.5,2023
15.0,PA,1506559.0,Santa Luzia do Pará,39.77,2024
15.0,PA,1506583.0,Santa Maria das Barreiras,53.6,2023
15.0,PA,1506583.0,Santa Maria das Barreiras,42.45,2024
15.0,PA,1506609.0,Santa Maria do Pará,,2023
15.0,PA,1506609.0,Santa Maria do Pará,39.79,2024
15.0,PA,1506807.0,Santarém,54.9,2023
15.0,PA,1506807.0,Santarém,51.29,2024
15.0,PA,1506906.0,Santarém Novo,52.2,2023
15.0,PA,1506906.0,Santarém Novo,78.25,2024
15.0,PA,1507003.0,Santo Antônio do Tauá,25.7,2023
15.0,PA,1507003.0,Santo Antônio do Tauá,31.66,2024
15.0,PA,1507102.0,São Caetano de Odivelas,33.4,2023
15.0,PA,1507102.0,São Caetano de Odivelas,69.85000000000001,2024
15.0,PA,1507151.0,São Domingos do Araguaia,46.1,2023
15.0,PA,1507151.0,São Domingos do Araguaia,40.37,2024
15.0,PA,1507201.0,São Domingos do Capim,30.8,2023
15.0,PA,1507201.0,São Domingos do Capim,32.97,2024
15.0,PA,1507300.0,São Félix do Xingu,,2023
15.0,PA,1507300.0,São Félix do Xingu,30.95,2024
15.0,PA,1507409.0,São Francisco do Pará,37.0,2023
15.0,PA,1507409.0,São Francisco do Pará,37.44,2024
15.0,PA,1507458.0,São Geraldo do Araguaia,46.5,2023
15.0,PA,1507458.0,São Geraldo do Araguaia,52.06,2024
15.0,PA,1507474.0,São João de Pirabas,29.8,2023
15.0,PA,1507474.0,São João de Pirabas,40.76,2024
15.0,PA,1507508.0,São João do Araguaia,33.6,2023
15.0,PA,1507508.0,São João do Araguaia,35.42,2024
15.0,PA,1507706.0,São Sebastião da Boa Vista,48.1,2023
15.0,PA,1507706.0,São Sebastião da Boa Vista,47.41,2024
15.0,PA,1507755.0,Sapucaia,79.9,2023
15.0,PA,1507755.0,Sapucaia,71.84,2024
15.0,PA,1507805.0,Senador José Porfírio,33.2,2023
15.0,PA,1507805.0,Senador José Porfírio,35.9,2024
15.0,PA,1507904.0,Soure,62.8,2023
15.0,PA,1507904.0,Soure,52.41,2024
15.0,PA,1507953.0,Tailândia,37.7,2023
15.0,PA,1507953.0,Tailândia,37.9,2024
15.0,PA,1507961.0,Terra Alta,42.0,2023
15.0,PA,1507961.0,Terra Alta,49.88,2024
15.0,PA,1507979.0,Terra Santa,70.7,2023
15.0,PA,1507979.0,Terra Santa,65.58,2024
15.0,PA,1508001.0,Tomé-Açu,48.0,2023
15.0,PA,1508001.0,Tomé-Açu,49.49,2024
15.0,PA,1508050.0,Trairão,70.8,2023
15.0,PA,1508050.0,Trairão,62.190000000000005,2024
15.0,PA,1508084.0,Tucumã,58.8,2023
15.0,PA,1508084.0,Tucumã,48.54,2024
15.0,PA,1508100.0,Tucuruí,37.3,2023
15.0,PA,1508100.0,Tucuruí,44.7,2024
15.0,PA,1508126.0,Ulianópolis,61.8,2023
15.0,PA,1508126.0,Ulianópolis,61.52,2024
15.0,PA,1508159.0,Uruará,65.5,2023
15.0,PA,1508159.0,Uruará,60.84,2024
15.0,PA,1508209.0,Vigia,29.8,2023
15.0,PA,1508209.0,Vigia,37.71,2024
15.0,PA,1508308.0,Viseu,34.3,2023
15.0,PA,1508308.0,Viseu,38.21,2024
15.0,PA,1508357.0,Vitória do Xingu,60.6,2023
15.0,PA,1508357.0,Vitória do Xingu,70.18,2024
15.0,PA,1508407.0,Xinguara,49.9,2023
15.0,PA,1508407.0,Xinguara,49.27,2024
16.0,AP,1600055.0,Serra do Navio,32.9,2023
16.0,AP,1600055.0,Serra do Navio,73.61,2024
16.0,AP,1600105.0,Amapá,31.2,2023
16.0,AP,1600105.0,Amapá,19.03,2024
16.0,AP,1600154.0,Pedra Branca do Amapari,66.3,2023
16.0,AP,1600154.0,Pedra Branca do Amapari,44.22,2024
16.0,AP,1600204.0,Calçoene,35.1,2023
16.0,AP,1600204.0,Calçoene,39.25,2024
16.0,AP,1600212.0,Cutias,47.0,2023
16.0,AP,1600212.0,Cutias,53.36,2024
16.0,AP,1600238.0,Ferreira Gomes,73.4,2023
16.0,AP,1600238.0,Ferreira Gomes,74.96000000000001,2024
16.0,AP,1600253.0,Itaubal,50.5,2023
16.0,AP,1600253.0,Itaubal,43.57,2024
16.0,AP,1600279.0,Laranjal do Jari,39.3,2023
16.0,AP,1600279.0,Laranjal do Jari,39.8,2024
16.0,AP,1600303.0,Macapá,43.3,2023
16.0,AP,1600303.0,Macapá,49.14,2024
16.0,AP,1600402.0,Mazagão,29.4,2023
16.0,AP,1600402.0,Mazagão,44.22,2024
16.0,AP,1600501.0,Oiapoque,26.1,2023
16.0,AP,1600501.0,Oiapoque,21.03,2024
16.0,AP,1600535.0,Porto Grande,65.2,2023
16.0,AP,1600535.0,Porto Grande,73.42,2024
16.0,AP,1600550.0,Pracuúba,36.4,2023
16.0,AP,1600550.0,Pracuúba,30.66,2024
16.0,AP,1600600.0,Santana,41.8,2023
16.0,AP,1600600.0,Santana,55.32,2024
16.0,AP,1600709.0,Tartarugalzinho,32.1,2023
16.0,AP,1600709.0,Tartarugalzinho,94.21,2024
16.0,AP,1600808.0,Vitória do Jari,28.7,2023
16.0,AP,1600808.0,Vitória do Jari,35.39,2024
17.0,TO,1700251.0,Abreulândia,62.1,2023
17.0,TO,1700251.0,Abreulândia,75.0,2024
17.0,TO,1700301.0,Aguiarnópolis,25.2,2023
17.0,TO,1700301.0,Aguiarnópolis,40.89,2024
17.0,TO,1700350.0,Aliança do Tocantins,95.5,2023
17.0,TO,1700350.0,Aliança do Tocantins,76.09,2024
17.0,TO,1700400.0,Almas,15.9,2023
17.0,TO,1700400.0,Almas,48.18,2024
17.0,TO,1700707.0,Alvorada,47.9,2023
17.0,TO,1700707.0,Alvorada,72.02,2024
17.0,TO,1701002.0,Ananás,39.9,2023
17.0,TO,1701002.0,Ananás,46.69,2024
17.0,TO,1701051.0,Angico,40.2,2023
17.0,TO,1701051.0,Angico,59.120000000000005,2024
17.0,TO,1701101.0,Aparecida do Rio Negro,30.1,2023
17.0,TO,1701101.0,Aparecida do Rio Negro,35.78,2024
17.0,TO,1701309.0,Aragominas,24.6,2023
17.0,TO,1701309.0,Aragominas,52.57,2024
17.0,TO,1701903.0,Araguacema,38.6,2023
17.0,TO,1701903.0,Araguacema,49.27,2024
17.0,TO,1702000.0,Araguaçu,44.5,2023
17.0,TO,1702000.0,Araguaçu,40.54,2024
17.0,TO,1702109.0,Araguaína,35.4,2023
17.0,TO,1702109.0,Araguaína,50.51,2024
17.0,TO,1702158.0,Araguanã,37.7,2023
17.0,TO,1702158.0,Araguanã,37.81,2024
17.0,TO,1702307.0,Arapoema,37.3,2023
17.0,TO,1702307.0,Arapoema,68.32000000000001,2024
17.0,TO,1702406.0,Arraias,34.3,2023
17.0,TO,1702406.0,Arraias,61.2,2024
17.0,TO,1702554.0,Augustinópolis,50.0,2023
17.0,TO,1702554.0,Augustinópolis,59.95,2024
17.0,TO,1702703.0,Aurora do Tocantins,52.9,2023
17.0,TO,1702703.0,Aurora do Tocantins,41.94,2024
17.0,TO,1702901.0,Axixá do Tocantins,30.3,2023
17.0,TO,1702901.0,Axixá do Tocantins,40.2,2024
17.0,TO,1703008.0,Babaçulândia,20.5,2023
17.0,TO,1703008.0,Babaçulândia,19.17,2024
17.0,TO,1703057.0,Bandeirantes do Tocantins,35.6,2023
17.0,TO,1703057.0,Bandeirantes do Tocantins,36.96,2024
17.0,TO,1703073.0,Barra do Ouro,11.9,2023
17.0,TO,1703073.0,Barra do Ouro,18.26,2024
17.0,TO,1703107.0,Barrolândia,59.5,2023
17.0,TO,1703107.0,Barrolândia,49.74,2024
17.0,TO,1703206.0,Bernardo Sayão,52.8,2023
17.0,TO,1703206.0,Bernardo Sayão,59.26,2024
17.0,TO,1703305.0,Bom Jesus do Tocantins,26.1,2023
17.0,TO,1703305.0,Bom Jesus do Tocantins,28.56,2024
17.0,TO,1703602.0,Brasilândia do Tocantins,29.7,2023
17.0,TO,1703602.0,Brasilândia do Tocantins,68.9,2024
17.0,TO,1703701.0,Brejinho de Nazaré,38.1,2023
17.0,TO,1703701.0,Brejinho de Nazaré,49.45,2024
17.0,TO,1703800.0,Buriti do Tocantins,,2023
17.0,TO,1703800.0,Buriti do Tocantins,50.39,2024
17.0,TO,1703826.0,Cachoeirinha,27.5,2023
17.0,TO,1703826.0,Cachoeirinha,64.0,2024
17.0,TO,1703842.0,Campos Lindos,16.2,2023
17.0,TO,1703842.0,Campos Lindos,38.52,2024
17.0,TO,1703867.0,Cariri do Tocantins,15.8,2023
17.0,TO,1703867.0,Cariri do Tocantins,52.01,2024
17.0,TO,1703883.0,Carmolândia,25.1,2023
17.0,TO,1703883.0,Carmolândia,27.47,2024
17.0,TO,1703891.0,Carrasco Bonito,34.1,2023
17.0,TO,1703891.0,Carrasco Bonito,23.86,2024
17.0,TO,1703909.0,Caseara,17.0,2023
17.0,TO,1703909.0,Caseara,31.53,2024
17.0,TO,1704105.0,Centenário,23.3,2023
17.0,TO,1704105.0,Centenário,66.67,2024
17.0,TO,1704600.0,Chapada de Areia,50.0,2023
17.0,TO,1704600.0,Chapada de Areia,6.25,2024
17.0,TO,1705102.0,Chapada da Natividade,49.0,2023
17.0,TO,1705102.0,Chapada da Natividade,52.38,2024
17.0,TO,1705508.0,Colinas do Tocantins,51.0,2023
17.0,TO,1705508.0,Colinas do Tocantins,55.82,2024
17.0,TO,1705557.0,Combinado,62.1,2023
17.0,TO,1705557.0,Combinado,56.14,2024
17.0,TO,1705607.0,Conceição do Tocantins,27.6,2023
17.0,TO,1705607.0,Conceição do Tocantins,35.800000000000004,2024
17.0,TO,1706001.0,Couto Magalhães,48.2,2023
17.0,TO,1706001.0,Couto Magalhães,49.04,2024
17.0,TO,1706100.0,Cristalândia,46.9,2023
17.0,TO,1706100.0,Cristalândia,61.42,2024
17.0,TO,1706258.0,Crixás do Tocantins,29.0,2023
17.0,TO,1706258.0,Crixás do Tocantins,82.61,2024
17.0,TO,1706506.0,Darcinópolis,31.2,2023
17.0,TO,1706506.0,Darcinópolis,45.61,2024
17.0,TO,1707009.0,Dianópolis,51.8,2023
17.0,TO,1707009.0,Dianópolis,61.27,2024
17.0,TO,1707108.0,Divinópolis do Tocantins,39.1,2023
17.0,TO,1707108.0,Divinópolis do Tocantins,60.78,2024
17.0,TO,1707207.0,Dois Irmãos do Tocantins,48.7,2023
17.0,TO,1707207.0,Dois Irmãos do Tocantins,52.81,2024
17.0,TO,1707306.0,Dueré,35.0,2023
17.0,TO,1707306.0,Dueré,68.54,2024
17.0,TO,1707405.0,Esperantina,40.8,2023
17.0,TO,1707405.0,Esperantina,47.82,2024
17.0,TO,1707652.0,Figueirópolis,62.4,2023
17.0,TO,1707652.0,Figueirópolis,51.74,2024
17.0,TO,1707702.0,Filadélfia,12.0,2023
17.0,TO,1707702.0,Filadélfia,12.63,2024
17.0,TO,1708205.0,Formoso do Araguaia,63.7,2023
17.0,TO,1708205.0,Formoso do Araguaia,45.42,2024
17.0,TO,1708254.0,Tabocão,48.9,2023
17.0,TO,1708254.0,Tabocão,51.71,2024
17.0,TO,1708304.0,Goianorte,53.6,2023
17.0,TO,1708304.0,Goianorte,40.0,2024
17.0,TO,1709005.0,Goiatins,12.5,2023
17.0,TO,1709005.0,Goiatins,38.49,2024
17.0,TO,1709302.0,Guaraí,36.1,2023
17.0,TO,1709302.0,Guaraí,48.16,2024
17.0,TO,1709500.0,Gurupi,44.4,2023
17.0,TO,1709500.0,Gurupi,54.370000000000005,2024
17.0,TO,1709807.0,Ipueiras,27.3,2023
17.0,TO,1709807.0,Ipueiras,21.43,2024
17.0,TO,1710508.0,Itacajá,60.5,2023
17.0,TO,1710508.0,Itacajá,41.1,2024
17.0,TO,1710706.0,Itaguatins,32.5,2023
17.0,TO,1710706.0,Itaguatins,18.09,2024
17.0,TO,1710904.0,Itapiratins,35.1,2023
17.0,TO,1710904.0,Itapiratins,53.53,2024
17.0,TO,1711100.0,Itaporã do Tocantins,64.2,2023
17.0,TO,1711100.0,Itaporã do Tocantins,24.0,2024
17.0,TO,1711506.0,Jaú do Tocantins,61.1,2023
17.0,TO,1711506.0,Jaú do Tocantins,62.32,2024
17.0,TO,1711803.0,Juarina,35.4,2023
17.0,TO,1711803.0,Juarina,49.1,2024
17.0,TO,1711902.0,Lagoa da Confusão,26.0,2023
17.0,TO,1711902.0,Lagoa da Confusão,35.660000000000004,2024
17.0,TO,1711951.0,Lagoa do Tocantins,20.8,2023
17.0,TO,1711951.0,Lagoa do Tocantins,15.09,2024
17.0,TO,1712009.0,Lajeado,40.5,2023
17.0,TO,1712009.0,Lajeado,38.15,2024
17.0,TO,1712157.0,Lavandeira,69.2,2023
17.0,TO,1712157.0,Lavandeira,58.81,2024
17.0,TO,1712405.0,Lizarda,42.6,2023
17.0,TO,1712405.0,Lizarda,19.44,2024
17.0,TO,1712454.0,Luzinópolis,25.0,2023
17.0,TO,1712454.0,Luzinópolis,48.91,2024
17.0,TO,1712504.0,Marianópolis do Tocantins,24.2,2023
17.0,TO,1712504.0,Marianópolis do Tocantins,36.72,2024
17.0,TO,1712702.0,Mateiros,27.6,2023
17.0,TO,1712702.0,Mateiros,9.09,2024
17.0,TO,1712801.0,Maurilândia do Tocantins,19.3,2023
17.0,TO,1712801.0,Maurilândia do Tocantins,20.67,2024
17.0,TO,1713205.0,Miracema do Tocantins,41.5,2023
17.0,TO,1713205.0,Miracema do Tocantins,46.42,2024
17.0,TO,1713304.0,Miranorte,52.6,2023
17.0,TO,1713304.0,Miranorte,63.01,2024
17.0,TO,1713601.0,Monte do Carmo,70.0,2023
17.0,TO,1713601.0,Monte do Carmo,19.71,2024
17.0,TO,1713700.0,Monte Santo do Tocantins,29.3,2023
17.0,TO,1713700.0,Monte Santo do Tocantins,44.77,2024
17.0,TO,1713809.0,Palmeiras do Tocantins,18.1,2023
17.0,TO,1713809.0,Palmeiras do Tocantins,49.53,2024
17.0,TO,1713957.0,Muricilândia,17.9,2023
17.0,TO,1713957.0,Muricilândia,49.28,2024
17.0,TO,1714203.0,Natividade,28.2,2023
17.0,TO,1714203.0,Natividade,43.89,2024
17.0,TO,1714302.0,Nazaré,45.9,2023
17.0,TO,1714302.0,Nazaré,34.230000000000004,2024
17.0,TO,1714880.0,Nova Olinda,25.5,2023
17.0,TO,1714880.0,Nova Olinda,40.7,2024
17.0,TO,1715002.0,Nova Rosalândia,32.2,2023
17.0,TO,1715002.0,Nova Rosalândia,55.38,2024
17.0,TO,1715101.0,Novo Acordo,39.2,2023
17.0,TO,1715101.0,Novo Acordo,36.09,2024
17.0,TO,1715150.0,Novo Alegre,71.7,2023
17.0,TO,1715150.0,Novo Alegre,70.33,2024
17.0,TO,1715259.0,Novo Jardim,22.3,2023
17.0,TO,1715259.0,Novo Jardim,61.24,2024
17.0,TO,1715507.0,Oliveira de Fátima,50.0,2023
17.0,TO,1715507.0,Oliveira de Fátima,31.58,2024
17.0,TO,1715705.0,Palmeirante,9.0,2023
17.0,TO,1715705.0,Palmeirante,31.27,2024
17.0,TO,1715754.0,Palmeirópolis,47.8,2023
17.0,TO,1715754.0,Palmeirópolis,77.41,2024
17.0,TO,1716109.0,Paraíso do Tocantins,60.6,2023
17.0,TO,1716109.0,Paraíso do Tocantins,63.45,2024
17.0,TO,1716307.0,Pau D'Arco,6.5,2023
17.0,TO,1716307.0,Pau D'Arco,37.96,2024
17.0,TO,1716505.0,Pedro Afonso,53.1,2023
17.0,TO,1716505.0,Pedro Afonso,56.7,2024
17.0,TO,1716604.0,Peixe,46.5,2023
17.0,TO,1716604.0,Peixe,42.93,2024
17.0,TO,1716653.0,Pequizeiro,35.2,2023
17.0,TO,1716653.0,Pequizeiro,61.79,2024
17.0,TO,1716703.0,Colméia,48.5,2023
17.0,TO,1716703.0,Colméia,60.620000000000005,2024
17.0,TO,1717008.0,Pindorama do Tocantins,47.4,2023
17.0,TO,1717008.0,Pindorama do Tocantins,33.88,2024
17.0,TO,1717206.0,Piraquê,26.1,2023
17.0,TO,1717206.0,Piraquê,54.55,2024
17.0,TO,1717503.0,Pium,21.9,2023
17.0,TO,1717503.0,Pium,43.07,2024
17.0,TO,1717800.0,Ponte Alta do Bom Jesus,9.5,2023
17.0,TO,1717800.0,Ponte Alta do Bom Jesus,44.56,2024
17.0,TO,1717909.0,Ponte Alta do Tocantins,47.6,2023
17.0,TO,1717909.0,Ponte Alta do Tocantins,30.99,2024
17.0,TO,1718006.0,Porto Alegre do Tocantins,7.6,2023
17.0,TO,1718006.0,Porto Alegre do Tocantins,37.89,2024
17.0,TO,1718303.0,Praia Norte,18.1,2023
17.0,TO,1718303.0,Praia Norte,38.49,2024
17.0,TO,1718402.0,Presidente Kennedy,69.5,2023
17.0,TO,1718402.0,Presidente Kennedy,57.83,2024
17.0,TO,1718451.0,Pugmil,20.7,2023
17.0,TO,1718451.0,Pugmil,40.91,2024
17.0,TO,1718501.0,Recursolândia,4.6,2023
17.0,TO,1718501.0,Recursolândia,50.29,2024
17.0,TO,1718550.0,Riachinho,21.3,2023
17.0,TO,1718550.0,Riachinho,54.32,2024
17.0,TO,1718659.0,Rio da Conceição,17.6,2023
17.0,TO,1718659.0,Rio da Conceição,19.61,2024
17.0,TO,1718709.0,Rio dos Bois,17.5,2023
17.0,TO,1718709.0,Rio dos Bois,46.58,2024
17.0,TO,1718758.0,Rio Sono,27.8,2023
17.0,TO,1718758.0,Rio Sono,26.8,2024
17.0,TO,1718808.0,Sampaio,43.6,2023
17.0,TO,1718808.0,Sampaio,43.25,2024
17.0,TO,1718840.0,Sandolândia,45.7,2023
17.0,TO,1718840.0,Sandolândia,53.5,2024
17.0,TO,1718865.0,Santa Fé do Araguaia,16.7,2023
17.0,TO,1718865.0,Santa Fé do Araguaia,31.33,2024
17.0,TO,1718881.0,Santa Maria do Tocantins,24.6,2023
17.0,TO,1718881.0,Santa Maria do Tocantins,39.73,2024
17.0,TO,1718899.0,Santa Rita do Tocantins,63.2,2023
17.0,TO,1718899.0,Santa Rita do Tocantins,43.12,2024
17.0,TO,1718907.0,Santa Rosa do Tocantins,20.9,2023
17.0,TO,1718907.0,Santa Rosa do Tocantins,36.92,2024
17.0,TO,1719004.0,Santa Tereza do Tocantins,48.1,2023
17.0,TO,1719004.0,Santa Tereza do Tocantins,24.65,2024
17.0,TO,1720002.0,Santa Terezinha do Tocantins,56.1,2023
17.0,TO,1720002.0,Santa Terezinha do Tocantins,57.14,2024
17.0,TO,1720101.0,São Bento do Tocantins,44.0,2023
17.0,TO,1720101.0,São Bento do Tocantins,52.93,2024
17.0,TO,1720150.0,São Félix do Tocantins,83.3,2023
17.0,TO,1720150.0,São Félix do Tocantins,61.9,2024
17.0,TO,1720200.0,São Miguel do Tocantins,27.0,2023
17.0,TO,1720200.0,São Miguel do Tocantins,36.9,2024
17.0,TO,1720259.0,São Salvador do Tocantins,47.6,2023
17.0,TO,1720259.0,São Salvador do Tocantins,59.09,2024
17.0,TO,1720309.0,São Sebastião do Tocantins,26.6,2023
17.0,TO,1720309.0,São Sebastião do Tocantins,58.96,2024
17.0,TO,1720499.0,São Valério,65.6,2023
17.0,TO,1720499.0,São Valério,46.24,2024
17.0,TO,1720655.0,Silvanópolis,34.7,2023
17.0,TO,1720655.0,Silvanópolis,37.39,2024
17.0,TO,1720804.0,Sítio Novo do Tocantins,39.5,2023
17.0,TO,1720804.0,Sítio Novo do Tocantins,50.64,2024
17.0,TO,1720853.0,Sucupira,77.6,2023
17.0,TO,1720853.0,Sucupira,58.97,2024
17.0,TO,1720903.0,Taguatinga,38.3,2023
17.0,TO,1720903.0,Taguatinga,42.45,2024
17.0,TO,1720937.0,Taipas do Tocantins,55.9,2023
17.0,TO,1720937.0,Taipas do Tocantins,55.56,2024
17.0,TO,1721000.0,Palmas,58.7,2023
17.0,TO,1721000.0,Palmas,56.97,2024
17.0,TO,1721109.0,Tocantínia,43.0,2023
17.0,TO,1721109.0,Tocantínia,51.16,2024
17.0,TO,1721208.0,Tocantinópolis,34.4,2023
17.0,TO,1721208.0,Tocantinópolis,35.44,2024
17.0,TO,1721257.0,Tupirama,36.4,2023
17.0,TO,1721257.0,Tupirama,66.67,2024
17.0,TO,1721307.0,Tupiratins,25.0,2023
17.0,TO,1721307.0,Tupiratins,53.85,2024
17.0,TO,1722081.0,Wanderlândia,35.2,2023
17.0,TO,1722081.0,Wanderlândia,41.89,2024
17.0,TO,1722107.0,Xambioá,22.0,2023
17.0,TO,1722107.0,Xambioá,42.82,2024
21.0,MA,2100055.0,Açailândia,39.6,2023
21.0,MA,2100055.0,Açailândia,62.76,2024
21.0,MA,2100105.0,Afonso Cunha,72.1,2023
21.0,MA,2100105.0,Afonso Cunha,93.1,2024
21.0,MA,2100154.0,Água Doce do Maranhão,67.3,2023
21.0,MA,2100154.0,Água Doce do Maranhão,63.75,2024
21.0,MA,2100204.0,Alcântara,73.5,2023
21.0,MA,2100204.0,Alcântara,70.97,2024
21.0,MA,2100303.0,Aldeias Altas,67.9,2023
21.0,MA,2100303.0,Aldeias Altas,45.37,2024
21.0,MA,2100402.0,Altamira do Maranhão,90.5,2023
21.0,MA,2100402.0,Altamira do Maranhão,73.02,2024
21.0,MA,2100436.0,Alto Alegre do Maranhão,70.2,2023
21.0,MA,2100436.0,Alto Alegre do Maranhão,51.5,2024
21.0,MA,2100477.0,Alto Alegre do Pindaré,36.0,2023
21.0,MA,2100477.0,Alto Alegre do Pindaré,56.29,2024
21.0,MA,2100501.0,Alto Parnaíba,46.8,2023
21.0,MA,2100501.0,Alto Parnaíba,51.99,2024
21.0,MA,2100550.0,Amapá do Maranhão,23.0,2023
21.0,MA,2100550.0,Amapá do Maranhão,43.0,2024
21.0,MA,2100600.0,Amarante do Maranhão,45.6,2023
21.0,MA,2100600.0,Amarante do Maranhão,41.33,2024
21.0,MA,2100709.0,Anajatuba,72.8,2023
21.0,MA,2100709.0,Anajatuba,41.33,2024
21.0,MA,2100808.0,Anapurus,91.1,2023
21.0,MA,2100808.0,Anapurus,34.63,2024
21.0,MA,2100832.0,Apicum-Açu,31.5,2023
21.0,MA,2100832.0,Apicum-Açu,39.08,2024
21.0,MA,2100873.0,Araguanã,98.2,2023
21.0,MA,2100873.0,Araguanã,91.6,2024
21.0,MA,2100907.0,Araioses,56.2,2023
21.0,MA,2100907.0,Araioses,42.52,2024
21.0,MA,2100956.0,Arame,76.3,2023
21.0,MA,2100956.0,Arame,74.44,2024
21.0,MA,2101004.0,Arari,67.5,2023
21.0,MA,2101004.0,Arari,72.37,2024
21.0,MA,2101103.0,Axixá,81.9,2023
21.0,MA,2101103.0,Axixá,71.88,2024
21.0,MA,2101202.0,Bacabal,45.7,2023
21.0,MA,2101202.0,Bacabal,51.38,2024
21.0,MA,2101251.0,Bacabeira,51.5,2023
21.0,MA,2101251.0,Bacabeira,53.73,2024
21.0,MA,2101301.0,Bacuri,67.7,2023
21.0,MA,2101301.0,Bacuri,57.55,2024
21.0,MA,2101350.0,Bacurituba,88.9,2023
21.0,MA,2101350.0,Bacurituba,100.0,2024
21.0,MA,2101400.0,Balsas,39.8,2023
21.0,MA,2101400.0,Balsas,39.54,2024
21.0,MA,2101509.0,Barão de Grajaú,41.6,2023
21.0,MA,2101509.0,Barão de Grajaú,51.56,2024
21.0,MA,2101608.0,Barra do Corda,65.5,2023
21.0,MA,2101608.0,Barra do Corda,64.05,2024
21.0,MA,2101707.0,Barreirinhas,50.4,2023
21.0,MA,2101707.0,Barreirinhas,78.52,2024
21.0,MA,2101731.0,Belágua,61.1,2023
21.0,MA,2101731.0,Belágua,72.29,2024
21.0,MA,2101772.0,Bela Vista do Maranhão,51.8,2023
21.0,MA,2101772.0,Bela Vista do Maranhão,77.73,2024
21.0,MA,2101806.0,Benedito Leite,56.0,2023
21.0,MA,2101806.0,Benedito Leite,47.28,2024
21.0,MA,2101905.0,Bequimão,33.0,2023
21.0,MA,2101905.0,Bequimão,59.75,2024
21.0,MA,2101939.0,Bernardo do Mearim,12.8,2023
21.0,MA,2101939.0,Bernardo do Mearim,87.88,2024
21.0,MA,2101970.0,Boa Vista do Gurupi,60.0,2023
21.0,MA,2101970.0,Boa Vista do Gurupi,80.0,2024
21.0,MA,2102002.0,Bom Jardim,94.6,2023
21.0,MA,2102002.0,Bom Jardim,69.64,2024
21.0,MA,2102036.0,Bom Jesus das Selvas,63.6,2023
21.0,MA,2102036.0,Bom Jesus das Selvas,63.18,2024
21.0,MA,2102077.0,Bom Lugar,100.0,2023
21.0,MA,2102077.0,Bom Lugar,95.28,2024
21.0,MA,2102101.0,Brejo,50.3,2023
21.0,MA,2102101.0,Brejo,58.08,2024
21.0,MA,2102150.0,Brejo de Areia,33.3,2023
21.0,MA,2102150.0,Brejo de Areia,49.3,2024
21.0,MA,2102200.0,Buriti,45.0,2023
21.0,MA,2102200.0,Buriti,28.95,2024
21.0,MA,2102309.0,Buriti Bravo,31.4,2023
21.0,MA,2102309.0,Buriti Bravo,57.18,2024
21.0,MA,2102358.0,Buritirana,61.4,2023
21.0,MA,2102358.0,Buritirana,54.91,2024
21.0,MA,2102374.0,Cachoeira Grande,41.1,2023
21.0,MA,2102374.0,Cachoeira Grande,56.05,2024
21.0,MA,2102408.0,Cajapió,66.0,2023
21.0,MA,2102408.0,Cajapió,64.0,2024
21.0,MA,2102507.0,Cajari,53.3,2023
21.0,MA,2102507.0,Cajari,34.1,2024
21.0,MA,2102556.0,Campestre do Maranhão,64.7,2023
21.0,MA,2102556.0,Campestre do Maranhão,61.7,2024
21.0,MA,2102606.0,Cândido Mendes,61.6,2023
21.0,MA,2102606.0,Cândido Mendes,49.53,2024
21.0,MA,2102705.0,Cantanhede,53.0,2023
21.0,MA,2102705.0,Cantanhede,70.83,2024
21.0,MA,2102804.0,Carolina,44.5,2023
21.0,MA,2102804.0,Carolina,50.96,2024
21.0,MA,2102903.0,Carutapera,55.6,2023
21.0,MA,2102903.0,Carutapera,61.21,2024
21.0,MA,2103000.0,Caxias,43.8,2023
21.0,MA,2103000.0,Caxias,55.15,2024
21.0,MA,2103109.0,Cedral,69.8,2023
21.0,MA,2103109.0,Cedral,66.85,2024
21.0,MA,2103125.0,Central do Maranhão,100.0,2023
21.0,MA,2103125.0,Central do Maranhão,84.42,2024
21.0,MA,2103158.0,Centro do Guilherme,92.9,2023
21.0,MA,2103158.0,Centro do Guilherme,87.93,2024
21.0,MA,2103174.0,Centro Novo do Maranhão,40.0,2023
21.0,MA,2103174.0,Centro Novo do Maranhão,36.86,2024
21.0,MA,2103208.0,Chapadinha,47.1,2023
21.0,MA,2103208.0,Chapadinha,41.58,2024
21.0,MA,2103257.0,Cidelândia,66.4,2023
21.0,MA,2103257.0,Cidelândia,86.24,2024
21.0,MA,2103307.0,Codó,46.9,2023
21.0,MA,2103307.0,Codó,50.85,2024
21.0,MA,2103406.0,Coelho Neto,60.5,2023
21.0,MA,2103406.0,Coelho Neto,76.13,2024
21.0,MA,2103505.0,Colinas,59.5,2023
21.0,MA,2103505.0,Colinas,49.9,2024
21.0,MA,2103554.0,Conceição do Lago-Açu,43.9,2023
21.0,MA,2103554.0,Conceição do Lago-Açu,54.26,2024
21.0,MA,2103703.0,Cururupu,65.8,2023
21.0,MA,2103703.0,Cururupu,66.32000000000001,2024
21.0,MA,2103752.0,Davinópolis,66.8,2023
21.0,MA,2103752.0,Davinópolis,69.82000000000001,2024
21.0,MA,2103802.0,Dom Pedro,40.4,2023
21.0,MA,2103802.0,Dom Pedro,43.95,2024
21.0,MA,2104008.0,Esperantinópolis,59.4,2023
21.0,MA,2104008.0,Esperantinópolis,81.48,2024
21.0,MA,2104057.0,Estreito,54.9,2023
21.0,MA,2104057.0,Estreito,59.79,2024
21.0,MA,2104073.0,Feira Nova do Maranhão,84.9,2023
21.0,MA,2104073.0,Feira Nova do Maranhão,65.38,2024
21.0,MA,2104081.0,Fernando Falcão,29.9,2023
21.0,MA,2104081.0,Fernando Falcão,77.76,2024
21.0,MA,2104099.0,Formosa da Serra Negra,85.6,2023
21.0,MA,2104099.0,Formosa da Serra Negra,84.29,2024
21.0,MA,2104107.0,Fortaleza dos Nogueiras,45.1,2023
21.0,MA,2104107.0,Fortaleza dos Nogueiras,78.25,2024
21.0,MA,2104206.0,Fortuna,40.4,2023
21.0,MA,2104206.0,Fortuna,72.06,2024
21.0,MA,2104305.0,Godofredo Viana,83.0,2023
21.0,MA,2104305.0,Godofredo Viana,88.4,2024
21.0,MA,2104404.0,Gonçalves Dias,45.2,2023
21.0,MA,2104404.0,Gonçalves Dias,66.96000000000001,2024
21.0,MA,2104552.0,Governador Edison Lobão,80.4,2023
21.0,MA,2104552.0,Governador Edison Lobão,67.46000000000001,2024
21.0,MA,2104602.0,Governador Eugênio Barros,52.9,2023
21.0,MA,2104602.0,Governador Eugênio Barros,48.13,2024
21.0,MA,2104628.0,Governador Luiz Rocha,98.3,2023
21.0,MA,2104628.0,Governador Luiz Rocha,91.67,2024
21.0,MA,2104651.0,Governador Newton Bello,69.1,2023
21.0,MA,2104651.0,Governador Newton Bello,78.08,2024
21.0,MA,2104677.0,Governador Nunes Freire,76.2,2023
21.0,MA,2104677.0,Governador Nunes Freire,60.92,2024
21.0,MA,2104701.0,Graça Aranha,72.8,2023
21.0,MA,2104701.0,Graça Aranha,75.68,2024
21.0,MA,2104800.0,Grajaú,42.4,2023
21.0,MA,2104800.0,Grajaú,45.8,2024
21.0,MA,2104909.0,Guimarães,89.1,2023
21.0,MA,2104909.0,Guimarães,86.95,2024
21.0,MA,2105005.0,Humberto de Campos,61.6,2023
21.0,MA,2105005.0,Humberto de Campos,59.22,2024
21.0,MA,2105104.0,Icatu,66.6,2023
21.0,MA,2105104.0,Icatu,68.98,2024
21.0,MA,2105153.0,Igarapé do Meio,58.9,2023
21.0,MA,2105153.0,Igarapé do Meio,77.64,2024
21.0,MA,2105203.0,Igarapé Grande,97.8,2023
21.0,MA,2105203.0,Igarapé Grande,89.11,2024
21.0,MA,2105302.0,Imperatriz,45.2,2023
21.0,MA,2105302.0,Imperatriz,54.73,2024
21.0,MA,2105351.0,Itaipava do Grajaú,86.1,2023
21.0,MA,2105351.0,Itaipava do Grajaú,72.99,2024
21.0,MA,2105401.0,Itapecuru Mirim,53.4,2023
21.0,MA,2105401.0,Itapecuru Mirim,60.47,2024
21.0,MA,2105427.0,Itinga do Maranhão,79.9,2023
21.0,MA,2105427.0,Itinga do Maranhão,60.13,2024
21.0,MA,2105450.0,Jatobá,72.8,2023
21.0,MA,2105450.0,Jatobá,68.34,2024
21.0,MA,2105476.0,Jenipapo dos Vieiras,47.1,2023
21.0,MA,2105476.0,Jenipapo dos Vieiras,69.39,2024
21.0,MA,2105500.0,João Lisboa,35.0,2023
21.0,MA,2105500.0,João Lisboa,55.83,2024
21.0,MA,2105609.0,Joselândia,54.6,2023
21.0,MA,2105609.0,Joselândia,75.31,2024
21.0,MA,2105658.0,Junco do Maranhão,94.8,2023
21.0,MA,2105658.0,Junco do Maranhão,67.86,2024
21.0,MA,2105807.0,Lago do Junco,100.0,2023
21.0,MA,2105807.0,Lago do Junco,97.1,2024
21.0,MA,2105906.0,Lago Verde,62.1,2023
21.0,MA,2105906.0,Lago Verde,76.73,2024
21.0,MA,2105922.0,Lagoa do Mato,86.0,2023
21.0,MA,2105922.0,Lagoa do Mato,78.44,2024
21.0,MA,2105948.0,Lago dos Rodrigues,88.1,2023
21.0,MA,2105948.0,Lago dos Rodrigues,92.3,2024
21.0,MA,2105963.0,Lagoa Grande do Maranhão,81.7,2023
21.0,MA,2105963.0,Lagoa Grande do Maranhão,97.12,2024
21.0,MA,2105989.0,Lajeado Novo,60.6,2023
21.0,MA,2105989.0,Lajeado Novo,65.92,2024
21.0,MA,2106003.0,Lima Campos,86.7,2023
21.0,MA,2106003.0,Lima Campos,90.91,2024
21.0,MA,2106102.0,Loreto,38.8,2023
21.0,MA,2106102.0,Loreto,66.12,2024
21.0,MA,2106201.0,Luís Domingues,76.9,2023
21.0,MA,2106201.0,Luís Domingues,84.97,2024
21.0,MA,2106300.0,Magalhães de Almeida,51.6,2023
21.0,MA,2106300.0,Magalhães de Almeida,82.04,2024
21.0,MA,2106326.0,Maracaçumé,58.0,2023
21.0,MA,2106326.0,Maracaçumé,41.67,2024
21.0,MA,2106359.0,Marajá do Sena,83.3,2023
21.0,MA,2106359.0,Marajá do Sena,39.77,2024
21.0,MA,2106409.0,Mata Roma,69.7,2023
21.0,MA,2106409.0,Mata Roma,76.86,2024
21.0,MA,2106508.0,Matinha,64.0,2023
21.0,MA,2106508.0,Matinha,46.67,2024
21.0,MA,2106607.0,Matões,72.3,2023
21.0,MA,2106607.0,Matões,34.52,2024
21.0,MA,2106631.0,Matões do Norte,63.8,2023
21.0,MA,2106631.0,Matões do Norte,57.42,2024
21.0,MA,2106672.0,Milagres do Maranhão,100.0,2023
21.0,MA,2106672.0,Milagres do Maranhão,96.86,2024
21.0,MA,2106706.0,Mirador,35.0,2023
21.0,MA,2106706.0,Mirador,55.82,2024
21.0,MA,2106755.0,Miranda do Norte,55.2,2023
21.0,MA,2106755.0,Miranda do Norte,50.55,2024
21.0,MA,2106805.0,Mirinzal,91.5,2023
21.0,MA,2106805.0,Mirinzal,69.37,2024
21.0,MA,2106904.0,Monção,52.0,2023
21.0,MA,2106904.0,Monção,36.19,2024
21.0,MA,2107001.0,Montes Altos,71.3,2023
21.0,MA,2107001.0,Montes Altos,55.27,2024
21.0,MA,2107100.0,Morros,94.8,2023
21.0,MA,2107100.0,Morros,66.98,2024
21.0,MA,2107209.0,Nina Rodrigues,53.1,2023
21.0,MA,2107209.0,Nina Rodrigues,46.83,2024
21.0,MA,2107258.0,Nova Colinas,85.7,2023
21.0,MA,2107258.0,Nova Colinas,77.14,2024
21.0,MA,2107308.0,Nova Iorque,77.4,2023
21.0,MA,2107308.0,Nova Iorque,51.24,2024
21.0,MA,2107357.0,Nova Olinda do Maranhão,57.2,2023
21.0,MA,2107357.0,Nova Olinda do Maranhão,62.23,2024
21.0,MA,2107407.0,Olho d'Água das Cunhãs,53.9,2023
21.0,MA,2107407.0,Olho d'Água das Cunhãs,58.91,2024
21.0,MA,2107456.0,Olinda Nova do Maranhão,80.8,2023
21.0,MA,2107456.0,Olinda Nova do Maranhão,37.64,2024
21.0,MA,2107506.0,Paço do Lumiar,50.7,2023
21.0,MA,2107506.0,Paço do Lumiar,55.55,2024
21.0,MA,2107605.0,Palmeirândia,42.1,2023
21.0,MA,2107605.0,Palmeirândia,70.09,2024
21.0,MA,2107704.0,Paraibano,78.9,2023
21.0,MA,2107704.0,Paraibano,74.65,2024
21.0,MA,2107803.0,Parnarama,90.7,2023
21.0,MA,2107803.0,Parnarama,54.65,2024
21.0,MA,2107902.0,Passagem Franca,76.8,2023
21.0,MA,2107902.0,Passagem Franca,58.43,2024
21.0,MA,2108009.0,Pastos Bons,74.2,2023
21.0,MA,2108009.0,Pastos Bons,64.01,2024
21.0,MA,2108058.0,Paulino Neves,64.9,2023
21.0,MA,2108058.0,Paulino Neves,68.89,2024
21.0,MA,2108256.0,Pedro do Rosário,65.8,2023
21.0,MA,2108256.0,Pedro do Rosário,57.92,2024
21.0,MA,2108306.0,Penalva,55.5,2023
21.0,MA,2108306.0,Penalva,63.88,2024
21.0,MA,2108405.0,Peri Mirim,35.3,2023
21.0,MA,2108405.0,Peri Mirim,61.02,2024
21.0,MA,2108454.0,Peritoró,57.3,2023
21.0,MA,2108454.0,Peritoró,70.53,2024
21.0,MA,2108504.0,Pindaré-Mirim,40.9,2023
21.0,MA,2108504.0,Pindaré-Mirim,51.09,2024
21.0,MA,2108702.0,Pio XII,24.9,2023
21.0,MA,2108702.0,Pio XII,63.6,2024
21.0,MA,2108801.0,Pirapemas,83.0,2023
21.0,MA,2108801.0,Pirapemas,42.38,2024
21.0,MA,2108900.0,Poção de Pedras,89.3,2023
21.0,MA,2108900.0,Poção de Pedras,77.27,2024
21.0,MA,2109007.0,Porto Franco,58.1,2023
21.0,MA,2109007.0,Porto Franco,74.09,2024
21.0,MA,2109106.0,Presidente Dutra,54.8,2023
21.0,MA,2109106.0,Presidente Dutra,45.11,2024
21.0,MA,2109205.0,Presidente Juscelino,36.9,2023
21.0,MA,2109205.0,Presidente Juscelino,57.94,2024
21.0,MA,2109239.0,Presidente Médici,75.5,2023
21.0,MA,2109239.0,Presidente Médici,74.73,2024
21.0,MA,2109270.0,Presidente Sarney,62.8,2023
21.0,MA,2109270.0,Presidente Sarney,39.6,2024
21.0,MA,2109304.0,Presidente Vargas,44.3,2023
21.0,MA,2109304.0,Presidente Vargas,47.82,2024
21.0,MA,2109403.0,Primeira Cruz,75.5,2023
21.0,MA,2109403.0,Primeira Cruz,68.97,2024
21.0,MA,2109452.0,Raposa,68.1,2023
21.0,MA,2109452.0,Raposa,48.35,2024
21.0,MA,2109502.0,Riachão,,2023
21.0,MA,2109502.0,Riachão,51.85,2024
21.0,MA,2109551.0,Ribamar Fiquene,54.2,2023
21.0,MA,2109551.0,Ribamar Fiquene,50.14,2024
21.0,MA,2109601.0,Rosário,56.7,2023
21.0,MA,2109601.0,Rosário,57.6,2024
21.0,MA,2109700.0,Sambaíba,85.9,2023
21.0,MA,2109700.0,Sambaíba,77.94,2024
21.0,MA,2109759.0,Santa Filomena do Maranhão,36.5,2023
21.0,MA,2109759.0,Santa Filomena do Maranhão,40.91,2024
21.0,MA,2109809.0,Santa Helena,57.1,2023
21.0,MA,2109809.0,Santa Helena,72.74,2024
21.0,MA,2109908.0,Santa Inês,47.1,2023
21.0,MA,2109908.0,Santa Inês,48.48,2024
21.0,MA,2110005.0,Santa Luzia,54.4,2023
21.0,MA,2110005.0,Santa Luzia,58.7,2024
21.0,MA,2110039.0,Santa Luzia do Paruá,93.7,2023
21.0,MA,2110039.0,Santa Luzia do Paruá,85.76,2024
21.0,MA,2110104.0,Santa Quitéria do Maranhão,89.1,2023
21.0,MA,2110104.0,Santa Quitéria do Maranhão,80.19,2024
21.0,MA,2110203.0,Santa Rita,59.5,2023
21.0,MA,2110203.0,Santa Rita,56.53,2024
21.0,MA,2110237.0,Santana do Maranhão,85.9,2023
21.0,MA,2110237.0,Santana do Maranhão,54.17,2024
21.0,MA,2110278.0,Santo Amaro do Maranhão,33.3,2023
21.0,MA,2110278.0,Santo Amaro do Maranhão,39.84,2024
21.0,MA,2110302.0,Santo Antônio dos Lopes,52.7,2023
21.0,MA,2110302.0,Santo Antônio dos Lopes,72.56,2024
21.0,MA,2110401.0,São Benedito do Rio Preto,46.8,2023
21.0,MA,2110401.0,São Benedito do Rio Preto,38.29,2024
21.0,MA,2110500.0,São Bento,93.8,2023
21.0,MA,2110500.0,São Bento,79.26,2024
21.0,MA,2110609.0,São Bernardo,74.4,2023
21.0,MA,2110609.0,São Bernardo,67.87,2024
21.0,MA,2110658.0,São Domingos do Azeitão,22.3,2023
21.0,MA,2110658.0,São Domingos do Azeitão,36.83,2024
21.0,MA,2110807.0,São Félix de Balsas,43.8,2023
21.0,MA,2110807.0,São Félix de Balsas,44.69,2024
21.0,MA,2110856.0,São Francisco do Brejão,62.7,2023
21.0,MA,2110856.0,São Francisco do Brejão,42.73,2024
21.0,MA,2110906.0,São Francisco do Maranhão,51.3,2023
21.0,MA,2110906.0,São Francisco do Maranhão,83.35000000000001,2024
21.0,MA,2111003.0,São João Batista,29.5,2023
21.0,MA,2111003.0,São João Batista,58.4,2024
21.0,MA,2111029.0,São João do Carú,65.2,2023
21.0,MA,2111029.0,São João do Carú,70.68,2024
21.0,MA,2111078.0,São João do Soter,24.4,2023
21.0,MA,2111078.0,São João do Soter,53.45,2024
21.0,MA,2111201.0,São José de Ribamar,62.3,2023
21.0,MA,2111201.0,São José de Ribamar,56.58,2024
21.0,MA,2111250.0,São José dos Basílios,12.9,2023
21.0,MA,2111250.0,São José dos Basílios,56.16,2024
21.0,MA,2111300.0,São Luís,47.5,2023
21.0,MA,2111300.0,São Luís,56.69,2024
21.0,MA,2111409.0,São Luís Gonzaga do Maranhão,74.8,2023
21.0,MA,2111409.0,São Luís Gonzaga do Maranhão,70.44,2024
21.0,MA,2111508.0,São Mateus do Maranhão,64.6,2023
21.0,MA,2111508.0,São Mateus do Maranhão,66.16,2024
21.0,MA,2111532.0,São Pedro da Água Branca,33.0,2023
21.0,MA,2111532.0,São Pedro da Água Branca,55.64,2024
21.0,MA,2111573.0,São Pedro dos Crentes,40.3,2023
21.0,MA,2111573.0,São Pedro dos Crentes,59.47,2024
21.0,MA,2111607.0,São Raimundo das Mangabeiras,71.0,2023
21.0,MA,2111607.0,São Raimundo das Mangabeiras,84.5,2024
21.0,MA,2111631.0,São Raimundo do Doca Bezerra,56.3,2023
21.0,MA,2111631.0,São Raimundo do Doca Bezerra,55.35,2024
21.0,MA,2111672.0,São Roberto,48.2,2023
21.0,MA,2111672.0,São Roberto,35.69,2024
21.0,MA,2111706.0,São Vicente Ferrer,61.0,2023
21.0,MA,2111706.0,São Vicente Ferrer,76.82000000000001,2024
21.0,MA,2111722.0,Satubinha,100.0,2023
21.0,MA,2111722.0,Satubinha,79.32000000000001,2024
21.0,MA,2111748.0,Senador Alexandre Costa,95.6,2023
21.0,MA,2111748.0,Senador Alexandre Costa,96.12,2024
21.0,MA,2111763.0,Senador La Rocque,32.2,2023
21.0,MA,2111763.0,Senador La Rocque,64.13,2024
21.0,MA,2111805.0,Sítio Novo,42.4,2023
21.0,MA,2111805.0,Sítio Novo,54.44,2024
21.0,MA,2111904.0,Sucupira do Norte,50.0,2023
21.0,MA,2111904.0,Sucupira do Norte,60.0,2024
21.0,MA,2111953.0,Sucupira do Riachão,75.4,2023
21.0,MA,2111953.0,Sucupira do Riachão,80.65,2024
21.0,MA,2112001.0,Tasso Fragoso,45.1,2023
21.0,MA,2112001.0,Tasso Fragoso,54.9,2024
21.0,MA,2112100.0,Timbiras,41.9,2023
21.0,MA,2112100.0,Timbiras,44.63,2024
21.0,MA,2112209.0,Timon,67.8,2023
21.0,MA,2112209.0,Timon,75.74,2024
21.0,MA,2112233.0,Trizidela do Vale,59.0,2023
21.0,MA,2112233.0,Trizidela do Vale,90.87,2024
21.0,MA,2112274.0,Tufilândia,34.8,2023
21.0,MA,2112274.0,Tufilândia,36.17,2024
21.0,MA,2112308.0,Tuntum,38.9,2023
21.0,MA,2112308.0,Tuntum,66.43,2024
21.0,MA,2112407.0,Turiaçu,40.5,2023
21.0,MA,2112407.0,Turiaçu,64.42,2024
21.0,MA,2112456.0,Turilândia,56.4,2023
21.0,MA,2112456.0,Turilândia,49.69,2024
21.0,MA,2112506.0,Tutóia,37.6,2023
21.0,MA,2112506.0,Tutóia,57.61,2024
21.0,MA,2112605.0,Urbano Santos,76.8,2023
21.0,MA,2112605.0,Urbano Santos,38.63,2024
21.0,MA,2112704.0,Vargem Grande,98.9,2023
21.0,MA,2112704.0,Vargem Grande,96.58,2024
21.0,MA,2112803.0,Viana,58.3,2023
21.0,MA,2112803.0,Viana,53.36,2024
21.0,MA,2112852.0,Vila Nova dos Martírios,86.1,2023
21.0,MA,2112852.0,Vila Nova dos Martírios,74.55,2024
21.0,MA,2112902.0,Vitória do Mearim,49.0,2023
21.0,MA,2112902.0,Vitória do Mearim,60.19,2024
21.0,MA,2113009.0,Vitorino Freire,51.0,2023
21.0,MA,2113009.0,Vitorino Freire,73.10000000000001,2024
21.0,MA,2114007.0,Zé Doca,81.5,2023
21.0,MA,2114007.0,Zé Doca,72.3,2024
22.0,PI,2200053.0,Acauã,81.7,2023
22.0,PI,2200053.0,Acauã,81.89,2024
22.0,PI,2200103.0,Agricolândia,32.6,2023
22.0,PI,2200103.0,Agricolândia,60.23,2024
22.0,PI,2200202.0,Água Branca,90.6,2023
22.0,PI,2200202.0,Água Branca,91.98,2024
22.0,PI,2200277.0,Alegrete do Piauí,53.9,2023
22.0,PI,2200277.0,Alegrete do Piauí,55.26,2024
22.0,PI,2200301.0,Alto Longá,90.9,2023
22.0,PI,2200301.0,Alto Longá,82.41,2024
22.0,PI,2200400.0,Altos,61.9,2023
22.0,PI,2200400.0,Altos,61.82,2024
22.0,PI,2200459.0,Alvorada do Gurguéia,68.4,2023
22.0,PI,2200459.0,Alvorada do Gurguéia,41.74,2024
22.0,PI,2200509.0,Amarante,22.3,2023
22.0,PI,2200509.0,Amarante,32.94,2024
22.0,PI,2200608.0,Angical do Piauí,61.5,2023
22.0,PI,2200608.0,Angical do Piauí,95.88,2024
22.0,PI,2200707.0,Anísio de Abreu,46.6,2023
22.0,PI,2200707.0,Anísio de Abreu,57.02,2024
22.0,PI,2200806.0,Antônio Almeida,95.6,2023
22.0,PI,2200806.0,Antônio Almeida,73.81,2024
22.0,PI,2200905.0,Aroazes,57.7,2023
22.0,PI,2200905.0,Aroazes,30.0,2024
22.0,PI,2200954.0,Aroeiras do Itaim,53.3,2023
22.0,PI,2200954.0,Aroeiras do Itaim,80.95,2024
22.0,PI,2201002.0,Arraial,83.8,2023
22.0,PI,2201002.0,Arraial,98.15,2024
22.0,PI,2201051.0,Assunção do Piauí,84.5,2023
22.0,PI,2201051.0,Assunção do Piauí,69.88,2024
22.0,PI,2201150.0,Baixa Grande do Ribeiro,48.6,2023
22.0,PI,2201150.0,Baixa Grande do Ribeiro,81.06,2024
22.0,PI,2201176.0,Barra D'Alcântara,61.1,2023
22.0,PI,2201176.0,Barra D'Alcântara,93.18,2024
22.0,PI,2201200.0,Barras,55.7,2023
22.0,PI,2201200.0,Barras,60.13,2024
22.0,PI,2201408.0,Barro Duro,38.3,2023
22.0,PI,2201408.0,Barro Duro,40.17,2024
22.0,PI,2201507.0,Batalha,43.7,2023
22.0,PI,2201507.0,Batalha,46.97,2024
22.0,PI,2201556.0,Bela Vista do Piauí,61.1,2023
22.0,PI,2201556.0,Bela Vista do Piauí,89.26,2024
22.0,PI,2201572.0,Belém do Piauí,100.0,2023
22.0,PI,2201572.0,Belém do Piauí,100.0,2024
22.0,PI,2201606.0,Beneditinos,77.6,2023
22.0,PI,2201606.0,Beneditinos,68.49,2024
22.0,PI,2201705.0,Bertolínia,59.5,2023
22.0,PI,2201705.0,Bertolínia,43.42,2024
22.0,PI,2201739.0,Betânia do Piauí,42.5,2023
22.0,PI,2201739.0,Betânia do Piauí,82.76,2024
22.0,PI,2201770.0,Boa Hora,58.7,2023
22.0,PI,2201770.0,Boa Hora,47.16,2024
22.0,PI,2201804.0,Bocaina,90.8,2023
22.0,PI,2201804.0,Bocaina,55.0,2024
22.0,PI,2201903.0,Bom Jesus,99.1,2023
22.0,PI,2201903.0,Bom Jesus,98.95,2024
22.0,PI,2201919.0,Bom Princípio do Piauí,87.9,2023
22.0,PI,2201919.0,Bom Princípio do Piauí,75.94,2024
22.0,PI,2201929.0,Bonfim do Piauí,50.6,2023
22.0,PI,2201929.0,Bonfim do Piauí,35.96,2024
22.0,PI,2201945.0,Boqueirão do Piauí,96.5,2023
22.0,PI,2201945.0,Boqueirão do Piauí,77.10000000000001,2024
22.0,PI,2201960.0,Brasileira,33.2,2023
22.0,PI,2201960.0,Brasileira,42.58,2024
22.0,PI,2201988.0,Brejo do Piauí,50.3,2023
22.0,PI,2201988.0,Brejo do Piauí,95.35,2024
22.0,PI,2202000.0,Buriti dos Lopes,41.5,2023
22.0,PI,2202000.0,Buriti dos Lopes,61.68,2024
22.0,PI,2202026.0,Buriti dos Montes,84.9,2023
22.0,PI,2202026.0,Buriti dos Montes,98.33,2024
22.0,PI,2202059.0,Cabeceiras do Piauí,19.9,2023
22.0,PI,2202059.0,Cabeceiras do Piauí,52.34,2024
22.0,PI,2202075.0,Cajazeiras do Piauí,100.0,2023
22.0,PI,2202075.0,Cajazeiras do Piauí,75.0,2024
22.0,PI,2202083.0,Cajueiro da Praia,47.4,2023
22.0,PI,2202083.0,Cajueiro da Praia,62.75,2024
22.0,PI,2202091.0,Caldeirão Grande do Piauí,100.0,2023
22.0,PI,2202091.0,Caldeirão Grande do Piauí,100.0,2024
22.0,PI,2202109.0,Campinas do Piauí,90.6,2023
22.0,PI,2202109.0,Campinas do Piauí,100.0,2024
22.0,PI,2202117.0,Campo Alegre do Fidalgo,38.5,2023
22.0,PI,2202117.0,Campo Alegre do Fidalgo,59.33,2024
22.0,PI,2202133.0,Campo Grande do Piauí,85.6,2023
22.0,PI,2202133.0,Campo Grande do Piauí,95.8,2024
22.0,PI,2202174.0,Campo Largo do Piauí,17.7,2023
22.0,PI,2202174.0,Campo Largo do Piauí,64.31,2024
22.0,PI,2202208.0,Campo Maior,52.2,2023
22.0,PI,2202208.0,Campo Maior,54.48,2024
22.0,PI,2202251.0,Canavieira,50.7,2023
22.0,PI,2202251.0,Canavieira,86.82000000000001,2024
22.0,PI,2202307.0,Canto do Buriti,13.7,2023
22.0,PI,2202307.0,Canto do Buriti,36.45,2024
22.0,PI,2202406.0,Capitão de Campos,53.7,2023
22.0,PI,2202406.0,Capitão de Campos,54.01,2024
22.0,PI,2202455.0,Capitão Gervásio Oliveira,65.3,2023
22.0,PI,2202455.0,Capitão Gervásio Oliveira,77.36,2024
22.0,PI,2202505.0,Caracol,61.0,2023
22.0,PI,2202505.0,Caracol,49.31,2024
22.0,PI,2202539.0,Caraúbas do Piauí,38.5,2023
22.0,PI,2202539.0,Caraúbas do Piauí,68.17,2024
22.0,PI,2202554.0,Caridade do Piauí,61.4,2023
22.0,PI,2202554.0,Caridade do Piauí,58.14,2024
22.0,PI,2202604.0,Castelo do Piauí,75.1,2023
22.0,PI,2202604.0,Castelo do Piauí,82.63,2024
22.0,PI,2202711.0,Cocal de Telha,67.5,2023
22.0,PI,2202711.0,Cocal de Telha,59.56,2024
22.0,PI,2202729.0,Cocal dos Alves,80.3,2023
22.0,PI,2202729.0,Cocal dos Alves,87.68,2024
22.0,PI,2202737.0,Coivaras,78.1,2023
22.0,PI,2202737.0,Coivaras,94.47,2024
22.0,PI,2202752.0,Colônia do Gurguéia,54.4,2023
22.0,PI,2202752.0,Colônia do Gurguéia,89.29,2024
22.0,PI,2202778.0,Colônia do Piauí,59.9,2023
22.0,PI,2202778.0,Colônia do Piauí,42.87,2024
22.0,PI,2202802.0,Conceição do Canindé,47.3,2023
22.0,PI,2202802.0,Conceição do Canindé,70.98,2024
22.0,PI,2202851.0,Coronel José Dias,61.1,2023
22.0,PI,2202851.0,Coronel José Dias,61.36,2024
22.0,PI,2202901.0,Corrente,47.8,2023
22.0,PI,2202901.0,Corrente,37.78,2024
22.0,PI,2203008.0,Cristalândia do Piauí,79.9,2023
22.0,PI,2203008.0,Cristalândia do Piauí,79.55,2024
22.0,PI,2203206.0,Curimatá,68.2,2023
22.0,PI,2203206.0,Curimatá,81.77,2024
22.0,PI,2203230.0,Currais,93.2,2023
22.0,PI,2203230.0,Currais,92.5,2024
22.0,PI,2203255.0,Curralinhos,32.6,2023
22.0,PI,2203255.0,Curralinhos,27.56,2024
22.0,PI,2203271.0,Curral Novo do Piauí,16.1,2023
22.0,PI,2203271.0,Curral Novo do Piauí,48.34,2024
22.0,PI,2203305.0,Demerval Lobão,70.2,2023
22.0,PI,2203305.0,Demerval Lobão,73.33,2024
22.0,PI,2203354.0,Dirceu Arcoverde,33.2,2023
22.0,PI,2203354.0,Dirceu Arcoverde,11.96,2024
22.0,PI,2203404.0,Dom Expedito Lopes,77.1,2023
22.0,PI,2203404.0,Dom Expedito Lopes,76.45,2024
22.0,PI,2203420.0,Domingos Mourão,91.4,2023
22.0,PI,2203420.0,Domingos Mourão,82.22,2024
22.0,PI,2203453.0,Dom Inocêncio,97.4,2023
22.0,PI,2203453.0,Dom Inocêncio,87.27,2024
22.0,PI,2203503.0,Elesbão Veloso,50.1,2023
22.0,PI,2203503.0,Elesbão Veloso,51.08,2024
22.0,PI,2203602.0,Eliseu Martins,82.9,2023
22.0,PI,2203602.0,Eliseu Martins,65.85,2024
22.0,PI,2203701.0,Esperantina,57.0,2023
22.0,PI,2203701.0,Esperantina,73.13,2024
22.0,PI,2203750.0,Fartura do Piauí,36.7,2023
22.0,PI,2203750.0,Fartura do Piauí,52.0,2024
22.0,PI,2203800.0,Flores do Piauí,46.8,2023
22.0,PI,2203800.0,Flores do Piauí,43.3,2024
22.0,PI,2203859.0,Floresta do Piauí,100.0,2023
22.0,PI,2203859.0,Floresta do Piauí,54.55,2024
22.0,PI,2203909.0,Floriano,49.2,2023
22.0,PI,2203909.0,Floriano,53.36,2024
22.0,PI,2204006.0,Francinópolis,78.0,2023
22.0,PI,2204006.0,Francinópolis,84.21000000000001,2024
22.0,PI,2204105.0,Francisco Ayres,47.3,2023
22.0,PI,2204105.0,Francisco Ayres,32.38,2024
22.0,PI,2204154.0,Francisco Macedo,59.4,2023
22.0,PI,2204154.0,Francisco Macedo,95.24,2024
22.0,PI,2204204.0,Francisco Santos,43.9,2023
22.0,PI,2204204.0,Francisco Santos,48.78,2024
22.0,PI,2204303.0,Fronteiras,98.3,2023
22.0,PI,2204303.0,Fronteiras,96.63,2024
22.0,PI,2204352.0,Geminiano,19.5,2023
22.0,PI,2204352.0,Geminiano,53.59,2024
22.0,PI,2204402.0,Gilbués,31.3,2023
22.0,PI,2204402.0,Gilbués,39.2,2024
22.0,PI,2204501.0,Guadalupe,48.9,2023
22.0,PI,2204501.0,Guadalupe,68.54,2024
22.0,PI,2204550.0,Guaribas,58.1,2023
22.0,PI,2204550.0,Guaribas,75.0,2024
22.0,PI,2204600.0,Hugo Napoleão,82.4,2023
22.0,PI,2204600.0,Hugo Napoleão,81.47,2024
22.0,PI,2204659.0,Ilha Grande,39.9,2023
22.0,PI,2204659.0,Ilha Grande,34.84,2024
22.0,PI,2204709.0,Inhuma,55.4,2023
22.0,PI,2204709.0,Inhuma,67.52,2024
22.0,PI,2204808.0,Ipiranga do Piauí,85.4,2023
22.0,PI,2204808.0,Ipiranga do Piauí,95.83,2024
22.0,PI,2204907.0,Isaías Coelho,27.9,2023
22.0,PI,2204907.0,Isaías Coelho,34.44,2024
22.0,PI,2205003.0,Itainópolis,74.2,2023
22.0,PI,2205003.0,Itainópolis,73.67,2024
22.0,PI,2205102.0,Itaueira,25.2,2023
22.0,PI,2205102.0,Itaueira,85.9,2024
22.0,PI,2205151.0,Jacobina do Piauí,88.5,2023
22.0,PI,2205151.0,Jacobina do Piauí,84.31,2024
22.0,PI,2205201.0,Jaicós,79.0,2023
22.0,PI,2205201.0,Jaicós,58.67,2024
22.0,PI,2205250.0,Jardim do Mulato,58.3,2023
22.0,PI,2205250.0,Jardim do Mulato,77.0,2024
22.0,PI,2205276.0,Jatobá do Piauí,73.8,2023
22.0,PI,2205276.0,Jatobá do Piauí,95.24,2024
22.0,PI,2205300.0,Jerumenha,26.3,2023
22.0,PI,2205300.0,Jerumenha,75.31,2024
22.0,PI,2205359.0,João Costa,51.1,2023
22.0,PI,2205359.0,João Costa,97.14,2024
22.0,PI,2205409.0,Joaquim Pires,55.5,2023
22.0,PI,2205409.0,Joaquim Pires,81.27,2024
22.0,PI,2205458.0,Joca Marques,38.3,2023
22.0,PI,2205458.0,Joca Marques,43.83,2024
22.0,PI,2205508.0,José de Freitas,49.8,2023
22.0,PI,2205508.0,José de Freitas,42.98,2024
22.0,PI,2205516.0,Juazeiro do Piauí,68.7,2023
22.0,PI,2205516.0,Juazeiro do Piauí,71.43,2024
22.0,PI,2205524.0,Júlio Borges,43.3,2023
22.0,PI,2205524.0,Júlio Borges,100.0,2024
22.0,PI,2205532.0,Jurema,96.4,2023
22.0,PI,2205532.0,Jurema,98.36,2024
22.0,PI,2205540.0,Lagoinha do Piauí,81.9,2023
22.0,PI,2205540.0,Lagoinha do Piauí,87.79,2024
22.0,PI,2205557.0,Lagoa Alegre,21.7,2023
22.0,PI,2205557.0,Lagoa Alegre,58.86,2024
22.0,PI,2205565.0,Lagoa do Barro do Piauí,55.7,2023
22.0,PI,2205565.0,Lagoa do Barro do Piauí,59.52,2024
22.0,PI,2205573.0,Lagoa de São Francisco,41.4,2023
22.0,PI,2205573.0,Lagoa de São Francisco,76.74,2024
22.0,PI,2205581.0,Lagoa do Piauí,7.2,2023
22.0,PI,2205581.0,Lagoa do Piauí,44.87,2024
22.0,PI,2205599.0,Lagoa do Sítio,12.7,2023
22.0,PI,2205599.0,Lagoa do Sítio,62.96,2024
22.0,PI,2205607.0,Landri Sales,97.9,2023
22.0,PI,2205607.0,Landri Sales,100.0,2024
22.0,PI,2205706.0,Luís Correia,62.1,2023
22.0,PI,2205706.0,Luís Correia,51.6,2024
22.0,PI,2205805.0,Luzilândia,51.7,2023
22.0,PI,2205805.0,Luzilândia,54.9,2024
22.0,PI,2205854.0,Madeiro,62.1,2023
22.0,PI,2205854.0,Madeiro,55.88,2024
22.0,PI,2205904.0,Manoel Emídio,100.0,2023
22.0,PI,2205904.0,Manoel Emídio,82.38,2024
22.0,PI,2205953.0,Marcolândia,98.9,2023
22.0,PI,2205953.0,Marcolândia,89.66,2024
22.0,PI,2206050.0,Massapê do Piauí,45.9,2023
22.0,PI,2206050.0,Massapê do Piauí,60.66,2024
22.0,PI,2206100.0,Matias Olímpio,24.4,2023
22.0,PI,2206100.0,Matias Olímpio,52.06,2024
22.0,PI,2206308.0,Miguel Leão,47.3,2023
22.0,PI,2206308.0,Miguel Leão,84.62,2024
22.0,PI,2206357.0,Milton Brandão,37.5,2023
22.0,PI,2206357.0,Milton Brandão,33.33,2024
22.0,PI,2206407.0,Monsenhor Gil,60.3,2023
22.0,PI,2206407.0,Monsenhor Gil,42.48,2024
22.0,PI,2206506.0,Monsenhor Hipólito,100.0,2023
22.0,PI,2206506.0,Monsenhor Hipólito,97.7,2024
22.0,PI,2206605.0,Monte Alegre do Piauí,67.2,2023
22.0,PI,2206605.0,Monte Alegre do Piauí,57.85,2024
22.0,PI,2206670.0,Morro do Chapéu do Piauí,28.8,2023
22.0,PI,2206670.0,Morro do Chapéu do Piauí,40.04,2024
22.0,PI,2206696.0,Murici dos Portelas,66.9,2023
22.0,PI,2206696.0,Murici dos Portelas,65.17,2024
22.0,PI,2206704.0,Nazaré do Piauí,46.9,2023
22.0,PI,2206704.0,Nazaré do Piauí,39.0,2024
22.0,PI,2206720.0,Nazária,77.7,2023
22.0,PI,2206720.0,Nazária,52.15,2024
22.0,PI,2206753.0,Nossa Senhora de Nazaré,21.7,2023
22.0,PI,2206753.0,Nossa Senhora de Nazaré,95.24,2024
22.0,PI,2206803.0,Nossa Senhora dos Remédios,64.2,2023
22.0,PI,2206803.0,Nossa Senhora dos Remédios,45.57,2024
22.0,PI,2206902.0,Novo Oriente do Piauí,69.0,2023
22.0,PI,2206902.0,Novo Oriente do Piauí,89.56,2024
22.0,PI,2206951.0,Novo Santo Antônio,48.5,2023
22.0,PI,2206951.0,Novo Santo Antônio,82.08,2024
22.0,PI,2207108.0,Olho D'Água do Piauí,62.5,2023
22.0,PI,2207108.0,Olho D'Água do Piauí,85.71000000000001,2024
22.0,PI,2207207.0,Padre Marcos,86.4,2023
22.0,PI,2207207.0,Padre Marcos,100.0,2024
22.0,PI,2207306.0,Paes Landim,51.8,2023
22.0,PI,2207306.0,Paes Landim,45.31,2024
22.0,PI,2207355.0,Pajeú do Piauí,66.0,2023
22.0,PI,2207355.0,Pajeú do Piauí,64.0,2024
22.0,PI,2207405.0,Palmeira do Piauí,70.8,2023
22.0,PI,2207405.0,Palmeira do Piauí,72.22,2024
22.0,PI,2207504.0,Palmeirais,50.9,2023
22.0,PI,2207504.0,Palmeirais,46.19,2024
22.0,PI,2207553.0,Paquetá,100.0,2023
22.0,PI,2207553.0,Paquetá,49.8,2024
22.0,PI,2207603.0,Parnaguá,67.7,2023
22.0,PI,2207603.0,Parnaguá,47.35,2024
22.0,PI,2207702.0,Parnaíba,31.0,2023
22.0,PI,2207702.0,Parnaíba,38.42,2024
22.0,PI,2207751.0,Passagem Franca do Piauí,100.0,2023
22.0,PI,2207751.0,Passagem Franca do Piauí,64.51,2024
22.0,PI,2207777.0,Patos do Piauí,81.6,2023
22.0,PI,2207777.0,Patos do Piauí,63.04,2024
22.0,PI,2207793.0,Pau D'Arco do Piauí,100.0,2023
22.0,PI,2207793.0,Pau D'Arco do Piauí,51.85,2024
22.0,PI,2207801.0,Paulistana,45.1,2023
22.0,PI,2207801.0,Paulistana,50.47,2024
22.0,PI,2207850.0,Pavussu,66.3,2023
22.0,PI,2207850.0,Pavussu,90.0,2024
22.0,PI,2207900.0,Pedro II,25.1,2023
22.0,PI,2207900.0,Pedro II,41.98,2024
22.0,PI,2207934.0,Pedro Laurentino,37.8,2023
22.0,PI,2207934.0,Pedro Laurentino,47.35,2024
22.0,PI,2207959.0,Nova Santa Rita,48.0,2023
22.0,PI,2207959.0,Nova Santa Rita,49.11,2024
22.0,PI,2208007.0,Picos,53.0,2023
22.0,PI,2208007.0,Picos,54.93,2024
22.0,PI,2208106.0,Pimenteiras,60.5,2023
22.0,PI,2208106.0,Pimenteiras,61.41,2024
22.0,PI,2208304.0,Piracuruca,75.6,2023
22.0,PI,2208304.0,Piracuruca,82.48,2024
22.0,PI,2208403.0,Piripiri,33.2,2023
22.0,PI,2208403.0,Piripiri,54.59,2024
22.0,PI,2208502.0,Porto,40.1,2023
22.0,PI,2208502.0,Porto,36.04,2024
22.0,PI,2208551.0,Porto Alegre do Piauí,73.9,2023
22.0,PI,2208551.0,Porto Alegre do Piauí,64.29,2024
22.0,PI,2208601.0,Prata do Piauí,14.3,2023
22.0,PI,2208601.0,Prata do Piauí,47.93,2024
22.0,PI,2208650.0,Queimada Nova,60.2,2023
22.0,PI,2208650.0,Queimada Nova,67.42,2024
22.0,PI,2208700.0,Redenção do Gurguéia,99.0,2023
22.0,PI,2208700.0,Redenção do Gurguéia,80.52,2024
22.0,PI,2208809.0,Regeneração,40.9,2023
22.0,PI,2208809.0,Regeneração,31.32,2024
22.0,PI,2208858.0,Riacho Frio,98.4,2023
22.0,PI,2208858.0,Riacho Frio,92.42,2024
22.0,PI,2208874.0,Ribeira do Piauí,57.8,2023
22.0,PI,2208874.0,Ribeira do Piauí,54.84,2024
22.0,PI,2209005.0,Rio Grande do Piauí,48.6,2023
22.0,PI,2209005.0,Rio Grande do Piauí,41.79,2024
22.0,PI,2209104.0,Santa Cruz do Piauí,95.6,2023
22.0,PI,2209104.0,Santa Cruz do Piauí,98.15,2024
22.0,PI,2209153.0,Santa Cruz dos Milagres,52.4,2023
22.0,PI,2209153.0,Santa Cruz dos Milagres,68.18,2024
22.0,PI,2209203.0,Santa Filomena,27.7,2023
22.0,PI,2209203.0,Santa Filomena,62.47,2024
22.0,PI,2209302.0,Santa Luz,100.0,2023
22.0,PI,2209302.0,Santa Luz,55.68,2024
22.0,PI,2209351.0,Santana do Piauí,33.1,2023
22.0,PI,2209351.0,Santana do Piauí,68.1,2024
22.0,PI,2209377.0,Santa Rosa do Piauí,61.0,2023
22.0,PI,2209377.0,Santa Rosa do Piauí,51.64,2024
22.0,PI,2209401.0,Santo Antônio de Lisboa,61.2,2023
22.0,PI,2209401.0,Santo Antônio de Lisboa,55.71,2024
22.0,PI,2209450.0,Santo Antônio dos Milagres,96.2,2023
22.0,PI,2209450.0,Santo Antônio dos Milagres,78.26,2024
22.0,PI,2209500.0,Santo Inácio do Piauí,73.4,2023
22.0,PI,2209500.0,Santo Inácio do Piauí,85.37,2024
22.0,PI,2209559.0,São Braz do Piauí,87.8,2023
22.0,PI,2209559.0,São Braz do Piauí,66.39,2024
22.0,PI,2209609.0,São Félix do Piauí,35.6,2023
22.0,PI,2209609.0,São Félix do Piauí,64.29,2024
22.0,PI,2209658.0,São Francisco de Assis do Piauí,33.6,2023
22.0,PI,2209658.0,São Francisco de Assis do Piauí,36.86,2024
22.0,PI,2209708.0,São Francisco do Piauí,58.1,2023
22.0,PI,2209708.0,São Francisco do Piauí,64.27,2024
22.0,PI,2209757.0,São Gonçalo do Gurguéia,76.5,2023
22.0,PI,2209757.0,São Gonçalo do Gurguéia,60.71,2024
22.0,PI,2209807.0,São Gonçalo do Piauí,94.2,2023
22.0,PI,2209807.0,São Gonçalo do Piauí,64.04,2024
22.0,PI,2209856.0,São João da Canabrava,82.0,2023
22.0,PI,2209856.0,São João da Canabrava,96.34,2024
22.0,PI,2209872.0,São João da Fronteira,26.9,2023
22.0,PI,2209872.0,São João da Fronteira,43.37,2024
22.0,PI,2209906.0,São João da Serra,49.3,2023
22.0,PI,2209906.0,São João da Serra,93.97,2024
22.0,PI,2209955.0,São João da Varjota,53.6,2023
22.0,PI,2209955.0,São João da Varjota,86.96000000000001,2024
22.0,PI,2209971.0,São João do Arraial,33.6,2023
22.0,PI,2209971.0,São João do Arraial,87.8,2024
22.0,PI,2210003.0,São João do Piauí,44.4,2023
22.0,PI,2210003.0,São João do Piauí,65.25,2024
22.0,PI,2210052.0,São José do Divino,100.0,2023
22.0,PI,2210052.0,São José do Divino,92.65,2024
22.0,PI,2210102.0,São José do Peixe,76.0,2023
22.0,PI,2210102.0,São José do Peixe,75.0,2024
22.0,PI,2210201.0,São José do Piauí,93.8,2023
22.0,PI,2210201.0,São José do Piauí,97.06,2024
22.0,PI,2210300.0,São Julião,94.8,2023
22.0,PI,2210300.0,São Julião,87.93,2024
22.0,PI,2210359.0,São Lourenço do Piauí,100.0,2023
22.0,PI,2210359.0,São Lourenço do Piauí,73.08,2024
22.0,PI,2210375.0,São Luis do Piauí,58.5,2023
22.0,PI,2210375.0,São Luis do Piauí,61.11,2024
22.0,PI,2210383.0,São Miguel da Baixa Grande,24.1,2023
22.0,PI,2210383.0,São Miguel da Baixa Grande,80.0,2024
22.0,PI,2210391.0,São Miguel do Fidalgo,55.8,2023
22.0,PI,2210391.0,São Miguel do Fidalgo,64.42,2024
22.0,PI,2210409.0,São Miguel do Tapuio,29.9,2023
22.0,PI,2210409.0,São Miguel do Tapuio,45.19,2024
22.0,PI,2210508.0,São Pedro do Piauí,49.3,2023
22.0,PI,2210508.0,São Pedro do Piauí,67.14,2024
22.0,PI,2210607.0,São Raimundo Nonato,68.2,2023
22.0,PI,2210607.0,São Raimundo Nonato,73.25,2024
22.0,PI,2210623.0,Sebastião Barros,26.0,2023
22.0,PI,2210623.0,Sebastião Barros,50.0,2024
22.0,PI,2210631.0,Sebastião Leal,93.5,2023
22.0,PI,2210631.0,Sebastião Leal,76.86,2024
22.0,PI,2210656.0,Sigefredo Pacheco,45.2,2023
22.0,PI,2210656.0,Sigefredo Pacheco,75.67,2024
22.0,PI,2210706.0,Simões,68.5,2023
22.0,PI,2210706.0,Simões,86.03,2024
22.0,PI,2210938.0,Sussuapara,27.1,2023
22.0,PI,2210938.0,Sussuapara,55.84,2024
22.0,PI,2210953.0,Tamboril do Piauí,68.8,2023
22.0,PI,2210953.0,Tamboril do Piauí,65.11,2024
22.0,PI,2210979.0,Tanque do Piauí,58.3,2023
22.0,PI,2210979.0,Tanque do Piauí,50.0,2024
22.0,PI,2211001.0,Teresina,48.2,2023
22.0,PI,2211001.0,Teresina,57.25,2024
22.0,PI,2211100.0,União,26.8,2023
22.0,PI,2211100.0,União,35.21,2024
22.0,PI,2211308.0,Valença do Piauí,51.9,2023
22.0,PI,2211308.0,Valença do Piauí,42.13,2024
22.0,PI,2211357.0,Várzea Branca,26.0,2023
22.0,PI,2211357.0,Várzea Branca,31.25,2024
22.0,PI,2211506.0,Vera Mendes,94.4,2023
22.0,PI,2211506.0,Vera Mendes,48.57,2024
22.0,PI,2211605.0,Vila Nova do Piauí,100.0,2023
22.0,PI,2211605.0,Vila Nova do Piauí,100.0,2024
22.0,PI,2211704.0,Wall Ferraz,37.6,2023
22.0,PI,2211704.0,Wall Ferraz,54.29,2024
23.0,CE,2300101.0,Abaiara,88.3,2023
23.0,CE,2300101.0,Abaiara,91.49,2024
23.0,CE,2300150.0,Acarape,78.1,2023
23.0,CE,2300150.0,Acarape,81.21000000000001,2024
23.0,CE,2300200.0,Acaraú,95.8,2023
23.0,CE,2300200.0,Acaraú,97.71,2024
23.0,CE,2300408.0,Aiuaba,75.1,2023
23.0,CE,2300408.0,Aiuaba,75.83,2024
23.0,CE,2300507.0,Alcântaras,97.8,2023
23.0,CE,2300507.0,Alcântaras,99.05,2024
23.0,CE,2300606.0,Altaneira,100.0,2023
23.0,CE,2300606.0,Altaneira,88.52,2024
23.0,CE,2300705.0,Alto Santo,99.6,2023
23.0,CE,2300705.0,Alto Santo,94.16,2024
23.0,CE,2300754.0,Amontada,83.0,2023
23.0,CE,2300754.0,Amontada,82.28,2024
23.0,CE,2300903.0,Apuiarés,80.8,2023
23.0,CE,2300903.0,Apuiarés,74.45,2024
23.0,CE,2301109.0,Aracati,89.1,2023
23.0,CE,2301109.0,Aracati,91.16,2024
23.0,CE,2301208.0,Aracoiaba,87.3,2023
23.0,CE,2301208.0,Aracoiaba,90.87,2024
23.0,CE,2301257.0,Ararendá,98.9,2023
23.0,CE,2301257.0,Ararendá,99.34,2024
23.0,CE,2301307.0,Araripe,75.5,2023
23.0,CE,2301307.0,Araripe,77.22,2024
23.0,CE,2301406.0,Aratuba,86.3,2023
23.0,CE,2301406.0,Aratuba,80.42,2024
23.0,CE,2301505.0,Arneiroz,73.6,2023
23.0,CE,2301505.0,Arneiroz,76.0,2024
23.0,CE,2301604.0,Assaré,90.7,2023
23.0,CE,2301604.0,Assaré,98.08,2024
23.0,CE,2301703.0,Aurora,72.9,2023
23.0,CE,2301703.0,Aurora,73.84,2024
23.0,CE,2301802.0,Baixio,97.6,2023
23.0,CE,2301802.0,Baixio,91.67,2024
23.0,CE,2301851.0,Banabuiú,80.3,2023
23.0,CE,2301851.0,Banabuiú,76.25,2024
23.0,CE,2301901.0,Barbalha,85.4,2023
23.0,CE,2301901.0,Barbalha,87.92,2024
23.0,CE,2301950.0,Barreira,88.8,2023
23.0,CE,2301950.0,Barreira,91.15,2024
23.0,CE,2302008.0,Barro,67.8,2023
23.0,CE,2302008.0,Barro,63.940000000000005,2024
23.0,CE,2302057.0,Barroquinha,96.4,2023
23.0,CE,2302057.0,Barroquinha,95.7,2024
23.0,CE,2302107.0,Baturité,77.9,2023
23.0,CE,2302107.0,Baturité,86.78,2024
23.0,CE,2302206.0,Beberibe,78.1,2023
23.0,CE,2302206.0,Beberibe,81.60000000000001,2024
23.0,CE,2302305.0,Bela Cruz,95.9,2023
23.0,CE,2302305.0,Bela Cruz,97.83,2024
23.0,CE,2302404.0,Boa Viagem,80.0,2023
23.0,CE,2302404.0,Boa Viagem,90.36,2024
23.0,CE,2302503.0,Brejo Santo,93.1,2023
23.0,CE,2302503.0,Brejo Santo,95.4,2024
23.0,CE,2302602.0,Camocim,94.5,2023
23.0,CE,2302602.0,Camocim,94.08,2024
23.0,CE,2302701.0,Campos Sales,84.2,2023
23.0,CE,2302701.0,Campos Sales,82.79,2024
23.0,CE,2302800.0,Canindé,96.9,2023
23.0,CE,2302800.0,Canindé,95.0,2024
23.0,CE,2302909.0,Capistrano,77.6,2023
23.0,CE,2302909.0,Capistrano,87.35000000000001,2024
23.0,CE,2303006.0,Caridade,96.7,2023
23.0,CE,2303006.0,Caridade,98.73,2024
23.0,CE,2303105.0,Cariré,99.6,2023
23.0,CE,2303105.0,Cariré,98.77,2024
23.0,CE,2303204.0,Caririaçu,90.1,2023
23.0,CE,2303204.0,Caririaçu,82.61,2024
23.0,CE,2303303.0,Cariús,97.1,2023
23.0,CE,2303303.0,Cariús,95.26,2024
23.0,CE,2303402.0,Carnaubal,87.0,2023
23.0,CE,2303402.0,Carnaubal,83.8,2024
23.0,CE,2303501.0,Cascavel,87.6,2023
23.0,CE,2303501.0,Cascavel,82.60000000000001,2024
23.0,CE,2303600.0,Catarina,79.2,2023
23.0,CE,2303600.0,Catarina,81.25,2024
23.0,CE,2303659.0,Catunda,100.0,2023
23.0,CE,2303659.0,Catunda,100.0,2024
23.0,CE,2303709.0,Caucaia,67.0,2023
23.0,CE,2303709.0,Caucaia,69.01,2024
23.0,CE,2303808.0,Cedro,96.6,2023
23.0,CE,2303808.0,Cedro,98.77,2024
23.0,CE,2303907.0,Chaval,75.3,2023
23.0,CE,2303907.0,Chaval,91.5,2024
23.0,CE,2303931.0,Choró,97.8,2023
23.0,CE,2303931.0,Choró,95.42,2024
23.0,CE,2303956.0,Chorozinho,98.3,2023
23.0,CE,2303956.0,Chorozinho,97.15,2024
23.0,CE,2304004.0,Coreaú,100.0,2023
23.0,CE,2304004.0,Coreaú,100.0,2024
23.0,CE,2304103.0,Crateús,97.1,2023
23.0,CE,2304103.0,Crateús,97.31,2024
23.0,CE,2304202.0,Crato,93.6,2023
23.0,CE,2304202.0,Crato,95.37,2024
23.0,CE,2304236.0,Croatá,98.5,2023
23.0,CE,2304236.0,Croatá,99.14,2024
23.0,CE,2304251.0,Cruz,99.5,2023
23.0,CE,2304251.0,Cruz,98.93,2024
23.0,CE,2304269.0,Deputado Irapuan Pinheiro,98.7,2023
23.0,CE,2304269.0,Deputado Irapuan Pinheiro,98.82,2024
23.0,CE,2304277.0,Ereré,98.6,2023
23.0,CE,2304277.0,Ereré,95.0,2024
23.0,CE,2304285.0,Eusébio,92.6,2023
23.0,CE,2304285.0,Eusébio,93.91,2024
23.0,CE,2304301.0,Farias Brito,98.0,2023
23.0,CE,2304301.0,Farias Brito,96.0,2024
23.0,CE,2304350.0,Forquilha,100.0,2023
23.0,CE,2304350.0,Forquilha,100.0,2024
23.0,CE,2304400.0,Fortaleza,74.0,2023
23.0,CE,2304400.0,Fortaleza,74.81,2024
23.0,CE,2304459.0,Fortim,97.5,2023
23.0,CE,2304459.0,Fortim,93.28,2024
23.0,CE,2304509.0,Frecheirinha,99.7,2023
23.0,CE,2304509.0,Frecheirinha,98.18,2024
23.0,CE,2304608.0,General Sampaio,94.2,2023
23.0,CE,2304608.0,General Sampaio,97.65,2024
23.0,CE,2304657.0,Graça,98.4,2023
23.0,CE,2304657.0,Graça,100.0,2024
23.0,CE,2304707.0,Granja,93.3,2023
23.0,CE,2304707.0,Granja,97.78,2024
23.0,CE,2304806.0,Granjeiro,94.9,2023
23.0,CE,2304806.0,Granjeiro,91.59,2024
23.0,CE,2304905.0,Groaíras,83.1,2023
23.0,CE,2304905.0,Groaíras,96.95,2024
23.0,CE,2304954.0,Guaiúba,72.7,2023
23.0,CE,2304954.0,Guaiúba,79.83,2024
23.0,CE,2305001.0,Guaraciaba do Norte,98.6,2023
23.0,CE,2305001.0,Guaraciaba do Norte,95.65,2024
23.0,CE,2305100.0,Guaramiranga,55.6,2023
23.0,CE,2305100.0,Guaramiranga,95.86,2024
23.0,CE,2305209.0,Hidrolândia,99.0,2023
23.0,CE,2305209.0,Hidrolândia,96.11,2024
23.0,CE,2305233.0,Horizonte,93.4,2023
23.0,CE,2305233.0,Horizonte,96.2,2024
23.0,CE,2305266.0,Ibaretama,70.3,2023
23.0,CE,2305266.0,Ibaretama,60.53,2024
23.0,CE,2305308.0,Ibiapina,95.0,2023
23.0,CE,2305308.0,Ibiapina,97.38,2024
23.0,CE,2305332.0,Ibicuitinga,96.1,2023
23.0,CE,2305332.0,Ibicuitinga,96.67,2024
23.0,CE,2305357.0,Icapuí,82.2,2023
23.0,CE,2305357.0,Icapuí,76.34,2024
23.0,CE,2305407.0,Icó,80.1,2023
23.0,CE,2305407.0,Icó,75.41,2024
23.0,CE,2305506.0,Iguatu,56.6,2023
23.0,CE,2305506.0,Iguatu,63.35,2024
23.0,CE,2305605.0,Independência,98.8,2023
23.0,CE,2305605.0,Independência,98.62,2024
23.0,CE,2305654.0,Ipaporanga,97.5,2023
23.0,CE,2305654.0,Ipaporanga,99.16,2024
23.0,CE,2305704.0,Ipaumirim,87.9,2023
23.0,CE,2305704.0,Ipaumirim,88.89,2024
23.0,CE,2305803.0,Ipu,94.2,2023
23.0,CE,2305803.0,Ipu,86.66,2024
23.0,CE,2305902.0,Ipueiras,97.9,2023
23.0,CE,2305902.0,Ipueiras,99.54,2024
23.0,CE,2306009.0,Iracema,98.6,2023
23.0,CE,2306009.0,Iracema,84.18,2024
23.0,CE,2306108.0,Irauçuba,96.5,2023
23.0,CE,2306108.0,Irauçuba,96.76,2024
23.0,CE,2306207.0,Itaiçaba,91.3,2023
23.0,CE,2306207.0,Itaiçaba,96.74,2024
23.0,CE,2306256.0,Itaitinga,85.8,2023
23.0,CE,2306256.0,Itaitinga,85.11,2024
23.0,CE,2306306.0,Itapajé,90.7,2023
23.0,CE,2306306.0,Itapajé,89.55,2024
23.0,CE,2306504.0,Itapiúna,96.1,2023
23.0,CE,2306504.0,Itapiúna,92.57,2024
23.0,CE,2306603.0,Itatira,99.6,2023
23.0,CE,2306603.0,Itatira,99.06,2024
23.0,CE,2306702.0,Jaguaretama,94.7,2023
23.0,CE,2306702.0,Jaguaretama,93.66,2024
23.0,CE,2306900.0,Jaguaribe,86.0,2023
23.0,CE,2306900.0,Jaguaribe,89.25,2024
23.0,CE,2307007.0,Jaguaruana,84.2,2023
23.0,CE,2307007.0,Jaguaruana,88.24,2024
23.0,CE,2307106.0,Jardim,77.9,2023
23.0,CE,2307106.0,Jardim,70.8,2024
23.0,CE,2307205.0,Jati,74.4,2023
23.0,CE,2307205.0,Jati,77.45,2024
23.0,CE,2307254.0,Jijoca de Jericoacoara,99.8,2023
23.0,CE,2307254.0,Jijoca de Jericoacoara,98.03,2024
23.0,CE,2307304.0,Juazeiro do Norte,60.6,2023
23.0,CE,2307304.0,Juazeiro do Norte,59.48,2024
23.0,CE,2307403.0,Jucás,86.7,2023
23.0,CE,2307403.0,Jucás,90.28,2024
23.0,CE,2307502.0,Lavras da Mangabeira,75.4,2023
23.0,CE,2307502.0,Lavras da Mangabeira,74.29,2024
23.0,CE,2307601.0,Limoeiro do Norte,87.8,2023
23.0,CE,2307601.0,Limoeiro do Norte,89.65,2024
23.0,CE,2307635.0,Madalena,97.7,2023
23.0,CE,2307635.0,Madalena,95.31,2024
23.0,CE,2307650.0,Maracanaú,82.4,2023
23.0,CE,2307650.0,Maracanaú,84.92,2024
23.0,CE,2307809.0,Marco,94.2,2023
23.0,CE,2307809.0,Marco,96.66,2024
23.0,CE,2307908.0,Martinópole,98.5,2023
23.0,CE,2307908.0,Martinópole,99.24,2024
23.0,CE,2308005.0,Massapê,99.4,2023
23.0,CE,2308005.0,Massapê,95.03,2024
23.0,CE,2308203.0,Meruoca,98.5,2023
23.0,CE,2308203.0,Meruoca,98.21,2024
23.0,CE,2308302.0,Milagres,75.3,2023
23.0,CE,2308302.0,Milagres,79.33,2024
23.0,CE,2308351.0,Milhã,100.0,2023
23.0,CE,2308351.0,Milhã,97.92,2024
23.0,CE,2308377.0,Miraíma,86.7,2023
23.0,CE,2308377.0,Miraíma,85.60000000000001,2024
23.0,CE,2308500.0,Mombaça,93.5,2023
23.0,CE,2308500.0,Mombaça,93.51,2024
23.0,CE,2308609.0,Monsenhor Tabosa,96.5,2023
23.0,CE,2308609.0,Monsenhor Tabosa,99.36,2024
23.0,CE,2308708.0,Morada Nova,72.0,2023
23.0,CE,2308708.0,Morada Nova,76.09,2024
23.0,CE,2308807.0,Moraújo,98.9,2023
23.0,CE,2308807.0,Moraújo,92.86,2024
23.0,CE,2308906.0,Morrinhos,98.9,2023
23.0,CE,2308906.0,Morrinhos,97.77,2024
23.0,CE,2309003.0,Mucambo,97.9,2023
23.0,CE,2309003.0,Mucambo,98.82,2024
23.0,CE,2309102.0,Mulungu,85.8,2023
23.0,CE,2309102.0,Mulungu,88.89,2024
23.0,CE,2309201.0,Nova Olinda,100.0,2023
23.0,CE,2309201.0,Nova Olinda,99.53,2024
23.0,CE,2309300.0,Nova Russas,96.7,2023
23.0,CE,2309300.0,Nova Russas,99.64,2024
23.0,CE,2309409.0,Novo Oriente,98.7,2023
23.0,CE,2309409.0,Novo Oriente,100.0,2024
23.0,CE,2309508.0,Orós,90.9,2023
23.0,CE,2309508.0,Orós,90.75,2024
23.0,CE,2309607.0,Pacajus,85.7,2023
23.0,CE,2309607.0,Pacajus,87.91,2024
23.0,CE,2309706.0,Pacatuba,76.0,2023
23.0,CE,2309706.0,Pacatuba,78.36,2024
23.0,CE,2309904.0,Pacujá,97.9,2023
23.0,CE,2309904.0,Pacujá,100.0,2024
23.0,CE,2310001.0,Palhano,70.5,2023
23.0,CE,2310001.0,Palhano,74.59,2024
23.0,CE,2310100.0,Palmácia,98.7,2023
23.0,CE,2310100.0,Palmácia,94.31,2024
23.0,CE,2310209.0,Paracuru,94.9,2023
23.0,CE,2310209.0,Paracuru,95.08,2024
23.0,CE,2310258.0,Paraipaba,98.2,2023
23.0,CE,2310258.0,Paraipaba,93.78,2024
23.0,CE,2310308.0,Parambu,83.2,2023
23.0,CE,2310308.0,Parambu,88.35000000000001,2024
23.0,CE,2310407.0,Paramoti,98.9,2023
23.0,CE,2310407.0,Paramoti,94.2,2024
23.0,CE,2310506.0,Pedra Branca,99.4,2023
23.0,CE,2310506.0,Pedra Branca,99.7,2024
23.0,CE,2310605.0,Penaforte,77.7,2023
23.0,CE,2310605.0,Penaforte,63.67,2024
23.0,CE,2310704.0,Pentecoste,93.1,2023
23.0,CE,2310704.0,Pentecoste,91.29,2024
23.0,CE,2310803.0,Pereiro,95.9,2023
23.0,CE,2310803.0,Pereiro,93.44,2024
23.0,CE,2310852.0,Pindoretama,90.3,2023
23.0,CE,2310852.0,Pindoretama,88.62,2024
23.0,CE,2310902.0,Piquet Carneiro,100.0,2023
23.0,CE,2310902.0,Piquet Carneiro,100.0,2024
23.0,CE,2310951.0,Pires Ferreira,99.1,2023
23.0,CE,2310951.0,Pires Ferreira,100.0,2024
23.0,CE,2311009.0,Poranga,96.0,2023
23.0,CE,2311009.0,Poranga,100.0,2024
23.0,CE,2311108.0,Porteiras,93.5,2023
23.0,CE,2311108.0,Porteiras,92.09,2024
23.0,CE,2311207.0,Potengi,90.9,2023
23.0,CE,2311207.0,Potengi,91.04,2024
23.0,CE,2311231.0,Potiretama,100.0,2023
23.0,CE,2311231.0,Potiretama,97.47,2024
23.0,CE,2311264.0,Quiterianópolis,98.5,2023
23.0,CE,2311264.0,Quiterianópolis,99.49,2024
23.0,CE,2311306.0,Quixadá,88.4,2023
23.0,CE,2311306.0,Quixadá,92.49,2024
23.0,CE,2311405.0,Quixeramobim,98.5,2023
23.0,CE,2311405.0,Quixeramobim,98.76,2024
23.0,CE,2311504.0,Quixeré,86.2,2023
23.0,CE,2311504.0,Quixeré,93.13,2024
23.0,CE,2311603.0,Redenção,85.0,2023
23.0,CE,2311603.0,Redenção,92.45,2024
23.0,CE,2311702.0,Reriutaba,99.5,2023
23.0,CE,2311702.0,Reriutaba,98.5,2024
23.0,CE,2311900.0,Saboeiro,75.4,2023
23.0,CE,2311900.0,Saboeiro,81.55,2024
23.0,CE,2311959.0,Salitre,96.6,2023
23.0,CE,2311959.0,Salitre,98.39,2024
23.0,CE,2312007.0,Santana do Acaraú,99.2,2023
23.0,CE,2312007.0,Santana do Acaraú,98.26,2024
23.0,CE,2312106.0,Santana do Cariri,89.5,2023
23.0,CE,2312106.0,Santana do Cariri,96.45,2024
23.0,CE,2312205.0,Santa Quitéria,98.2,2023
23.0,CE,2312205.0,Santa Quitéria,95.08,2024
23.0,CE,2312304.0,São Benedito,96.9,2023
23.0,CE,2312304.0,São Benedito,95.11,2024
23.0,CE,2312502.0,São João do Jaguaribe,79.8,2023
23.0,CE,2312502.0,São João do Jaguaribe,95.98,2024
23.0,CE,2312601.0,São Luís do Curu,81.7,2023
23.0,CE,2312601.0,São Luís do Curu,65.1,2024
23.0,CE,2312700.0,Senador Pompeu,100.0,2023
23.0,CE,2312700.0,Senador Pompeu,98.44,2024
23.0,CE,2312809.0,Senador Sá,99.1,2023
23.0,CE,2312809.0,Senador Sá,99.12,2024
23.0,CE,2312908.0,Sobral,98.7,2023
23.0,CE,2312908.0,Sobral,98.58,2024
23.0,CE,2313005.0,Solonópole,98.1,2023
23.0,CE,2313005.0,Solonópole,98.96,2024
23.0,CE,2313104.0,Tabuleiro do Norte,89.0,2023
23.0,CE,2313104.0,Tabuleiro do Norte,84.32000000000001,2024
23.0,CE,2313203.0,Tamboril,97.2,2023
23.0,CE,2313203.0,Tamboril,98.31,2024
23.0,CE,2313252.0,Tarrafas,95.1,2023
23.0,CE,2313252.0,Tarrafas,91.6,2024
23.0,CE,2313302.0,Tauá,87.2,2023
23.0,CE,2313302.0,Tauá,92.01,2024
23.0,CE,2313351.0,Tejuçuoca,85.4,2023
23.0,CE,2313351.0,Tejuçuoca,80.16,2024
23.0,CE,2313401.0,Tianguá,84.4,2023
23.0,CE,2313401.0,Tianguá,86.10000000000001,2024
23.0,CE,2313500.0,Trairi,89.9,2023
23.0,CE,2313500.0,Trairi,91.78,2024
23.0,CE,2313559.0,Tururu,89.2,2023
23.0,CE,2313559.0,Tururu,95.29,2024
23.0,CE,2313609.0,Ubajara,97.0,2023
23.0,CE,2313609.0,Ubajara,95.13,2024
23.0,CE,2313708.0,Umari,87.6,2023
23.0,CE,2313708.0,Umari,88.49,2024
23.0,CE,2313807.0,Uruburetama,81.4,2023
23.0,CE,2313807.0,Uruburetama,82.16,2024
23.0,CE,2313906.0,Uruoca,95.5,2023
23.0,CE,2313906.0,Uruoca,99.01,2024
23.0,CE,2313955.0,Varjota,99.6,2023
23.0,CE,2313955.0,Varjota,98.06,2024
23.0,CE,2314003.0,Várzea Alegre,95.2,2023
23.0,CE,2314003.0,Várzea Alegre,90.9,2024
23.0,CE,2314102.0,Viçosa do Ceará,88.6,2023
23.0,CE,2314102.0,Viçosa do Ceará,90.22,2024
24.0,RN,2400109.0,Acari,44.1,2023
24.0,RN,2400109.0,Acari,38.21,2024
24.0,RN,2400208.0,Açu,42.2,2023
24.0,RN,2400208.0,Açu,40.86,2024
24.0,RN,2400406.0,Água Nova,33.3,2023
24.0,RN,2400406.0,Água Nova,39.66,2024
24.0,RN,2400505.0,Alexandria,17.8,2023
24.0,RN,2400505.0,Alexandria,58.98,2024
24.0,RN,2400604.0,Almino Afonso,11.1,2023
24.0,RN,2400604.0,Almino Afonso,21.43,2024
24.0,RN,2400703.0,Alto do Rodrigues,48.4,2023
24.0,RN,2400703.0,Alto do Rodrigues,52.52,2024
24.0,RN,2400802.0,Angicos,19.3,2023
24.0,RN,2400802.0,Angicos,51.81,2024
24.0,RN,2400901.0,Antônio Martins,25.2,2023
24.0,RN,2400901.0,Antônio Martins,37.67,2024
24.0,RN,2401206.0,Arês,24.8,2023
24.0,RN,2401206.0,Arês,31.22,2024
24.0,RN,2401305.0,Campo Grande,36.1,2023
24.0,RN,2401305.0,Campo Grande,43.77,2024
24.0,RN,2401404.0,Baía Formosa,26.0,2023
24.0,RN,2401404.0,Baía Formosa,35.36,2024
24.0,RN,2401453.0,Baraúna,32.0,2023
24.0,RN,2401453.0,Baraúna,44.48,2024
24.0,RN,2401503.0,Barcelona,55.3,2023
24.0,RN,2401503.0,Barcelona,74.35000000000001,2024
24.0,RN,2401602.0,Bento Fernandes,14.9,2023
24.0,RN,2401602.0,Bento Fernandes,29.29,2024
24.0,RN,2401651.0,Bodó,65.0,2023
24.0,RN,2401651.0,Bodó,60.0,2024
24.0,RN,2401859.0,Caiçara do Norte,31.2,2023
24.0,RN,2401859.0,Caiçara do Norte,26.47,2024
24.0,RN,2402006.0,Caicó,35.6,2023
24.0,RN,2402006.0,Caicó,44.58,2024
24.0,RN,2402105.0,Campo Redondo,24.0,2023
24.0,RN,2402105.0,Campo Redondo,39.72,2024
24.0,RN,2402204.0,Canguaretama,37.7,2023
24.0,RN,2402204.0,Canguaretama,32.26,2024
24.0,RN,2402303.0,Caraúbas,25.2,2023
24.0,RN,2402303.0,Caraúbas,39.56,2024
24.0,RN,2402402.0,Carnaúba dos Dantas,65.5,2023
24.0,RN,2402402.0,Carnaúba dos Dantas,29.88,2024
24.0,RN,2402501.0,Carnaubais,27.4,2023
24.0,RN,2402501.0,Carnaubais,42.31,2024
24.0,RN,2402709.0,Cerro Corá,60.4,2023
24.0,RN,2402709.0,Cerro Corá,40.95,2024
24.0,RN,2402808.0,Coronel Ezequiel,40.7,2023
24.0,RN,2402808.0,Coronel Ezequiel,32.68,2024
24.0,RN,2402907.0,Coronel João Pessoa,23.9,2023
24.0,RN,2402907.0,Coronel João Pessoa,47.83,2024
24.0,RN,2403004.0,Cruzeta,51.8,2023
24.0,RN,2403004.0,Cruzeta,60.81,2024
24.0,RN,2403103.0,Currais Novos,41.2,2023
24.0,RN,2403103.0,Currais Novos,46.77,2024
24.0,RN,2403251.0,Parnamirim,44.3,2023
24.0,RN,2403251.0,Parnamirim,35.27,2024
24.0,RN,2403301.0,Encanto,47.5,2023
24.0,RN,2403301.0,Encanto,67.02,2024
24.0,RN,2403400.0,Equador,20.5,2023
24.0,RN,2403400.0,Equador,59.19,2024
24.0,RN,2403509.0,Espírito Santo,,2023
24.0,RN,2403509.0,Espírito Santo,47.13,2024
24.0,RN,2403608.0,Extremoz,48.0,2023
24.0,RN,2403608.0,Extremoz,34.550000000000004,2024
24.0,RN,2403707.0,Felipe Guerra,54.4,2023
24.0,RN,2403707.0,Felipe Guerra,51.71,2024
24.0,RN,2403756.0,Fernando Pedroza,32.8,2023
24.0,RN,2403756.0,Fernando Pedroza,58.82,2024
24.0,RN,2403806.0,Florânia,36.3,2023
24.0,RN,2403806.0,Florânia,43.75,2024
24.0,RN,2403905.0,Francisco Dantas,45.0,2023
24.0,RN,2403905.0,Francisco Dantas,78.95,2024
24.0,RN,2404002.0,Frutuoso Gomes,20.0,2023
24.0,RN,2404002.0,Frutuoso Gomes,47.06,2024
24.0,RN,2404101.0,Galinhos,38.3,2023
24.0,RN,2404101.0,Galinhos,55.2,2024
24.0,RN,2404200.0,Goianinha,22.5,2023
24.0,RN,2404200.0,Goianinha,35.33,2024
24.0,RN,2404309.0,Governador Dix-Sept Rosado,57.9,2023
24.0,RN,2404309.0,Governador Dix-Sept Rosado,48.2,2024
24.0,RN,2404408.0,Grossos,40.4,2023
24.0,RN,2404408.0,Grossos,65.35,2024
24.0,RN,2404507.0,Guamaré,,2023
24.0,RN,2404507.0,Guamaré,43.15,2024
24.0,RN,2404606.0,Ielmo Marinho,41.3,2023
24.0,RN,2404606.0,Ielmo Marinho,30.13,2024
24.0,RN,2404705.0,Ipanguaçu,13.7,2023
24.0,RN,2404705.0,Ipanguaçu,43.03,2024
24.0,RN,2404853.0,Itajá,57.0,2023
24.0,RN,2404853.0,Itajá,40.01,2024
24.0,RN,2404903.0,Itaú,52.9,2023
24.0,RN,2404903.0,Itaú,51.63,2024
24.0,RN,2405009.0,Jaçanã,47.0,2023
24.0,RN,2405009.0,Jaçanã,39.09,2024
24.0,RN,2405108.0,Jandaíra,30.4,2023
24.0,RN,2405108.0,Jandaíra,29.91,2024
24.0,RN,2405207.0,Janduís,23.5,2023
24.0,RN,2405207.0,Janduís,37.93,2024
24.0,RN,2405405.0,Japi,15.3,2023
24.0,RN,2405405.0,Japi,31.34,2024
24.0,RN,2405504.0,Jardim de Angicos,16.6,2023
24.0,RN,2405504.0,Jardim de Angicos,31.58,2024
24.0,RN,2405603.0,Jardim de Piranhas,30.4,2023
24.0,RN,2405603.0,Jardim de Piranhas,63.05,2024
24.0,RN,2405702.0,Jardim do Seridó,26.8,2023
24.0,RN,2405702.0,Jardim do Seridó,56.51,2024
24.0,RN,2405801.0,João Câmara,22.6,2023
24.0,RN,2405801.0,João Câmara,35.88,2024
24.0,RN,2405900.0,João Dias,46.2,2023
24.0,RN,2405900.0,João Dias,38.89,2024
24.0,RN,2406007.0,José da Penha,,2023
24.0,RN,2406007.0,José da Penha,49.94,2024
24.0,RN,2406106.0,Jucurutu,27.6,2023
24.0,RN,2406106.0,Jucurutu,43.69,2024
24.0,RN,2406155.0,Jundiá,,2023
24.0,RN,2406155.0,Jundiá,33.33,2024
24.0,RN,2406205.0,Lagoa d'Anta,,2023
24.0,RN,2406205.0,Lagoa d'Anta,11.65,2024
24.0,RN,2406304.0,Lagoa de Pedras,47.7,2023
24.0,RN,2406304.0,Lagoa de Pedras,28.89,2024
24.0,RN,2406403.0,Lagoa de Velhos,41.7,2023
24.0,RN,2406403.0,Lagoa de Velhos,29.67,2024
24.0,RN,2406502.0,Lagoa Nova,34.7,2023
24.0,RN,2406502.0,Lagoa Nova,35.61,2024
24.0,RN,2406601.0,Lagoa Salgada,22.8,2023
24.0,RN,2406601.0,Lagoa Salgada,64.22,2024
24.0,RN,2406700.0,Lajes,29.1,2023
24.0,RN,2406700.0,Lajes,36.01,2024
24.0,RN,2406809.0,Lajes Pintadas,,2023
24.0,RN,2406809.0,Lajes Pintadas,47.42,2024
24.0,RN,2406908.0,Lucrécia,4.4,2023
24.0,RN,2406908.0,Lucrécia,42.86,2024
24.0,RN,2407005.0,Luís Gomes,26.2,2023
24.0,RN,2407005.0,Luís Gomes,26.6,2024
24.0,RN,2407104.0,Macaíba,29.2,2023
24.0,RN,2407104.0,Macaíba,30.13,2024
24.0,RN,2407203.0,Macau,27.3,2023
24.0,RN,2407203.0,Macau,32.32,2024
24.0,RN,2407252.0,Major Sales,31.4,2023
24.0,RN,2407252.0,Major Sales,60.04,2024
24.0,RN,2407302.0,Marcelino Vieira,26.9,2023
24.0,RN,2407302.0,Marcelino Vieira,22.73,2024
24.0,RN,2407401.0,Martins,41.6,2023
24.0,RN,2407401.0,Martins,53.91,2024
24.0,RN,2407500.0,Maxaranguape,,2023
24.0,RN,2407500.0,Maxaranguape,35.11,2024
24.0,RN,2407609.0,Messias Targino,17.1,2023
24.0,RN,2407609.0,Messias Targino,26.32,2024
24.0,RN,2407708.0,Montanhas,58.7,2023
24.0,RN,2407708.0,Montanhas,44.2,2024
24.0,RN,2407807.0,Monte Alegre,59.2,2023
24.0,RN,2407807.0,Monte Alegre,50.97,2024
24.0,RN,2407906.0,Monte das Gameleiras,33.4,2023
24.0,RN,2407906.0,Monte das Gameleiras,32.92,2024
24.0,RN,2408003.0,Mossoró,38.1,2023
24.0,RN,2408003.0,Mossoró,45.41,2024
24.0,RN,2408201.0,Nísia Floresta,32.2,2023
24.0,RN,2408201.0,Nísia Floresta,49.76,2024
24.0,RN,2408300.0,Nova Cruz,30.5,2023
24.0,RN,2408300.0,Nova Cruz,28.42,2024
24.0,RN,2408409.0,Olho d'Água do Borges,24.2,2023
24.0,RN,2408409.0,Olho d'Água do Borges,30.77,2024
24.0,RN,2408508.0,Ouro Branco,40.7,2023
24.0,RN,2408508.0,Ouro Branco,73.61,2024
24.0,RN,2408607.0,Paraná,,2023
24.0,RN,2408607.0,Paraná,27.59,2024
24.0,RN,2408805.0,Parazinho,47.0,2023
24.0,RN,2408805.0,Parazinho,28.27,2024
24.0,RN,2408904.0,Parelhas,43.3,2023
24.0,RN,2408904.0,Parelhas,50.73,2024
24.0,RN,2408953.0,Rio do Fogo,14.9,2023
24.0,RN,2408953.0,Rio do Fogo,31.56,2024
24.0,RN,2409100.0,Passa e Fica,24.6,2023
24.0,RN,2409100.0,Passa e Fica,41.07,2024
24.0,RN,2409209.0,Passagem,47.4,2023
24.0,RN,2409209.0,Passagem,50.69,2024
24.0,RN,2409308.0,Patu,32.2,2023
24.0,RN,2409308.0,Patu,32.76,2024
24.0,RN,2409407.0,Pau dos Ferros,38.9,2023
24.0,RN,2409407.0,Pau dos Ferros,38.9,2024
24.0,RN,2409704.0,Pedro Avelino,19.5,2023
24.0,RN,2409704.0,Pedro Avelino,21.89,2024
24.0,RN,2409803.0,Pedro Velho,17.0,2023
24.0,RN,2409803.0,Pedro Velho,23.56,2024
24.0,RN,2409902.0,Pendências,40.9,2023
24.0,RN,2409902.0,Pendências,33.3,2024
24.0,RN,2410009.0,Pilões,64.7,2023
24.0,RN,2410009.0,Pilões,63.16,2024
24.0,RN,2410207.0,Portalegre,50.9,2023
24.0,RN,2410207.0,Portalegre,65.36,2024
24.0,RN,2410405.0,Pureza,35.9,2023
24.0,RN,2410405.0,Pureza,36.22,2024
24.0,RN,2410504.0,Rafael Fernandes,55.6,2023
24.0,RN,2410504.0,Rafael Fernandes,41.81,2024
24.0,RN,2410603.0,Rafael Godeiro,29.9,2023
24.0,RN,2410603.0,Rafael Godeiro,67.22,2024
24.0,RN,2410702.0,Riacho da Cruz,25.0,2023
24.0,RN,2410702.0,Riacho da Cruz,37.5,2024
24.0,RN,2410801.0,Riacho de Santana,47.5,2023
24.0,RN,2410801.0,Riacho de Santana,53.36,2024
24.0,RN,2410900.0,Riachuelo,41.0,2023
24.0,RN,2410900.0,Riachuelo,27.78,2024
24.0,RN,2411007.0,Rodolfo Fernandes,31.2,2023
24.0,RN,2411007.0,Rodolfo Fernandes,41.06,2024
24.0,RN,2411106.0,Ruy Barbosa,58.2,2023
24.0,RN,2411106.0,Ruy Barbosa,35.0,2024
24.0,RN,2411205.0,Santa Cruz,21.4,2023
24.0,RN,2411205.0,Santa Cruz,32.730000000000004,2024
24.0,RN,2411403.0,Santana do Matos,21.7,2023
24.0,RN,2411403.0,Santana do Matos,51.92,2024
24.0,RN,2411429.0,Santana do Seridó,52.3,2023
24.0,RN,2411429.0,Santana do Seridó,40.91,2024
24.0,RN,2411601.0,São Bento do Norte,57.8,2023
24.0,RN,2411601.0,São Bento do Norte,32.17,2024
24.0,RN,2411700.0,São Bento do Trairí,33.4,2023
24.0,RN,2411700.0,São Bento do Trairí,33.62,2024
24.0,RN,2411908.0,São Francisco do Oeste,56.9,2023
24.0,RN,2411908.0,São Francisco do Oeste,68.97,2024
24.0,RN,2412005.0,São Gonçalo do Amarante,52.3,2023
24.0,RN,2412005.0,São Gonçalo do Amarante,32.480000000000004,2024
24.0,RN,2412104.0,São João do Sabugi,49.5,2023
24.0,RN,2412104.0,São João do Sabugi,71.7,2024
24.0,RN,2412203.0,São José de Mipibu,34.6,2023
24.0,RN,2412203.0,São José de Mipibu,34.77,2024
24.0,RN,2412302.0,São José do Campestre,18.1,2023
24.0,RN,2412302.0,São José do Campestre,49.42,2024
24.0,RN,2412401.0,São José do Seridó,36.3,2023
24.0,RN,2412401.0,São José do Seridó,56.41,2024
24.0,RN,2412500.0,São Miguel,39.8,2023
24.0,RN,2412500.0,São Miguel,44.85,2024
24.0,RN,2412559.0,São Miguel do Gostoso,,2023
24.0,RN,2412559.0,São Miguel do Gostoso,30.54,2024
24.0,RN,2412807.0,São Rafael,19.8,2023
24.0,RN,2412807.0,São Rafael,25.47,2024
24.0,RN,2412906.0,São Tomé,20.1,2023
24.0,RN,2412906.0,São Tomé,37.72,2024
24.0,RN,2413003.0,São Vicente,63.0,2023
24.0,RN,2413003.0,São Vicente,47.83,2024
24.0,RN,2413201.0,Senador Georgino Avelino,23.9,2023
24.0,RN,2413201.0,Senador Georgino Avelino,27.46,2024
24.0,RN,2413300.0,Serra de São Bento,26.9,2023
24.0,RN,2413300.0,Serra de São Bento,42.09,2024
24.0,RN,2413359.0,Serra do Mel,32.7,2023
24.0,RN,2413359.0,Serra do Mel,27.68,2024
24.0,RN,2413409.0,Serra Negra do Norte,25.8,2023
24.0,RN,2413409.0,Serra Negra do Norte,31.59,2024
24.0,RN,2413557.0,Serrinha dos Pintos,57.4,2023
24.0,RN,2413557.0,Serrinha dos Pintos,62.68,2024
24.0,RN,2413607.0,Severiano Melo,71.6,2023
24.0,RN,2413607.0,Severiano Melo,47.88,2024
24.0,RN,2413706.0,Sítio Novo,28.7,2023
24.0,RN,2413706.0,Sítio Novo,48.74,2024
24.0,RN,2413805.0,Taboleiro Grande,45.5,2023
24.0,RN,2413805.0,Taboleiro Grande,73.08,2024
24.0,RN,2413904.0,Taipu,36.5,2023
24.0,RN,2413904.0,Taipu,17.68,2024
24.0,RN,2414001.0,Tangará,42.9,2023
24.0,RN,2414001.0,Tangará,36.85,2024
24.0,RN,2414100.0,Tenente Ananias,42.9,2023
24.0,RN,2414100.0,Tenente Ananias,52.25,2024
24.0,RN,2414159.0,Tenente Laurentino Cruz,44.6,2023
24.0,RN,2414159.0,Tenente Laurentino Cruz,37.18,2024
24.0,RN,2414209.0,Tibau do Sul,17.6,2023
24.0,RN,2414209.0,Tibau do Sul,24.98,2024
24.0,RN,2414308.0,Timbaúba dos Batistas,20.8,2023
24.0,RN,2414308.0,Timbaúba dos Batistas,40.0,2024
24.0,RN,2414407.0,Touros,24.7,2023
24.0,RN,2414407.0,Touros,38.35,2024
24.0,RN,2414456.0,Triunfo Potiguar,,2023
24.0,RN,2414456.0,Triunfo Potiguar,10.95,2024
24.0,RN,2414704.0,Várzea,17.3,2023
24.0,RN,2414704.0,Várzea,45.68,2024
24.0,RN,2414753.0,Venha-Ver,41.2,2023
24.0,RN,2414753.0,Venha-Ver,53.85,2024
24.0,RN,2414803.0,Vera Cruz,58.7,2023
24.0,RN,2414803.0,Vera Cruz,43.56,2024
24.0,RN,2414902.0,Viçosa,58.9,2023
24.0,RN,2414902.0,Viçosa,61.9,2024
24.0,RN,2415008.0,Vila Flor,19.4,2023
24.0,RN,2415008.0,Vila Flor,39.06,2024
25.0,PB,2500106.0,Água Branca,47.6,2023
25.0,PB,2500106.0,Água Branca,52.67,2024
25.0,PB,2500205.0,Aguiar,68.7,2023
25.0,PB,2500205.0,Aguiar,61.96,2024
25.0,PB,2500304.0,Alagoa Grande,31.3,2023
25.0,PB,2500304.0,Alagoa Grande,28.48,2024
25.0,PB,2500403.0,Alagoa Nova,38.9,2023
25.0,PB,2500403.0,Alagoa Nova,89.39,2024
25.0,PB,2500502.0,Alagoinha,57.3,2023
25.0,PB,2500502.0,Alagoinha,53.1,2024
25.0,PB,2500536.0,Alcantil,42.6,2023
25.0,PB,2500536.0,Alcantil,45.86,2024
25.0,PB,2500577.0,Algodão de Jandaíra,44.3,2023
25.0,PB,2500577.0,Algodão de Jandaíra,50.16,2024
25.0,PB,2500601.0,Alhandra,57.3,2023
25.0,PB,2500601.0,Alhandra,30.75,2024
25.0,PB,2500700.0,São João do Rio do Peixe,42.1,2023
25.0,PB,2500700.0,São João do Rio do Peixe,72.85000000000001,2024
25.0,PB,2500734.0,Amparo,85.3,2023
25.0,PB,2500734.0,Amparo,41.89,2024
25.0,PB,2500775.0,Aparecida,42.5,2023
25.0,PB,2500775.0,Aparecida,62.41,2024
25.0,PB,2500809.0,Araçagi,64.0,2023
25.0,PB,2500809.0,Araçagi,47.88,2024
25.0,PB,2500908.0,Arara,35.4,2023
25.0,PB,2500908.0,Arara,52.9,2024
25.0,PB,2501005.0,Araruna,35.2,2023
25.0,PB,2501005.0,Araruna,40.53,2024
25.0,PB,2501104.0,Areia,85.1,2023
25.0,PB,2501104.0,Areia,90.53,2024
25.0,PB,2501153.0,Areia de Baraúnas,25.0,2023
25.0,PB,2501153.0,Areia de Baraúnas,36.36,2024
25.0,PB,2501302.0,Aroeiras,68.0,2023
25.0,PB,2501302.0,Aroeiras,44.46,2024
25.0,PB,2501351.0,Assunção,48.4,2023
25.0,PB,2501351.0,Assunção,93.96,2024
25.0,PB,2501401.0,Baía da Traição,21.7,2023
25.0,PB,2501401.0,Baía da Traição,44.76,2024
25.0,PB,2501500.0,Bananeiras,51.0,2023
25.0,PB,2501500.0,Bananeiras,54.93,2024
25.0,PB,2501534.0,Baraúna,59.4,2023
25.0,PB,2501534.0,Baraúna,89.76,2024
25.0,PB,2501575.0,Barra de Santana,28.0,2023
25.0,PB,2501575.0,Barra de Santana,49.18,2024
25.0,PB,2501609.0,Barra de Santa Rosa,56.4,2023
25.0,PB,2501609.0,Barra de Santa Rosa,45.83,2024
25.0,PB,2501708.0,Barra de São Miguel,60.5,2023
25.0,PB,2501708.0,Barra de São Miguel,78.61,2024
25.0,PB,2501807.0,Bayeux,33.9,2023
25.0,PB,2501807.0,Bayeux,36.71,2024
25.0,PB,2501906.0,Belém,56.8,2023
25.0,PB,2501906.0,Belém,34.72,2024
25.0,PB,2502003.0,Belém do Brejo do Cruz,57.5,2023
25.0,PB,2502003.0,Belém do Brejo do Cruz,40.07,2024
25.0,PB,2502052.0,Bernardino Batista,61.4,2023
25.0,PB,2502052.0,Bernardino Batista,93.94,2024
25.0,PB,2502102.0,Boa Ventura,28.6,2023
25.0,PB,2502102.0,Boa Ventura,47.71,2024
25.0,PB,2502151.0,Boa Vista,68.6,2023
25.0,PB,2502151.0,Boa Vista,49.49,2024
25.0,PB,2502201.0,Bom Jesus,25.6,2023
25.0,PB,2502201.0,Bom Jesus,68.42,2024
25.0,PB,2502300.0,Bom Sucesso,65.4,2023
25.0,PB,2502300.0,Bom Sucesso,45.24,2024
25.0,PB,2502409.0,Bonito de Santa Fé,40.9,2023
25.0,PB,2502409.0,Bonito de Santa Fé,60.93,2024
25.0,PB,2502508.0,Boqueirão,38.0,2023
25.0,PB,2502508.0,Boqueirão,37.65,2024
25.0,PB,2502607.0,Igaracy,29.0,2023
25.0,PB,2502607.0,Igaracy,79.06,2024
25.0,PB,2502706.0,Borborema,82.7,2023
25.0,PB,2502706.0,Borborema,67.57000000000001,2024
25.0,PB,2502805.0,Brejo do Cruz,53.6,2023
25.0,PB,2502805.0,Brejo do Cruz,51.6,2024
25.0,PB,2502904.0,Brejo dos Santos,45.5,2023
25.0,PB,2502904.0,Brejo dos Santos,64.03,2024
25.0,PB,2503001.0,Caaporã,37.8,2023
25.0,PB,2503001.0,Caaporã,29.81,2024
25.0,PB,2503100.0,Cabaceiras,60.9,2023
25.0,PB,2503100.0,Cabaceiras,89.73,2024
25.0,PB,2503308.0,Cachoeira dos Índios,42.1,2023
25.0,PB,2503308.0,Cachoeira dos Índios,52.23,2024
25.0,PB,2503407.0,Cacimba de Areia,63.9,2023
25.0,PB,2503407.0,Cacimba de Areia,52.5,2024
25.0,PB,2503506.0,Cacimba de Dentro,79.5,2023
25.0,PB,2503506.0,Cacimba de Dentro,63.3,2024
25.0,PB,2503555.0,Cacimbas,32.5,2023
25.0,PB,2503555.0,Cacimbas,47.9,2024
25.0,PB,2503605.0,Caiçara,53.8,2023
25.0,PB,2503605.0,Caiçara,72.22,2024
25.0,PB,2503704.0,Cajazeiras,51.7,2023
25.0,PB,2503704.0,Cajazeiras,50.91,2024
25.0,PB,2503803.0,Caldas Brandão,54.9,2023
25.0,PB,2503803.0,Caldas Brandão,32.4,2024
25.0,PB,2503902.0,Camalaú,36.3,2023
25.0,PB,2503902.0,Camalaú,68.64,2024
25.0,PB,2504009.0,Campina Grande,42.4,2023
25.0,PB,2504009.0,Campina Grande,47.92,2024
25.0,PB,2504033.0,Capim,56.0,2023
25.0,PB,2504033.0,Capim,60.4,2024
25.0,PB,2504074.0,Caraúbas,48.4,2023
25.0,PB,2504074.0,Caraúbas,87.82000000000001,2024
25.0,PB,2504108.0,Carrapateira,69.0,2023
25.0,PB,2504108.0,Carrapateira,91.67,2024
25.0,PB,2504157.0,Casserengue,48.0,2023
25.0,PB,2504157.0,Casserengue,58.51,2024
25.0,PB,2504207.0,Catingueira,32.8,2023
25.0,PB,2504207.0,Catingueira,96.08,2024
25.0,PB,2504306.0,Catolé do Rocha,55.2,2023
25.0,PB,2504306.0,Catolé do Rocha,45.82,2024
25.0,PB,2504355.0,Caturité,53.0,2023
25.0,PB,2504355.0,Caturité,76.68,2024
25.0,PB,2504405.0,Conceição,77.8,2023
25.0,PB,2504405.0,Conceição,96.17,2024
25.0,PB,2504504.0,Condado,56.2,2023
25.0,PB,2504504.0,Condado,46.13,2024
25.0,PB,2504603.0,Conde,62.4,2023
25.0,PB,2504603.0,Conde,69.48,2024
25.0,PB,2504702.0,Congo,49.3,2023
25.0,PB,2504702.0,Congo,40.66,2024
25.0,PB,2504801.0,Coremas,67.1,2023
25.0,PB,2504801.0,Coremas,48.71,2024
25.0,PB,2504850.0,Coxixola,75.0,2023
25.0,PB,2504850.0,Coxixola,93.33,2024
25.0,PB,2504900.0,Cruz do Espírito Santo,56.4,2023
25.0,PB,2504900.0,Cruz do Espírito Santo,47.63,2024
25.0,PB,2505105.0,Cuité,50.7,2023
25.0,PB,2505105.0,Cuité,62.2,2024
25.0,PB,2505204.0,Cuitegi,29.3,2023
25.0,PB,2505204.0,Cuitegi,24.78,2024
25.0,PB,2505238.0,Cuité de Mamanguape,10.3,2023
25.0,PB,2505238.0,Cuité de Mamanguape,22.16,2024
25.0,PB,2505279.0,Curral de Cima,57.1,2023
25.0,PB,2505279.0,Curral de Cima,55.56,2024
25.0,PB,2505303.0,Curral Velho,38.1,2023
25.0,PB,2505303.0,Curral Velho,62.5,2024
25.0,PB,2505352.0,Damião,37.7,2023
25.0,PB,2505352.0,Damião,50.86,2024
25.0,PB,2505402.0,Desterro,55.9,2023
25.0,PB,2505402.0,Desterro,45.8,2024
25.0,PB,2505600.0,Diamante,25.0,2023
25.0,PB,2505600.0,Diamante,72.15,2024
25.0,PB,2505709.0,Dona Inês,48.9,2023
25.0,PB,2505709.0,Dona Inês,96.29,2024
25.0,PB,2505808.0,Duas Estradas,11.1,2023
25.0,PB,2505808.0,Duas Estradas,60.0,2024
25.0,PB,2505907.0,Emas,65.4,2023
25.0,PB,2505907.0,Emas,38.1,2024
25.0,PB,2506004.0,Esperança,61.5,2023
25.0,PB,2506004.0,Esperança,64.21000000000001,2024
25.0,PB,2506103.0,Fagundes,60.7,2023
25.0,PB,2506103.0,Fagundes,41.67,2024
25.0,PB,2506251.0,Gado Bravo,78.3,2023
25.0,PB,2506251.0,Gado Bravo,70.71000000000001,2024
25.0,PB,2506301.0,Guarabira,36.1,2023
25.0,PB,2506301.0,Guarabira,59.620000000000005,2024
25.0,PB,2506400.0,Gurinhém,35.1,2023
25.0,PB,2506400.0,Gurinhém,27.02,2024
25.0,PB,2506509.0,Gurjão,73.3,2023
25.0,PB,2506509.0,Gurjão,100.0,2024
25.0,PB,2506608.0,Ibiara,13.1,2023
25.0,PB,2506608.0,Ibiara,58.620000000000005,2024
25.0,PB,2506707.0,Imaculada,67.1,2023
25.0,PB,2506707.0,Imaculada,39.64,2024
25.0,PB,2506806.0,Ingá,57.3,2023
25.0,PB,2506806.0,Ingá,37.97,2024
25.0,PB,2506905.0,Itabaiana,25.3,2023
25.0,PB,2506905.0,Itabaiana,54.38,2024
25.0,PB,2507101.0,Itapororoca,71.8,2023
25.0,PB,2507101.0,Itapororoca,84.21000000000001,2024
25.0,PB,2507200.0,Itatuba,23.3,2023
25.0,PB,2507200.0,Itatuba,36.64,2024
25.0,PB,2507309.0,Jacaraú,34.8,2023
25.0,PB,2507309.0,Jacaraú,51.18,2024
25.0,PB,2507408.0,Jericó,53.5,2023
25.0,PB,2507408.0,Jericó,23.83,2024
25.0,PB,2507507.0,João Pessoa,46.7,2023
25.0,PB,2507507.0,João Pessoa,55.870000000000005,2024
25.0,PB,2507606.0,Juarez Távora,28.9,2023
25.0,PB,2507606.0,Juarez Távora,35.79,2024
25.0,PB,2507705.0,Juazeirinho,51.0,2023
25.0,PB,2507705.0,Juazeirinho,45.45,2024
25.0,PB,2507804.0,Junco do Seridó,56.2,2023
25.0,PB,2507804.0,Junco do Seridó,76.21000000000001,2024
25.0,PB,2508000.0,Juru,66.0,2023
25.0,PB,2508000.0,Juru,47.76,2024
25.0,PB,2508109.0,Lagoa,25.0,2023
25.0,PB,2508109.0,Lagoa,59.38,2024
25.0,PB,2508208.0,Lagoa de Dentro,67.6,2023
25.0,PB,2508208.0,Lagoa de Dentro,42.8,2024
25.0,PB,2508307.0,Lagoa Seca,66.5,2023
25.0,PB,2508307.0,Lagoa Seca,46.71,2024
25.0,PB,2508406.0,Lastro,20.8,2023
25.0,PB,2508406.0,Lastro,82.76,2024
25.0,PB,2508554.0,Logradouro,80.8,2023
25.0,PB,2508554.0,Logradouro,94.6,2024
25.0,PB,2508604.0,Lucena,47.2,2023
25.0,PB,2508604.0,Lucena,44.96,2024
25.0,PB,2508703.0,Mãe d'Água,70.0,2023
25.0,PB,2508703.0,Mãe d'Água,63.64,2024
25.0,PB,2508802.0,Malta,68.4,2023
25.0,PB,2508802.0,Malta,48.74,2024
25.0,PB,2508901.0,Mamanguape,46.2,2023
25.0,PB,2508901.0,Mamanguape,68.65,2024
25.0,PB,2509008.0,Manaíra,91.1,2023
25.0,PB,2509008.0,Manaíra,50.66,2024
25.0,PB,2509057.0,Marcação,68.9,2023
25.0,PB,2509057.0,Marcação,24.23,2024
25.0,PB,2509107.0,Mari,38.0,2023
25.0,PB,2509107.0,Mari,70.06,2024
25.0,PB,2509156.0,Marizópolis,100.0,2023
25.0,PB,2509156.0,Marizópolis,98.16,2024
25.0,PB,2509206.0,Massaranduba,44.3,2023
25.0,PB,2509206.0,Massaranduba,40.69,2024
25.0,PB,2509305.0,Mataraca,85.9,2023
25.0,PB,2509305.0,Mataraca,50.43,2024
25.0,PB,2509339.0,Matinhas,79.3,2023
25.0,PB,2509339.0,Matinhas,72.67,2024
25.0,PB,2509370.0,Mato Grosso,40.0,2023
25.0,PB,2509370.0,Mato Grosso,18.18,2024
25.0,PB,2509396.0,Maturéia,50.6,2023
25.0,PB,2509396.0,Maturéia,60.76,2024
25.0,PB,2509404.0,Mogeiro,73.2,2023
25.0,PB,2509404.0,Mogeiro,60.61,2024
25.0,PB,2509503.0,Montadas,65.9,2023
25.0,PB,2509503.0,Montadas,82.33,2024
25.0,PB,2509602.0,Monte Horebe,84.3,2023
25.0,PB,2509602.0,Monte Horebe,93.4,2024
25.0,PB,2509701.0,Monteiro,55.0,2023
25.0,PB,2509701.0,Monteiro,61.09,2024
25.0,PB,2509800.0,Mulungu,56.3,2023
25.0,PB,2509800.0,Mulungu,54.120000000000005,2024
25.0,PB,2509909.0,Natuba,58.8,2023
25.0,PB,2509909.0,Natuba,47.23,2024
25.0,PB,2510006.0,Nazarezinho,36.5,2023
25.0,PB,2510006.0,Nazarezinho,63.86,2024
25.0,PB,2510105.0,Nova Floresta,66.1,2023
25.0,PB,2510105.0,Nova Floresta,67.53,2024
25.0,PB,2510204.0,Nova Olinda,46.0,2023
25.0,PB,2510204.0,Nova Olinda,38.04,2024
25.0,PB,2510303.0,Nova Palmeira,59.4,2023
25.0,PB,2510303.0,Nova Palmeira,76.75,2024
25.0,PB,2510402.0,Olho d'Água,64.2,2023
25.0,PB,2510402.0,Olho d'Água,89.36,2024
25.0,PB,2510501.0,Olivedos,54.3,2023
25.0,PB,2510501.0,Olivedos,41.57,2024
25.0,PB,2510600.0,Ouro Velho,89.8,2023
25.0,PB,2510600.0,Ouro Velho,100.0,2024
25.0,PB,2510709.0,Passagem,79.5,2023
25.0,PB,2510709.0,Passagem,66.67,2024
25.0,PB,2510808.0,Patos,43.6,2023
25.0,PB,2510808.0,Patos,67.47,2024
25.0,PB,2510907.0,Paulista,61.9,2023
25.0,PB,2510907.0,Paulista,40.28,2024
25.0,PB,2511004.0,Pedra Branca,95.6,2023
25.0,PB,2511004.0,Pedra Branca,69.89,2024
25.0,PB,2511103.0,Pedra Lavrada,75.6,2023
25.0,PB,2511103.0,Pedra Lavrada,83.68,2024
25.0,PB,2511202.0,Pedras de Fogo,37.3,2023
25.0,PB,2511202.0,Pedras de Fogo,48.58,2024
25.0,PB,2511301.0,Piancó,48.8,2023
25.0,PB,2511301.0,Piancó,38.92,2024
25.0,PB,2511400.0,Picuí,52.5,2023
25.0,PB,2511400.0,Picuí,42.85,2024
25.0,PB,2511509.0,Pilar,73.4,2023
25.0,PB,2511509.0,Pilar,38.07,2024
25.0,PB,2511608.0,Pilões,41.8,2023
25.0,PB,2511608.0,Pilões,61.18,2024
25.0,PB,2511707.0,Pilõezinhos,98.6,2023
25.0,PB,2511707.0,Pilõezinhos,56.06,2024
25.0,PB,2511806.0,Pirpirituba,34.6,2023
25.0,PB,2511806.0,Pirpirituba,41.49,2024
25.0,PB,2511905.0,Pitimbu,76.0,2023
25.0,PB,2511905.0,Pitimbu,51.59,2024
25.0,PB,2512002.0,Pocinhos,42.2,2023
25.0,PB,2512002.0,Pocinhos,54.09,2024
25.0,PB,2512036.0,Poço Dantas,23.2,2023
25.0,PB,2512036.0,Poço Dantas,81.67,2024
25.0,PB,2512077.0,Poço de José de Moura,,2023
25.0,PB,2512077.0,Poço de José de Moura,57.57,2024
25.0,PB,2512101.0,Pombal,58.7,2023
25.0,PB,2512101.0,Pombal,65.57000000000001,2024
25.0,PB,2512200.0,Prata,47.5,2023
25.0,PB,2512200.0,Prata,63.28,2024
25.0,PB,2512309.0,Princesa Isabel,97.5,2023
25.0,PB,2512309.0,Princesa Isabel,86.29,2024
25.0,PB,2512408.0,Puxinanã,75.6,2023
25.0,PB,2512408.0,Puxinanã,62.11,2024
25.0,PB,2512507.0,Queimadas,85.0,2023
25.0,PB,2512507.0,Queimadas,92.65,2024
25.0,PB,2512606.0,Quixaba,69.2,2023
25.0,PB,2512606.0,Quixaba,45.45,2024
25.0,PB,2512705.0,Remígio,58.8,2023
25.0,PB,2512705.0,Remígio,49.27,2024
25.0,PB,2512721.0,Pedro Régis,47.4,2023
25.0,PB,2512721.0,Pedro Régis,23.99,2024
25.0,PB,2512747.0,Riachão,52.4,2023
25.0,PB,2512747.0,Riachão,70.37,2024
25.0,PB,2512754.0,Riachão do Bacamarte,44.6,2023
25.0,PB,2512754.0,Riachão do Bacamarte,46.23,2024
25.0,PB,2512762.0,Riachão do Poço,68.2,2023
25.0,PB,2512762.0,Riachão do Poço,75.0,2024
25.0,PB,2512788.0,Riacho de Santo Antônio,78.6,2023
25.0,PB,2512788.0,Riacho de Santo Antônio,55.56,2024
25.0,PB,2512804.0,Riacho dos Cavalos,69.2,2023
25.0,PB,2512804.0,Riacho dos Cavalos,44.22,2024
25.0,PB,2513000.0,Salgadinho,72.7,2023
25.0,PB,2513000.0,Salgadinho,83.93,2024
25.0,PB,2513109.0,Salgado de São Félix,87.4,2023
25.0,PB,2513109.0,Salgado de São Félix,40.52,2024
25.0,PB,2513158.0,Santa Cecília,13.4,2023
25.0,PB,2513158.0,Santa Cecília,48.11,2024
25.0,PB,2513208.0,Santa Cruz,52.8,2023
25.0,PB,2513208.0,Santa Cruz,86.28,2024
25.0,PB,2513307.0,Santa Helena,52.8,2023
25.0,PB,2513307.0,Santa Helena,96.58,2024
25.0,PB,2513406.0,Santa Luzia,54.8,2023
25.0,PB,2513406.0,Santa Luzia,54.05,2024
25.0,PB,2513505.0,Santana de Mangueira,81.6,2023
25.0,PB,2513505.0,Santana de Mangueira,100.0,2024
25.0,PB,2513604.0,Santana dos Garrotes,32.7,2023
25.0,PB,2513604.0,Santana dos Garrotes,52.77,2024
25.0,PB,2513653.0,Joca Claudino,39.7,2023
25.0,PB,2513653.0,Joca Claudino,90.09,2024
25.0,PB,2513703.0,Santa Rita,40.8,2023
25.0,PB,2513703.0,Santa Rita,35.79,2024
25.0,PB,2513802.0,Santa Teresinha,40.4,2023
25.0,PB,2513802.0,Santa Teresinha,42.77,2024
25.0,PB,2513851.0,Santo André,45.1,2023
25.0,PB,2513851.0,Santo André,35.81,2024
25.0,PB,2513901.0,São Bento,42.5,2023
25.0,PB,2513901.0,São Bento,46.87,2024
25.0,PB,2513927.0,São Bentinho,66.0,2023
25.0,PB,2513927.0,São Bentinho,60.02,2024
25.0,PB,2513943.0,São Domingos do Cariri,95.5,2023
25.0,PB,2513943.0,São Domingos do Cariri,100.0,2024
25.0,PB,2513968.0,São Domingos,83.3,2023
25.0,PB,2513968.0,São Domingos,54.55,2024
25.0,PB,2513984.0,São Francisco,56.6,2023
25.0,PB,2513984.0,São Francisco,97.5,2024
25.0,PB,2514008.0,São João do Cariri,29.6,2023
25.0,PB,2514008.0,São João do Cariri,60.71,2024
25.0,PB,2514107.0,São João do Tigre,36.7,2023
25.0,PB,2514107.0,São João do Tigre,48.38,2024
25.0,PB,2514206.0,São José da Lagoa Tapada,85.7,2023
25.0,PB,2514206.0,São José da Lagoa Tapada,59.52,2024
25.0,PB,2514305.0,São José de Caiana,48.2,2023
25.0,PB,2514305.0,São José de Caiana,52.39,2024
25.0,PB,2514404.0,São José de Espinharas,56.3,2023
25.0,PB,2514404.0,São José de Espinharas,44.79,2024
25.0,PB,2514453.0,São José dos Ramos,58.9,2023
25.0,PB,2514453.0,São José dos Ramos,27.36,2024
25.0,PB,2514503.0,São José de Piranhas,34.1,2023
25.0,PB,2514503.0,São José de Piranhas,55.77,2024
25.0,PB,2514552.0,São José de Princesa,82.4,2023
25.0,PB,2514552.0,São José de Princesa,81.82000000000001,2024
25.0,PB,2514602.0,São José do Bonfim,12.0,2023
25.0,PB,2514602.0,São José do Bonfim,29.62,2024
25.0,PB,2514651.0,São José do Brejo do Cruz,40.0,2023
25.0,PB,2514651.0,São José do Brejo do Cruz,30.0,2024
25.0,PB,2514701.0,São José do Sabugi,51.5,2023
25.0,PB,2514701.0,São José do Sabugi,48.54,2024
25.0,PB,2514800.0,São José dos Cordeiros,80.3,2023
25.0,PB,2514800.0,São José dos Cordeiros,95.24,2024
25.0,PB,2514909.0,São Mamede,37.7,2023
25.0,PB,2514909.0,São Mamede,49.02,2024
25.0,PB,2515005.0,São Miguel de Taipu,10.1,2023
25.0,PB,2515005.0,São Miguel de Taipu,100.0,2024
25.0,PB,2515104.0,São Sebastião de Lagoa de Roça,64.4,2023
25.0,PB,2515104.0,São Sebastião de Lagoa de Roça,57.17,2024
25.0,PB,2515203.0,São Sebastião do Umbuzeiro,95.0,2023
25.0,PB,2515203.0,São Sebastião do Umbuzeiro,69.29,2024
25.0,PB,2515302.0,Sapé,33.9,2023
25.0,PB,2515302.0,Sapé,39.0,2024
25.0,PB,2515401.0,São Vicente do Seridó,55.9,2023
25.0,PB,2515401.0,São Vicente do Seridó,54.16,2024
25.0,PB,2515500.0,Serra Branca,57.6,2023
25.0,PB,2515500.0,Serra Branca,54.35,2024
25.0,PB,2515609.0,Serra da Raiz,17.4,2023
25.0,PB,2515609.0,Serra da Raiz,48.92,2024
25.0,PB,2515708.0,Serra Grande,40.0,2023
25.0,PB,2515708.0,Serra Grande,70.82000000000001,2024
25.0,PB,2515807.0,Serra Redonda,14.6,2023
25.0,PB,2515807.0,Serra Redonda,85.71000000000001,2024
25.0,PB,2515906.0,Serraria,83.6,2023
25.0,PB,2515906.0,Serraria,74.71000000000001,2024
25.0,PB,2515930.0,Sertãozinho,52.0,2023
25.0,PB,2515930.0,Sertãozinho,75.35000000000001,2024
25.0,PB,2515971.0,Sobrado,60.0,2023
25.0,PB,2515971.0,Sobrado,40.74,2024
25.0,PB,2516003.0,Solânea,78.6,2023
25.0,PB,2516003.0,Solânea,45.73,2024
25.0,PB,2516102.0,Soledade,33.5,2023
25.0,PB,2516102.0,Soledade,47.26,2024
25.0,PB,2516201.0,Sousa,44.1,2023
25.0,PB,2516201.0,Sousa,66.52,2024
25.0,PB,2516300.0,Sumé,33.2,2023
25.0,PB,2516300.0,Sumé,64.53,2024
25.0,PB,2516409.0,Tacima,55.9,2023
25.0,PB,2516409.0,Tacima,77.72,2024
25.0,PB,2516508.0,Taperoá,78.3,2023
25.0,PB,2516508.0,Taperoá,90.59,2024
25.0,PB,2516607.0,Tavares,75.3,2023
25.0,PB,2516607.0,Tavares,67.47,2024
25.0,PB,2516706.0,Teixeira,72.9,2023
25.0,PB,2516706.0,Teixeira,81.85000000000001,2024
25.0,PB,2516755.0,Tenório,62.2,2023
25.0,PB,2516755.0,Tenório,48.73,2024
25.0,PB,2516805.0,Triunfo,50.1,2023
25.0,PB,2516805.0,Triunfo,63.35,2024
25.0,PB,2516904.0,Uiraúna,98.1,2023
25.0,PB,2516904.0,Uiraúna,44.45,2024
25.0,PB,2517001.0,Umbuzeiro,38.3,2023
25.0,PB,2517001.0,Umbuzeiro,79.38,2024
25.0,PB,2517100.0,Várzea,52.0,2023
25.0,PB,2517100.0,Várzea,62.96,2024
25.0,PB,2517209.0,Vieirópolis,28.2,2023
25.0,PB,2517209.0,Vieirópolis,64.36,2024
25.0,PB,2517407.0,Zabelê,91.2,2023
25.0,PB,2517407.0,Zabelê,64.73,2024
26.0,PE,2600054.0,Abreu e Lima,47.4,2023
26.0,PE,2600054.0,Abreu e Lima,46.4,2024
26.0,PE,2600104.0,Afogados da Ingazeira,66.6,2023
26.0,PE,2600104.0,Afogados da Ingazeira,70.19,2024
26.0,PE,2600203.0,Afrânio,54.6,2023
26.0,PE,2600203.0,Afrânio,59.870000000000005,2024
26.0,PE,2600302.0,Agrestina,71.7,2023
26.0,PE,2600302.0,Agrestina,64.09,2024
26.0,PE,2600401.0,Água Preta,61.1,2023
26.0,PE,2600401.0,Água Preta,55.57,2024
26.0,PE,2600500.0,Águas Belas,57.6,2023
26.0,PE,2600500.0,Águas Belas,59.77,2024
26.0,PE,2600609.0,Alagoinha,42.9,2023
26.0,PE,2600609.0,Alagoinha,53.870000000000005,2024
26.0,PE,2600708.0,Aliança,55.2,2023
26.0,PE,2600708.0,Aliança,39.22,2024
26.0,PE,2600807.0,Altinho,58.4,2023
26.0,PE,2600807.0,Altinho,68.08,2024
26.0,PE,2600906.0,Amaraji,68.7,2023
26.0,PE,2600906.0,Amaraji,55.29,2024
26.0,PE,2601003.0,Angelim,62.1,2023
26.0,PE,2601003.0,Angelim,62.41,2024
26.0,PE,2601052.0,Araçoiaba,45.7,2023
26.0,PE,2601052.0,Araçoiaba,53.49,2024
26.0,PE,2601102.0,Araripina,56.9,2023
26.0,PE,2601102.0,Araripina,52.06,2024
26.0,PE,2601201.0,Arcoverde,59.5,2023
26.0,PE,2601201.0,Arcoverde,70.04,2024
26.0,PE,2601300.0,Barra de Guabiraba,80.8,2023
26.0,PE,2601300.0,Barra de Guabiraba,86.54,2024
26.0,PE,2601409.0,Barreiros,61.8,2023
26.0,PE,2601409.0,Barreiros,53.05,2024
26.0,PE,2601508.0,Belém de Maria,71.2,2023
26.0,PE,2601508.0,Belém de Maria,79.67,2024
26.0,PE,2601607.0,Belém do São Francisco,51.6,2023
26.0,PE,2601607.0,Belém do São Francisco,62.620000000000005,2024
26.0,PE,2601706.0,Belo Jardim,49.7,2023
26.0,PE,2601706.0,Belo Jardim,43.93,2024
26.0,PE,2601805.0,Betânia,70.5,2023
26.0,PE,2601805.0,Betânia,76.97,2024
26.0,PE,2601904.0,Bezerros,51.5,2023
26.0,PE,2601904.0,Bezerros,56.84,2024
26.0,PE,2602001.0,Bodocó,45.2,2023
26.0,PE,2602001.0,Bodocó,47.32,2024
26.0,PE,2602209.0,Bom Jardim,60.9,2023
26.0,PE,2602209.0,Bom Jardim,69.15,2024
26.0,PE,2602308.0,Bonito,56.7,2023
26.0,PE,2602308.0,Bonito,79.75,2024
26.0,PE,2602407.0,Brejão,67.0,2023
26.0,PE,2602407.0,Brejão,86.18,2024
26.0,PE,2602506.0,Brejinho,71.5,2023
26.0,PE,2602506.0,Brejinho,79.05,2024
26.0,PE,2602605.0,Brejo da Madre de Deus,53.0,2023
26.0,PE,2602605.0,Brejo da Madre de Deus,48.73,2024
26.0,PE,2602704.0,Buenos Aires,63.0,2023
26.0,PE,2602704.0,Buenos Aires,85.53,2024
26.0,PE,2602803.0,Buíque,52.5,2023
26.0,PE,2602803.0,Buíque,55.5,2024
26.0,PE,2602902.0,Cabo de Santo Agostinho,55.1,2023
26.0,PE,2602902.0,Cabo de Santo Agostinho,50.72,2024
26.0,PE,2603009.0,Cabrobó,68.3,2023
26.0,PE,2603009.0,Cabrobó,61.21,2024
26.0,PE,2603108.0,Cachoeirinha,56.7,2023
26.0,PE,2603108.0,Cachoeirinha,63.59,2024
26.0,PE,2603207.0,Caetés,45.8,2023
26.0,PE,2603207.0,Caetés,57.25,2024
26.0,PE,2603306.0,Calçado,57.4,2023
26.0,PE,2603306.0,Calçado,40.68,2024
26.0,PE,2603405.0,Calumbi,74.4,2023
26.0,PE,2603405.0,Calumbi,86.03,2024
26.0,PE,2603454.0,Camaragibe,58.7,2023
26.0,PE,2603454.0,Camaragibe,57.57,2024
26.0,PE,2603504.0,Camocim de São Félix,55.7,2023
26.0,PE,2603504.0,Camocim de São Félix,68.51,2024
26.0,PE,2603603.0,Camutanga,56.1,2023
26.0,PE,2603603.0,Camutanga,66.81,2024
26.0,PE,2603702.0,Canhotinho,48.3,2023
26.0,PE,2603702.0,Canhotinho,65.49,2024
26.0,PE,2603801.0,Capoeiras,51.0,2023
26.0,PE,2603801.0,Capoeiras,69.34,2024
26.0,PE,2603900.0,Carnaíba,91.8,2023
26.0,PE,2603900.0,Carnaíba,92.5,2024
26.0,PE,2603926.0,Carnaubeira da Penha,84.3,2023
26.0,PE,2603926.0,Carnaubeira da Penha,100.0,2024
26.0,PE,2604007.0,Carpina,65.3,2023
26.0,PE,2604007.0,Carpina,59.18,2024
26.0,PE,2604106.0,Caruaru,55.0,2023
26.0,PE,2604106.0,Caruaru,58.370000000000005,2024
26.0,PE,2604155.0,Casinhas,79.5,2023
26.0,PE,2604155.0,Casinhas,84.85000000000001,2024
26.0,PE,2604205.0,Catende,44.6,2023
26.0,PE,2604205.0,Catende,21.83,2024
26.0,PE,2604304.0,Cedro,46.9,2023
26.0,PE,2604304.0,Cedro,63.120000000000005,2024
26.0,PE,2604403.0,Chã de Alegria,63.0,2023
26.0,PE,2604403.0,Chã de Alegria,63.28,2024
26.0,PE,2604502.0,Chã Grande,55.3,2023
26.0,PE,2604502.0,Chã Grande,58.51,2024
26.0,PE,2604601.0,Condado,45.6,2023
26.0,PE,2604601.0,Condado,43.24,2024
26.0,PE,2604700.0,Correntes,51.8,2023
26.0,PE,2604700.0,Correntes,71.97,2024
26.0,PE,2604809.0,Cortês,61.8,2023
26.0,PE,2604809.0,Cortês,70.4,2024
26.0,PE,2604908.0,Cumaru,76.4,2023
26.0,PE,2604908.0,Cumaru,95.06,2024
26.0,PE,2605004.0,Cupira,78.0,2023
26.0,PE,2605004.0,Cupira,88.96000000000001,2024
26.0,PE,2605152.0,Dormentes,64.9,2023
26.0,PE,2605152.0,Dormentes,83.37,2024
26.0,PE,2605202.0,Escada,54.5,2023
26.0,PE,2605202.0,Escada,30.48,2024
26.0,PE,2605301.0,Exu,56.7,2023
26.0,PE,2605301.0,Exu,55.21,2024
26.0,PE,2605400.0,Feira Nova,85.7,2023
26.0,PE,2605400.0,Feira Nova,83.27,2024
26.0,PE,2605509.0,Ferreiros,58.2,2023
26.0,PE,2605509.0,Ferreiros,41.36,2024
26.0,PE,2605707.0,Floresta,33.4,2023
26.0,PE,2605707.0,Floresta,51.67,2024
26.0,PE,2605806.0,Frei Miguelinho,68.0,2023
26.0,PE,2605806.0,Frei Miguelinho,70.68,2024
26.0,PE,2605905.0,Gameleira,58.5,2023
26.0,PE,2605905.0,Gameleira,77.37,2024
26.0,PE,2606002.0,Garanhuns,52.3,2023
26.0,PE,2606002.0,Garanhuns,69.75,2024
26.0,PE,2606101.0,Glória do Goitá,70.6,2023
26.0,PE,2606101.0,Glória do Goitá,66.22,2024
26.0,PE,2606200.0,Goiana,53.1,2023
26.0,PE,2606200.0,Goiana,45.89,2024
26.0,PE,2606309.0,Granito,52.5,2023
26.0,PE,2606309.0,Granito,68.11,2024
26.0,PE,2606408.0,Gravatá,42.3,2023
26.0,PE,2606408.0,Gravatá,43.1,2024
26.0,PE,2606507.0,Iati,66.3,2023
26.0,PE,2606507.0,Iati,82.26,2024
26.0,PE,2606606.0,Ibimirim,50.8,2023
26.0,PE,2606606.0,Ibimirim,61.76,2024
26.0,PE,2606804.0,Igarassu,62.6,2023
26.0,PE,2606804.0,Igarassu,66.97,2024
26.0,PE,2606903.0,Iguaracy,72.6,2023
26.0,PE,2606903.0,Iguaracy,83.67,2024
26.0,PE,2607000.0,Inajá,54.4,2023
26.0,PE,2607000.0,Inajá,79.7,2024
26.0,PE,2607109.0,Ingazeira,78.6,2023
26.0,PE,2607109.0,Ingazeira,89.89,2024
26.0,PE,2607307.0,Ipubi,72.0,2023
26.0,PE,2607307.0,Ipubi,70.08,2024
26.0,PE,2607406.0,Itacuruba,64.8,2023
26.0,PE,2607406.0,Itacuruba,48.57,2024
26.0,PE,2607505.0,Itaíba,59.5,2023
26.0,PE,2607505.0,Itaíba,58.6,2024
26.0,PE,2607604.0,Ilha de Itamaracá,53.2,2023
26.0,PE,2607604.0,Ilha de Itamaracá,50.6,2024
26.0,PE,2607653.0,Itambé,48.6,2023
26.0,PE,2607653.0,Itambé,43.31,2024
26.0,PE,2607703.0,Itapetim,65.3,2023
26.0,PE,2607703.0,Itapetim,89.12,2024
26.0,PE,2607752.0,Itapissuma,77.7,2023
26.0,PE,2607752.0,Itapissuma,82.95,2024
26.0,PE,2607802.0,Itaquitinga,48.3,2023
26.0,PE,2607802.0,Itaquitinga,57.35,2024
26.0,PE,2607901.0,Jaboatão dos Guararapes,57.3,2023
26.0,PE,2607901.0,Jaboatão dos Guararapes,54.98,2024
26.0,PE,2607950.0,Jaqueira,57.7,2023
26.0,PE,2607950.0,Jaqueira,81.67,2024
26.0,PE,2608008.0,Jataúba,51.9,2023
26.0,PE,2608008.0,Jataúba,37.15,2024
26.0,PE,2608057.0,Jatobá,76.1,2023
26.0,PE,2608057.0,Jatobá,68.05,2024
26.0,PE,2608107.0,João Alfredo,57.0,2023
26.0,PE,2608107.0,João Alfredo,75.79,2024
26.0,PE,2608206.0,Joaquim Nabuco,49.6,2023
26.0,PE,2608206.0,Joaquim Nabuco,47.34,2024
26.0,PE,2608255.0,Jucati,44.1,2023
26.0,PE,2608255.0,Jucati,68.81,2024
26.0,PE,2608305.0,Jupi,60.7,2023
26.0,PE,2608305.0,Jupi,68.61,2024
26.0,PE,2608404.0,Jurema,53.5,2023
26.0,PE,2608404.0,Jurema,60.64,2024
26.0,PE,2608453.0,Lagoa do Carro,48.4,2023
26.0,PE,2608453.0,Lagoa do Carro,59.78,2024
26.0,PE,2608503.0,Lagoa de Itaenga,70.3,2023
26.0,PE,2608503.0,Lagoa de Itaenga,79.42,2024
26.0,PE,2608602.0,Lagoa do Ouro,72.6,2023
26.0,PE,2608602.0,Lagoa do Ouro,85.39,2024
26.0,PE,2608701.0,Lagoa dos Gatos,70.9,2023
26.0,PE,2608701.0,Lagoa dos Gatos,86.35000000000001,2024
26.0,PE,2608750.0,Lagoa Grande,54.7,2023
26.0,PE,2608750.0,Lagoa Grande,67.55,2024
26.0,PE,2608800.0,Lajedo,47.7,2023
26.0,PE,2608800.0,Lajedo,57.42,2024
26.0,PE,2608909.0,Limoeiro,72.2,2023
26.0,PE,2608909.0,Limoeiro,67.03,2024
26.0,PE,2609006.0,Macaparana,72.6,2023
26.0,PE,2609006.0,Macaparana,81.95,2024
26.0,PE,2609105.0,Machados,86.9,2023
26.0,PE,2609105.0,Machados,96.75,2024
26.0,PE,2609402.0,Moreno,53.4,2023
26.0,PE,2609402.0,Moreno,43.93,2024
26.0,PE,2609501.0,Nazaré da Mata,54.7,2023
26.0,PE,2609501.0,Nazaré da Mata,56.96,2024
26.0,PE,2609600.0,Olinda,59.6,2023
26.0,PE,2609600.0,Olinda,62.29,2024
26.0,PE,2609709.0,Orobó,61.2,2023
26.0,PE,2609709.0,Orobó,91.54,2024
26.0,PE,2609808.0,Orocó,45.9,2023
26.0,PE,2609808.0,Orocó,50.86,2024
26.0,PE,2609907.0,Ouricuri,36.2,2023
26.0,PE,2609907.0,Ouricuri,30.78,2024
26.0,PE,2610004.0,Palmares,43.0,2023
26.0,PE,2610004.0,Palmares,64.85,2024
26.0,PE,2610103.0,Palmeirina,60.6,2023
26.0,PE,2610103.0,Palmeirina,59.45,2024
26.0,PE,2610202.0,Panelas,76.8,2023
26.0,PE,2610202.0,Panelas,94.53,2024
26.0,PE,2610301.0,Paranatama,74.1,2023
26.0,PE,2610301.0,Paranatama,66.67,2024
26.0,PE,2610400.0,Parnamirim,48.7,2023
26.0,PE,2610400.0,Parnamirim,58.91,2024
26.0,PE,2610509.0,Passira,74.9,2023
26.0,PE,2610509.0,Passira,76.23,2024
26.0,PE,2610608.0,Paudalho,63.0,2023
26.0,PE,2610608.0,Paudalho,66.03,2024
26.0,PE,2610707.0,Paulista,51.2,2023
26.0,PE,2610707.0,Paulista,55.54,2024
26.0,PE,2610806.0,Pedra,47.0,2023
26.0,PE,2610806.0,Pedra,54.870000000000005,2024
26.0,PE,2610905.0,Pesqueira,59.7,2023
26.0,PE,2610905.0,Pesqueira,64.38,2024
26.0,PE,2611002.0,Petrolândia,51.9,2023
26.0,PE,2611002.0,Petrolândia,66.17,2024
26.0,PE,2611101.0,Petrolina,66.2,2023
26.0,PE,2611101.0,Petrolina,70.25,2024
26.0,PE,2611200.0,Poção,62.6,2023
26.0,PE,2611200.0,Poção,64.18,2024
26.0,PE,2611309.0,Pombos,47.0,2023
26.0,PE,2611309.0,Pombos,40.45,2024
26.0,PE,2611408.0,Primavera,77.5,2023
26.0,PE,2611408.0,Primavera,50.41,2024
26.0,PE,2611507.0,Quipapá,48.1,2023
26.0,PE,2611507.0,Quipapá,58.1,2024
26.0,PE,2611533.0,Quixaba,80.3,2023
26.0,PE,2611533.0,Quixaba,87.04,2024
26.0,PE,2611606.0,Recife,62.4,2023
26.0,PE,2611606.0,Recife,54.36,2024
26.0,PE,2611705.0,Riacho das Almas,64.0,2023
26.0,PE,2611705.0,Riacho das Almas,68.11,2024
26.0,PE,2611804.0,Ribeirão,61.6,2023
26.0,PE,2611804.0,Ribeirão,65.68,2024
26.0,PE,2611903.0,Rio Formoso,93.3,2023
26.0,PE,2611903.0,Rio Formoso,90.91,2024
26.0,PE,2612000.0,Sairé,67.7,2023
26.0,PE,2612000.0,Sairé,81.01,2024
26.0,PE,2612109.0,Salgadinho,93.4,2023
26.0,PE,2612109.0,Salgadinho,92.16,2024
26.0,PE,2612208.0,Salgueiro,75.9,2023
26.0,PE,2612208.0,Salgueiro,75.13,2024
26.0,PE,2612307.0,Saloá,58.1,2023
26.0,PE,2612307.0,Saloá,78.66,2024
26.0,PE,2612406.0,Sanharó,41.8,2023
26.0,PE,2612406.0,Sanharó,65.85,2024
26.0,PE,2612455.0,Santa Cruz,69.3,2023
26.0,PE,2612455.0,Santa Cruz,69.10000000000001,2024
26.0,PE,2612471.0,Santa Cruz da Baixa Verde,75.4,2023
26.0,PE,2612471.0,Santa Cruz da Baixa Verde,87.09,2024
26.0,PE,2612505.0,Santa Cruz do Capibaribe,52.8,2023
26.0,PE,2612505.0,Santa Cruz do Capibaribe,55.94,2024
26.0,PE,2612554.0,Santa Filomena,58.9,2023
26.0,PE,2612554.0,Santa Filomena,53.14,2024
26.0,PE,2612604.0,Santa Maria da Boa Vista,45.6,2023
26.0,PE,2612604.0,Santa Maria da Boa Vista,64.37,2024
26.0,PE,2612703.0,Santa Maria do Cambucá,83.2,2023
26.0,PE,2612703.0,Santa Maria do Cambucá,70.05,2024
26.0,PE,2612802.0,Santa Terezinha,68.3,2023
26.0,PE,2612802.0,Santa Terezinha,79.68,2024
26.0,PE,2612901.0,São Benedito do Sul,34.6,2023
26.0,PE,2612901.0,São Benedito do Sul,71.07000000000001,2024
26.0,PE,2613107.0,São Caitano,45.1,2023
26.0,PE,2613107.0,São Caitano,53.17,2024
26.0,PE,2613206.0,São João,60.8,2023
26.0,PE,2613206.0,São João,54.47,2024
26.0,PE,2613305.0,São Joaquim do Monte,68.5,2023
26.0,PE,2613305.0,São Joaquim do Monte,72.13,2024
26.0,PE,2613404.0,São José da Coroa Grande,41.8,2023
26.0,PE,2613404.0,São José da Coroa Grande,39.24,2024
26.0,PE,2613503.0,São José do Belmonte,46.7,2023
26.0,PE,2613503.0,São José do Belmonte,60.42,2024
26.0,PE,2613602.0,São José do Egito,67.5,2023
26.0,PE,2613602.0,São José do Egito,73.38,2024
26.0,PE,2613701.0,São Lourenço da Mata,44.1,2023
26.0,PE,2613701.0,São Lourenço da Mata,53.32,2024
26.0,PE,2613800.0,São Vicente Férrer,48.6,2023
26.0,PE,2613800.0,São Vicente Férrer,42.6,2024
26.0,PE,2613909.0,Serra Talhada,76.1,2023
26.0,PE,2613909.0,Serra Talhada,77.92,2024
26.0,PE,2614006.0,Serrita,53.7,2023
26.0,PE,2614006.0,Serrita,59.7,2024
26.0,PE,2614105.0,Sertânia,59.1,2023
26.0,PE,2614105.0,Sertânia,56.65,2024
26.0,PE,2614204.0,Sirinhaém,60.3,2023
26.0,PE,2614204.0,Sirinhaém,74.49,2024
26.0,PE,2614303.0,Moreilândia,44.2,2023
26.0,PE,2614303.0,Moreilândia,56.94,2024
26.0,PE,2614402.0,Solidão,74.6,2023
26.0,PE,2614402.0,Solidão,93.99,2024
26.0,PE,2614600.0,Tabira,72.9,2023
26.0,PE,2614600.0,Tabira,69.10000000000001,2024
26.0,PE,2614709.0,Tacaimbó,45.9,2023
26.0,PE,2614709.0,Tacaimbó,43.99,2024
26.0,PE,2614808.0,Tacaratu,56.0,2023
26.0,PE,2614808.0,Tacaratu,73.8,2024
26.0,PE,2614857.0,Tamandaré,44.9,2023
26.0,PE,2614857.0,Tamandaré,57.18,2024
26.0,PE,2615003.0,Taquaritinga do Norte,59.7,2023
26.0,PE,2615003.0,Taquaritinga do Norte,59.64,2024
26.0,PE,2615102.0,Terezinha,68.3,2023
26.0,PE,2615102.0,Terezinha,76.08,2024
26.0,PE,2615201.0,Terra Nova,62.0,2023
26.0,PE,2615201.0,Terra Nova,71.07000000000001,2024
26.0,PE,2615300.0,Timbaúba,74.1,2023
26.0,PE,2615300.0,Timbaúba,77.57000000000001,2024
26.0,PE,2615409.0,Toritama,50.2,2023
26.0,PE,2615409.0,Toritama,63.95,2024
26.0,PE,2615508.0,Tracunhaém,59.3,2023
26.0,PE,2615508.0,Tracunhaém,73.31,2024
26.0,PE,2615607.0,Trindade,59.7,2023
26.0,PE,2615607.0,Trindade,69.13,2024
26.0,PE,2615805.0,Tupanatinga,68.6,2023
26.0,PE,2615805.0,Tupanatinga,68.38,2024
26.0,PE,2615904.0,Tuparetama,77.1,2023
26.0,PE,2615904.0,Tuparetama,82.52,2024
26.0,PE,2616001.0,Venturosa,53.3,2023
26.0,PE,2616001.0,Venturosa,59.29,2024
26.0,PE,2616100.0,Verdejante,53.4,2023
26.0,PE,2616100.0,Verdejante,68.84,2024
26.0,PE,2616183.0,Vertente do Lério,83.7,2023
26.0,PE,2616183.0,Vertente do Lério,82.94,2024
26.0,PE,2616209.0,Vertentes,55.1,2023
26.0,PE,2616209.0,Vertentes,56.85,2024
26.0,PE,2616308.0,Vicência,57.5,2023
26.0,PE,2616308.0,Vicência,68.15,2024
26.0,PE,2616407.0,Vitória de Santo Antão,46.1,2023
26.0,PE,2616407.0,Vitória de Santo Antão,50.66,2024
26.0,PE,2616506.0,Xexéu,62.7,2023
26.0,PE,2616506.0,Xexéu,81.33,2024
27.0,AL,2700102.0,Água Branca,47.1,2023
27.0,AL,2700102.0,Água Branca,48.8,2024
27.0,AL,2700201.0,Anadia,53.4,2023
27.0,AL,2700201.0,Anadia,45.26,2024
27.0,AL,2700300.0,Arapiraca,39.4,2023
27.0,AL,2700300.0,Arapiraca,43.75,2024
27.0,AL,2700409.0,Atalaia,32.4,2023
27.0,AL,2700409.0,Atalaia,44.27,2024
27.0,AL,2700508.0,Barra de Santo Antônio,30.6,2023
27.0,AL,2700508.0,Barra de Santo Antônio,32.980000000000004,2024
27.0,AL,2700607.0,Barra de São Miguel,31.8,2023
27.0,AL,2700607.0,Barra de São Miguel,39.04,2024
27.0,AL,2700706.0,Batalha,33.2,2023
27.0,AL,2700706.0,Batalha,45.96,2024
27.0,AL,2700805.0,Belém,55.1,2023
27.0,AL,2700805.0,Belém,64.57000000000001,2024
27.0,AL,2700904.0,Belo Monte,83.9,2023
27.0,AL,2700904.0,Belo Monte,98.82,2024
27.0,AL,2701001.0,Boca da Mata,73.6,2023
27.0,AL,2701001.0,Boca da Mata,88.19,2024
27.0,AL,2701100.0,Branquinha,76.4,2023
27.0,AL,2701100.0,Branquinha,79.89,2024
27.0,AL,2701209.0,Cacimbinhas,30.6,2023
27.0,AL,2701209.0,Cacimbinhas,54.19,2024
27.0,AL,2701308.0,Cajueiro,26.8,2023
27.0,AL,2701308.0,Cajueiro,33.4,2024
27.0,AL,2701357.0,Campestre,41.2,2023
27.0,AL,2701357.0,Campestre,62.120000000000005,2024
27.0,AL,2701407.0,Campo Alegre,65.5,2023
27.0,AL,2701407.0,Campo Alegre,67.45,2024
27.0,AL,2701506.0,Campo Grande,51.5,2023
27.0,AL,2701506.0,Campo Grande,37.4,2024
27.0,AL,2701605.0,Canapi,45.5,2023
27.0,AL,2701605.0,Canapi,62.21,2024
27.0,AL,2701704.0,Capela,41.2,2023
27.0,AL,2701704.0,Capela,42.53,2024
27.0,AL,2701803.0,Carneiros,43.5,2023
27.0,AL,2701803.0,Carneiros,38.85,2024
27.0,AL,2701902.0,Chã Preta,43.9,2023
27.0,AL,2701902.0,Chã Preta,51.71,2024
27.0,AL,2702009.0,Coité do Nóia,75.0,2023
27.0,AL,2702009.0,Coité do Nóia,77.24,2024
27.0,AL,2702108.0,Colônia Leopoldina,84.7,2023
27.0,AL,2702108.0,Colônia Leopoldina,73.25,2024
27.0,AL,2702207.0,Coqueiro Seco,34.5,2023
27.0,AL,2702207.0,Coqueiro Seco,54.67,2024
27.0,AL,2702306.0,Coruripe,94.1,2023
27.0,AL,2702306.0,Coruripe,92.03,2024
27.0,AL,2702355.0,Craíbas,45.7,2023
27.0,AL,2702355.0,Craíbas,67.43,2024
27.0,AL,2702405.0,Delmiro Gouveia,31.1,2023
27.0,AL,2702405.0,Delmiro Gouveia,28.13,2024
27.0,AL,2702504.0,Dois Riachos,46.5,2023
27.0,AL,2702504.0,Dois Riachos,64.23,2024
27.0,AL,2702553.0,Estrela de Alagoas,34.6,2023
27.0,AL,2702553.0,Estrela de Alagoas,36.15,2024
27.0,AL,2702603.0,Feira Grande,35.2,2023
27.0,AL,2702603.0,Feira Grande,44.46,2024
27.0,AL,2702801.0,Flexeiras,34.7,2023
27.0,AL,2702801.0,Flexeiras,49.34,2024
27.0,AL,2702900.0,Girau do Ponciano,35.7,2023
27.0,AL,2702900.0,Girau do Ponciano,39.96,2024
27.0,AL,2703007.0,Ibateguara,93.5,2023
27.0,AL,2703007.0,Ibateguara,54.43,2024
27.0,AL,2703106.0,Igaci,29.7,2023
27.0,AL,2703106.0,Igaci,24.34,2024
27.0,AL,2703205.0,Igreja Nova,47.9,2023
27.0,AL,2703205.0,Igreja Nova,50.74,2024
27.0,AL,2703304.0,Inhapi,65.1,2023
27.0,AL,2703304.0,Inhapi,83.03,2024
27.0,AL,2703403.0,Jacaré dos Homens,38.2,2023
27.0,AL,2703403.0,Jacaré dos Homens,54.66,2024
27.0,AL,2703502.0,Jacuípe,54.3,2023
27.0,AL,2703502.0,Jacuípe,77.02,2024
27.0,AL,2703601.0,Japaratinga,23.1,2023
27.0,AL,2703601.0,Japaratinga,27.69,2024
27.0,AL,2703700.0,Jaramataia,36.1,2023
27.0,AL,2703700.0,Jaramataia,40.27,2024
27.0,AL,2703759.0,Jequiá da Praia,50.2,2023
27.0,AL,2703759.0,Jequiá da Praia,95.65,2024
27.0,AL,2703908.0,Jundiá,34.6,2023
27.0,AL,2703908.0,Jundiá,44.34,2024
27.0,AL,2704005.0,Junqueiro,53.3,2023
27.0,AL,2704005.0,Junqueiro,56.66,2024
27.0,AL,2704104.0,Lagoa da Canoa,45.6,2023
27.0,AL,2704104.0,Lagoa da Canoa,44.19,2024
27.0,AL,2704203.0,Limoeiro de Anadia,43.5,2023
27.0,AL,2704203.0,Limoeiro de Anadia,44.61,2024
27.0,AL,2704302.0,Maceió,39.2,2023
27.0,AL,2704302.0,Maceió,40.95,2024
27.0,AL,2704401.0,Major Isidoro,40.1,2023
27.0,AL,2704401.0,Major Isidoro,37.84,2024
27.0,AL,2704500.0,Maragogi,32.4,2023
27.0,AL,2704500.0,Maragogi,45.6,2024
27.0,AL,2704609.0,Maravilha,68.8,2023
27.0,AL,2704609.0,Maravilha,74.38,2024
27.0,AL,2704708.0,Marechal Deodoro,40.6,2023
27.0,AL,2704708.0,Marechal Deodoro,46.23,2024
27.0,AL,2704807.0,Maribondo,46.6,2023
27.0,AL,2704807.0,Maribondo,41.5,2024
27.0,AL,2704906.0,Mar Vermelho,59.0,2023
27.0,AL,2704906.0,Mar Vermelho,57.65,2024
27.0,AL,2705002.0,Mata Grande,40.1,2023
27.0,AL,2705002.0,Mata Grande,42.45,2024
27.0,AL,2705101.0,Matriz de Camaragibe,35.3,2023
27.0,AL,2705101.0,Matriz de Camaragibe,48.77,2024
27.0,AL,2705200.0,Messias,30.8,2023
27.0,AL,2705200.0,Messias,41.87,2024
27.0,AL,2705408.0,Monteirópolis,35.3,2023
27.0,AL,2705408.0,Monteirópolis,31.11,2024
27.0,AL,2705507.0,Murici,53.2,2023
27.0,AL,2705507.0,Murici,84.41,2024
27.0,AL,2705606.0,Novo Lino,27.4,2023
27.0,AL,2705606.0,Novo Lino,39.85,2024
27.0,AL,2705705.0,Olho d'Água das Flores,40.1,2023
27.0,AL,2705705.0,Olho d'Água das Flores,45.46,2024
27.0,AL,2705804.0,Olho d'Água do Casado,34.2,2023
27.0,AL,2705804.0,Olho d'Água do Casado,36.22,2024
27.0,AL,2705903.0,Olho d'Água Grande,88.3,2023
27.0,AL,2705903.0,Olho d'Água Grande,82.14,2024
27.0,AL,2706000.0,Olivença,50.0,2023
27.0,AL,2706000.0,Olivença,80.79,2024
27.0,AL,2706109.0,Ouro Branco,20.4,2023
27.0,AL,2706109.0,Ouro Branco,52.43,2024
27.0,AL,2706208.0,Palestina,33.7,2023
27.0,AL,2706208.0,Palestina,51.18,2024
27.0,AL,2706307.0,Palmeira dos Índios,32.2,2023
27.0,AL,2706307.0,Palmeira dos Índios,38.67,2024
27.0,AL,2706406.0,Pão de Açúcar,47.7,2023
27.0,AL,2706406.0,Pão de Açúcar,55.26,2024
27.0,AL,2706422.0,Pariconha,41.5,2023
27.0,AL,2706422.0,Pariconha,68.76,2024
27.0,AL,2706448.0,Paripueira,53.4,2023
27.0,AL,2706448.0,Paripueira,35.800000000000004,2024
27.0,AL,2706505.0,Passo de Camaragibe,42.0,2023
27.0,AL,2706505.0,Passo de Camaragibe,32.59,2024
27.0,AL,2706703.0,Penedo,40.9,2023
27.0,AL,2706703.0,Penedo,42.23,2024
27.0,AL,2706802.0,Piaçabuçu,31.7,2023
27.0,AL,2706802.0,Piaçabuçu,42.39,2024
27.0,AL,2706901.0,Pilar,37.6,2023
27.0,AL,2706901.0,Pilar,45.81,2024
27.0,AL,2707107.0,Piranhas,24.7,2023
27.0,AL,2707107.0,Piranhas,25.08,2024
27.0,AL,2707206.0,Poço das Trincheiras,33.4,2023
27.0,AL,2707206.0,Poço das Trincheiras,48.870000000000005,2024
27.0,AL,2707503.0,Porto Real do Colégio,67.7,2023
27.0,AL,2707503.0,Porto Real do Colégio,83.74,2024
27.0,AL,2707602.0,Quebrangulo,57.5,2023
27.0,AL,2707602.0,Quebrangulo,61.05,2024
27.0,AL,2707701.0,Rio Largo,36.9,2023
27.0,AL,2707701.0,Rio Largo,38.78,2024
27.0,AL,2707800.0,Roteiro,64.4,2023
27.0,AL,2707800.0,Roteiro,45.95,2024
27.0,AL,2707909.0,Santa Luzia do Norte,31.9,2023
27.0,AL,2707909.0,Santa Luzia do Norte,38.52,2024
27.0,AL,2708006.0,Santana do Ipanema,34.8,2023
27.0,AL,2708006.0,Santana do Ipanema,44.16,2024
27.0,AL,2708204.0,São Brás,67.2,2023
27.0,AL,2708204.0,São Brás,70.72,2024
27.0,AL,2708303.0,São José da Laje,79.2,2023
27.0,AL,2708303.0,São José da Laje,95.31,2024
27.0,AL,2708501.0,São Luís do Quitunde,39.6,2023
27.0,AL,2708501.0,São Luís do Quitunde,53.64,2024
27.0,AL,2708600.0,São Miguel dos Campos,50.1,2023
27.0,AL,2708600.0,São Miguel dos Campos,57.17,2024
27.0,AL,2708709.0,São Miguel dos Milagres,34.5,2023
27.0,AL,2708709.0,São Miguel dos Milagres,50.67,2024
27.0,AL,2708808.0,São Sebastião,36.7,2023
27.0,AL,2708808.0,São Sebastião,42.43,2024
27.0,AL,2708907.0,Satuba,42.9,2023
27.0,AL,2708907.0,Satuba,55.11,2024
27.0,AL,2708956.0,Senador Rui Palmeira,51.9,2023
27.0,AL,2708956.0,Senador Rui Palmeira,57.08,2024
27.0,AL,2709004.0,Tanque d'Arca,42.1,2023
27.0,AL,2709004.0,Tanque d'Arca,53.45,2024
27.0,AL,2709103.0,Taquarana,44.0,2023
27.0,AL,2709103.0,Taquarana,38.96,2024
27.0,AL,2709152.0,Teotônio Vilela,52.5,2023
27.0,AL,2709152.0,Teotônio Vilela,57.59,2024
27.0,AL,2709202.0,Traipu,31.6,2023
27.0,AL,2709202.0,Traipu,47.49,2024
27.0,AL,2709400.0,Viçosa,40.0,2023
27.0,AL,2709400.0,Viçosa,49.91,2024
28.0,SE,2800100.0,Amparo do São Francisco,41.2,2023
28.0,SE,2800100.0,Amparo do São Francisco,50.0,2024
28.0,SE,2800209.0,Aquidabã,21.4,2023
28.0,SE,2800209.0,Aquidabã,20.53,2024
28.0,SE,2800308.0,Aracaju,29.7,2023
28.0,SE,2800308.0,Aracaju,47.18,2024
28.0,SE,2800407.0,Arauá,31.0,2023
28.0,SE,2800407.0,Arauá,28.6,2024
28.0,SE,2800506.0,Areia Branca,27.1,2023
28.0,SE,2800506.0,Areia Branca,44.81,2024
28.0,SE,2800605.0,Barra dos Coqueiros,22.1,2023
28.0,SE,2800605.0,Barra dos Coqueiros,28.04,2024
28.0,SE,2800704.0,Brejo Grande,27.3,2023
28.0,SE,2800704.0,Brejo Grande,34.6,2024
28.0,SE,2801009.0,Campo do Brito,39.2,2023
28.0,SE,2801009.0,Campo do Brito,41.74,2024
28.0,SE,2801108.0,Canhoba,45.5,2023
28.0,SE,2801108.0,Canhoba,64.29,2024
28.0,SE,2801207.0,Canindé de São Francisco,22.7,2023
28.0,SE,2801207.0,Canindé de São Francisco,26.66,2024
28.0,SE,2801306.0,Capela,33.5,2023
28.0,SE,2801306.0,Capela,35.78,2024
28.0,SE,2801405.0,Carira,33.5,2023
28.0,SE,2801405.0,Carira,34.24,2024
28.0,SE,2801603.0,Cedro de São João,22.2,2023
28.0,SE,2801603.0,Cedro de São João,45.3,2024
28.0,SE,2801702.0,Cristinápolis,24.7,2023
28.0,SE,2801702.0,Cristinápolis,34.730000000000004,2024
28.0,SE,2801900.0,Cumbe,44.1,2023
28.0,SE,2801900.0,Cumbe,54.53,2024
28.0,SE,2802007.0,Divina Pastora,39.3,2023
28.0,SE,2802007.0,Divina Pastora,19.53,2024
28.0,SE,2802106.0,Estância,34.0,2023
28.0,SE,2802106.0,Estância,29.77,2024
28.0,SE,2802205.0,Feira Nova,29.6,2023
28.0,SE,2802205.0,Feira Nova,26.0,2024
28.0,SE,2802304.0,Frei Paulo,19.2,2023
28.0,SE,2802304.0,Frei Paulo,37.21,2024
28.0,SE,2802403.0,Gararu,19.4,2023
28.0,SE,2802403.0,Gararu,36.4,2024
28.0,SE,2802502.0,General Maynard,20.0,2023
28.0,SE,2802502.0,General Maynard,21.91,2024
28.0,SE,2802601.0,Graccho Cardoso,20.0,2023
28.0,SE,2802601.0,Graccho Cardoso,16.67,2024
28.0,SE,2802908.0,Itabaiana,26.6,2023
28.0,SE,2802908.0,Itabaiana,41.79,2024
28.0,SE,2803005.0,Itabaianinha,59.1,2023
28.0,SE,2803005.0,Itabaianinha,58.61,2024
28.0,SE,2803104.0,Itabi,19.4,2023
28.0,SE,2803104.0,Itabi,33.65,2024
28.0,SE,2803203.0,Itaporanga d'Ajuda,24.3,2023
28.0,SE,2803203.0,Itaporanga d'Ajuda,39.49,2024
28.0,SE,2803302.0,Japaratuba,42.1,2023
28.0,SE,2803302.0,Japaratuba,58.28,2024
28.0,SE,2803401.0,Japoatã,26.1,2023
28.0,SE,2803401.0,Japoatã,39.3,2024
28.0,SE,2803500.0,Lagarto,35.6,2023
28.0,SE,2803500.0,Lagarto,31.27,2024
28.0,SE,2803609.0,Laranjeiras,16.3,2023
28.0,SE,2803609.0,Laranjeiras,27.35,2024
28.0,SE,2803708.0,Macambira,38.3,2023
28.0,SE,2803708.0,Macambira,29.17,2024
28.0,SE,2803807.0,Malhada dos Bois,40.0,2023
28.0,SE,2803807.0,Malhada dos Bois,37.63,2024
28.0,SE,2803906.0,Malhador,34.3,2023
28.0,SE,2803906.0,Malhador,36.75,2024
28.0,SE,2804003.0,Maruim,21.4,2023
28.0,SE,2804003.0,Maruim,31.19,2024
28.0,SE,2804102.0,Moita Bonita,43.2,2023
28.0,SE,2804102.0,Moita Bonita,58.01,2024
28.0,SE,2804201.0,Monte Alegre de Sergipe,24.8,2023
28.0,SE,2804201.0,Monte Alegre de Sergipe,35.07,2024
28.0,SE,2804300.0,Muribeca,10.0,2023
28.0,SE,2804300.0,Muribeca,22.01,2024
28.0,SE,2804409.0,Neópolis,21.2,2023
28.0,SE,2804409.0,Neópolis,25.49,2024
28.0,SE,2804458.0,Nossa Senhora Aparecida,38.1,2023
28.0,SE,2804458.0,Nossa Senhora Aparecida,59.01,2024
28.0,SE,2804508.0,Nossa Senhora da Glória,29.6,2023
28.0,SE,2804508.0,Nossa Senhora da Glória,31.24,2024
28.0,SE,2804607.0,Nossa Senhora das Dores,32.7,2023
28.0,SE,2804607.0,Nossa Senhora das Dores,28.39,2024
28.0,SE,2804706.0,Nossa Senhora de Lourdes,19.2,2023
28.0,SE,2804706.0,Nossa Senhora de Lourdes,58.77,2024
28.0,SE,2804805.0,Nossa Senhora do Socorro,19.9,2023
28.0,SE,2804805.0,Nossa Senhora do Socorro,29.8,2024
28.0,SE,2804904.0,Pacatuba,16.9,2023
28.0,SE,2804904.0,Pacatuba,28.56,2024
28.0,SE,2805109.0,Pedrinhas,14.8,2023
28.0,SE,2805109.0,Pedrinhas,11.52,2024
28.0,SE,2805208.0,Pinhão,16.2,2023
28.0,SE,2805208.0,Pinhão,40.26,2024
28.0,SE,2805307.0,Pirambu,25.8,2023
28.0,SE,2805307.0,Pirambu,37.68,2024
28.0,SE,2805406.0,Poço Redondo,16.9,2023
28.0,SE,2805406.0,Poço Redondo,26.61,2024
28.0,SE,2805505.0,Poço Verde,30.8,2023
28.0,SE,2805505.0,Poço Verde,40.54,2024
28.0,SE,2805604.0,Porto da Folha,23.5,2023
28.0,SE,2805604.0,Porto da Folha,16.87,2024
28.0,SE,2805703.0,Propriá,19.6,2023
28.0,SE,2805703.0,Propriá,29.59,2024
28.0,SE,2805802.0,Riachão do Dantas,38.0,2023
28.0,SE,2805802.0,Riachão do Dantas,34.65,2024
28.0,SE,2805901.0,Riachuelo,11.3,2023
28.0,SE,2805901.0,Riachuelo,31.48,2024
28.0,SE,2806008.0,Ribeirópolis,33.7,2023
28.0,SE,2806008.0,Ribeirópolis,38.48,2024
28.0,SE,2806107.0,Rosário do Catete,39.2,2023
28.0,SE,2806107.0,Rosário do Catete,39.01,2024
28.0,SE,2806206.0,Salgado,33.8,2023
28.0,SE,2806206.0,Salgado,44.89,2024
28.0,SE,2806305.0,Santa Luzia do Itanhy,25.9,2023
28.0,SE,2806305.0,Santa Luzia do Itanhy,22.15,2024
28.0,SE,2806404.0,Santana do São Francisco,28.9,2023
28.0,SE,2806404.0,Santana do São Francisco,22.21,2024
28.0,SE,2806503.0,Santa Rosa de Lima,25.0,2023
28.0,SE,2806503.0,Santa Rosa de Lima,26.74,2024
28.0,SE,2806602.0,Santo Amaro das Brotas,34.6,2023
28.0,SE,2806602.0,Santo Amaro das Brotas,26.79,2024
28.0,SE,2806701.0,São Cristóvão,55.9,2023
28.0,SE,2806701.0,São Cristóvão,68.53,2024
28.0,SE,2806800.0,São Domingos,29.6,2023
28.0,SE,2806800.0,São Domingos,29.79,2024
28.0,SE,2806909.0,São Francisco,34.8,2023
28.0,SE,2806909.0,São Francisco,81.25,2024
28.0,SE,2807006.0,São Miguel do Aleixo,38.6,2023
28.0,SE,2807006.0,São Miguel do Aleixo,46.34,2024
28.0,SE,2807105.0,Simão Dias,33.2,2023
28.0,SE,2807105.0,Simão Dias,30.35,2024
28.0,SE,2807204.0,Siriri,47.1,2023
28.0,SE,2807204.0,Siriri,52.4,2024
28.0,SE,2807303.0,Telha,17.4,2023
28.0,SE,2807303.0,Telha,42.47,2024
28.0,SE,2807402.0,Tobias Barreto,41.9,2023
28.0,SE,2807402.0,Tobias Barreto,46.26,2024
28.0,SE,2807501.0,Tomar do Geru,42.9,2023
28.0,SE,2807501.0,Tomar do Geru,40.43,2024
28.0,SE,2807600.0,Umbaúba,25.4,2023
28.0,SE,2807600.0,Umbaúba,39.34,2024
29.0,BA,2900108.0,Abaíra,34.6,2023
29.0,BA,2900108.0,Abaíra,42.42,2024
29.0,BA,2900207.0,Abaré,28.3,2023
29.0,BA,2900207.0,Abaré,18.24,2024
29.0,BA,2900306.0,Acajutiba,19.7,2023
29.0,BA,2900306.0,Acajutiba,59.14,2024
29.0,BA,2900355.0,Adustina,44.7,2023
29.0,BA,2900355.0,Adustina,42.45,2024
29.0,BA,2900405.0,Água Fria,21.0,2023
29.0,BA,2900405.0,Água Fria,30.43,2024
29.0,BA,2900504.0,Érico Cardoso,68.1,2023
29.0,BA,2900504.0,Érico Cardoso,37.21,2024
29.0,BA,2900603.0,Aiquara,29.3,2023
29.0,BA,2900603.0,Aiquara,26.32,2024
29.0,BA,2900702.0,Alagoinhas,33.6,2023
29.0,BA,2900702.0,Alagoinhas,36.64,2024
29.0,BA,2900801.0,Alcobaça,45.3,2023
29.0,BA,2900801.0,Alcobaça,29.6,2024
29.0,BA,2900900.0,Almadina,31.2,2023
29.0,BA,2900900.0,Almadina,23.91,2024
29.0,BA,2901106.0,Amélia Rodrigues,37.5,2023
29.0,BA,2901106.0,Amélia Rodrigues,47.14,2024
29.0,BA,2901155.0,América Dourada,32.2,2023
29.0,BA,2901155.0,América Dourada,43.23,2024
29.0,BA,2901205.0,Anagé,36.5,2023
29.0,BA,2901205.0,Anagé,32.17,2024
29.0,BA,2901304.0,Andaraí,44.8,2023
29.0,BA,2901304.0,Andaraí,47.79,2024
29.0,BA,2901353.0,Andorinha,33.0,2023
29.0,BA,2901353.0,Andorinha,28.44,2024
29.0,BA,2901403.0,Angical,38.1,2023
29.0,BA,2901403.0,Angical,28.44,2024
29.0,BA,2901502.0,Anguera,38.7,2023
29.0,BA,2901502.0,Anguera,55.95,2024
29.0,BA,2901700.0,Antônio Cardoso,33.9,2023
29.0,BA,2901700.0,Antônio Cardoso,25.76,2024
29.0,BA,2901809.0,Antônio Gonçalves,32.6,2023
29.0,BA,2901809.0,Antônio Gonçalves,25.32,2024
29.0,BA,2901908.0,Aporá,17.8,2023
29.0,BA,2901908.0,Aporá,16.52,2024
29.0,BA,2902005.0,Aracatu,42.0,2023
29.0,BA,2902005.0,Aracatu,28.92,2024
29.0,BA,2902054.0,Araçás,36.7,2023
29.0,BA,2902054.0,Araçás,38.26,2024
29.0,BA,2902104.0,Araci,20.3,2023
29.0,BA,2902104.0,Araci,24.47,2024
29.0,BA,2902203.0,Aramari,21.7,2023
29.0,BA,2902203.0,Aramari,17.95,2024
29.0,BA,2902252.0,Arataca,16.9,2023
29.0,BA,2902252.0,Arataca,13.11,2024
29.0,BA,2902302.0,Aratuípe,47.9,2023
29.0,BA,2902302.0,Aratuípe,60.0,2024
29.0,BA,2902401.0,Aurelino Leal,42.7,2023
29.0,BA,2902401.0,Aurelino Leal,33.61,2024
29.0,BA,2902500.0,Baianópolis,39.9,2023
29.0,BA,2902500.0,Baianópolis,35.92,2024
29.0,BA,2902609.0,Baixa Grande,36.3,2023
29.0,BA,2902609.0,Baixa Grande,36.78,2024
29.0,BA,2902708.0,Barra,26.8,2023
29.0,BA,2902708.0,Barra,28.48,2024
29.0,BA,2902807.0,Barra da Estiva,47.6,2023
29.0,BA,2902807.0,Barra da Estiva,47.17,2024
29.0,BA,2902906.0,Barra do Choça,36.1,2023
29.0,BA,2902906.0,Barra do Choça,30.6,2024
29.0,BA,2903003.0,Barra do Mendes,39.3,2023
29.0,BA,2903003.0,Barra do Mendes,32.43,2024
29.0,BA,2903102.0,Barra do Rocha,38.1,2023
29.0,BA,2903102.0,Barra do Rocha,39.62,2024
29.0,BA,2903201.0,Barreiras,38.0,2023
29.0,BA,2903201.0,Barreiras,36.09,2024
29.0,BA,2903235.0,Barro Alto,24.3,2023
29.0,BA,2903235.0,Barro Alto,29.75,2024
29.0,BA,2903276.0,Barrocas,42.1,2023
29.0,BA,2903276.0,Barrocas,46.15,2024
29.0,BA,2903300.0,Barro Preto,39.3,2023
29.0,BA,2903300.0,Barro Preto,24.72,2024
29.0,BA,2903409.0,Belmonte,35.8,2023
29.0,BA,2903409.0,Belmonte,33.93,2024
29.0,BA,2903508.0,Belo Campo,47.6,2023
29.0,BA,2903508.0,Belo Campo,33.06,2024
29.0,BA,2903607.0,Biritinga,22.2,2023
29.0,BA,2903607.0,Biritinga,29.82,2024
29.0,BA,2903706.0,Boa Nova,44.2,2023
29.0,BA,2903706.0,Boa Nova,46.51,2024
29.0,BA,2903805.0,Boa Vista do Tupim,33.4,2023
29.0,BA,2903805.0,Boa Vista do Tupim,32.14,2024
29.0,BA,2903904.0,Bom Jesus da Lapa,33.9,2023
29.0,BA,2903904.0,Bom Jesus da Lapa,34.550000000000004,2024
29.0,BA,2903953.0,Bom Jesus da Serra,41.9,2023
29.0,BA,2903953.0,Bom Jesus da Serra,24.44,2024
29.0,BA,2904001.0,Boninal,45.1,2023
29.0,BA,2904001.0,Boninal,48.96,2024
29.0,BA,2904050.0,Bonito,40.2,2023
29.0,BA,2904050.0,Bonito,34.0,2024
29.0,BA,2904100.0,Boquira,39.5,2023
29.0,BA,2904100.0,Boquira,32.0,2024
29.0,BA,2904209.0,Botuporã,62.1,2023
29.0,BA,2904209.0,Botuporã,47.37,2024
29.0,BA,2904308.0,Brejões,53.5,2023
29.0,BA,2904308.0,Brejões,47.62,2024
29.0,BA,2904407.0,Brejolândia,41.1,2023
29.0,BA,2904407.0,Brejolândia,40.43,2024
29.0,BA,2904506.0,Brotas de Macaúbas,,2023
29.0,BA,2904506.0,Brotas de Macaúbas,60.98,2024
29.0,BA,2904605.0,Brumado,53.3,2023
29.0,BA,2904605.0,Brumado,42.15,2024
29.0,BA,2904803.0,Caatiba,48.5,2023
29.0,BA,2904803.0,Caatiba,50.0,2024
29.0,BA,2905008.0,Caculé,51.8,2023
29.0,BA,2905008.0,Caculé,47.96,2024
29.0,BA,2905107.0,Caém,35.4,2023
29.0,BA,2905107.0,Caém,36.71,2024
29.0,BA,2905156.0,Caetanos,24.9,2023
29.0,BA,2905156.0,Caetanos,46.43,2024
29.0,BA,2905206.0,Caetité,49.2,2023
29.0,BA,2905206.0,Caetité,39.02,2024
29.0,BA,2905305.0,Cafarnaum,21.6,2023
29.0,BA,2905305.0,Cafarnaum,30.37,2024
29.0,BA,2905404.0,Cairu,36.9,2023
29.0,BA,2905404.0,Cairu,32.87,2024
29.0,BA,2905503.0,Caldeirão Grande,21.3,2023
29.0,BA,2905503.0,Caldeirão Grande,28.19,2024
29.0,BA,2905602.0,Camacan,34.0,2023
29.0,BA,2905602.0,Camacan,24.61,2024
29.0,BA,2905701.0,Camaçari,33.6,2023
29.0,BA,2905701.0,Camaçari,36.56,2024
29.0,BA,2905909.0,Campo Alegre de Lourdes,36.7,2023
29.0,BA,2905909.0,Campo Alegre de Lourdes,28.04,2024
29.0,BA,2906006.0,Campo Formoso,36.8,2023
29.0,BA,2906006.0,Campo Formoso,39.03,2024
29.0,BA,2906105.0,Canápolis,37.3,2023
29.0,BA,2906105.0,Canápolis,29.55,2024
29.0,BA,2906204.0,Canarana,29.2,2023
29.0,BA,2906204.0,Canarana,33.730000000000004,2024
29.0,BA,2906303.0,Canavieiras,29.0,2023
29.0,BA,2906303.0,Canavieiras,28.68,2024
29.0,BA,2906402.0,Candeal,30.9,2023
29.0,BA,2906402.0,Candeal,30.77,2024
29.0,BA,2906501.0,Candeias,32.7,2023
29.0,BA,2906501.0,Candeias,36.67,2024
29.0,BA,2906600.0,Candiba,46.7,2023
29.0,BA,2906600.0,Candiba,41.67,2024
29.0,BA,2906709.0,Cândido Sales,38.1,2023
29.0,BA,2906709.0,Cândido Sales,30.86,2024
29.0,BA,2906808.0,Cansanção,29.7,2023
29.0,BA,2906808.0,Cansanção,23.19,2024
29.0,BA,2906824.0,Canudos,18.9,2023
29.0,BA,2906824.0,Canudos,30.13,2024
29.0,BA,2906857.0,Capela do Alto Alegre,35.9,2023
29.0,BA,2906857.0,Capela do Alto Alegre,45.45,2024
29.0,BA,2906873.0,Capim Grosso,26.2,2023
29.0,BA,2906873.0,Capim Grosso,29.34,2024
29.0,BA,2906899.0,Caraíbas,46.6,2023
29.0,BA,2906899.0,Caraíbas,35.56,2024
29.0,BA,2906907.0,Caravelas,40.9,2023
29.0,BA,2906907.0,Caravelas,49.78,2024
29.0,BA,2907004.0,Cardeal da Silva,26.7,2023
29.0,BA,2907004.0,Cardeal da Silva,33.04,2024
29.0,BA,2907103.0,Carinhanha,28.6,2023
29.0,BA,2907103.0,Carinhanha,31.96,2024
29.0,BA,2907202.0,Casa Nova,13.1,2023
29.0,BA,2907202.0,Casa Nova,20.93,2024
29.0,BA,2907301.0,Castro Alves,44.0,2023
29.0,BA,2907301.0,Castro Alves,30.54,2024
29.0,BA,2907400.0,Catolândia,10.5,2023
29.0,BA,2907400.0,Catolândia,25.71,2024
29.0,BA,2907509.0,Catu,43.5,2023
29.0,BA,2907509.0,Catu,39.39,2024
29.0,BA,2907558.0,Caturama,46.9,2023
29.0,BA,2907558.0,Caturama,50.85,2024
29.0,BA,2907608.0,Central,30.9,2023
29.0,BA,2907608.0,Central,25.64,2024
29.0,BA,2907707.0,Chorrochó,34.6,2023
29.0,BA,2907707.0,Chorrochó,36.19,2024
29.0,BA,2907806.0,Cícero Dantas,30.9,2023
29.0,BA,2907806.0,Cícero Dantas,36.31,2024
29.0,BA,2907905.0,Cipó,27.9,2023
29.0,BA,2907905.0,Cipó,31.09,2024
29.0,BA,2908002.0,Coaraci,37.2,2023
29.0,BA,2908002.0,Coaraci,39.13,2024
29.0,BA,2908101.0,Cocos,48.6,2023
29.0,BA,2908101.0,Cocos,51.69,2024
29.0,BA,2908200.0,Conceição da Feira,31.7,2023
29.0,BA,2908200.0,Conceição da Feira,27.46,2024
29.0,BA,2908309.0,Conceição do Almeida,53.9,2023
29.0,BA,2908309.0,Conceição do Almeida,41.18,2024
29.0,BA,2908408.0,Conceição do Coité,28.6,2023
29.0,BA,2908408.0,Conceição do Coité,30.94,2024
29.0,BA,2908507.0,Conceição do Jacuípe,34.3,2023
29.0,BA,2908507.0,Conceição do Jacuípe,37.5,2024
29.0,BA,2908606.0,Conde,40.6,2023
29.0,BA,2908606.0,Conde,28.14,2024
29.0,BA,2908804.0,Contendas do Sincorá,24.0,2023
29.0,BA,2908804.0,Contendas do Sincorá,40.62,2024
29.0,BA,2908903.0,Coração de Maria,31.0,2023
29.0,BA,2908903.0,Coração de Maria,21.3,2024
29.0,BA,2909000.0,Cordeiros,69.3,2023
29.0,BA,2909000.0,Cordeiros,52.46,2024
29.0,BA,2909109.0,Coribe,47.3,2023
29.0,BA,2909109.0,Coribe,30.71,2024
29.0,BA,2909208.0,Coronel João Sá,28.7,2023
29.0,BA,2909208.0,Coronel João Sá,36.04,2024
29.0,BA,2909307.0,Correntina,36.7,2023
29.0,BA,2909307.0,Correntina,26.64,2024
29.0,BA,2909406.0,Cotegipe,40.8,2023
29.0,BA,2909406.0,Cotegipe,41.9,2024
29.0,BA,2909505.0,Cravolândia,57.3,2023
29.0,BA,2909505.0,Cravolândia,34.550000000000004,2024
29.0,BA,2909703.0,Cristópolis,44.5,2023
29.0,BA,2909703.0,Cristópolis,43.75,2024
29.0,BA,2909802.0,Cruz das Almas,34.6,2023
29.0,BA,2909802.0,Cruz das Almas,33.56,2024
29.0,BA,2909901.0,Curaçá,29.7,2023
29.0,BA,2909901.0,Curaçá,22.94,2024
29.0,BA,2910057.0,Dias d'Ávila,35.5,2023
29.0,BA,2910057.0,Dias d'Ávila,32.25,2024
29.0,BA,2910107.0,Dom Basílio,48.3,2023
29.0,BA,2910107.0,Dom Basílio,42.74,2024
29.0,BA,2910206.0,Dom Macedo Costa,85.9,2023
29.0,BA,2910206.0,Dom Macedo Costa,52.38,2024
29.0,BA,2910305.0,Elísio Medrado,30.0,2023
29.0,BA,2910305.0,Elísio Medrado,35.29,2024
29.0,BA,2910404.0,Encruzilhada,41.9,2023
29.0,BA,2910404.0,Encruzilhada,37.25,2024
29.0,BA,2910503.0,Entre Rios,,2023
29.0,BA,2910503.0,Entre Rios,32.55,2024
29.0,BA,2910602.0,Esplanada,19.9,2023
29.0,BA,2910602.0,Esplanada,23.96,2024
29.0,BA,2910701.0,Euclides da Cunha,33.1,2023
29.0,BA,2910701.0,Euclides da Cunha,32.37,2024
29.0,BA,2910727.0,Eunápolis,34.6,2023
29.0,BA,2910727.0,Eunápolis,38.37,2024
29.0,BA,2910750.0,Fátima,42.5,2023
29.0,BA,2910750.0,Fátima,49.57,2024
29.0,BA,2910776.0,Feira da Mata,55.7,2023
29.0,BA,2910776.0,Feira da Mata,45.45,2024
29.0,BA,2910800.0,Feira de Santana,32.0,2023
29.0,BA,2910800.0,Feira de Santana,33.19,2024
29.0,BA,2910859.0,Filadélfia,18.3,2023
29.0,BA,2910859.0,Filadélfia,36.76,2024
29.0,BA,2911006.0,Floresta Azul,15.1,2023
29.0,BA,2911006.0,Floresta Azul,41.03,2024
29.0,BA,2911105.0,Formosa do Rio Preto,19.7,2023
29.0,BA,2911105.0,Formosa do Rio Preto,28.21,2024
29.0,BA,2911204.0,Gandu,33.3,2023
29.0,BA,2911204.0,Gandu,47.2,2024
29.0,BA,2911253.0,Gavião,60.5,2023
29.0,BA,2911253.0,Gavião,47.37,2024
29.0,BA,2911303.0,Gentio do Ouro,45.1,2023
29.0,BA,2911303.0,Gentio do Ouro,54.32,2024
29.0,BA,2911402.0,Glória,35.9,2023
29.0,BA,2911402.0,Glória,29.69,2024
29.0,BA,2911501.0,Gongogi,27.7,2023
29.0,BA,2911501.0,Gongogi,50.0,2024
29.0,BA,2911600.0,Governador Mangabeira,36.9,2023
29.0,BA,2911600.0,Governador Mangabeira,29.08,2024
29.0,BA,2911659.0,Guajeru,29.2,2023
29.0,BA,2911659.0,Guajeru,36.78,2024
29.0,BA,2911709.0,Guanambi,48.6,2023
29.0,BA,2911709.0,Guanambi,46.39,2024
29.0,BA,2911808.0,Guaratinga,22.7,2023
29.0,BA,2911808.0,Guaratinga,22.64,2024
29.0,BA,2911857.0,Heliópolis,31.4,2023
29.0,BA,2911857.0,Heliópolis,36.36,2024
29.0,BA,2911907.0,Iaçu,22.9,2023
29.0,BA,2911907.0,Iaçu,28.52,2024
29.0,BA,2912004.0,Ibiassucê,65.0,2023
29.0,BA,2912004.0,Ibiassucê,61.19,2024
29.0,BA,2912103.0,Ibicaraí,,2023
29.0,BA,2912103.0,Ibicaraí,37.95,2024
29.0,BA,2912202.0,Ibicoara,27.9,2023
29.0,BA,2912202.0,Ibicoara,32.53,2024
29.0,BA,2912301.0,Ibicuí,58.9,2023
29.0,BA,2912301.0,Ibicuí,50.0,2024
29.0,BA,2912509.0,Ibipitanga,44.2,2023
29.0,BA,2912509.0,Ibipitanga,46.81,2024
29.0,BA,2912608.0,Ibiquera,20.1,2023
29.0,BA,2912608.0,Ibiquera,15.62,2024
29.0,BA,2912707.0,Ibirapitanga,31.2,2023
29.0,BA,2912707.0,Ibirapitanga,22.06,2024
29.0,BA,2912806.0,Ibirapuã,60.5,2023
29.0,BA,2912806.0,Ibirapuã,37.84,2024
29.0,BA,2912905.0,Ibirataia,32.8,2023
29.0,BA,2912905.0,Ibirataia,37.44,2024
29.0,BA,2913002.0,Ibitiara,62.2,2023
29.0,BA,2913002.0,Ibitiara,37.36,2024
29.0,BA,2913101.0,Ibititá,26.1,2023
29.0,BA,2913101.0,Ibititá,28.0,2024
29.0,BA,2913200.0,Ibotirama,42.4,2023
29.0,BA,2913200.0,Ibotirama,32.87,2024
29.0,BA,2913408.0,Igaporã,57.2,2023
29.0,BA,2913408.0,Igaporã,42.57,2024
29.0,BA,2913457.0,Igrapiúna,30.3,2023
29.0,BA,2913457.0,Igrapiúna,43.64,2024
29.0,BA,2913507.0,Iguaí,49.6,2023
29.0,BA,2913507.0,Iguaí,31.48,2024
29.0,BA,2913606.0,Ilhéus,32.3,2023
29.0,BA,2913606.0,Ilhéus,26.35,2024
29.0,BA,2913705.0,Inhambupe,29.5,2023
29.0,BA,2913705.0,Inhambupe,30.13,2024
29.0,BA,2913804.0,Ipecaetá,34.8,2023
29.0,BA,2913804.0,Ipecaetá,46.51,2024
29.0,BA,2913903.0,Ipiaú,33.6,2023
29.0,BA,2913903.0,Ipiaú,25.15,2024
29.0,BA,2914000.0,Ipirá,30.0,2023
29.0,BA,2914000.0,Ipirá,34.46,2024
29.0,BA,2914109.0,Ipupiara,66.8,2023
29.0,BA,2914109.0,Ipupiara,59.15,2024
29.0,BA,2914208.0,Irajuba,40.3,2023
29.0,BA,2914208.0,Irajuba,65.38,2024
29.0,BA,2914406.0,Iraquara,38.9,2023
29.0,BA,2914406.0,Iraquara,44.24,2024
29.0,BA,2914604.0,Irecê,42.0,2023
29.0,BA,2914604.0,Irecê,46.83,2024
29.0,BA,2914653.0,Itabela,31.1,2023
29.0,BA,2914653.0,Itabela,24.92,2024
29.0,BA,2914703.0,Itaberaba,42.2,2023
29.0,BA,2914703.0,Itaberaba,41.07,2024
29.0,BA,2914802.0,Itabuna,31.6,2023
29.0,BA,2914802.0,Itabuna,29.75,2024
29.0,BA,2914901.0,Itacaré,32.3,2023
29.0,BA,2914901.0,Itacaré,31.19,2024
29.0,BA,2915106.0,Itagi,37.8,2023
29.0,BA,2915106.0,Itagi,23.53,2024
29.0,BA,2915205.0,Itagibá,36.9,2023
29.0,BA,2915205.0,Itagibá,44.21,2024
29.0,BA,2915304.0,Itagimirim,32.8,2023
29.0,BA,2915304.0,Itagimirim,25.0,2024
29.0,BA,2915403.0,Itaju do Colônia,20.2,2023
29.0,BA,2915403.0,Itaju do Colônia,15.25,2024
29.0,BA,2915502.0,Itajuípe,34.4,2023
29.0,BA,2915502.0,Itajuípe,34.09,2024
29.0,BA,2915601.0,Itamaraju,44.1,2023
29.0,BA,2915601.0,Itamaraju,37.41,2024
29.0,BA,2915700.0,Itamari,59.7,2023
29.0,BA,2915700.0,Itamari,36.76,2024
29.0,BA,2915809.0,Itambé,22.2,2023
29.0,BA,2915809.0,Itambé,26.98,2024
29.0,BA,2916104.0,Itaparica,38.3,2023
29.0,BA,2916104.0,Itaparica,28.57,2024
29.0,BA,2916203.0,Itapé,30.6,2023
29.0,BA,2916203.0,Itapé,35.38,2024
29.0,BA,2916302.0,Itapebi,15.0,2023
29.0,BA,2916302.0,Itapebi,23.44,2024
29.0,BA,2916401.0,Itapetinga,39.6,2023
29.0,BA,2916401.0,Itapetinga,32.22,2024
29.0,BA,2916500.0,Itapicuru,28.1,2023
29.0,BA,2916500.0,Itapicuru,51.23,2024
29.0,BA,2916609.0,Itapitanga,31.0,2023
29.0,BA,2916609.0,Itapitanga,36.62,2024
29.0,BA,2916708.0,Itaquara,34.4,2023
29.0,BA,2916708.0,Itaquara,34.25,2024
29.0,BA,2916807.0,Itarantim,38.2,2023
29.0,BA,2916807.0,Itarantim,41.07,2024
29.0,BA,2916856.0,Itatim,51.6,2023
29.0,BA,2916856.0,Itatim,54.22,2024
29.0,BA,2916906.0,Itiruçu,32.9,2023
29.0,BA,2916906.0,Itiruçu,30.0,2024
29.0,BA,2917003.0,Itiúba,27.8,2023
29.0,BA,2917003.0,Itiúba,21.05,2024
29.0,BA,2917102.0,Itororó,47.4,2023
29.0,BA,2917102.0,Itororó,28.85,2024
29.0,BA,2917201.0,Ituaçu,57.5,2023
29.0,BA,2917201.0,Ituaçu,43.98,2024
29.0,BA,2917300.0,Ituberá,44.1,2023
29.0,BA,2917300.0,Ituberá,29.17,2024
29.0,BA,2917334.0,Iuiu,49.0,2023
29.0,BA,2917334.0,Iuiu,25.53,2024
29.0,BA,2917359.0,Jaborandi,40.9,2023
29.0,BA,2917359.0,Jaborandi,43.16,2024
29.0,BA,2917607.0,Jaguaquara,46.3,2023
29.0,BA,2917607.0,Jaguaquara,53.7,2024
29.0,BA,2917706.0,Jaguarari,30.6,2023
29.0,BA,2917706.0,Jaguarari,40.77,2024
29.0,BA,2917805.0,Jaguaripe,25.9,2023
29.0,BA,2917805.0,Jaguaripe,46.85,2024
29.0,BA,2918001.0,Jequié,37.9,2023
29.0,BA,2918001.0,Jequié,39.48,2024
29.0,BA,2918100.0,Jeremoabo,27.0,2023
29.0,BA,2918100.0,Jeremoabo,29.53,2024
29.0,BA,2918308.0,Jitaúna,24.2,2023
29.0,BA,2918308.0,Jitaúna,40.82,2024
29.0,BA,2918357.0,João Dourado,34.6,2023
29.0,BA,2918357.0,João Dourado,53.15,2024
29.0,BA,2918407.0,Juazeiro,31.2,2023
29.0,BA,2918407.0,Juazeiro,29.31,2024
29.0,BA,2918506.0,Jussara,23.2,2023
29.0,BA,2918506.0,Jussara,43.44,2024
29.0,BA,2918555.0,Jussari,35.9,2023
29.0,BA,2918555.0,Jussari,31.58,2024
29.0,BA,2918605.0,Jussiape,32.1,2023
29.0,BA,2918605.0,Jussiape,33.33,2024
29.0,BA,2918704.0,Lafaiete Coutinho,67.7,2023
29.0,BA,2918704.0,Lafaiete Coutinho,56.52,2024
29.0,BA,2918803.0,Laje,46.6,2023
29.0,BA,2918803.0,Laje,45.45,2024
29.0,BA,2918902.0,Lajedão,58.4,2023
29.0,BA,2918902.0,Lajedão,48.28,2024
29.0,BA,2919058.0,Lajedo do Tabocal,55.1,2023
29.0,BA,2919058.0,Lajedo do Tabocal,43.1,2024
29.0,BA,2919108.0,Lamarão,22.2,2023
29.0,BA,2919108.0,Lamarão,19.57,2024
29.0,BA,2919157.0,Lapão,25.1,2023
29.0,BA,2919157.0,Lapão,25.25,2024
29.0,BA,2919207.0,Lauro de Freitas,29.6,2023
29.0,BA,2919207.0,Lauro de Freitas,28.75,2024
29.0,BA,2919306.0,Lençóis,36.2,2023
29.0,BA,2919306.0,Lençóis,37.66,2024
29.0,BA,2919405.0,Licínio de Almeida,75.0,2023
29.0,BA,2919405.0,Licínio de Almeida,65.48,2024
29.0,BA,2919504.0,Livramento de Nossa Senhora,38.4,2023
29.0,BA,2919504.0,Livramento de Nossa Senhora,38.06,2024
29.0,BA,2919553.0,Luís Eduardo Magalhães,29.4,2023
29.0,BA,2919553.0,Luís Eduardo Magalhães,35.72,2024
29.0,BA,2919603.0,Macajuba,18.6,2023
29.0,BA,2919603.0,Macajuba,30.14,2024
29.0,BA,2919702.0,Macarani,49.1,2023
29.0,BA,2919702.0,Macarani,44.74,2024
29.0,BA,2919801.0,Macaúbas,43.5,2023
29.0,BA,2919801.0,Macaúbas,31.5,2024
29.0,BA,2919900.0,Macururé,4.7,2023
29.0,BA,2919900.0,Macururé,12.5,2024
29.0,BA,2919926.0,Madre de Deus,40.7,2023
29.0,BA,2919926.0,Madre de Deus,25.81,2024
29.0,BA,2919959.0,Maetinga,61.0,2023
29.0,BA,2919959.0,Maetinga,47.37,2024
29.0,BA,2920007.0,Maiquinique,29.8,2023
29.0,BA,2920007.0,Maiquinique,32.56,2024
29.0,BA,2920106.0,Mairi,40.8,2023
29.0,BA,2920106.0,Mairi,23.42,2024
29.0,BA,2920205.0,Malhada,25.2,2023
29.0,BA,2920205.0,Malhada,33.68,2024
29.0,BA,2920304.0,Malhada de Pedras,70.4,2023
29.0,BA,2920304.0,Malhada de Pedras,70.27,2024
29.0,BA,2920403.0,Manoel Vitorino,39.5,2023
29.0,BA,2920403.0,Manoel Vitorino,41.67,2024
29.0,BA,2920452.0,Mansidão,30.7,2023
29.0,BA,2920452.0,Mansidão,37.29,2024
29.0,BA,2920502.0,Maracás,52.5,2023
29.0,BA,2920502.0,Maracás,43.58,2024
29.0,BA,2920601.0,Maragogipe,47.4,2023
29.0,BA,2920601.0,Maragogipe,54.49,2024
29.0,BA,2920809.0,Marcionílio Souza,21.2,2023
29.0,BA,2920809.0,Marcionílio Souza,18.57,2024
29.0,BA,2920908.0,Mascote,22.3,2023
29.0,BA,2920908.0,Mascote,26.73,2024
29.0,BA,2921005.0,Mata de São João,54.0,2023
29.0,BA,2921005.0,Mata de São João,56.92,2024
29.0,BA,2921054.0,Matina,41.7,2023
29.0,BA,2921054.0,Matina,42.52,2024
29.0,BA,2921104.0,Medeiros Neto,51.5,2023
29.0,BA,2921104.0,Medeiros Neto,46.9,2024
29.0,BA,2921203.0,Miguel Calmon,47.8,2023
29.0,BA,2921203.0,Miguel Calmon,36.96,2024
29.0,BA,2921401.0,Mirangaba,33.7,2023
29.0,BA,2921401.0,Mirangaba,29.41,2024
29.0,BA,2921450.0,Mirante,52.2,2023
29.0,BA,2921450.0,Mirante,46.15,2024
29.0,BA,2921500.0,Monte Santo,30.9,2023
29.0,BA,2921500.0,Monte Santo,27.49,2024
29.0,BA,2921609.0,Morpará,31.8,2023
29.0,BA,2921609.0,Morpará,28.89,2024
29.0,BA,2921708.0,Morro do Chapéu,36.2,2023
29.0,BA,2921708.0,Morro do Chapéu,28.31,2024
29.0,BA,2921807.0,Mortugaba,69.0,2023
29.0,BA,2921807.0,Mortugaba,60.0,2024
29.0,BA,2921906.0,Mucugê,41.7,2023
29.0,BA,2921906.0,Mucugê,38.82,2024
29.0,BA,2922003.0,Mucuri,49.1,2023
29.0,BA,2922003.0,Mucuri,47.96,2024
29.0,BA,2922052.0,Mulungu do Morro,22.5,2023
29.0,BA,2922052.0,Mulungu do Morro,28.83,2024
29.0,BA,2922102.0,Mundo Novo,26.6,2023
29.0,BA,2922102.0,Mundo Novo,33.33,2024
29.0,BA,2922250.0,Muquém do São Francisco,31.0,2023
29.0,BA,2922250.0,Muquém do São Francisco,22.03,2024
29.0,BA,2922300.0,Muritiba,23.3,2023
29.0,BA,2922300.0,Muritiba,51.72,2024
29.0,BA,2922607.0,Nilo Peçanha,36.1,2023
29.0,BA,2922607.0,Nilo Peçanha,50.52,2024
29.0,BA,2922656.0,Nordestina,31.3,2023
29.0,BA,2922656.0,Nordestina,26.14,2024
29.0,BA,2922706.0,Nova Canaã,29.5,2023
29.0,BA,2922706.0,Nova Canaã,50.0,2024
29.0,BA,2922730.0,Nova Fátima,46.8,2023
29.0,BA,2922730.0,Nova Fátima,31.91,2024
29.0,BA,2922755.0,Nova Ibiá,50.3,2023
29.0,BA,2922755.0,Nova Ibiá,48.98,2024
29.0,BA,2922854.0,Nova Redenção,31.9,2023
29.0,BA,2922854.0,Nova Redenção,27.03,2024
29.0,BA,2923001.0,Nova Viçosa,56.4,2023
29.0,BA,2923001.0,Nova Viçosa,37.21,2024
29.0,BA,2923035.0,Novo Horizonte,60.6,2023
29.0,BA,2923035.0,Novo Horizonte,73.17,2024
29.0,BA,2923050.0,Novo Triunfo,21.8,2023
29.0,BA,2923050.0,Novo Triunfo,39.06,2024
29.0,BA,2923100.0,Olindina,34.5,2023
29.0,BA,2923100.0,Olindina,21.29,2024
29.0,BA,2923209.0,Oliveira dos Brejinhos,38.1,2023
29.0,BA,2923209.0,Oliveira dos Brejinhos,39.29,2024
29.0,BA,2923308.0,Ouriçangas,35.9,2023
29.0,BA,2923308.0,Ouriçangas,50.59,2024
29.0,BA,2923407.0,Palmas de Monte Alto,45.5,2023
29.0,BA,2923407.0,Palmas de Monte Alto,35.76,2024
29.0,BA,2923506.0,Palmeiras,43.7,2023
29.0,BA,2923506.0,Palmeiras,40.45,2024
29.0,BA,2923605.0,Paramirim,46.9,2023
29.0,BA,2923605.0,Paramirim,48.94,2024
29.0,BA,2923704.0,Paratinga,21.1,2023
29.0,BA,2923704.0,Paratinga,24.46,2024
29.0,BA,2924009.0,Paulo Afonso,24.8,2023
29.0,BA,2924009.0,Paulo Afonso,30.51,2024
29.0,BA,2924108.0,Pedrão,20.7,2023
29.0,BA,2924108.0,Pedrão,13.33,2024
29.0,BA,2924306.0,Piatã,42.2,2023
29.0,BA,2924306.0,Piatã,45.33,2024
29.0,BA,2924405.0,Pilão Arcado,23.9,2023
29.0,BA,2924405.0,Pilão Arcado,22.51,2024
29.0,BA,2924504.0,Pindaí,71.0,2023
29.0,BA,2924504.0,Pindaí,38.33,2024
29.0,BA,2924603.0,Pindobaçu,34.2,2023
29.0,BA,2924603.0,Pindobaçu,39.19,2024
29.0,BA,2924652.0,Pintadas,44.9,2023
29.0,BA,2924652.0,Pintadas,55.7,2024
29.0,BA,2924702.0,Piripá,64.3,2023
29.0,BA,2924702.0,Piripá,56.47,2024
29.0,BA,2924801.0,Piritiba,43.1,2023
29.0,BA,2924801.0,Piritiba,40.58,2024
29.0,BA,2924900.0,Planaltino,53.8,2023
29.0,BA,2924900.0,Planaltino,42.86,2024
29.0,BA,2925006.0,Planalto,40.1,2023
29.0,BA,2925006.0,Planalto,24.31,2024
29.0,BA,2925105.0,Poções,44.0,2023
29.0,BA,2925105.0,Poções,42.93,2024
29.0,BA,2925204.0,Pojuca,60.5,2023
29.0,BA,2925204.0,Pojuca,51.55,2024
29.0,BA,2925253.0,Ponto Novo,23.2,2023
29.0,BA,2925253.0,Ponto Novo,36.99,2024
29.0,BA,2925303.0,Porto Seguro,46.7,2023
29.0,BA,2925303.0,Porto Seguro,45.5,2024
29.0,BA,2925402.0,Potiraguá,27.9,2023
29.0,BA,2925402.0,Potiraguá,27.54,2024
29.0,BA,2925501.0,Prado,34.9,2023
29.0,BA,2925501.0,Prado,28.97,2024
29.0,BA,2925600.0,Presidente Dutra,21.3,2023
29.0,BA,2925600.0,Presidente Dutra,20.0,2024
29.0,BA,2925709.0,Presidente Jânio Quadros,30.4,2023
29.0,BA,2925709.0,Presidente Jânio Quadros,31.78,2024
29.0,BA,2925808.0,Queimadas,27.4,2023
29.0,BA,2925808.0,Queimadas,30.32,2024
29.0,BA,2925907.0,Quijingue,38.5,2023
29.0,BA,2925907.0,Quijingue,34.85,2024
29.0,BA,2925931.0,Quixabeira,38.7,2023
29.0,BA,2925931.0,Quixabeira,75.47,2024
29.0,BA,2925956.0,Rafael Jambeiro,48.4,2023
29.0,BA,2925956.0,Rafael Jambeiro,33.53,2024
29.0,BA,2926004.0,Remanso,25.1,2023
29.0,BA,2926004.0,Remanso,35.26,2024
29.0,BA,2926103.0,Retirolândia,18.5,2023
29.0,BA,2926103.0,Retirolândia,23.58,2024
29.0,BA,2926301.0,Riachão do Jacuípe,38.4,2023
29.0,BA,2926301.0,Riachão do Jacuípe,38.37,2024
29.0,BA,2926400.0,Riacho de Santana,42.2,2023
29.0,BA,2926400.0,Riacho de Santana,52.53,2024
29.0,BA,2926509.0,Ribeira do Amparo,28.7,2023
29.0,BA,2926509.0,Ribeira do Amparo,33.95,2024
29.0,BA,2926608.0,Ribeira do Pombal,34.4,2023
29.0,BA,2926608.0,Ribeira do Pombal,40.72,2024
29.0,BA,2926657.0,Ribeirão do Largo,47.3,2023
29.0,BA,2926657.0,Ribeirão do Largo,52.63,2024
29.0,BA,2926707.0,Rio de Contas,50.4,2023
29.0,BA,2926707.0,Rio de Contas,55.74,2024
29.0,BA,2926806.0,Rio do Antônio,62.5,2023
29.0,BA,2926806.0,Rio do Antônio,43.82,2024
29.0,BA,2926905.0,Rio do Pires,36.5,2023
29.0,BA,2926905.0,Rio do Pires,15.62,2024
29.0,BA,2927002.0,Rio Real,41.0,2023
29.0,BA,2927002.0,Rio Real,33.21,2024
29.0,BA,2927101.0,Rodelas,23.3,2023
29.0,BA,2927101.0,Rodelas,26.35,2024
29.0,BA,2927200.0,Ruy Barbosa,38.3,2023
29.0,BA,2927200.0,Ruy Barbosa,27.94,2024
29.0,BA,2927309.0,Salinas da Margarida,47.8,2023
29.0,BA,2927309.0,Salinas da Margarida,45.77,2024
29.0,BA,2927408.0,Salvador,39.2,2023
29.0,BA,2927408.0,Salvador,36.75,2024
29.0,BA,2927507.0,Santa Bárbara,21.0,2023
29.0,BA,2927507.0,Santa Bárbara,31.58,2024
29.0,BA,2927606.0,Santa Brígida,25.7,2023
29.0,BA,2927606.0,Santa Brígida,28.39,2024
29.0,BA,2927705.0,Santa Cruz Cabrália,40.5,2023
29.0,BA,2927705.0,Santa Cruz Cabrália,37.36,2024
29.0,BA,2927804.0,Santa Cruz da Vitória,45.1,2023
29.0,BA,2927804.0,Santa Cruz da Vitória,37.04,2024
29.0,BA,2927903.0,Santa Inês,47.3,2023
29.0,BA,2927903.0,Santa Inês,47.31,2024
29.0,BA,2928000.0,Santaluz,25.1,2023
29.0,BA,2928000.0,Santaluz,29.15,2024
29.0,BA,2928059.0,Santa Luzia,33.5,2023
29.0,BA,2928059.0,Santa Luzia,28.42,2024
29.0,BA,2928109.0,Santa Maria da Vitória,32.3,2023
29.0,BA,2928109.0,Santa Maria da Vitória,26.29,2024
29.0,BA,2928208.0,Santana,29.9,2023
29.0,BA,2928208.0,Santana,38.7,2024
29.0,BA,2928307.0,Santanópolis,,2023
29.0,BA,2928307.0,Santanópolis,22.95,2024
29.0,BA,2928406.0,Santa Rita de Cássia,47.0,2023
29.0,BA,2928406.0,Santa Rita de Cássia,32.05,2024
29.0,BA,2928505.0,Santa Terezinha,26.6,2023
29.0,BA,2928505.0,Santa Terezinha,27.63,2024
29.0,BA,2928604.0,Santo Amaro,43.8,2023
29.0,BA,2928604.0,Santo Amaro,36.96,2024
29.0,BA,2928703.0,Santo Antônio de Jesus,33.5,2023
29.0,BA,2928703.0,Santo Antônio de Jesus,40.9,2024
29.0,BA,2928802.0,Santo Estêvão,32.7,2023
29.0,BA,2928802.0,Santo Estêvão,31.86,2024
29.0,BA,2928901.0,São Desidério,44.7,2023
29.0,BA,2928901.0,São Desidério,54.07,2024
29.0,BA,2928950.0,São Domingos,25.3,2023
29.0,BA,2928950.0,São Domingos,52.94,2024
29.0,BA,2929008.0,São Félix,32.1,2023
29.0,BA,2929008.0,São Félix,31.33,2024
29.0,BA,2929057.0,São Félix do Coribe,54.9,2023
29.0,BA,2929057.0,São Félix do Coribe,36.59,2024
29.0,BA,2929107.0,São Felipe,45.9,2023
29.0,BA,2929107.0,São Felipe,41.13,2024
29.0,BA,2929206.0,São Francisco do Conde,30.0,2023
29.0,BA,2929206.0,São Francisco do Conde,25.66,2024
29.0,BA,2929255.0,São Gabriel,33.2,2023
29.0,BA,2929255.0,São Gabriel,33.54,2024
29.0,BA,2929305.0,São Gonçalo dos Campos,36.4,2023
29.0,BA,2929305.0,São Gonçalo dos Campos,24.63,2024
29.0,BA,2929354.0,São José da Vitória,31.3,2023
29.0,BA,2929354.0,São José da Vitória,27.27,2024
29.0,BA,2929370.0,São José do Jacuípe,23.2,2023
29.0,BA,2929370.0,São José do Jacuípe,28.41,2024
29.0,BA,2929404.0,São Miguel das Matas,28.8,2023
29.0,BA,2929404.0,São Miguel das Matas,36.76,2024
29.0,BA,2929503.0,São Sebastião do Passé,50.0,2023
29.0,BA,2929503.0,São Sebastião do Passé,46.1,2024
29.0,BA,2929602.0,Sapeaçu,56.8,2023
29.0,BA,2929602.0,Sapeaçu,64.52,2024
29.0,BA,2929701.0,Sátiro Dias,15.4,2023
29.0,BA,2929701.0,Sátiro Dias,30.68,2024
29.0,BA,2929750.0,Saubara,43.2,2023
29.0,BA,2929750.0,Saubara,52.63,2024
29.0,BA,2929800.0,Saúde,15.0,2023
29.0,BA,2929800.0,Saúde,20.73,2024
29.0,BA,2929909.0,Seabra,48.7,2023
29.0,BA,2929909.0,Seabra,34.980000000000004,2024
29.0,BA,2930006.0,Sebastião Laranjeiras,59.0,2023
29.0,BA,2930006.0,Sebastião Laranjeiras,42.37,2024
29.0,BA,2930105.0,Senhor do Bonfim,19.9,2023
29.0,BA,2930105.0,Senhor do Bonfim,24.02,2024
29.0,BA,2930154.0,Serra do Ramalho,36.2,2023
29.0,BA,2930154.0,Serra do Ramalho,26.65,2024
29.0,BA,2930204.0,Sento Sé,26.4,2023
29.0,BA,2930204.0,Sento Sé,24.24,2024
29.0,BA,2930303.0,Serra Dourada,29.0,2023
29.0,BA,2930303.0,Serra Dourada,33.09,2024
29.0,BA,2930402.0,Serra Preta,31.8,2023
29.0,BA,2930402.0,Serra Preta,36.67,2024
29.0,BA,2930501.0,Serrinha,25.2,2023
29.0,BA,2930501.0,Serrinha,19.92,2024
29.0,BA,2930600.0,Serrolândia,32.8,2023
29.0,BA,2930600.0,Serrolândia,25.69,2024
29.0,BA,2930709.0,Simões Filho,42.6,2023
29.0,BA,2930709.0,Simões Filho,42.14,2024
29.0,BA,2930766.0,Sítio do Quinto,44.1,2023
29.0,BA,2930766.0,Sítio do Quinto,42.47,2024
29.0,BA,2930774.0,Sobradinho,26.4,2023
29.0,BA,2930774.0,Sobradinho,34.44,2024
29.0,BA,2930808.0,Souto Soares,25.5,2023
29.0,BA,2930808.0,Souto Soares,31.82,2024
29.0,BA,2930907.0,Tabocas do Brejo Velho,35.8,2023
29.0,BA,2930907.0,Tabocas do Brejo Velho,43.31,2024
29.0,BA,2931004.0,Tanhaçu,58.7,2023
29.0,BA,2931004.0,Tanhaçu,47.42,2024
29.0,BA,2931053.0,Tanque Novo,63.5,2023
29.0,BA,2931053.0,Tanque Novo,61.8,2024
29.0,BA,2931103.0,Tanquinho,18.9,2023
29.0,BA,2931103.0,Tanquinho,30.67,2024
29.0,BA,2931202.0,Taperoá,38.8,2023
29.0,BA,2931202.0,Taperoá,47.52,2024
29.0,BA,2931301.0,Tapiramutá,33.1,2023
29.0,BA,2931301.0,Tapiramutá,41.82,2024
29.0,BA,2931350.0,Teixeira de Freitas,51.9,2023
29.0,BA,2931350.0,Teixeira de Freitas,35.04,2024
29.0,BA,2931400.0,Teodoro Sampaio,41.0,2023
29.0,BA,2931400.0,Teodoro Sampaio,30.56,2024
29.0,BA,2931509.0,Teofilândia,28.1,2023
29.0,BA,2931509.0,Teofilândia,29.57,2024
29.0,BA,2931608.0,Teolândia,47.3,2023
29.0,BA,2931608.0,Teolândia,44.76,2024
29.0,BA,2931707.0,Terra Nova,23.3,2023
29.0,BA,2931707.0,Terra Nova,28.42,2024
29.0,BA,2931806.0,Tremedal,49.5,2023
29.0,BA,2931806.0,Tremedal,42.86,2024
29.0,BA,2931905.0,Tucano,29.0,2023
29.0,BA,2931905.0,Tucano,35.550000000000004,2024
29.0,BA,2932002.0,Uauá,44.9,2023
29.0,BA,2932002.0,Uauá,40.28,2024
29.0,BA,2932200.0,Ubaitaba,29.8,2023
29.0,BA,2932200.0,Ubaitaba,31.13,2024
29.0,BA,2932309.0,Ubatã,31.4,2023
29.0,BA,2932309.0,Ubatã,41.9,2024
29.0,BA,2932408.0,Uibaí,33.1,2023
29.0,BA,2932408.0,Uibaí,27.71,2024
29.0,BA,2932457.0,Umburanas,21.3,2023
29.0,BA,2932457.0,Umburanas,22.95,2024
29.0,BA,2932507.0,Una,37.9,2023
29.0,BA,2932507.0,Una,58.16,2024
29.0,BA,2932606.0,Urandi,59.2,2023
29.0,BA,2932606.0,Urandi,40.54,2024
29.0,BA,2932705.0,Uruçuca,30.0,2023
29.0,BA,2932705.0,Uruçuca,26.42,2024
29.0,BA,2932804.0,Utinga,33.8,2023
29.0,BA,2932804.0,Utinga,33.04,2024
29.0,BA,2932903.0,Valença,31.0,2023
29.0,BA,2932903.0,Valença,31.89,2024
29.0,BA,2933000.0,Valente,32.2,2023
29.0,BA,2933000.0,Valente,37.25,2024
29.0,BA,2933059.0,Várzea da Roça,32.6,2023
29.0,BA,2933059.0,Várzea da Roça,20.73,2024
29.0,BA,2933109.0,Várzea do Poço,44.8,2023
29.0,BA,2933109.0,Várzea do Poço,43.64,2024
29.0,BA,2933158.0,Várzea Nova,32.8,2023
29.0,BA,2933158.0,Várzea Nova,17.95,2024
29.0,BA,2933174.0,Varzedo,44.1,2023
29.0,BA,2933174.0,Varzedo,40.0,2024
29.0,BA,2933208.0,Vera Cruz,39.1,2023
29.0,BA,2933208.0,Vera Cruz,38.27,2024
29.0,BA,2933257.0,Vereda,67.8,2023
29.0,BA,2933257.0,Vereda,35.85,2024
29.0,BA,2933307.0,Vitória da Conquista,47.9,2023
29.0,BA,2933307.0,Vitória da Conquista,42.75,2024
29.0,BA,2933406.0,Wagner,53.4,2023
29.0,BA,2933406.0,Wagner,45.0,2024
29.0,BA,2933455.0,Wanderley,54.0,2023
29.0,BA,2933455.0,Wanderley,55.370000000000005,2024
29.0,BA,2933505.0,Wenceslau Guimarães,38.4,2023
29.0,BA,2933505.0,Wenceslau Guimarães,31.17,2024
29.0,BA,2933604.0,Xique-Xique,31.0,2023
29.0,BA,2933604.0,Xique-Xique,32.25,2024
31.0,MG,3100104.0,Abadia dos Dourados,61.4,2023
31.0,MG,3100104.0,Abadia dos Dourados,96.07,2024
31.0,MG,3100203.0,Abaeté,52.3,2023
31.0,MG,3100203.0,Abaeté,73.11,2024
31.0,MG,3100302.0,Abre Campo,85.7,2023
31.0,MG,3100302.0,Abre Campo,86.67,2024
31.0,MG,3100401.0,Acaiaca,87.4,2023
31.0,MG,3100401.0,Acaiaca,73.93,2024
31.0,MG,3100708.0,Água Comprida,96.8,2023
31.0,MG,3100708.0,Água Comprida,55.3,2024
31.0,MG,3100807.0,Aguanil,100.0,2023
31.0,MG,3100807.0,Aguanil,88.68,2024
31.0,MG,3100906.0,Águas Formosas,,2023
31.0,MG,3100906.0,Águas Formosas,69.23,2024
31.0,MG,3101003.0,Águas Vermelhas,42.8,2023
31.0,MG,3101003.0,Águas Vermelhas,74.46000000000001,2024
31.0,MG,3101102.0,Aimorés,48.8,2023
31.0,MG,3101102.0,Aimorés,57.63,2024
31.0,MG,3101201.0,Aiuruoca,55.3,2023
31.0,MG,3101201.0,Aiuruoca,85.71000000000001,2024
31.0,MG,3101300.0,Alagoa,67.0,2023
31.0,MG,3101300.0,Alagoa,89.66,2024
31.0,MG,3101409.0,Albertina,69.6,2023
31.0,MG,3101409.0,Albertina,92.62,2024
31.0,MG,3101508.0,Além Paraíba,68.9,2023
31.0,MG,3101508.0,Além Paraíba,55.1,2024
31.0,MG,3101607.0,Alfenas,59.1,2023
31.0,MG,3101607.0,Alfenas,76.61,2024
31.0,MG,3101631.0,Alfredo Vasconcelos,72.0,2023
31.0,MG,3101631.0,Alfredo Vasconcelos,78.08,2024
31.0,MG,3101706.0,Almenara,39.2,2023
31.0,MG,3101706.0,Almenara,55.06,2024
31.0,MG,3101805.0,Alpercata,46.1,2023
31.0,MG,3101805.0,Alpercata,70.83,2024
31.0,MG,3101904.0,Alpinópolis,42.3,2023
31.0,MG,3101904.0,Alpinópolis,78.56,2024
31.0,MG,3102050.0,Alto Caparaó,93.8,2023
31.0,MG,3102050.0,Alto Caparaó,87.17,2024
31.0,MG,3102209.0,Alvarenga,39.5,2023
31.0,MG,3102209.0,Alvarenga,87.5,2024
31.0,MG,3102308.0,Alvinópolis,49.0,2023
31.0,MG,3102308.0,Alvinópolis,72.33,2024
31.0,MG,3102407.0,Alvorada de Minas,41.8,2023
31.0,MG,3102407.0,Alvorada de Minas,83.33,2024
31.0,MG,3102704.0,Cachoeira de Pajeú,60.3,2023
31.0,MG,3102704.0,Cachoeira de Pajeú,77.96000000000001,2024
31.0,MG,3102852.0,Angelândia,59.7,2023
31.0,MG,3102852.0,Angelândia,84.97,2024
31.0,MG,3102902.0,Antônio Carlos,78.0,2023
31.0,MG,3102902.0,Antônio Carlos,71.37,2024
31.0,MG,3103108.0,Antônio Prado de Minas,78.6,2023
31.0,MG,3103108.0,Antônio Prado de Minas,86.67,2024
31.0,MG,3103207.0,Araçaí,84.6,2023
31.0,MG,3103207.0,Araçaí,72.22,2024
31.0,MG,3103306.0,Aracitaba,80.0,2023
31.0,MG,3103306.0,Aracitaba,86.96000000000001,2024
31.0,MG,3103405.0,Araçuaí,44.3,2023
31.0,MG,3103405.0,Araçuaí,50.75,2024
31.0,MG,3103504.0,Araguari,47.9,2023
31.0,MG,3103504.0,Araguari,64.76,2024
31.0,MG,3103603.0,Arantina,75.0,2023
31.0,MG,3103603.0,Arantina,57.09,2024
31.0,MG,3103702.0,Araponga,47.1,2023
31.0,MG,3103702.0,Araponga,91.67,2024
31.0,MG,3103751.0,Araporã,62.7,2023
31.0,MG,3103751.0,Araporã,73.61,2024
31.0,MG,3103801.0,Arapuá,84.2,2023
31.0,MG,3103801.0,Arapuá,92.02,2024
31.0,MG,3103900.0,Araújos,74.0,2023
31.0,MG,3103900.0,Araújos,88.5,2024
31.0,MG,3104007.0,Araxá,68.8,2023
31.0,MG,3104007.0,Araxá,75.35000000000001,2024
31.0,MG,3104106.0,Arceburgo,86.8,2023
31.0,MG,3104106.0,Arceburgo,82.63,2024
31.0,MG,3104205.0,Arcos,78.8,2023
31.0,MG,3104205.0,Arcos,88.86,2024
31.0,MG,3104304.0,Areado,70.8,2023
31.0,MG,3104304.0,Areado,88.09,2024
31.0,MG,3104403.0,Argirita,55.1,2023
31.0,MG,3104403.0,Argirita,89.33,2024
31.0,MG,3104452.0,Aricanduva,56.5,2023
31.0,MG,3104452.0,Aricanduva,84.87,2024
31.0,MG,3104502.0,Arinos,45.3,2023
31.0,MG,3104502.0,Arinos,46.89,2024
31.0,MG,3104601.0,Astolfo Dutra,74.9,2023
31.0,MG,3104601.0,Astolfo Dutra,88.29,2024
31.0,MG,3104700.0,Ataléia,67.1,2023
31.0,MG,3104700.0,Ataléia,66.4,2024
31.0,MG,3104809.0,Augusto de Lima,48.2,2023
31.0,MG,3104809.0,Augusto de Lima,48.8,2024
31.0,MG,3104908.0,Baependi,70.3,2023
31.0,MG,3104908.0,Baependi,77.43,2024
31.0,MG,3105004.0,Baldim,74.3,2023
31.0,MG,3105004.0,Baldim,89.89,2024
31.0,MG,3105103.0,Bambuí,66.0,2023
31.0,MG,3105103.0,Bambuí,80.48,2024
31.0,MG,3105202.0,Bandeira,62.7,2023
31.0,MG,3105202.0,Bandeira,77.5,2024
31.0,MG,3105301.0,Bandeira do Sul,73.4,2023
31.0,MG,3105301.0,Bandeira do Sul,94.51,2024
31.0,MG,3105400.0,Barão de Cocais,58.8,2023
31.0,MG,3105400.0,Barão de Cocais,62.71,2024
31.0,MG,3105509.0,Barão do Monte Alto,63.5,2023
31.0,MG,3105509.0,Barão do Monte Alto,89.21000000000001,2024
31.0,MG,3105608.0,Barbacena,59.3,2023
31.0,MG,3105608.0,Barbacena,81.97,2024
31.0,MG,3106002.0,Bela Vista de Minas,63.8,2023
31.0,MG,3106002.0,Bela Vista de Minas,73.62,2024
31.0,MG,3106101.0,Belmiro Braga,,2023
31.0,MG,3106101.0,Belmiro Braga,57.69,2024
31.0,MG,3106200.0,Belo Horizonte,57.6,2023
31.0,MG,3106200.0,Belo Horizonte,68.58,2024
31.0,MG,3106309.0,Belo Oriente,57.1,2023
31.0,MG,3106309.0,Belo Oriente,65.94,2024
31.0,MG,3106408.0,Belo Vale,93.1,2023
31.0,MG,3106408.0,Belo Vale,97.32,2024
31.0,MG,3106606.0,Bertópolis,59.5,2023
31.0,MG,3106606.0,Bertópolis,85.02,2024
31.0,MG,3106655.0,Berizal,68.3,2023
31.0,MG,3106655.0,Berizal,83.33,2024
31.0,MG,3106705.0,Betim,53.9,2023
31.0,MG,3106705.0,Betim,66.62,2024
31.0,MG,3106804.0,Bias Fortes,68.8,2023
31.0,MG,3106804.0,Bias Fortes,100.0,2024
31.0,MG,3106903.0,Bicas,45.2,2023
31.0,MG,3106903.0,Bicas,70.71000000000001,2024
31.0,MG,3107000.0,Biquinhas,88.0,2023
31.0,MG,3107000.0,Biquinhas,58.22,2024
31.0,MG,3107109.0,Boa Esperança,53.8,2023
31.0,MG,3107109.0,Boa Esperança,74.5,2024
31.0,MG,3107208.0,Bocaina de Minas,50.0,2023
31.0,MG,3107208.0,Bocaina de Minas,73.33,2024
31.0,MG,3107307.0,Bocaiúva,68.8,2023
31.0,MG,3107307.0,Bocaiúva,68.42,2024
31.0,MG,3107406.0,Bom Despacho,42.9,2023
31.0,MG,3107406.0,Bom Despacho,65.88,2024
31.0,MG,3107505.0,Bom Jardim de Minas,47.7,2023
31.0,MG,3107505.0,Bom Jardim de Minas,60.13,2024
31.0,MG,3107604.0,Bom Jesus da Penha,51.3,2023
31.0,MG,3107604.0,Bom Jesus da Penha,87.21000000000001,2024
31.0,MG,3107802.0,Bom Jesus do Galho,93.2,2023
31.0,MG,3107802.0,Bom Jesus do Galho,75.91,2024
31.0,MG,3107901.0,Bom Repouso,56.6,2023
31.0,MG,3107901.0,Bom Repouso,68.27,2024
31.0,MG,3108008.0,Bom Sucesso,67.3,2023
31.0,MG,3108008.0,Bom Sucesso,83.73,2024
31.0,MG,3108107.0,Bonfim,69.3,2023
31.0,MG,3108107.0,Bonfim,85.95,2024
31.0,MG,3108206.0,Bonfinópolis de Minas,81.8,2023
31.0,MG,3108206.0,Bonfinópolis de Minas,71.88,2024
31.0,MG,3108255.0,Bonito de Minas,64.3,2023
31.0,MG,3108255.0,Bonito de Minas,49.15,2024
31.0,MG,3108305.0,Borda da Mata,65.6,2023
31.0,MG,3108305.0,Borda da Mata,81.21000000000001,2024
31.0,MG,3108404.0,Botelhos,65.5,2023
31.0,MG,3108404.0,Botelhos,87.53,2024
31.0,MG,3108552.0,Brasilândia de Minas,76.7,2023
31.0,MG,3108552.0,Brasilândia de Minas,76.71000000000001,2024
31.0,MG,3108602.0,Brasília de Minas,75.1,2023
31.0,MG,3108602.0,Brasília de Minas,76.32000000000001,2024
31.0,MG,3108701.0,Brás Pires,53.7,2023
31.0,MG,3108701.0,Brás Pires,81.16,2024
31.0,MG,3108800.0,Braúnas,72.2,2023
31.0,MG,3108800.0,Braúnas,63.3,2024
31.0,MG,3108909.0,Brazópolis,50.9,2023
31.0,MG,3108909.0,Brazópolis,79.14,2024
31.0,MG,3109006.0,Brumadinho,70.3,2023
31.0,MG,3109006.0,Brumadinho,87.73,2024
31.0,MG,3109105.0,Bueno Brandão,63.0,2023
31.0,MG,3109105.0,Bueno Brandão,82.56,2024
31.0,MG,3109204.0,Buenópolis,82.0,2023
31.0,MG,3109204.0,Buenópolis,75.91,2024
31.0,MG,3109253.0,Bugre,100.0,2023
31.0,MG,3109253.0,Bugre,85.0,2024
31.0,MG,3109303.0,Buritis,52.1,2023
31.0,MG,3109303.0,Buritis,62.9,2024
31.0,MG,3109402.0,Buritizeiro,37.7,2023
31.0,MG,3109402.0,Buritizeiro,62.63,2024
31.0,MG,3109451.0,Cabeceira Grande,40.5,2023
31.0,MG,3109451.0,Cabeceira Grande,54.59,2024
31.0,MG,3109501.0,Cabo Verde,72.0,2023
31.0,MG,3109501.0,Cabo Verde,86.58,2024
31.0,MG,3109600.0,Cachoeira da Prata,52.4,2023
31.0,MG,3109600.0,Cachoeira da Prata,80.0,2024
31.0,MG,3109808.0,Cachoeira Dourada,80.6,2023
31.0,MG,3109808.0,Cachoeira Dourada,94.74,2024
31.0,MG,3109907.0,Caetanópolis,55.1,2023
31.0,MG,3109907.0,Caetanópolis,72.48,2024
31.0,MG,3110004.0,Caeté,73.5,2023
31.0,MG,3110004.0,Caeté,70.95,2024
31.0,MG,3110103.0,Caiana,58.5,2023
31.0,MG,3110103.0,Caiana,76.5,2024
31.0,MG,3110202.0,Cajuri,64.2,2023
31.0,MG,3110202.0,Cajuri,69.57000000000001,2024
31.0,MG,3110301.0,Caldas,51.4,2023
31.0,MG,3110301.0,Caldas,72.95,2024
31.0,MG,3110400.0,Camacho,91.3,2023
31.0,MG,3110400.0,Camacho,86.64,2024
31.0,MG,3110509.0,Camanducaia,54.6,2023
31.0,MG,3110509.0,Camanducaia,58.56,2024
31.0,MG,3110608.0,Cambuí,65.2,2023
31.0,MG,3110608.0,Cambuí,81.94,2024
31.0,MG,3110707.0,Cambuquira,69.3,2023
31.0,MG,3110707.0,Cambuquira,85.08,2024
31.0,MG,3110806.0,Campanário,61.5,2023
31.0,MG,3110806.0,Campanário,47.62,2024
31.0,MG,3110905.0,Campanha,42.0,2023
31.0,MG,3110905.0,Campanha,64.8,2024
31.0,MG,3111002.0,Campestre,70.0,2023
31.0,MG,3111002.0,Campestre,81.73,2024
31.0,MG,3111101.0,Campina Verde,77.3,2023
31.0,MG,3111101.0,Campina Verde,75.03,2024
31.0,MG,3111150.0,Campo Azul,84.7,2023
31.0,MG,3111150.0,Campo Azul,73.26,2024
31.0,MG,3111200.0,Campo Belo,69.5,2023
31.0,MG,3111200.0,Campo Belo,85.57000000000001,2024
31.0,MG,3111309.0,Campo do Meio,67.5,2023
31.0,MG,3111309.0,Campo do Meio,76.54,2024
31.0,MG,3111408.0,Campo Florido,76.0,2023
31.0,MG,3111408.0,Campo Florido,52.14,2024
31.0,MG,3111507.0,Campos Altos,58.3,2023
31.0,MG,3111507.0,Campos Altos,65.27,2024
31.0,MG,3111606.0,Campos Gerais,65.6,2023
31.0,MG,3111606.0,Campos Gerais,71.94,2024
31.0,MG,3111705.0,Canaã,76.0,2023
31.0,MG,3111705.0,Canaã,87.5,2024
31.0,MG,3111903.0,Cana Verde,50.8,2023
31.0,MG,3111903.0,Cana Verde,93.33,2024
31.0,MG,3112000.0,Candeias,88.9,2023
31.0,MG,3112000.0,Candeias,90.37,2024
31.0,MG,3112059.0,Cantagalo,60.2,2023
31.0,MG,3112059.0,Cantagalo,65.99,2024
31.0,MG,3112109.0,Caparaó,60.2,2023
31.0,MG,3112109.0,Caparaó,67.92,2024
31.0,MG,3112208.0,Capela Nova,83.1,2023
31.0,MG,3112208.0,Capela Nova,77.37,2024
31.0,MG,3112307.0,Capelinha,56.4,2023
31.0,MG,3112307.0,Capelinha,80.94,2024
31.0,MG,3112505.0,Capim Branco,,2023
31.0,MG,3112505.0,Capim Branco,77.92,2024
31.0,MG,3112604.0,Capinópolis,51.2,2023
31.0,MG,3112604.0,Capinópolis,73.04,2024
31.0,MG,3112653.0,Capitão Andrade,40.5,2023
31.0,MG,3112653.0,Capitão Andrade,77.02,2024
31.0,MG,3112703.0,Capitão Enéas,61.9,2023
31.0,MG,3112703.0,Capitão Enéas,63.8,2024
31.0,MG,3112802.0,Capitólio,83.4,2023
31.0,MG,3112802.0,Capitólio,78.93,2024
31.0,MG,3112901.0,Caputira,59.4,2023
31.0,MG,3112901.0,Caputira,83.3,2024
31.0,MG,3113008.0,Caraí,42.0,2023
31.0,MG,3113008.0,Caraí,71.52,2024
31.0,MG,3113107.0,Caranaíba,70.0,2023
31.0,MG,3113107.0,Caranaíba,83.33,2024
31.0,MG,3113206.0,Carandaí,71.8,2023
31.0,MG,3113206.0,Carandaí,80.43,2024
31.0,MG,3113305.0,Carangola,50.8,2023
31.0,MG,3113305.0,Carangola,52.42,2024
31.0,MG,3113404.0,Caratinga,50.3,2023
31.0,MG,3113404.0,Caratinga,67.42,2024
31.0,MG,3113503.0,Carbonita,64.6,2023
31.0,MG,3113503.0,Carbonita,70.78,2024
31.0,MG,3113602.0,Careaçu,97.4,2023
31.0,MG,3113602.0,Careaçu,74.18,2024
31.0,MG,3113701.0,Carlos Chagas,56.5,2023
31.0,MG,3113701.0,Carlos Chagas,55.83,2024
31.0,MG,3113800.0,Carmésia,29.8,2023
31.0,MG,3113800.0,Carmésia,62.5,2024
31.0,MG,3113909.0,Carmo da Cachoeira,74.3,2023
31.0,MG,3113909.0,Carmo da Cachoeira,78.88,2024
31.0,MG,3114006.0,Carmo da Mata,79.1,2023
31.0,MG,3114006.0,Carmo da Mata,68.1,2024
31.0,MG,3114105.0,Carmo de Minas,56.5,2023
31.0,MG,3114105.0,Carmo de Minas,71.02,2024
31.0,MG,3114204.0,Carmo do Cajuru,67.2,2023
31.0,MG,3114204.0,Carmo do Cajuru,72.37,2024
31.0,MG,3114303.0,Carmo do Paranaíba,70.4,2023
31.0,MG,3114303.0,Carmo do Paranaíba,86.19,2024
31.0,MG,3114501.0,Carmópolis de Minas,76.9,2023
31.0,MG,3114501.0,Carmópolis de Minas,81.68,2024
31.0,MG,3114550.0,Carneirinho,52.2,2023
31.0,MG,3114550.0,Carneirinho,64.51,2024
31.0,MG,3114600.0,Carrancas,70.4,2023
31.0,MG,3114600.0,Carrancas,89.76,2024
31.0,MG,3114709.0,Carvalhópolis,77.0,2023
31.0,MG,3114709.0,Carvalhópolis,100.0,2024
31.0,MG,3114808.0,Carvalhos,80.3,2023
31.0,MG,3114808.0,Carvalhos,72.5,2024
31.0,MG,3114907.0,Casa Grande,68.8,2023
31.0,MG,3114907.0,Casa Grande,94.12,2024
31.0,MG,3115003.0,Cascalho Rico,63.9,2023
31.0,MG,3115003.0,Cascalho Rico,85.84,2024
31.0,MG,3115102.0,Cássia,70.7,2023
31.0,MG,3115102.0,Cássia,76.99,2024
31.0,MG,3115201.0,Conceição da Barra de Minas,68.8,2023
31.0,MG,3115201.0,Conceição da Barra de Minas,70.43,2024
31.0,MG,3115300.0,Cataguases,36.0,2023
31.0,MG,3115300.0,Cataguases,60.22,2024
31.0,MG,3115359.0,Catas Altas,67.4,2023
31.0,MG,3115359.0,Catas Altas,71.35000000000001,2024
31.0,MG,3115458.0,Catuji,35.9,2023
31.0,MG,3115458.0,Catuji,66.72,2024
31.0,MG,3115474.0,Catuti,61.3,2023
31.0,MG,3115474.0,Catuti,75.75,2024
31.0,MG,3115508.0,Caxambu,76.4,2023
31.0,MG,3115508.0,Caxambu,78.2,2024
31.0,MG,3115706.0,Central de Minas,71.3,2023
31.0,MG,3115706.0,Central de Minas,72.79,2024
31.0,MG,3115805.0,Centralina,78.3,2023
31.0,MG,3115805.0,Centralina,89.95,2024
31.0,MG,3115904.0,Chácara,28.8,2023
31.0,MG,3115904.0,Chácara,44.9,2024
31.0,MG,3116001.0,Chalé,89.1,2023
31.0,MG,3116001.0,Chalé,70.09,2024
31.0,MG,3116100.0,Chapada do Norte,41.1,2023
31.0,MG,3116100.0,Chapada do Norte,66.15,2024
31.0,MG,3116159.0,Chapada Gaúcha,49.2,2023
31.0,MG,3116159.0,Chapada Gaúcha,69.39,2024
31.0,MG,3116209.0,Chiador,77.5,2023
31.0,MG,3116209.0,Chiador,76.01,2024
31.0,MG,3116308.0,Cipotânea,73.1,2023
31.0,MG,3116308.0,Cipotânea,92.31,2024
31.0,MG,3116407.0,Claraval,75.0,2023
31.0,MG,3116407.0,Claraval,84.7,2024
31.0,MG,3116506.0,Claro dos Poções,70.1,2023
31.0,MG,3116506.0,Claro dos Poções,68.63,2024
31.0,MG,3116605.0,Cláudio,61.1,2023
31.0,MG,3116605.0,Cláudio,82.99,2024
31.0,MG,3116704.0,Coimbra,76.9,2023
31.0,MG,3116704.0,Coimbra,83.5,2024
31.0,MG,3116803.0,Coluna,64.1,2023
31.0,MG,3116803.0,Coluna,91.21,2024
31.0,MG,3116902.0,Comendador Gomes,35.7,2023
31.0,MG,3116902.0,Comendador Gomes,74.3,2024
31.0,MG,3117009.0,Comercinho,58.3,2023
31.0,MG,3117009.0,Comercinho,68.38,2024
31.0,MG,3117108.0,Conceição da Aparecida,70.9,2023
31.0,MG,3117108.0,Conceição da Aparecida,78.53,2024
31.0,MG,3117207.0,Conceição das Pedras,57.9,2023
31.0,MG,3117207.0,Conceição das Pedras,76.67,2024
31.0,MG,3117306.0,Conceição das Alagoas,55.4,2023
31.0,MG,3117306.0,Conceição das Alagoas,58.64,2024
31.0,MG,3117405.0,Conceição de Ipanema,90.0,2023
31.0,MG,3117405.0,Conceição de Ipanema,74.88,2024
31.0,MG,3117504.0,Conceição do Mato Dentro,58.7,2023
31.0,MG,3117504.0,Conceição do Mato Dentro,82.33,2024
31.0,MG,3117702.0,Conceição do Rio Verde,89.9,2023
31.0,MG,3117702.0,Conceição do Rio Verde,78.17,2024
31.0,MG,3117876.0,Confins,52.5,2023
31.0,MG,3117876.0,Confins,69.15,2024
31.0,MG,3117900.0,Congonhal,73.5,2023
31.0,MG,3117900.0,Congonhal,83.44,2024
31.0,MG,3118007.0,Congonhas,56.2,2023
31.0,MG,3118007.0,Congonhas,74.01,2024
31.0,MG,3118106.0,Congonhas do Norte,92.0,2023
31.0,MG,3118106.0,Congonhas do Norte,60.49,2024
31.0,MG,3118304.0,Conselheiro Lafaiete,65.0,2023
31.0,MG,3118304.0,Conselheiro Lafaiete,82.19,2024
31.0,MG,3118403.0,Conselheiro Pena,66.9,2023
31.0,MG,3118403.0,Conselheiro Pena,57.14,2024
31.0,MG,3118502.0,Consolação,62.5,2023
31.0,MG,3118502.0,Consolação,38.89,2024
31.0,MG,3118601.0,Contagem,53.7,2023
31.0,MG,3118601.0,Contagem,69.05,2024
31.0,MG,3118700.0,Coqueiral,71.3,2023
31.0,MG,3118700.0,Coqueiral,82.47,2024
31.0,MG,3118809.0,Coração de Jesus,65.6,2023
31.0,MG,3118809.0,Coração de Jesus,68.05,2024
31.0,MG,3118908.0,Cordisburgo,69.3,2023
31.0,MG,3118908.0,Cordisburgo,79.85000000000001,2024
31.0,MG,3119005.0,Cordislândia,47.1,2023
31.0,MG,3119005.0,Cordislândia,73.53,2024
31.0,MG,3119104.0,Corinto,40.0,2023
31.0,MG,3119104.0,Corinto,85.75,2024
31.0,MG,3119203.0,Coroaci,56.2,2023
31.0,MG,3119203.0,Coroaci,73.42,2024
31.0,MG,3119302.0,Coromandel,41.9,2023
31.0,MG,3119302.0,Coromandel,63.22,2024
31.0,MG,3119401.0,Coronel Fabriciano,47.4,2023
31.0,MG,3119401.0,Coronel Fabriciano,64.1,2024
31.0,MG,3119500.0,Coronel Murta,65.7,2023
31.0,MG,3119500.0,Coronel Murta,67.56,2024
31.0,MG,3119609.0,Coronel Pacheco,100.0,2023
31.0,MG,3119609.0,Coronel Pacheco,59.91,2024
31.0,MG,3119708.0,Coronel Xavier Chaves,72.5,2023
31.0,MG,3119708.0,Coronel Xavier Chaves,92.31,2024
31.0,MG,3119807.0,Córrego Danta,84.1,2023
31.0,MG,3119807.0,Córrego Danta,75.27,2024
31.0,MG,3119955.0,Córrego Fundo,69.6,2023
31.0,MG,3119955.0,Córrego Fundo,96.07,2024
31.0,MG,3120003.0,Córrego Novo,46.7,2023
31.0,MG,3120003.0,Córrego Novo,62.81,2024
31.0,MG,3120102.0,Couto de Magalhães de Minas,48.5,2023
31.0,MG,3120102.0,Couto de Magalhães de Minas,77.52,2024
31.0,MG,3120151.0,Crisólita,53.0,2023
31.0,MG,3120151.0,Crisólita,48.66,2024
31.0,MG,3120201.0,Cristais,67.3,2023
31.0,MG,3120201.0,Cristais,86.07000000000001,2024
31.0,MG,3120409.0,Cristiano Otoni,72.1,2023
31.0,MG,3120409.0,Cristiano Otoni,89.96000000000001,2024
31.0,MG,3120508.0,Cristina,55.8,2023
31.0,MG,3120508.0,Cristina,81.73,2024
31.0,MG,3120607.0,Crucilândia,81.5,2023
31.0,MG,3120607.0,Crucilândia,90.23,2024
31.0,MG,3120706.0,Cruzeiro da Fortaleza,62.4,2023
31.0,MG,3120706.0,Cruzeiro da Fortaleza,80.92,2024
31.0,MG,3120805.0,Cruzília,97.2,2023
31.0,MG,3120805.0,Cruzília,75.3,2024
31.0,MG,3120839.0,Cuparaque,98.0,2023
31.0,MG,3120839.0,Cuparaque,69.0,2024
31.0,MG,3120870.0,Curral de Dentro,79.3,2023
31.0,MG,3120870.0,Curral de Dentro,80.36,2024
31.0,MG,3120904.0,Curvelo,65.3,2023
31.0,MG,3120904.0,Curvelo,71.71000000000001,2024
31.0,MG,3121001.0,Datas,80.0,2023
31.0,MG,3121001.0,Datas,90.32,2024
31.0,MG,3121100.0,Delfim Moreira,63.5,2023
31.0,MG,3121100.0,Delfim Moreira,93.02,2024
31.0,MG,3121209.0,Delfinópolis,79.2,2023
31.0,MG,3121209.0,Delfinópolis,68.3,2024
31.0,MG,3121258.0,Delta,51.0,2023
31.0,MG,3121258.0,Delta,47.77,2024
31.0,MG,3121308.0,Descoberto,62.7,2023
31.0,MG,3121308.0,Descoberto,73.05,2024
31.0,MG,3121407.0,Desterro de Entre Rios,80.9,2023
31.0,MG,3121407.0,Desterro de Entre Rios,79.93,2024
31.0,MG,3121506.0,Desterro do Melo,68.2,2023
31.0,MG,3121506.0,Desterro do Melo,96.43,2024
31.0,MG,3121605.0,Diamantina,59.5,2023
31.0,MG,3121605.0,Diamantina,70.61,2024
31.0,MG,3121704.0,Diogo de Vasconcelos,78.4,2023
31.0,MG,3121704.0,Diogo de Vasconcelos,76.25,2024
31.0,MG,3121803.0,Dionísio,82.4,2023
31.0,MG,3121803.0,Dionísio,72.13,2024
31.0,MG,3121902.0,Divinésia,43.0,2023
31.0,MG,3121902.0,Divinésia,75.0,2024
31.0,MG,3122009.0,Divino,49.2,2023
31.0,MG,3122009.0,Divino,67.15,2024
31.0,MG,3122108.0,Divino das Laranjeiras,41.4,2023
31.0,MG,3122108.0,Divino das Laranjeiras,85.71000000000001,2024
31.0,MG,3122207.0,Divinolândia de Minas,67.5,2023
31.0,MG,3122207.0,Divinolândia de Minas,87.10000000000001,2024
31.0,MG,3122306.0,Divinópolis,64.7,2023
31.0,MG,3122306.0,Divinópolis,73.79,2024
31.0,MG,3122355.0,Divisa Alegre,50.9,2023
31.0,MG,3122355.0,Divisa Alegre,62.690000000000005,2024
31.0,MG,3122405.0,Divisa Nova,64.3,2023
31.0,MG,3122405.0,Divisa Nova,67.64,2024
31.0,MG,3122454.0,Divisópolis,42.5,2023
31.0,MG,3122454.0,Divisópolis,72.43,2024
31.0,MG,3122470.0,Dom Bosco,55.6,2023
31.0,MG,3122470.0,Dom Bosco,84.62,2024
31.0,MG,3122504.0,Dom Cavati,74.7,2023
31.0,MG,3122504.0,Dom Cavati,73.35000000000001,2024
31.0,MG,3122702.0,Dom Silvério,66.8,2023
31.0,MG,3122702.0,Dom Silvério,92.48,2024
31.0,MG,3122801.0,Dom Viçoso,94.3,2023
31.0,MG,3122801.0,Dom Viçoso,84.85000000000001,2024
31.0,MG,3122900.0,Dona Euzébia,47.1,2023
31.0,MG,3122900.0,Dona Euzébia,95.71,2024
31.0,MG,3123007.0,Dores de Campos,54.7,2023
31.0,MG,3123007.0,Dores de Campos,76.43,2024
31.0,MG,3123106.0,Dores de Guanhães,42.6,2023
31.0,MG,3123106.0,Dores de Guanhães,72.49,2024
31.0,MG,3123205.0,Dores do Indaiá,65.8,2023
31.0,MG,3123205.0,Dores do Indaiá,85.44,2024
31.0,MG,3123304.0,Dores do Turvo,76.7,2023
31.0,MG,3123304.0,Dores do Turvo,95.99,2024
31.0,MG,3123403.0,Doresópolis,38.5,2023
31.0,MG,3123403.0,Doresópolis,66.67,2024
31.0,MG,3123528.0,Durandé,78.2,2023
31.0,MG,3123528.0,Durandé,71.43,2024
31.0,MG,3123601.0,Elói Mendes,57.9,2023
31.0,MG,3123601.0,Elói Mendes,64.98,2024
31.0,MG,3123700.0,Engenheiro Caldas,58.2,2023
31.0,MG,3123700.0,Engenheiro Caldas,63.03,2024
31.0,MG,3123809.0,Engenheiro Navarro,44.7,2023
31.0,MG,3123809.0,Engenheiro Navarro,76.22,2024
31.0,MG,3123858.0,Entre Folhas,78.6,2023
31.0,MG,3123858.0,Entre Folhas,77.45,2024
31.0,MG,3124005.0,Ervália,54.5,2023
31.0,MG,3124005.0,Ervália,85.0,2024
31.0,MG,3124203.0,Espera Feliz,71.6,2023
31.0,MG,3124203.0,Espera Feliz,61.52,2024
31.0,MG,3124302.0,Espinosa,64.3,2023
31.0,MG,3124302.0,Espinosa,62.4,2024
31.0,MG,3124401.0,Espírito Santo do Dourado,66.5,2023
31.0,MG,3124401.0,Espírito Santo do Dourado,66.53,2024
31.0,MG,3124500.0,Estiva,72.5,2023
31.0,MG,3124500.0,Estiva,91.03,2024
31.0,MG,3124609.0,Estrela Dalva,87.3,2023
31.0,MG,3124609.0,Estrela Dalva,66.67,2024
31.0,MG,3124708.0,Estrela do Indaiá,100.0,2023
31.0,MG,3124708.0,Estrela do Indaiá,100.0,2024
31.0,MG,3124807.0,Estrela do Sul,46.8,2023
31.0,MG,3124807.0,Estrela do Sul,69.36,2024
31.0,MG,3124906.0,Eugenópolis,56.5,2023
31.0,MG,3124906.0,Eugenópolis,68.59,2024
31.0,MG,3125002.0,Ewbank da Câmara,35.7,2023
31.0,MG,3125002.0,Ewbank da Câmara,64.41,2024
31.0,MG,3125101.0,Extrema,57.7,2023
31.0,MG,3125101.0,Extrema,69.33,2024
31.0,MG,3125200.0,Fama,72.0,2023
31.0,MG,3125200.0,Fama,86.96000000000001,2024
31.0,MG,3125309.0,Faria Lemos,14.7,2023
31.0,MG,3125309.0,Faria Lemos,69.23,2024
31.0,MG,3125408.0,Felício dos Santos,82.1,2023
31.0,MG,3125408.0,Felício dos Santos,79.38,2024
31.0,MG,3125507.0,São Gonçalo do Rio Preto,80.1,2023
31.0,MG,3125507.0,São Gonçalo do Rio Preto,83.33,2024
31.0,MG,3125606.0,Felisburgo,52.2,2023
31.0,MG,3125606.0,Felisburgo,70.2,2024
31.0,MG,3125705.0,Felixlândia,52.0,2023
31.0,MG,3125705.0,Felixlândia,75.10000000000001,2024
31.0,MG,3125804.0,Fernandes Tourinho,63.5,2023
31.0,MG,3125804.0,Fernandes Tourinho,52.38,2024
31.0,MG,3125903.0,Ferros,38.1,2023
31.0,MG,3125903.0,Ferros,70.78,2024
31.0,MG,3126109.0,Formiga,66.9,2023
31.0,MG,3126109.0,Formiga,86.89,2024
31.0,MG,3126208.0,Formoso,61.1,2023
31.0,MG,3126208.0,Formoso,74.9,2024
31.0,MG,3126307.0,Fortaleza de Minas,,2023
31.0,MG,3126307.0,Fortaleza de Minas,62.75,2024
31.0,MG,3126406.0,Fortuna de Minas,59.3,2023
31.0,MG,3126406.0,Fortuna de Minas,90.83,2024
31.0,MG,3126604.0,Francisco Dumont,31.5,2023
31.0,MG,3126604.0,Francisco Dumont,37.5,2024
31.0,MG,3126703.0,Francisco Sá,41.6,2023
31.0,MG,3126703.0,Francisco Sá,35.050000000000004,2024
31.0,MG,3126752.0,Franciscópolis,88.6,2023
31.0,MG,3126752.0,Franciscópolis,63.78,2024
31.0,MG,3126802.0,Frei Gaspar,51.8,2023
31.0,MG,3126802.0,Frei Gaspar,69.89,2024
31.0,MG,3126901.0,Frei Inocêncio,53.1,2023
31.0,MG,3126901.0,Frei Inocêncio,64.71000000000001,2024
31.0,MG,3127008.0,Fronteira,52.9,2023
31.0,MG,3127008.0,Fronteira,76.16,2024
31.0,MG,3127057.0,Fronteira dos Vales,37.3,2023
31.0,MG,3127057.0,Fronteira dos Vales,58.66,2024
31.0,MG,3127107.0,Frutal,53.9,2023
31.0,MG,3127107.0,Frutal,73.59,2024
31.0,MG,3127206.0,Funilândia,51.4,2023
31.0,MG,3127206.0,Funilândia,69.2,2024
31.0,MG,3127305.0,Galiléia,47.3,2023
31.0,MG,3127305.0,Galiléia,62.07,2024
31.0,MG,3127339.0,Gameleiras,41.7,2023
31.0,MG,3127339.0,Gameleiras,53.85,2024
31.0,MG,3127354.0,Glaucilândia,57.1,2023
31.0,MG,3127354.0,Glaucilândia,71.43,2024
31.0,MG,3127370.0,Goiabeira,67.8,2023
31.0,MG,3127370.0,Goiabeira,91.43,2024
31.0,MG,3127388.0,Goianá,75.0,2023
31.0,MG,3127388.0,Goianá,80.51,2024
31.0,MG,3127404.0,Gonçalves,62.2,2023
31.0,MG,3127404.0,Gonçalves,77.02,2024
31.0,MG,3127503.0,Gonzaga,66.4,2023
31.0,MG,3127503.0,Gonzaga,82.31,2024
31.0,MG,3127602.0,Gouveia,74.2,2023
31.0,MG,3127602.0,Gouveia,91.11,2024
31.0,MG,3127701.0,Governador Valadares,52.1,2023
31.0,MG,3127701.0,Governador Valadares,68.07000000000001,2024
31.0,MG,3127800.0,Grão Mogol,71.6,2023
31.0,MG,3127800.0,Grão Mogol,86.04,2024
31.0,MG,3128006.0,Guanhães,57.6,2023
31.0,MG,3128006.0,Guanhães,68.68,2024
31.0,MG,3128105.0,Guapé,58.6,2023
31.0,MG,3128105.0,Guapé,80.4,2024
31.0,MG,3128204.0,Guaraciaba,,2023
31.0,MG,3128204.0,Guaraciaba,75.0,2024
31.0,MG,3128253.0,Guaraciama,42.0,2023
31.0,MG,3128253.0,Guaraciama,80.7,2024
31.0,MG,3128303.0,Guaranésia,73.6,2023
31.0,MG,3128303.0,Guaranésia,65.21000000000001,2024
31.0,MG,3128402.0,Guarani,80.5,2023
31.0,MG,3128402.0,Guarani,77.84,2024
31.0,MG,3128600.0,Guarda-Mor,79.1,2023
31.0,MG,3128600.0,Guarda-Mor,51.620000000000005,2024
31.0,MG,3128709.0,Guaxupé,53.5,2023
31.0,MG,3128709.0,Guaxupé,66.93,2024
31.0,MG,3128808.0,Guidoval,61.8,2023
31.0,MG,3128808.0,Guidoval,58.58,2024
31.0,MG,3128907.0,Guimarânia,60.6,2023
31.0,MG,3128907.0,Guimarânia,85.10000000000001,2024
31.0,MG,3129004.0,Guiricema,44.7,2023
31.0,MG,3129004.0,Guiricema,82.89,2024
31.0,MG,3129202.0,Heliodora,48.4,2023
31.0,MG,3129202.0,Heliodora,67.59,2024
31.0,MG,3129301.0,Iapu,37.1,2023
31.0,MG,3129301.0,Iapu,67.68,2024
31.0,MG,3129400.0,Ibertioga,89.4,2023
31.0,MG,3129400.0,Ibertioga,87.87,2024
31.0,MG,3129509.0,Ibiá,52.5,2023
31.0,MG,3129509.0,Ibiá,78.10000000000001,2024
31.0,MG,3129608.0,Ibiaí,57.0,2023
31.0,MG,3129608.0,Ibiaí,76.41,2024
31.0,MG,3129657.0,Ibiracatu,64.3,2023
31.0,MG,3129657.0,Ibiracatu,37.74,2024
31.0,MG,3129707.0,Ibiraci,32.8,2023
31.0,MG,3129707.0,Ibiraci,73.86,2024
31.0,MG,3129806.0,Ibirité,51.6,2023
31.0,MG,3129806.0,Ibirité,63.66,2024
31.0,MG,3129905.0,Ibitiúra de Minas,38.1,2023
31.0,MG,3129905.0,Ibitiúra de Minas,78.04,2024
31.0,MG,3130002.0,Ibituruna,60.6,2023
31.0,MG,3130002.0,Ibituruna,83.33,2024
31.0,MG,3130051.0,Icaraí de Minas,54.0,2023
31.0,MG,3130051.0,Icaraí de Minas,77.42,2024
31.0,MG,3130101.0,Igarapé,51.9,2023
31.0,MG,3130101.0,Igarapé,73.84,2024
31.0,MG,3130200.0,Igaratinga,68.9,2023
31.0,MG,3130200.0,Igaratinga,79.48,2024
31.0,MG,3130309.0,Iguatama,98.4,2023
31.0,MG,3130309.0,Iguatama,94.08,2024
31.0,MG,3130408.0,Ijaci,72.8,2023
31.0,MG,3130408.0,Ijaci,82.9,2024
31.0,MG,3130507.0,Ilicínea,46.0,2023
31.0,MG,3130507.0,Ilicínea,65.15,2024
31.0,MG,3130556.0,Imbé de Minas,65.6,2023
31.0,MG,3130556.0,Imbé de Minas,88.46000000000001,2024
31.0,MG,3130606.0,Inconfidentes,81.4,2023
31.0,MG,3130606.0,Inconfidentes,86.18,2024
31.0,MG,3130655.0,Indaiabira,56.1,2023
31.0,MG,3130655.0,Indaiabira,89.58,2024
31.0,MG,3130804.0,Ingaí,52.3,2023
31.0,MG,3130804.0,Ingaí,87.27,2024
31.0,MG,3130903.0,Inhapim,68.6,2023
31.0,MG,3130903.0,Inhapim,84.81,2024
31.0,MG,3131000.0,Inhaúma,47.0,2023
31.0,MG,3131000.0,Inhaúma,77.62,2024
31.0,MG,3131109.0,Inimutaba,40.7,2023
31.0,MG,3131109.0,Inimutaba,77.8,2024
31.0,MG,3131158.0,Ipaba,63.0,2023
31.0,MG,3131158.0,Ipaba,77.71000000000001,2024
31.0,MG,3131208.0,Ipanema,78.9,2023
31.0,MG,3131208.0,Ipanema,77.67,2024
31.0,MG,3131307.0,Ipatinga,64.7,2023
31.0,MG,3131307.0,Ipatinga,70.92,2024
31.0,MG,3131406.0,Ipiaçu,75.2,2023
31.0,MG,3131406.0,Ipiaçu,76.42,2024
31.0,MG,3131505.0,Ipuiúna,52.9,2023
31.0,MG,3131505.0,Ipuiúna,63.82,2024
31.0,MG,3131604.0,Iraí de Minas,38.4,2023
31.0,MG,3131604.0,Iraí de Minas,77.81,2024
31.0,MG,3131703.0,Itabira,57.2,2023
31.0,MG,3131703.0,Itabira,68.15,2024
31.0,MG,3131802.0,Itabirinha,64.8,2023
31.0,MG,3131802.0,Itabirinha,83.44,2024
31.0,MG,3132008.0,Itacambira,78.6,2023
31.0,MG,3132008.0,Itacambira,100.0,2024
31.0,MG,3132107.0,Itacarambi,49.5,2023
31.0,MG,3132107.0,Itacarambi,72.78,2024
31.0,MG,3132206.0,Itaguara,57.0,2023
31.0,MG,3132206.0,Itaguara,90.91,2024
31.0,MG,3132305.0,Itaipé,57.5,2023
31.0,MG,3132305.0,Itaipé,55.18,2024
31.0,MG,3132404.0,Itajubá,59.8,2023
31.0,MG,3132404.0,Itajubá,79.10000000000001,2024
31.0,MG,3132503.0,Itamarandiba,59.1,2023
31.0,MG,3132503.0,Itamarandiba,81.25,2024
31.0,MG,3132602.0,Itamarati de Minas,48.0,2023
31.0,MG,3132602.0,Itamarati de Minas,73.68,2024
31.0,MG,3132701.0,Itambacuri,51.6,2023
31.0,MG,3132701.0,Itambacuri,56.95,2024
31.0,MG,3132800.0,Itambé do Mato Dentro,77.8,2023
31.0,MG,3132800.0,Itambé do Mato Dentro,83.33,2024
31.0,MG,3132909.0,Itamogi,61.1,2023
31.0,MG,3132909.0,Itamogi,80.11,2024
31.0,MG,3133006.0,Itamonte,57.6,2023
31.0,MG,3133006.0,Itamonte,81.86,2024
31.0,MG,3133105.0,Itanhandu,89.8,2023
31.0,MG,3133105.0,Itanhandu,84.24,2024
31.0,MG,3133303.0,Itaobim,49.7,2023
31.0,MG,3133303.0,Itaobim,49.620000000000005,2024
31.0,MG,3133402.0,Itapagipe,63.9,2023
31.0,MG,3133402.0,Itapagipe,77.3,2024
31.0,MG,3133501.0,Itapecerica,72.4,2023
31.0,MG,3133501.0,Itapecerica,84.46000000000001,2024
31.0,MG,3133600.0,Itapeva,52.0,2023
31.0,MG,3133600.0,Itapeva,67.89,2024
31.0,MG,3133709.0,Itatiaiuçu,72.4,2023
31.0,MG,3133709.0,Itatiaiuçu,80.42,2024
31.0,MG,3133758.0,Itaú de Minas,74.3,2023
31.0,MG,3133758.0,Itaú de Minas,89.46000000000001,2024
31.0,MG,3133808.0,Itaúna,69.8,2023
31.0,MG,3133808.0,Itaúna,88.76,2024
31.0,MG,3133907.0,Itaverava,,2023
31.0,MG,3133907.0,Itaverava,76.97,2024
31.0,MG,3134004.0,Itinga,52.3,2023
31.0,MG,3134004.0,Itinga,64.84,2024
31.0,MG,3134103.0,Itueta,55.5,2023
31.0,MG,3134103.0,Itueta,79.92,2024
31.0,MG,3134202.0,Ituiutaba,63.0,2023
31.0,MG,3134202.0,Ituiutaba,66.72,2024
31.0,MG,3134301.0,Itumirim,59.2,2023
31.0,MG,3134301.0,Itumirim,73.75,2024
31.0,MG,3134400.0,Iturama,55.8,2023
31.0,MG,3134400.0,Iturama,69.61,2024
31.0,MG,3134509.0,Itutinga,51.4,2023
31.0,MG,3134509.0,Itutinga,76.33,2024
31.0,MG,3134608.0,Jaboticatubas,69.4,2023
31.0,MG,3134608.0,Jaboticatubas,75.36,2024
31.0,MG,3134707.0,Jacinto,45.4,2023
31.0,MG,3134707.0,Jacinto,55.44,2024
31.0,MG,3134806.0,Jacuí,70.9,2023
31.0,MG,3134806.0,Jacuí,85.13,2024
31.0,MG,3134905.0,Jacutinga,59.8,2023
31.0,MG,3134905.0,Jacutinga,79.14,2024
31.0,MG,3135209.0,Januária,20.1,2023
31.0,MG,3135209.0,Januária,47.12,2024
31.0,MG,3135308.0,Japaraíba,71.0,2023
31.0,MG,3135308.0,Japaraíba,78.49,2024
31.0,MG,3135357.0,Japonvar,75.0,2023
31.0,MG,3135357.0,Japonvar,60.75,2024
31.0,MG,3135407.0,Jeceaba,67.6,2023
31.0,MG,3135407.0,Jeceaba,88.66,2024
31.0,MG,3135506.0,Jequeri,57.5,2023
31.0,MG,3135506.0,Jequeri,84.89,2024
31.0,MG,3135605.0,Jequitaí,39.9,2023
31.0,MG,3135605.0,Jequitaí,70.71000000000001,2024
31.0,MG,3135803.0,Jequitinhonha,44.0,2023
31.0,MG,3135803.0,Jequitinhonha,55.65,2024
31.0,MG,3135902.0,Jesuânia,62.1,2023
31.0,MG,3135902.0,Jesuânia,81.14,2024
31.0,MG,3136108.0,Joanésia,95.1,2023
31.0,MG,3136108.0,Joanésia,85.58,2024
31.0,MG,3136207.0,João Monlevade,60.9,2023
31.0,MG,3136207.0,João Monlevade,79.74,2024
31.0,MG,3136306.0,João Pinheiro,60.1,2023
31.0,MG,3136306.0,João Pinheiro,69.87,2024
31.0,MG,3136405.0,Joaquim Felício,52.4,2023
31.0,MG,3136405.0,Joaquim Felício,71.38,2024
31.0,MG,3136553.0,José Raydan,79.1,2023
31.0,MG,3136553.0,José Raydan,77.36,2024
31.0,MG,3136579.0,Josenópolis,90.3,2023
31.0,MG,3136579.0,Josenópolis,90.91,2024
31.0,MG,3136603.0,Nova União,48.0,2023
31.0,MG,3136603.0,Nova União,92.79,2024
31.0,MG,3136652.0,Juatuba,47.6,2023
31.0,MG,3136652.0,Juatuba,68.53,2024
31.0,MG,3136702.0,Juiz de Fora,43.6,2023
31.0,MG,3136702.0,Juiz de Fora,49.55,2024
31.0,MG,3136801.0,Juramento,63.2,2023
31.0,MG,3136801.0,Juramento,55.56,2024
31.0,MG,3136900.0,Juruaia,78.5,2023
31.0,MG,3136900.0,Juruaia,82.69,2024
31.0,MG,3137007.0,Ladainha,23.8,2023
31.0,MG,3137007.0,Ladainha,54.47,2024
31.0,MG,3137106.0,Lagamar,91.7,2023
31.0,MG,3137106.0,Lagamar,56.25,2024
31.0,MG,3137205.0,Lagoa da Prata,72.6,2023
31.0,MG,3137205.0,Lagoa da Prata,79.9,2024
31.0,MG,3137304.0,Lagoa dos Patos,41.0,2023
31.0,MG,3137304.0,Lagoa dos Patos,69.48,2024
31.0,MG,3137403.0,Lagoa Dourada,63.9,2023
31.0,MG,3137403.0,Lagoa Dourada,87.23,2024
31.0,MG,3137502.0,Lagoa Formosa,60.5,2023
31.0,MG,3137502.0,Lagoa Formosa,82.01,2024
31.0,MG,3137536.0,Lagoa Grande,81.8,2023
31.0,MG,3137536.0,Lagoa Grande,76.48,2024
31.0,MG,3137601.0,Lagoa Santa,61.7,2023
31.0,MG,3137601.0,Lagoa Santa,72.24,2024
31.0,MG,3137700.0,Lajinha,72.0,2023
31.0,MG,3137700.0,Lajinha,69.27,2024
31.0,MG,3137809.0,Lambari,65.7,2023
31.0,MG,3137809.0,Lambari,74.76,2024
31.0,MG,3138005.0,Laranjal,40.3,2023
31.0,MG,3138005.0,Laranjal,82.11,2024
31.0,MG,3138104.0,Lassance,80.2,2023
31.0,MG,3138104.0,Lassance,48.0,2024
31.0,MG,3138203.0,Lavras,56.2,2023
31.0,MG,3138203.0,Lavras,67.11,2024
31.0,MG,3138351.0,Leme do Prado,52.9,2023
31.0,MG,3138351.0,Leme do Prado,92.39,2024
31.0,MG,3138401.0,Leopoldina,58.7,2023
31.0,MG,3138401.0,Leopoldina,65.18,2024
31.0,MG,3138500.0,Liberdade,56.2,2023
31.0,MG,3138500.0,Liberdade,71.21000000000001,2024
31.0,MG,3138609.0,Lima Duarte,46.5,2023
31.0,MG,3138609.0,Lima Duarte,69.51,2024
31.0,MG,3138625.0,Limeira do Oeste,65.2,2023
31.0,MG,3138625.0,Limeira do Oeste,59.7,2024
31.0,MG,3138658.0,Lontra,64.0,2023
31.0,MG,3138658.0,Lontra,78.07000000000001,2024
31.0,MG,3138674.0,Luisburgo,81.6,2023
31.0,MG,3138674.0,Luisburgo,87.7,2024
31.0,MG,3138682.0,Luislândia,50.0,2023
31.0,MG,3138682.0,Luislândia,85.0,2024
31.0,MG,3138708.0,Luminárias,67.3,2023
31.0,MG,3138708.0,Luminárias,97.5,2024
31.0,MG,3138807.0,Luz,54.4,2023
31.0,MG,3138807.0,Luz,87.21000000000001,2024
31.0,MG,3138906.0,Machacalis,62.0,2023
31.0,MG,3138906.0,Machacalis,65.94,2024
31.0,MG,3139003.0,Machado,59.9,2023
31.0,MG,3139003.0,Machado,87.02,2024
31.0,MG,3139102.0,Madre de Deus de Minas,69.5,2023
31.0,MG,3139102.0,Madre de Deus de Minas,71.05,2024
31.0,MG,3139201.0,Malacacheta,77.2,2023
31.0,MG,3139201.0,Malacacheta,77.47,2024
31.0,MG,3139250.0,Mamonas,40.1,2023
31.0,MG,3139250.0,Mamonas,65.94,2024
31.0,MG,3139300.0,Manga,24.0,2023
31.0,MG,3139300.0,Manga,41.04,2024
31.0,MG,3139409.0,Manhuaçu,48.4,2023
31.0,MG,3139409.0,Manhuaçu,71.73,2024
31.0,MG,3139508.0,Manhumirim,68.6,2023
31.0,MG,3139508.0,Manhumirim,68.84,2024
31.0,MG,3139607.0,Mantena,49.9,2023
31.0,MG,3139607.0,Mantena,71.17,2024
31.0,MG,3139904.0,Maria da Fé,61.0,2023
31.0,MG,3139904.0,Maria da Fé,78.16,2024
31.0,MG,3140001.0,Mariana,53.8,2023
31.0,MG,3140001.0,Mariana,65.6,2024
31.0,MG,3140100.0,Marilac,63.1,2023
31.0,MG,3140100.0,Marilac,56.14,2024
31.0,MG,3140159.0,Mário Campos,70.4,2023
31.0,MG,3140159.0,Mário Campos,74.09,2024
31.0,MG,3140209.0,Maripá de Minas,65.5,2023
31.0,MG,3140209.0,Maripá de Minas,59.26,2024
31.0,MG,3140308.0,Marliéria,61.8,2023
31.0,MG,3140308.0,Marliéria,70.98,2024
31.0,MG,3140407.0,Marmelópolis,76.8,2023
31.0,MG,3140407.0,Marmelópolis,84.57000000000001,2024
31.0,MG,3140506.0,Martinho Campos,56.0,2023
31.0,MG,3140506.0,Martinho Campos,70.72,2024
31.0,MG,3140530.0,Martins Soares,76.6,2023
31.0,MG,3140530.0,Martins Soares,83.69,2024
31.0,MG,3140555.0,Mata Verde,54.9,2023
31.0,MG,3140555.0,Mata Verde,70.10000000000001,2024
31.0,MG,3140605.0,Materlândia,37.1,2023
31.0,MG,3140605.0,Materlândia,28.57,2024
31.0,MG,3140803.0,Matias Barbosa,58.8,2023
31.0,MG,3140803.0,Matias Barbosa,78.82000000000001,2024
31.0,MG,3140852.0,Matias Cardoso,37.7,2023
31.0,MG,3140852.0,Matias Cardoso,31.08,2024
31.0,MG,3140902.0,Matipó,85.5,2023
31.0,MG,3140902.0,Matipó,65.0,2024
31.0,MG,3141009.0,Mato Verde,69.0,2023
31.0,MG,3141009.0,Mato Verde,61.370000000000005,2024
31.0,MG,3141108.0,Matozinhos,47.5,2023
31.0,MG,3141108.0,Matozinhos,57.88,2024
31.0,MG,3141207.0,Matutina,91.3,2023
31.0,MG,3141207.0,Matutina,91.94,2024
31.0,MG,3141306.0,Medeiros,82.2,2023
31.0,MG,3141306.0,Medeiros,78.57000000000001,2024
31.0,MG,3141405.0,Medina,70.3,2023
31.0,MG,3141405.0,Medina,65.7,2024
31.0,MG,3141504.0,Mendes Pimentel,79.7,2023
31.0,MG,3141504.0,Mendes Pimentel,60.0,2024
31.0,MG,3141603.0,Mercês,98.4,2023
31.0,MG,3141603.0,Mercês,84.85000000000001,2024
31.0,MG,3141702.0,Mesquita,53.2,2023
31.0,MG,3141702.0,Mesquita,63.47,2024
31.0,MG,3141801.0,Minas Novas,70.2,2023
31.0,MG,3141801.0,Minas Novas,78.82000000000001,2024
31.0,MG,3141900.0,Minduri,51.9,2023
31.0,MG,3141900.0,Minduri,76.32000000000001,2024
31.0,MG,3142007.0,Mirabela,59.0,2023
31.0,MG,3142007.0,Mirabela,48.06,2024
31.0,MG,3142106.0,Miradouro,47.3,2023
31.0,MG,3142106.0,Miradouro,75.29,2024
31.0,MG,3142205.0,Miraí,96.2,2023
31.0,MG,3142205.0,Miraí,79.2,2024
31.0,MG,3142254.0,Miravânia,40.7,2023
31.0,MG,3142254.0,Miravânia,41.67,2024
31.0,MG,3142304.0,Moeda,77.9,2023
31.0,MG,3142304.0,Moeda,90.58,2024
31.0,MG,3142403.0,Moema,81.4,2023
31.0,MG,3142403.0,Moema,81.94,2024
31.0,MG,3142502.0,Monjolos,,2023
31.0,MG,3142502.0,Monjolos,95.0,2024
31.0,MG,3142601.0,Monsenhor Paulo,62.7,2023
31.0,MG,3142601.0,Monsenhor Paulo,78.89,2024
31.0,MG,3142700.0,Montalvânia,48.5,2023
31.0,MG,3142700.0,Montalvânia,60.75,2024
31.0,MG,3142809.0,Monte Alegre de Minas,74.8,2023
31.0,MG,3142809.0,Monte Alegre de Minas,56.72,2024
31.0,MG,3142908.0,Monte Azul,80.0,2023
31.0,MG,3142908.0,Monte Azul,66.67,2024
31.0,MG,3143005.0,Monte Belo,50.2,2023
31.0,MG,3143005.0,Monte Belo,80.85000000000001,2024
31.0,MG,3143104.0,Monte Carmelo,63.6,2023
31.0,MG,3143104.0,Monte Carmelo,84.51,2024
31.0,MG,3143153.0,Monte Formoso,49.9,2023
31.0,MG,3143153.0,Monte Formoso,82.61,2024
31.0,MG,3143203.0,Monte Santo de Minas,42.2,2023
31.0,MG,3143203.0,Monte Santo de Minas,61.59,2024
31.0,MG,3143302.0,Montes Claros,61.6,2023
31.0,MG,3143302.0,Montes Claros,75.18,2024
31.0,MG,3143401.0,Monte Sião,53.9,2023
31.0,MG,3143401.0,Monte Sião,74.18,2024
31.0,MG,3143450.0,Montezuma,54.2,2023
31.0,MG,3143450.0,Montezuma,88.98,2024
31.0,MG,3143500.0,Morada Nova de Minas,86.3,2023
31.0,MG,3143500.0,Morada Nova de Minas,64.5,2024
31.0,MG,3143609.0,Morro da Garça,96.4,2023
31.0,MG,3143609.0,Morro da Garça,67.59,2024
31.0,MG,3143708.0,Morro do Pilar,,2023
31.0,MG,3143708.0,Morro do Pilar,61.85,2024
31.0,MG,3143906.0,Muriaé,58.5,2023
31.0,MG,3143906.0,Muriaé,73.13,2024
31.0,MG,3144003.0,Mutum,61.5,2023
31.0,MG,3144003.0,Mutum,76.73,2024
31.0,MG,3144102.0,Muzambinho,43.4,2023
31.0,MG,3144102.0,Muzambinho,75.51,2024
31.0,MG,3144201.0,Nacip Raydan,58.7,2023
31.0,MG,3144201.0,Nacip Raydan,62.86,2024
31.0,MG,3144300.0,Nanuque,52.0,2023
31.0,MG,3144300.0,Nanuque,57.67,2024
31.0,MG,3144359.0,Naque,79.5,2023
31.0,MG,3144359.0,Naque,64.96000000000001,2024
31.0,MG,3144375.0,Natalândia,49.2,2023
31.0,MG,3144375.0,Natalândia,64.21000000000001,2024
31.0,MG,3144409.0,Natércia,70.2,2023
31.0,MG,3144409.0,Natércia,86.3,2024
31.0,MG,3144508.0,Nazareno,87.4,2023
31.0,MG,3144508.0,Nazareno,85.36,2024
31.0,MG,3144607.0,Nepomuceno,53.7,2023
31.0,MG,3144607.0,Nepomuceno,77.99,2024
31.0,MG,3144656.0,Ninheira,49.3,2023
31.0,MG,3144656.0,Ninheira,77.17,2024
31.0,MG,3144672.0,Nova Belém,50.0,2023
31.0,MG,3144672.0,Nova Belém,48.0,2024
31.0,MG,3144706.0,Nova Era,60.3,2023
31.0,MG,3144706.0,Nova Era,72.22,2024
31.0,MG,3144805.0,Nova Lima,56.8,2023
31.0,MG,3144805.0,Nova Lima,79.60000000000001,2024
31.0,MG,3145000.0,Nova Ponte,72.3,2023
31.0,MG,3145000.0,Nova Ponte,78.86,2024
31.0,MG,3145059.0,Nova Porteirinha,41.6,2023
31.0,MG,3145059.0,Nova Porteirinha,51.93,2024
31.0,MG,3145109.0,Nova Resende,69.3,2023
31.0,MG,3145109.0,Nova Resende,86.57000000000001,2024
31.0,MG,3145208.0,Nova Serrana,55.0,2023
31.0,MG,3145208.0,Nova Serrana,72.47,2024
31.0,MG,3145307.0,Novo Cruzeiro,75.6,2023
31.0,MG,3145307.0,Novo Cruzeiro,81.88,2024
31.0,MG,3145356.0,Novo Oriente de Minas,45.0,2023
31.0,MG,3145356.0,Novo Oriente de Minas,62.370000000000005,2024
31.0,MG,3145372.0,Novorizonte,68.1,2023
31.0,MG,3145372.0,Novorizonte,92.71,2024
31.0,MG,3145406.0,Olaria,,2023
31.0,MG,3145406.0,Olaria,89.13,2024
31.0,MG,3145455.0,Olhos-d'Água,68.2,2023
31.0,MG,3145455.0,Olhos-d'Água,90.16,2024
31.0,MG,3145505.0,Olímpio Noronha,62.3,2023
31.0,MG,3145505.0,Olímpio Noronha,94.29,2024
31.0,MG,3145604.0,Oliveira,49.7,2023
31.0,MG,3145604.0,Oliveira,80.67,2024
31.0,MG,3145703.0,Oliveira Fortes,71.4,2023
31.0,MG,3145703.0,Oliveira Fortes,83.33,2024
31.0,MG,3145851.0,Oratórios,73.9,2023
31.0,MG,3145851.0,Oratórios,82.24,2024
31.0,MG,3145877.0,Orizânia,62.8,2023
31.0,MG,3145877.0,Orizânia,75.97,2024
31.0,MG,3146008.0,Ouro Fino,63.8,2023
31.0,MG,3146008.0,Ouro Fino,84.81,2024
31.0,MG,3146107.0,Ouro Preto,55.5,2023
31.0,MG,3146107.0,Ouro Preto,71.36,2024
31.0,MG,3146255.0,Padre Carvalho,47.1,2023
31.0,MG,3146255.0,Padre Carvalho,64.75,2024
31.0,MG,3146404.0,Paineiras,79.0,2023
31.0,MG,3146404.0,Paineiras,82.34,2024
31.0,MG,3146503.0,Pains,67.5,2023
31.0,MG,3146503.0,Pains,86.83,2024
31.0,MG,3146552.0,Pai Pedro,62.5,2023
31.0,MG,3146552.0,Pai Pedro,76.4,2024
31.0,MG,3146602.0,Paiva,80.0,2023
31.0,MG,3146602.0,Paiva,92.86,2024
31.0,MG,3146701.0,Palma,27.0,2023
31.0,MG,3146701.0,Palma,75.61,2024
31.0,MG,3146909.0,Papagaios,47.1,2023
31.0,MG,3146909.0,Papagaios,88.48,2024
31.0,MG,3147006.0,Paracatu,65.7,2023
31.0,MG,3147006.0,Paracatu,63.56,2024
31.0,MG,3147105.0,Pará de Minas,53.5,2023
31.0,MG,3147105.0,Pará de Minas,69.52,2024
31.0,MG,3147204.0,Paraguaçu,62.5,2023
31.0,MG,3147204.0,Paraguaçu,69.21000000000001,2024
31.0,MG,3147303.0,Paraisópolis,60.8,2023
31.0,MG,3147303.0,Paraisópolis,81.68,2024
31.0,MG,3147402.0,Paraopeba,48.8,2023
31.0,MG,3147402.0,Paraopeba,71.27,2024
31.0,MG,3147501.0,Passabém,,2023
31.0,MG,3147501.0,Passabém,90.91,2024
31.0,MG,3147600.0,Passa Quatro,85.6,2023
31.0,MG,3147600.0,Passa Quatro,75.75,2024
31.0,MG,3147709.0,Passa Tempo,80.6,2023
31.0,MG,3147709.0,Passa Tempo,78.42,2024
31.0,MG,3147808.0,Passa Vinte,61.1,2023
31.0,MG,3147808.0,Passa Vinte,77.27,2024
31.0,MG,3147907.0,Passos,65.5,2023
31.0,MG,3147907.0,Passos,86.17,2024
31.0,MG,3147956.0,Patis,76.9,2023
31.0,MG,3147956.0,Patis,97.25,2024
31.0,MG,3148004.0,Patos de Minas,69.1,2023
31.0,MG,3148004.0,Patos de Minas,76.9,2024
31.0,MG,3148103.0,Patrocínio,61.8,2023
31.0,MG,3148103.0,Patrocínio,76.21000000000001,2024
31.0,MG,3148202.0,Patrocínio do Muriaé,72.6,2023
31.0,MG,3148202.0,Patrocínio do Muriaé,80.53,2024
31.0,MG,3148301.0,Paula Cândido,53.8,2023
31.0,MG,3148301.0,Paula Cândido,89.89,2024
31.0,MG,3148400.0,Paulistas,70.4,2023
31.0,MG,3148400.0,Paulistas,90.14,2024
31.0,MG,3148509.0,Pavão,86.9,2023
31.0,MG,3148509.0,Pavão,81.4,2024
31.0,MG,3148608.0,Peçanha,64.7,2023
31.0,MG,3148608.0,Peçanha,61.48,2024
31.0,MG,3148707.0,Pedra Azul,57.0,2023
31.0,MG,3148707.0,Pedra Azul,60.74,2024
31.0,MG,3148756.0,Pedra Bonita,61.4,2023
31.0,MG,3148756.0,Pedra Bonita,91.18,2024
31.0,MG,3148806.0,Pedra do Anta,85.4,2023
31.0,MG,3148806.0,Pedra do Anta,85.51,2024
31.0,MG,3148905.0,Pedra do Indaiá,81.4,2023
31.0,MG,3148905.0,Pedra do Indaiá,100.0,2024
31.0,MG,3149002.0,Pedra Dourada,53.7,2023
31.0,MG,3149002.0,Pedra Dourada,80.0,2024
31.0,MG,3149101.0,Pedralva,50.1,2023
31.0,MG,3149101.0,Pedralva,85.5,2024
31.0,MG,3149150.0,Pedras de Maria da Cruz,28.7,2023
31.0,MG,3149150.0,Pedras de Maria da Cruz,46.09,2024
31.0,MG,3149200.0,Pedrinópolis,59.7,2023
31.0,MG,3149200.0,Pedrinópolis,79.95,2024
31.0,MG,3149408.0,Pedro Teixeira,,2023
31.0,MG,3149408.0,Pedro Teixeira,100.0,2024
31.0,MG,3149606.0,Pequi,64.2,2023
31.0,MG,3149606.0,Pequi,81.37,2024
31.0,MG,3149952.0,Periquito,45.3,2023
31.0,MG,3149952.0,Periquito,44.47,2024
31.0,MG,3150000.0,Pescador,88.1,2023
31.0,MG,3150000.0,Pescador,77.59,2024
31.0,MG,3150109.0,Piau,29.6,2023
31.0,MG,3150109.0,Piau,75.58,2024
31.0,MG,3150158.0,Piedade de Caratinga,52.8,2023
31.0,MG,3150158.0,Piedade de Caratinga,74.09,2024
31.0,MG,3150208.0,Piedade de Ponte Nova,35.2,2023
31.0,MG,3150208.0,Piedade de Ponte Nova,80.01,2024
31.0,MG,3150307.0,Piedade do Rio Grande,29.4,2023
31.0,MG,3150307.0,Piedade do Rio Grande,63.16,2024
31.0,MG,3150406.0,Piedade dos Gerais,72.0,2023
31.0,MG,3150406.0,Piedade dos Gerais,83.86,2024
31.0,MG,3150505.0,Pimenta,72.8,2023
31.0,MG,3150505.0,Pimenta,94.39,2024
31.0,MG,3150539.0,Pingo-d'Água,34.7,2023
31.0,MG,3150539.0,Pingo-d'Água,81.43,2024
31.0,MG,3150570.0,Pintópolis,48.0,2023
31.0,MG,3150570.0,Pintópolis,64.82000000000001,2024
31.0,MG,3150604.0,Piracema,67.0,2023
31.0,MG,3150604.0,Piracema,76.35000000000001,2024
31.0,MG,3150802.0,Piranga,60.1,2023
31.0,MG,3150802.0,Piranga,75.27,2024
31.0,MG,3150901.0,Piranguçu,66.3,2023
31.0,MG,3150901.0,Piranguçu,78.97,2024
31.0,MG,3151008.0,Piranguinho,69.4,2023
31.0,MG,3151008.0,Piranguinho,85.01,2024
31.0,MG,3151107.0,Pirapetinga,62.7,2023
31.0,MG,3151107.0,Pirapetinga,66.15,2024
31.0,MG,3151206.0,Pirapora,49.5,2023
31.0,MG,3151206.0,Pirapora,69.81,2024
31.0,MG,3151305.0,Piraúba,74.7,2023
31.0,MG,3151305.0,Piraúba,87.11,2024
31.0,MG,3151404.0,Pitangui,92.1,2023
31.0,MG,3151404.0,Pitangui,85.71000000000001,2024
31.0,MG,3151503.0,Piumhi,57.3,2023
31.0,MG,3151503.0,Piumhi,73.46000000000001,2024
31.0,MG,3151602.0,Planura,45.9,2023
31.0,MG,3151602.0,Planura,65.98,2024
31.0,MG,3151701.0,Poço Fundo,81.9,2023
31.0,MG,3151701.0,Poço Fundo,70.92,2024
31.0,MG,3151800.0,Poços de Caldas,58.1,2023
31.0,MG,3151800.0,Poços de Caldas,79.39,2024
31.0,MG,3151909.0,Pocrane,,2023
31.0,MG,3151909.0,Pocrane,95.65,2024
31.0,MG,3152006.0,Pompéu,65.2,2023
31.0,MG,3152006.0,Pompéu,56.14,2024
31.0,MG,3152105.0,Ponte Nova,52.7,2023
31.0,MG,3152105.0,Ponte Nova,81.27,2024
31.0,MG,3152131.0,Ponto Chique,61.3,2023
31.0,MG,3152131.0,Ponto Chique,76.36,2024
31.0,MG,3152170.0,Ponto dos Volantes,72.6,2023
31.0,MG,3152170.0,Ponto dos Volantes,67.71000000000001,2024
31.0,MG,3152204.0,Porteirinha,63.5,2023
31.0,MG,3152204.0,Porteirinha,70.05,2024
31.0,MG,3152402.0,Poté,41.7,2023
31.0,MG,3152402.0,Poté,79.91,2024
31.0,MG,3152501.0,Pouso Alegre,58.9,2023
31.0,MG,3152501.0,Pouso Alegre,70.53,2024
31.0,MG,3152600.0,Pouso Alto,78.4,2023
31.0,MG,3152600.0,Pouso Alto,79.55,2024
31.0,MG,3152709.0,Prados,73.2,2023
31.0,MG,3152709.0,Prados,93.22,2024
31.0,MG,3152808.0,Prata,55.4,2023
31.0,MG,3152808.0,Prata,50.5,2024
31.0,MG,3152907.0,Pratápolis,62.6,2023
31.0,MG,3152907.0,Pratápolis,88.36,2024
31.0,MG,3153004.0,Pratinha,85.4,2023
31.0,MG,3153004.0,Pratinha,52.8,2024
31.0,MG,3153103.0,Presidente Bernardes,57.1,2023
31.0,MG,3153103.0,Presidente Bernardes,88.0,2024
31.0,MG,3153400.0,Presidente Olegário,77.4,2023
31.0,MG,3153400.0,Presidente Olegário,78.27,2024
31.0,MG,3153509.0,Alto Jequitibá,50.8,2023
31.0,MG,3153509.0,Alto Jequitibá,78.73,2024
31.0,MG,3153707.0,Quartel Geral,42.5,2023
31.0,MG,3153707.0,Quartel Geral,63.55,2024
31.0,MG,3153806.0,Queluzito,61.5,2023
31.0,MG,3153806.0,Queluzito,95.0,2024
31.0,MG,3153905.0,Raposos,48.4,2023
31.0,MG,3153905.0,Raposos,69.66,2024
31.0,MG,3154002.0,Raul Soares,67.1,2023
31.0,MG,3154002.0,Raul Soares,84.96000000000001,2024
31.0,MG,3154101.0,Recreio,72.2,2023
31.0,MG,3154101.0,Recreio,64.51,2024
31.0,MG,3154150.0,Reduto,39.4,2023
31.0,MG,3154150.0,Reduto,83.87,2024
31.0,MG,3154200.0,Resende Costa,57.9,2023
31.0,MG,3154200.0,Resende Costa,82.11,2024
31.0,MG,3154309.0,Resplendor,71.5,2023
31.0,MG,3154309.0,Resplendor,61.120000000000005,2024
31.0,MG,3154408.0,Ressaquinha,55.6,2023
31.0,MG,3154408.0,Ressaquinha,82.0,2024
31.0,MG,3154457.0,Riachinho,69.6,2023
31.0,MG,3154457.0,Riachinho,72.81,2024
31.0,MG,3154507.0,Riacho dos Machados,67.5,2023
31.0,MG,3154507.0,Riacho dos Machados,70.0,2024
31.0,MG,3154606.0,Ribeirão das Neves,55.0,2023
31.0,MG,3154606.0,Ribeirão das Neves,59.36,2024
31.0,MG,3154804.0,Rio Acima,40.7,2023
31.0,MG,3154804.0,Rio Acima,72.91,2024
31.0,MG,3154903.0,Rio Casca,59.6,2023
31.0,MG,3154903.0,Rio Casca,62.76,2024
31.0,MG,3155009.0,Rio Doce,87.9,2023
31.0,MG,3155009.0,Rio Doce,90.43,2024
31.0,MG,3155108.0,Rio do Prado,52.9,2023
31.0,MG,3155108.0,Rio do Prado,76.19,2024
31.0,MG,3155306.0,Rio Manso,71.2,2023
31.0,MG,3155306.0,Rio Manso,98.05,2024
31.0,MG,3155405.0,Rio Novo,39.0,2023
31.0,MG,3155405.0,Rio Novo,65.4,2024
31.0,MG,3155504.0,Rio Paranaíba,78.7,2023
31.0,MG,3155504.0,Rio Paranaíba,60.21,2024
31.0,MG,3155603.0,Rio Pardo de Minas,73.4,2023
31.0,MG,3155603.0,Rio Pardo de Minas,85.31,2024
31.0,MG,3155702.0,Rio Piracicaba,77.0,2023
31.0,MG,3155702.0,Rio Piracicaba,76.96000000000001,2024
31.0,MG,3155801.0,Rio Pomba,65.3,2023
31.0,MG,3155801.0,Rio Pomba,78.55,2024
31.0,MG,3155900.0,Rio Preto,71.2,2023
31.0,MG,3155900.0,Rio Preto,62.04,2024
31.0,MG,3156007.0,Rio Vermelho,43.9,2023
31.0,MG,3156007.0,Rio Vermelho,59.95,2024
31.0,MG,3156106.0,Ritápolis,64.3,2023
31.0,MG,3156106.0,Ritápolis,81.94,2024
31.0,MG,3156205.0,Rochedo de Minas,56.6,2023
31.0,MG,3156205.0,Rochedo de Minas,58.33,2024
31.0,MG,3156304.0,Rodeiro,44.7,2023
31.0,MG,3156304.0,Rodeiro,81.95,2024
31.0,MG,3156452.0,Rosário da Limeira,55.9,2023
31.0,MG,3156452.0,Rosário da Limeira,78.18,2024
31.0,MG,3156502.0,Rubelita,100.0,2023
31.0,MG,3156502.0,Rubelita,76.83,2024
31.0,MG,3156601.0,Rubim,86.7,2023
31.0,MG,3156601.0,Rubim,63.6,2024
31.0,MG,3156700.0,Sabará,57.2,2023
31.0,MG,3156700.0,Sabará,71.68,2024
31.0,MG,3156908.0,Sacramento,64.0,2023
31.0,MG,3156908.0,Sacramento,79.62,2024
31.0,MG,3157005.0,Salinas,73.0,2023
31.0,MG,3157005.0,Salinas,77.08,2024
31.0,MG,3157104.0,Salto da Divisa,43.8,2023
31.0,MG,3157104.0,Salto da Divisa,59.15,2024
31.0,MG,3157203.0,Santa Bárbara,69.9,2023
31.0,MG,3157203.0,Santa Bárbara,66.55,2024
31.0,MG,3157252.0,Santa Bárbara do Leste,,2023
31.0,MG,3157252.0,Santa Bárbara do Leste,70.45,2024
31.0,MG,3157278.0,Santa Bárbara do Monte Verde,52.0,2023
31.0,MG,3157278.0,Santa Bárbara do Monte Verde,67.82000000000001,2024
31.0,MG,3157302.0,Santa Bárbara do Tugúrio,50.6,2023
31.0,MG,3157302.0,Santa Bárbara do Tugúrio,90.92,2024
31.0,MG,3157336.0,Santa Cruz de Minas,63.9,2023
31.0,MG,3157336.0,Santa Cruz de Minas,43.82,2024
31.0,MG,3157377.0,Santa Cruz de Salinas,83.4,2023
31.0,MG,3157377.0,Santa Cruz de Salinas,72.73,2024
31.0,MG,3157401.0,Santa Cruz do Escalvado,54.6,2023
31.0,MG,3157401.0,Santa Cruz do Escalvado,78.33,2024
31.0,MG,3157500.0,Santa Efigênia de Minas,43.3,2023
31.0,MG,3157500.0,Santa Efigênia de Minas,75.81,2024
31.0,MG,3157609.0,Santa Fé de Minas,33.4,2023
31.0,MG,3157609.0,Santa Fé de Minas,72.51,2024
31.0,MG,3157708.0,Santa Juliana,62.9,2023
31.0,MG,3157708.0,Santa Juliana,58.13,2024
31.0,MG,3157807.0,Santa Luzia,51.5,2023
31.0,MG,3157807.0,Santa Luzia,72.16,2024
31.0,MG,3157906.0,Santa Margarida,72.0,2023
31.0,MG,3157906.0,Santa Margarida,60.93,2024
31.0,MG,3158003.0,Santa Maria de Itabira,54.6,2023
31.0,MG,3158003.0,Santa Maria de Itabira,77.79,2024
31.0,MG,3158102.0,Santa Maria do Salto,47.3,2023
31.0,MG,3158102.0,Santa Maria do Salto,60.65,2024
31.0,MG,3158201.0,Santa Maria do Suaçuí,61.6,2023
31.0,MG,3158201.0,Santa Maria do Suaçuí,66.73,2024
31.0,MG,3158300.0,Santana da Vargem,64.9,2023
31.0,MG,3158300.0,Santana da Vargem,87.45,2024
31.0,MG,3158409.0,Santana de Cataguases,85.2,2023
31.0,MG,3158409.0,Santana de Cataguases,73.26,2024
31.0,MG,3158508.0,Santana de Pirapama,44.6,2023
31.0,MG,3158508.0,Santana de Pirapama,64.47,2024
31.0,MG,3158607.0,Santana do Deserto,58.3,2023
31.0,MG,3158607.0,Santana do Deserto,80.09,2024
31.0,MG,3158706.0,Santana do Garambéu,47.3,2023
31.0,MG,3158706.0,Santana do Garambéu,87.26,2024
31.0,MG,3158805.0,Santana do Jacaré,76.3,2023
31.0,MG,3158805.0,Santana do Jacaré,86.67,2024
31.0,MG,3158904.0,Santana do Manhuaçu,90.6,2023
31.0,MG,3158904.0,Santana do Manhuaçu,77.24,2024
31.0,MG,3158953.0,Santana do Paraíso,69.8,2023
31.0,MG,3158953.0,Santana do Paraíso,69.95,2024
31.0,MG,3159001.0,Santana do Riacho,60.9,2023
31.0,MG,3159001.0,Santana do Riacho,80.15,2024
31.0,MG,3159100.0,Santana dos Montes,61.4,2023
31.0,MG,3159100.0,Santana dos Montes,94.44,2024
31.0,MG,3159209.0,Santa Rita de Caldas,86.8,2023
31.0,MG,3159209.0,Santa Rita de Caldas,92.49,2024
31.0,MG,3159308.0,Santa Rita de Jacutinga,41.6,2023
31.0,MG,3159308.0,Santa Rita de Jacutinga,77.68,2024
31.0,MG,3159357.0,Santa Rita de Minas,61.3,2023
31.0,MG,3159357.0,Santa Rita de Minas,58.94,2024
31.0,MG,3159407.0,Santa Rita de Ibitipoca,65.4,2023
31.0,MG,3159407.0,Santa Rita de Ibitipoca,88.22,2024
31.0,MG,3159506.0,Santa Rita do Itueto,83.4,2023
31.0,MG,3159506.0,Santa Rita do Itueto,87.19,2024
31.0,MG,3159605.0,Santa Rita do Sapucaí,49.7,2023
31.0,MG,3159605.0,Santa Rita do Sapucaí,72.16,2024
31.0,MG,3159704.0,Santa Rosa da Serra,73.0,2023
31.0,MG,3159704.0,Santa Rosa da Serra,79.88,2024
31.0,MG,3159803.0,Santa Vitória,70.8,2023
31.0,MG,3159803.0,Santa Vitória,59.6,2024
31.0,MG,3159902.0,Santo Antônio do Amparo,83.8,2023
31.0,MG,3159902.0,Santo Antônio do Amparo,80.3,2024
31.0,MG,3160009.0,Santo Antônio do Aventureiro,80.0,2023
31.0,MG,3160009.0,Santo Antônio do Aventureiro,45.65,2024
31.0,MG,3160108.0,Santo Antônio do Grama,82.7,2023
31.0,MG,3160108.0,Santo Antônio do Grama,94.3,2024
31.0,MG,3160207.0,Santo Antônio do Itambé,47.0,2023
31.0,MG,3160207.0,Santo Antônio do Itambé,47.84,2024
31.0,MG,3160306.0,Santo Antônio do Jacinto,63.0,2023
31.0,MG,3160306.0,Santo Antônio do Jacinto,65.72,2024
31.0,MG,3160405.0,Santo Antônio do Monte,82.4,2023
31.0,MG,3160405.0,Santo Antônio do Monte,81.35000000000001,2024
31.0,MG,3160454.0,Santo Antônio do Retiro,78.1,2023
31.0,MG,3160454.0,Santo Antônio do Retiro,65.69,2024
31.0,MG,3160504.0,Santo Antônio do Rio Abaixo,60.0,2023
31.0,MG,3160504.0,Santo Antônio do Rio Abaixo,91.67,2024
31.0,MG,3160603.0,Santo Hipólito,58.8,2023
31.0,MG,3160603.0,Santo Hipólito,93.33,2024
31.0,MG,3160702.0,Santos Dumont,56.0,2023
31.0,MG,3160702.0,Santos Dumont,69.94,2024
31.0,MG,3160801.0,São Bento Abade,58.2,2023
31.0,MG,3160801.0,São Bento Abade,76.67,2024
31.0,MG,3160900.0,São Brás do Suaçuí,68.4,2023
31.0,MG,3160900.0,São Brás do Suaçuí,81.31,2024
31.0,MG,3160959.0,São Domingos das Dores,90.7,2023
31.0,MG,3160959.0,São Domingos das Dores,93.62,2024
31.0,MG,3161007.0,São Domingos do Prata,69.1,2023
31.0,MG,3161007.0,São Domingos do Prata,84.25,2024
31.0,MG,3161056.0,São Félix de Minas,68.1,2023
31.0,MG,3161056.0,São Félix de Minas,67.09,2024
31.0,MG,3161106.0,São Francisco,46.2,2023
31.0,MG,3161106.0,São Francisco,58.24,2024
31.0,MG,3161205.0,São Francisco de Paula,78.7,2023
31.0,MG,3161205.0,São Francisco de Paula,90.73,2024
31.0,MG,3161304.0,São Francisco de Sales,76.6,2023
31.0,MG,3161304.0,São Francisco de Sales,73.5,2024
31.0,MG,3161403.0,São Francisco do Glória,59.4,2023
31.0,MG,3161403.0,São Francisco do Glória,78.59,2024
31.0,MG,3161502.0,São Geraldo,81.2,2023
31.0,MG,3161502.0,São Geraldo,92.77,2024
31.0,MG,3161650.0,São Geraldo do Baixio,71.2,2023
31.0,MG,3161650.0,São Geraldo do Baixio,76.32000000000001,2024
31.0,MG,3161700.0,São Gonçalo do Abaeté,86.4,2023
31.0,MG,3161700.0,São Gonçalo do Abaeté,82.95,2024
31.0,MG,3161809.0,São Gonçalo do Pará,61.1,2023
31.0,MG,3161809.0,São Gonçalo do Pará,78.82000000000001,2024
31.0,MG,3161908.0,São Gonçalo do Rio Abaixo,80.5,2023
31.0,MG,3161908.0,São Gonçalo do Rio Abaixo,91.6,2024
31.0,MG,3162005.0,São Gonçalo do Sapucaí,76.3,2023
31.0,MG,3162005.0,São Gonçalo do Sapucaí,76.14,2024
31.0,MG,3162104.0,São Gotardo,53.0,2023
31.0,MG,3162104.0,São Gotardo,75.49,2024
31.0,MG,3162203.0,São João Batista do Glória,82.4,2023
31.0,MG,3162203.0,São João Batista do Glória,84.26,2024
31.0,MG,3162252.0,São João da Lagoa,50.0,2023
31.0,MG,3162252.0,São João da Lagoa,77.83,2024
31.0,MG,3162302.0,São João da Mata,78.1,2023
31.0,MG,3162302.0,São João da Mata,72.0,2024
31.0,MG,3162401.0,São João da Ponte,65.6,2023
31.0,MG,3162401.0,São João da Ponte,63.51,2024
31.0,MG,3162450.0,São João das Missões,40.9,2023
31.0,MG,3162450.0,São João das Missões,33.42,2024
31.0,MG,3162500.0,São João del Rei,55.6,2023
31.0,MG,3162500.0,São João del Rei,74.0,2024
31.0,MG,3162559.0,São João do Manhuaçu,76.7,2023
31.0,MG,3162559.0,São João do Manhuaçu,71.72,2024
31.0,MG,3162575.0,São João do Manteninha,79.9,2023
31.0,MG,3162575.0,São João do Manteninha,71.7,2024
31.0,MG,3162609.0,São João do Oriente,83.4,2023
31.0,MG,3162609.0,São João do Oriente,67.66,2024
31.0,MG,3162658.0,São João do Pacuí,74.2,2023
31.0,MG,3162658.0,São João do Pacuí,86.4,2024
31.0,MG,3162708.0,São João do Paraíso,70.5,2023
31.0,MG,3162708.0,São João do Paraíso,87.33,2024
31.0,MG,3162807.0,São João Evangelista,92.6,2023
31.0,MG,3162807.0,São João Evangelista,70.27,2024
31.0,MG,3162922.0,São Joaquim de Bicas,48.2,2023
31.0,MG,3162922.0,São Joaquim de Bicas,82.15,2024
31.0,MG,3162948.0,São José da Barra,85.6,2023
31.0,MG,3162948.0,São José da Barra,75.22,2024
31.0,MG,3162955.0,São José da Lapa,62.4,2023
31.0,MG,3162955.0,São José da Lapa,75.09,2024
31.0,MG,3163003.0,São José da Safira,72.5,2023
31.0,MG,3163003.0,São José da Safira,52.73,2024
31.0,MG,3163102.0,São José da Varginha,55.1,2023
31.0,MG,3163102.0,São José da Varginha,82.68,2024
31.0,MG,3163201.0,São José do Alegre,77.4,2023
31.0,MG,3163201.0,São José do Alegre,86.26,2024
31.0,MG,3163300.0,São José do Divino,45.4,2023
31.0,MG,3163300.0,São José do Divino,54.620000000000005,2024
31.0,MG,3163409.0,São José do Goiabal,,2023
31.0,MG,3163409.0,São José do Goiabal,86.0,2024
31.0,MG,3163508.0,São José do Jacuri,55.3,2023
31.0,MG,3163508.0,São José do Jacuri,81.45,2024
31.0,MG,3163607.0,São José do Mantimento,47.7,2023
31.0,MG,3163607.0,São José do Mantimento,87.17,2024
31.0,MG,3163706.0,São Lourenço,64.1,2023
31.0,MG,3163706.0,São Lourenço,85.37,2024
31.0,MG,3163805.0,São Miguel do Anta,74.9,2023
31.0,MG,3163805.0,São Miguel do Anta,78.02,2024
31.0,MG,3164001.0,São Pedro dos Ferros,81.5,2023
31.0,MG,3164001.0,São Pedro dos Ferros,68.34,2024
31.0,MG,3164100.0,São Pedro do Suaçuí,67.0,2023
31.0,MG,3164100.0,São Pedro do Suaçuí,90.0,2024
31.0,MG,3164308.0,São Roque de Minas,71.2,2023
31.0,MG,3164308.0,São Roque de Minas,77.02,2024
31.0,MG,3164407.0,São Sebastião da Bela Vista,67.0,2023
31.0,MG,3164407.0,São Sebastião da Bela Vista,90.92,2024
31.0,MG,3164431.0,São Sebastião da Vargem Alegre,53.4,2023
31.0,MG,3164431.0,São Sebastião da Vargem Alegre,93.1,2024
31.0,MG,3164472.0,São Sebastião do Anta,58.2,2023
31.0,MG,3164472.0,São Sebastião do Anta,81.32000000000001,2024
31.0,MG,3164605.0,São Sebastião do Oeste,71.5,2023
31.0,MG,3164605.0,São Sebastião do Oeste,76.46000000000001,2024
31.0,MG,3164704.0,São Sebastião do Paraíso,65.5,2023
31.0,MG,3164704.0,São Sebastião do Paraíso,81.09,2024
31.0,MG,3164902.0,São Sebastião do Rio Verde,68.4,2023
31.0,MG,3164902.0,São Sebastião do Rio Verde,91.3,2024
31.0,MG,3165008.0,São Tiago,90.5,2023
31.0,MG,3165008.0,São Tiago,94.92,2024
31.0,MG,3165107.0,São Tomás de Aquino,68.1,2023
31.0,MG,3165107.0,São Tomás de Aquino,82.09,2024
31.0,MG,3165206.0,São Tomé das Letras,86.0,2023
31.0,MG,3165206.0,São Tomé das Letras,88.25,2024
31.0,MG,3165305.0,São Vicente de Minas,60.1,2023
31.0,MG,3165305.0,São Vicente de Minas,81.64,2024
31.0,MG,3165404.0,Sapucaí-Mirim,52.9,2023
31.0,MG,3165404.0,Sapucaí-Mirim,75.07000000000001,2024
31.0,MG,3165503.0,Sardoá,45.8,2023
31.0,MG,3165503.0,Sardoá,85.12,2024
31.0,MG,3165552.0,Setubinha,48.7,2023
31.0,MG,3165552.0,Setubinha,60.0,2024
31.0,MG,3165560.0,Sem-Peixe,76.5,2023
31.0,MG,3165560.0,Sem-Peixe,84.62,2024
31.0,MG,3165578.0,Senador Amaral,70.2,2023
31.0,MG,3165578.0,Senador Amaral,76.97,2024
31.0,MG,3165602.0,Senador Cortes,42.1,2023
31.0,MG,3165602.0,Senador Cortes,81.82000000000001,2024
31.0,MG,3165701.0,Senador Firmino,66.3,2023
31.0,MG,3165701.0,Senador Firmino,91.79,2024
31.0,MG,3165909.0,Senador Modestino Gonçalves,75.4,2023
31.0,MG,3165909.0,Senador Modestino Gonçalves,90.34,2024
31.0,MG,3166006.0,Senhora de Oliveira,79.3,2023
31.0,MG,3166006.0,Senhora de Oliveira,86.42,2024
31.0,MG,3166105.0,Senhora do Porto,46.6,2023
31.0,MG,3166105.0,Senhora do Porto,56.52,2024
31.0,MG,3166204.0,Senhora dos Remédios,100.0,2023
31.0,MG,3166204.0,Senhora dos Remédios,77.94,2024
31.0,MG,3166303.0,Sericita,68.6,2023
31.0,MG,3166303.0,Sericita,84.85000000000001,2024
31.0,MG,3166402.0,Seritinga,64.0,2023
31.0,MG,3166402.0,Seritinga,75.0,2024
31.0,MG,3166709.0,Serra dos Aimorés,51.8,2023
31.0,MG,3166709.0,Serra dos Aimorés,65.83,2024
31.0,MG,3166808.0,Serra do Salitre,59.9,2023
31.0,MG,3166808.0,Serra do Salitre,72.87,2024
31.0,MG,3166907.0,Serrania,63.8,2023
31.0,MG,3166907.0,Serrania,80.88,2024
31.0,MG,3166956.0,Serranópolis de Minas,95.4,2023
31.0,MG,3166956.0,Serranópolis de Minas,95.99,2024
31.0,MG,3167004.0,Serranos,38.5,2023
31.0,MG,3167004.0,Serranos,82.14,2024
31.0,MG,3167202.0,Sete Lagoas,53.6,2023
31.0,MG,3167202.0,Sete Lagoas,60.35,2024
31.0,MG,3167301.0,Silveirânia,91.7,2023
31.0,MG,3167301.0,Silveirânia,86.36,2024
31.0,MG,3167400.0,Silvianópolis,54.1,2023
31.0,MG,3167400.0,Silvianópolis,87.91,2024
31.0,MG,3167509.0,Simão Pereira,8.8,2023
31.0,MG,3167509.0,Simão Pereira,48.25,2024
31.0,MG,3167608.0,Simonésia,65.6,2023
31.0,MG,3167608.0,Simonésia,68.54,2024
31.0,MG,3167707.0,Sobrália,66.5,2023
31.0,MG,3167707.0,Sobrália,75.93,2024
31.0,MG,3167806.0,Soledade de Minas,73.1,2023
31.0,MG,3167806.0,Soledade de Minas,88.35000000000001,2024
31.0,MG,3167905.0,Tabuleiro,80.5,2023
31.0,MG,3167905.0,Tabuleiro,74.43,2024
31.0,MG,3168002.0,Taiobeiras,69.3,2023
31.0,MG,3168002.0,Taiobeiras,86.34,2024
31.0,MG,3168051.0,Taparuba,44.1,2023
31.0,MG,3168051.0,Taparuba,80.0,2024
31.0,MG,3168101.0,Tapira,56.1,2023
31.0,MG,3168101.0,Tapira,79.68,2024
31.0,MG,3168200.0,Tapiraí,76.5,2023
31.0,MG,3168200.0,Tapiraí,100.0,2024
31.0,MG,3168309.0,Taquaraçu de Minas,66.1,2023
31.0,MG,3168309.0,Taquaraçu de Minas,94.4,2024
31.0,MG,3168507.0,Teixeiras,75.5,2023
31.0,MG,3168507.0,Teixeiras,75.97,2024
31.0,MG,3168606.0,Teófilo Otoni,50.8,2023
31.0,MG,3168606.0,Teófilo Otoni,67.28,2024
31.0,MG,3168705.0,Timóteo,55.9,2023
31.0,MG,3168705.0,Timóteo,70.28,2024
31.0,MG,3168804.0,Tiradentes,62.3,2023
31.0,MG,3168804.0,Tiradentes,68.34,2024
31.0,MG,3168903.0,Tiros,59.3,2023
31.0,MG,3168903.0,Tiros,81.76,2024
31.0,MG,3169000.0,Tocantins,58.4,2023
31.0,MG,3169000.0,Tocantins,71.46000000000001,2024
31.0,MG,3169059.0,Tocos do Moji,78.4,2023
31.0,MG,3169059.0,Tocos do Moji,93.75,2024
31.0,MG,3169109.0,Toledo,63.1,2023
31.0,MG,3169109.0,Toledo,89.2,2024
31.0,MG,3169208.0,Tombos,56.8,2023
31.0,MG,3169208.0,Tombos,80.55,2024
31.0,MG,3169307.0,Três Corações,50.7,2023
31.0,MG,3169307.0,Três Corações,70.26,2024
31.0,MG,3169406.0,Três Pontas,61.2,2023
31.0,MG,3169406.0,Três Pontas,81.66,2024
31.0,MG,3169505.0,Tumiritinga,45.4,2023
31.0,MG,3169505.0,Tumiritinga,74.58,2024
31.0,MG,3169604.0,Tupaciguara,39.0,2023
31.0,MG,3169604.0,Tupaciguara,58.34,2024
31.0,MG,3169703.0,Turmalina,53.9,2023
31.0,MG,3169703.0,Turmalina,73.78,2024
31.0,MG,3169802.0,Turvolândia,61.7,2023
31.0,MG,3169802.0,Turvolândia,67.31,2024
31.0,MG,3169901.0,Ubá,64.5,2023
31.0,MG,3169901.0,Ubá,79.09,2024
31.0,MG,3170008.0,Ubaí,70.3,2023
31.0,MG,3170008.0,Ubaí,58.55,2024
31.0,MG,3170057.0,Ubaporanga,68.5,2023
31.0,MG,3170057.0,Ubaporanga,70.42,2024
31.0,MG,3170107.0,Uberaba,45.8,2023
31.0,MG,3170107.0,Uberaba,57.68,2024
31.0,MG,3170206.0,Uberlândia,50.9,2023
31.0,MG,3170206.0,Uberlândia,62.63,2024
31.0,MG,3170305.0,Umburatiba,63.7,2023
31.0,MG,3170305.0,Umburatiba,52.43,2024
31.0,MG,3170404.0,Unaí,56.4,2023
31.0,MG,3170404.0,Unaí,59.06,2024
31.0,MG,3170438.0,União de Minas,72.3,2023
31.0,MG,3170438.0,União de Minas,72.68,2024
31.0,MG,3170529.0,Urucuia,56.9,2023
31.0,MG,3170529.0,Urucuia,67.15,2024
31.0,MG,3170578.0,Vargem Alegre,82.7,2023
31.0,MG,3170578.0,Vargem Alegre,83.44,2024
31.0,MG,3170602.0,Vargem Bonita,58.8,2023
31.0,MG,3170602.0,Vargem Bonita,69.23,2024
31.0,MG,3170651.0,Vargem Grande do Rio Pardo,61.6,2023
31.0,MG,3170651.0,Vargem Grande do Rio Pardo,89.89,2024
31.0,MG,3170701.0,Varginha,50.7,2023
31.0,MG,3170701.0,Varginha,71.53,2024
31.0,MG,3170750.0,Varjão de Minas,57.2,2023
31.0,MG,3170750.0,Varjão de Minas,93.29,2024
31.0,MG,3170800.0,Várzea da Palma,61.7,2023
31.0,MG,3170800.0,Várzea da Palma,70.34,2024
31.0,MG,3170909.0,Varzelândia,46.8,2023
31.0,MG,3170909.0,Varzelândia,73.78,2024
31.0,MG,3171006.0,Vazante,43.8,2023
31.0,MG,3171006.0,Vazante,71.85000000000001,2024
31.0,MG,3171071.0,Veredinha,62.1,2023
31.0,MG,3171071.0,Veredinha,77.02,2024
31.0,MG,3171105.0,Veríssimo,,2023
31.0,MG,3171105.0,Veríssimo,77.09,2024
31.0,MG,3171154.0,Vermelho Novo,73.6,2023
31.0,MG,3171154.0,Vermelho Novo,81.82000000000001,2024
31.0,MG,3171204.0,Vespasiano,54.1,2023
31.0,MG,3171204.0,Vespasiano,70.35000000000001,2024
31.0,MG,3171303.0,Viçosa,62.7,2023
31.0,MG,3171303.0,Viçosa,72.11,2024
31.0,MG,3171402.0,Vieiras,50.4,2023
31.0,MG,3171402.0,Vieiras,74.62,2024
31.0,MG,3171501.0,Mathias Lobato,51.6,2023
31.0,MG,3171501.0,Mathias Lobato,67.61,2024
31.0,MG,3171600.0,Virgem da Lapa,50.1,2023
31.0,MG,3171600.0,Virgem da Lapa,85.10000000000001,2024
31.0,MG,3171709.0,Virgínia,57.9,2023
31.0,MG,3171709.0,Virgínia,74.66,2024
31.0,MG,3171808.0,Virginópolis,44.1,2023
31.0,MG,3171808.0,Virginópolis,65.62,2024
31.0,MG,3171907.0,Virgolândia,87.3,2023
31.0,MG,3171907.0,Virgolândia,70.97,2024
31.0,MG,3172004.0,Visconde do Rio Branco,56.3,2023
31.0,MG,3172004.0,Visconde do Rio Branco,65.77,2024
31.0,MG,3172103.0,Volta Grande,50.8,2023
31.0,MG,3172103.0,Volta Grande,76.28,2024
32.0,ES,3200102.0,Afonso Cláudio,86.5,2023
32.0,ES,3200102.0,Afonso Cláudio,95.4,2024
32.0,ES,3200136.0,Águia Branca,92.3,2023
32.0,ES,3200136.0,Águia Branca,94.55,2024
32.0,ES,3200169.0,Água Doce do Norte,77.4,2023
32.0,ES,3200169.0,Água Doce do Norte,81.68,2024
32.0,ES,3200201.0,Alegre,66.9,2023
32.0,ES,3200201.0,Alegre,83.48,2024
32.0,ES,3200300.0,Alfredo Chaves,74.5,2023
32.0,ES,3200300.0,Alfredo Chaves,87.55,2024
32.0,ES,3200409.0,Anchieta,81.8,2023
32.0,ES,3200409.0,Anchieta,88.41,2024
32.0,ES,3200508.0,Apiacá,58.4,2023
32.0,ES,3200508.0,Apiacá,62.88,2024
32.0,ES,3200607.0,Aracruz,70.9,2023
32.0,ES,3200607.0,Aracruz,74.36,2024
32.0,ES,3200805.0,Baixo Guandu,68.8,2023
32.0,ES,3200805.0,Baixo Guandu,74.59,2024
32.0,ES,3200904.0,Barra de São Francisco,78.4,2023
32.0,ES,3200904.0,Barra de São Francisco,87.39,2024
32.0,ES,3201001.0,Boa Esperança,76.7,2023
32.0,ES,3201001.0,Boa Esperança,84.92,2024
32.0,ES,3201100.0,Bom Jesus do Norte,67.1,2023
32.0,ES,3201100.0,Bom Jesus do Norte,67.33,2024
32.0,ES,3201159.0,Brejetuba,67.4,2023
32.0,ES,3201159.0,Brejetuba,87.96000000000001,2024
32.0,ES,3201209.0,Cachoeiro de Itapemirim,65.3,2023
32.0,ES,3201209.0,Cachoeiro de Itapemirim,71.69,2024
32.0,ES,3201308.0,Cariacica,57.2,2023
32.0,ES,3201308.0,Cariacica,64.57000000000001,2024
32.0,ES,3201407.0,Castelo,72.2,2023
32.0,ES,3201407.0,Castelo,82.7,2024
32.0,ES,3201506.0,Colatina,73.8,2023
32.0,ES,3201506.0,Colatina,77.5,2024
32.0,ES,3201605.0,Conceição da Barra,73.7,2023
32.0,ES,3201605.0,Conceição da Barra,68.12,2024
32.0,ES,3201704.0,Conceição do Castelo,77.5,2023
32.0,ES,3201704.0,Conceição do Castelo,84.19,2024
32.0,ES,3201803.0,Divino de São Lourenço,46.1,2023
32.0,ES,3201803.0,Divino de São Lourenço,82.15,2024
32.0,ES,3201902.0,Domingos Martins,80.6,2023
32.0,ES,3201902.0,Domingos Martins,81.13,2024
32.0,ES,3202009.0,Dores do Rio Preto,84.3,2023
32.0,ES,3202009.0,Dores do Rio Preto,81.34,2024
32.0,ES,3202108.0,Ecoporanga,69.2,2023
32.0,ES,3202108.0,Ecoporanga,94.7,2024
32.0,ES,3202207.0,Fundão,61.3,2023
32.0,ES,3202207.0,Fundão,62.28,2024
32.0,ES,3202256.0,Governador Lindenberg,64.1,2023
32.0,ES,3202256.0,Governador Lindenberg,77.12,2024
32.0,ES,3202306.0,Guaçuí,74.0,2023
32.0,ES,3202306.0,Guaçuí,76.71000000000001,2024
32.0,ES,3202405.0,Guarapari,71.8,2023
32.0,ES,3202405.0,Guarapari,75.99,2024
32.0,ES,3202454.0,Ibatiba,80.5,2023
32.0,ES,3202454.0,Ibatiba,82.36,2024
32.0,ES,3202504.0,Ibiraçu,67.7,2023
32.0,ES,3202504.0,Ibiraçu,81.16,2024
32.0,ES,3202553.0,Ibitirama,73.9,2023
32.0,ES,3202553.0,Ibitirama,79.56,2024
32.0,ES,3202603.0,Iconha,76.3,2023
32.0,ES,3202603.0,Iconha,75.87,2024
32.0,ES,3202652.0,Irupi,67.4,2023
32.0,ES,3202652.0,Irupi,81.49,2024
32.0,ES,3202702.0,Itaguaçu,74.0,2023
32.0,ES,3202702.0,Itaguaçu,87.99,2024
32.0,ES,3202801.0,Itapemirim,60.9,2023
32.0,ES,3202801.0,Itapemirim,75.42,2024
32.0,ES,3202900.0,Itarana,78.0,2023
32.0,ES,3202900.0,Itarana,82.15,2024
32.0,ES,3203007.0,Iúna,71.9,2023
32.0,ES,3203007.0,Iúna,67.97,2024
32.0,ES,3203056.0,Jaguaré,72.2,2023
32.0,ES,3203056.0,Jaguaré,80.31,2024
32.0,ES,3203106.0,Jerônimo Monteiro,70.1,2023
32.0,ES,3203106.0,Jerônimo Monteiro,77.2,2024
32.0,ES,3203130.0,João Neiva,71.8,2023
32.0,ES,3203130.0,João Neiva,77.28,2024
32.0,ES,3203163.0,Laranja da Terra,87.5,2023
32.0,ES,3203163.0,Laranja da Terra,87.5,2024
32.0,ES,3203205.0,Linhares,64.2,2023
32.0,ES,3203205.0,Linhares,67.59,2024
32.0,ES,3203304.0,Mantenópolis,91.7,2023
32.0,ES,3203304.0,Mantenópolis,95.06,2024
32.0,ES,3203320.0,Marataízes,73.3,2023
32.0,ES,3203320.0,Marataízes,69.4,2024
32.0,ES,3203346.0,Marechal Floriano,78.2,2023
32.0,ES,3203346.0,Marechal Floriano,86.57000000000001,2024
32.0,ES,3203353.0,Marilândia,78.5,2023
32.0,ES,3203353.0,Marilândia,78.31,2024
32.0,ES,3203403.0,Mimoso do Sul,68.0,2023
32.0,ES,3203403.0,Mimoso do Sul,65.32000000000001,2024
32.0,ES,3203502.0,Montanha,63.1,2023
32.0,ES,3203502.0,Montanha,80.21000000000001,2024
32.0,ES,3203601.0,Mucurici,83.7,2023
32.0,ES,3203601.0,Mucurici,84.09,2024
32.0,ES,3203700.0,Muniz Freire,88.2,2023
32.0,ES,3203700.0,Muniz Freire,82.24,2024
32.0,ES,3203908.0,Nova Venécia,83.5,2023
32.0,ES,3203908.0,Nova Venécia,83.24,2024
32.0,ES,3204005.0,Pancas,83.0,2023
32.0,ES,3204005.0,Pancas,85.86,2024
32.0,ES,3204054.0,Pedro Canário,69.3,2023
32.0,ES,3204054.0,Pedro Canário,80.91,2024
32.0,ES,3204104.0,Pinheiros,77.3,2023
32.0,ES,3204104.0,Pinheiros,82.38,2024
32.0,ES,3204203.0,Piúma,62.5,2023
32.0,ES,3204203.0,Piúma,70.65,2024
32.0,ES,3204252.0,Ponto Belo,81.8,2023
32.0,ES,3204252.0,Ponto Belo,80.01,2024
32.0,ES,3204302.0,Presidente Kennedy,68.4,2023
32.0,ES,3204302.0,Presidente Kennedy,69.85000000000001,2024
32.0,ES,3204351.0,Rio Bananal,74.6,2023
32.0,ES,3204351.0,Rio Bananal,83.06,2024
32.0,ES,3204500.0,Santa Leopoldina,83.8,2023
32.0,ES,3204500.0,Santa Leopoldina,74.54,2024
32.0,ES,3204559.0,Santa Maria de Jetibá,85.8,2023
32.0,ES,3204559.0,Santa Maria de Jetibá,79.8,2024
32.0,ES,3204609.0,Santa Teresa,84.1,2023
32.0,ES,3204609.0,Santa Teresa,82.16,2024
32.0,ES,3204658.0,São Domingos do Norte,88.1,2023
32.0,ES,3204658.0,São Domingos do Norte,84.74,2024
32.0,ES,3204708.0,São Gabriel da Palha,72.5,2023
32.0,ES,3204708.0,São Gabriel da Palha,80.69,2024
32.0,ES,3204807.0,São José do Calçado,74.5,2023
32.0,ES,3204807.0,São José do Calçado,62.35,2024
32.0,ES,3204955.0,São Roque do Canaã,74.6,2023
32.0,ES,3204955.0,São Roque do Canaã,89.65,2024
32.0,ES,3205002.0,Serra,59.1,2023
32.0,ES,3205002.0,Serra,57.120000000000005,2024
32.0,ES,3205010.0,Sooretama,67.2,2023
32.0,ES,3205010.0,Sooretama,70.81,2024
32.0,ES,3205036.0,Vargem Alta,70.9,2023
32.0,ES,3205036.0,Vargem Alta,72.05,2024
32.0,ES,3205069.0,Venda Nova do Imigrante,83.0,2023
32.0,ES,3205069.0,Venda Nova do Imigrante,82.2,2024
32.0,ES,3205150.0,Vila Pavão,74.6,2023
32.0,ES,3205150.0,Vila Pavão,61.4,2024
32.0,ES,3205176.0,Vila Valério,83.5,2023
32.0,ES,3205176.0,Vila Valério,76.41,2024
32.0,ES,3205200.0,Vila Velha,68.1,2023
32.0,ES,3205200.0,Vila Velha,67.75,2024
32.0,ES,3205309.0,Vitória,65.9,2023
32.0,ES,3205309.0,Vitória,73.2,2024
33.0,RJ,3300100.0,Angra dos Reis,57.0,2023
33.0,RJ,3300100.0,Angra dos Reis,60.8,2024
33.0,RJ,3300159.0,Aperibé,59.3,2023
33.0,RJ,3300159.0,Aperibé,68.41,2024
33.0,RJ,3300209.0,Araruama,50.9,2023
33.0,RJ,3300209.0,Araruama,55.89,2024
33.0,RJ,3300225.0,Areal,62.5,2023
33.0,RJ,3300225.0,Areal,63.64,2024
33.0,RJ,3300233.0,Armação dos Búzios,67.2,2023
33.0,RJ,3300233.0,Armação dos Búzios,68.56,2024
33.0,RJ,3300258.0,Arraial do Cabo,50.5,2023
33.0,RJ,3300258.0,Arraial do Cabo,58.05,2024
33.0,RJ,3300308.0,Barra do Piraí,45.3,2023
33.0,RJ,3300308.0,Barra do Piraí,48.01,2024
33.0,RJ,3300407.0,Barra Mansa,59.2,2023
33.0,RJ,3300407.0,Barra Mansa,63.88,2024
33.0,RJ,3300456.0,Belford Roxo,34.7,2023
33.0,RJ,3300456.0,Belford Roxo,38.9,2024
33.0,RJ,3300506.0,Bom Jardim,50.4,2023
33.0,RJ,3300506.0,Bom Jardim,66.67,2024
33.0,RJ,3300605.0,Bom Jesus do Itabapoana,57.9,2023
33.0,RJ,3300605.0,Bom Jesus do Itabapoana,70.64,2024
33.0,RJ,3300704.0,Cabo Frio,54.6,2023
33.0,RJ,3300704.0,Cabo Frio,55.08,2024
33.0,RJ,3300803.0,Cachoeiras de Macacu,50.6,2023
33.0,RJ,3300803.0,Cachoeiras de Macacu,49.28,2024
33.0,RJ,3300902.0,Cambuci,69.0,2023
33.0,RJ,3300902.0,Cambuci,64.38,2024
33.0,RJ,3300951.0,Comendador Levy Gasparian,51.6,2023
33.0,RJ,3300951.0,Comendador Levy Gasparian,66.11,2024
33.0,RJ,3301009.0,Campos dos Goytacazes,38.7,2023
33.0,RJ,3301009.0,Campos dos Goytacazes,38.33,2024
33.0,RJ,3301108.0,Cantagalo,55.8,2023
33.0,RJ,3301108.0,Cantagalo,52.0,2024
33.0,RJ,3301157.0,Cardoso Moreira,31.9,2023
33.0,RJ,3301157.0,Cardoso Moreira,34.97,2024
33.0,RJ,3301207.0,Carmo,43.6,2023
33.0,RJ,3301207.0,Carmo,67.98,2024
33.0,RJ,3301306.0,Casimiro de Abreu,54.9,2023
33.0,RJ,3301306.0,Casimiro de Abreu,58.33,2024
33.0,RJ,3301504.0,Cordeiro,59.2,2023
33.0,RJ,3301504.0,Cordeiro,64.16,2024
33.0,RJ,3301603.0,Duas Barras,57.9,2023
33.0,RJ,3301603.0,Duas Barras,65.4,2024
33.0,RJ,3301702.0,Duque de Caxias,47.2,2023
33.0,RJ,3301702.0,Duque de Caxias,45.37,2024
33.0,RJ,3301801.0,Engenheiro Paulo de Frontin,63.0,2023
33.0,RJ,3301801.0,Engenheiro Paulo de Frontin,55.56,2024
33.0,RJ,3301876.0,Iguaba Grande,62.5,2023
33.0,RJ,3301876.0,Iguaba Grande,70.32000000000001,2024
33.0,RJ,3301900.0,Itaboraí,51.3,2023
33.0,RJ,3301900.0,Itaboraí,50.45,2024
33.0,RJ,3302007.0,Itaguaí,42.1,2023
33.0,RJ,3302007.0,Itaguaí,41.61,2024
33.0,RJ,3302106.0,Itaocara,65.3,2023
33.0,RJ,3302106.0,Itaocara,70.09,2024
33.0,RJ,3302205.0,Itaperuna,68.6,2023
33.0,RJ,3302205.0,Itaperuna,65.26,2024
33.0,RJ,3302254.0,Itatiaia,65.0,2023
33.0,RJ,3302254.0,Itatiaia,67.6,2024
33.0,RJ,3302270.0,Japeri,39.1,2023
33.0,RJ,3302270.0,Japeri,36.88,2024
33.0,RJ,3302304.0,Laje do Muriaé,45.2,2023
33.0,RJ,3302304.0,Laje do Muriaé,48.41,2024
33.0,RJ,3302403.0,Macaé,59.9,2023
33.0,RJ,3302403.0,Macaé,59.46,2024
33.0,RJ,3302452.0,Macuco,63.6,2023
33.0,RJ,3302452.0,Macuco,77.99,2024
33.0,RJ,3302502.0,Magé,46.3,2023
33.0,RJ,3302502.0,Magé,46.66,2024
33.0,RJ,3302601.0,Mangaratiba,47.5,2023
33.0,RJ,3302601.0,Mangaratiba,40.95,2024
33.0,RJ,3302700.0,Maricá,56.6,2023
33.0,RJ,3302700.0,Maricá,59.97,2024
33.0,RJ,3302809.0,Mendes,58.4,2023
33.0,RJ,3302809.0,Mendes,56.89,2024
33.0,RJ,3302908.0,Miguel Pereira,57.4,2023
33.0,RJ,3302908.0,Miguel Pereira,70.49,2024
33.0,RJ,3303005.0,Miracema,67.6,2023
33.0,RJ,3303005.0,Miracema,69.51,2024
33.0,RJ,3303104.0,Natividade,60.3,2023
33.0,RJ,3303104.0,Natividade,56.91,2024
33.0,RJ,3303302.0,Niterói,51.9,2023
33.0,RJ,3303302.0,Niterói,51.2,2024
33.0,RJ,3303401.0,Nova Friburgo,65.3,2023
33.0,RJ,3303401.0,Nova Friburgo,68.84,2024
33.0,RJ,3303500.0,Nova Iguaçu,33.2,2023
33.0,RJ,3303500.0,Nova Iguaçu,33.42,2024
33.0,RJ,3303609.0,Paracambi,64.3,2023
33.0,RJ,3303609.0,Paracambi,69.98,2024
33.0,RJ,3303708.0,Paraíba do Sul,50.0,2023
33.0,RJ,3303708.0,Paraíba do Sul,51.96,2024
33.0,RJ,3303807.0,Paraty,50.7,2023
33.0,RJ,3303807.0,Paraty,48.89,2024
33.0,RJ,3303856.0,Paty do Alferes,66.5,2023
33.0,RJ,3303856.0,Paty do Alferes,75.96000000000001,2024
33.0,RJ,3303906.0,Petrópolis,62.5,2023
33.0,RJ,3303906.0,Petrópolis,64.81,2024
33.0,RJ,3303955.0,Pinheiral,51.4,2023
33.0,RJ,3303955.0,Pinheiral,63.28,2024
33.0,RJ,3304003.0,Piraí,58.8,2023
33.0,RJ,3304003.0,Piraí,60.43,2024
33.0,RJ,3304102.0,Porciúncula,35.4,2023
33.0,RJ,3304102.0,Porciúncula,52.38,2024
33.0,RJ,3304110.0,Porto Real,60.8,2023
33.0,RJ,3304110.0,Porto Real,63.3,2024
33.0,RJ,3304128.0,Quatis,48.9,2023
33.0,RJ,3304128.0,Quatis,60.05,2024
33.0,RJ,3304144.0,Queimados,38.1,2023
33.0,RJ,3304144.0,Queimados,37.63,2024
33.0,RJ,3304151.0,Quissamã,66.2,2023
33.0,RJ,3304151.0,Quissamã,70.11,2024
33.0,RJ,3304201.0,Resende,68.6,2023
33.0,RJ,3304201.0,Resende,72.48,2024
33.0,RJ,3304300.0,Rio Bonito,55.9,2023
33.0,RJ,3304300.0,Rio Bonito,57.46,2024
33.0,RJ,3304409.0,Rio Claro,65.6,2023
33.0,RJ,3304409.0,Rio Claro,65.54,2024
33.0,RJ,3304508.0,Rio das Flores,59.7,2023
33.0,RJ,3304508.0,Rio das Flores,67.73,2024
33.0,RJ,3304524.0,Rio das Ostras,65.8,2023
33.0,RJ,3304524.0,Rio das Ostras,68.67,2024
33.0,RJ,3304557.0,Rio de Janeiro,56.2,2023
33.0,RJ,3304557.0,Rio de Janeiro,63.75,2024
33.0,RJ,3304607.0,Santa Maria Madalena,64.5,2023
33.0,RJ,3304607.0,Santa Maria Madalena,65.02,2024
33.0,RJ,3304706.0,Santo Antônio de Pádua,66.4,2023
33.0,RJ,3304706.0,Santo Antônio de Pádua,73.82000000000001,2024
33.0,RJ,3304755.0,São Francisco de Itabapoana,43.5,2023
33.0,RJ,3304755.0,São Francisco de Itabapoana,47.47,2024
33.0,RJ,3304805.0,São Fidélis,39.8,2023
33.0,RJ,3304805.0,São Fidélis,48.7,2024
33.0,RJ,3304904.0,São Gonçalo,45.7,2023
33.0,RJ,3304904.0,São Gonçalo,43.71,2024
33.0,RJ,3305000.0,São João da Barra,52.1,2023
33.0,RJ,3305000.0,São João da Barra,58.22,2024
33.0,RJ,3305133.0,São José de Ubá,75.1,2023
33.0,RJ,3305133.0,São José de Ubá,80.39,2024
33.0,RJ,3305158.0,São José do Vale do Rio Preto,71.4,2023
33.0,RJ,3305158.0,São José do Vale do Rio Preto,76.78,2024
33.0,RJ,3305208.0,São Pedro da Aldeia,56.2,2023
33.0,RJ,3305208.0,São Pedro da Aldeia,55.74,2024
33.0,RJ,3305307.0,São Sebastião do Alto,63.7,2023
33.0,RJ,3305307.0,São Sebastião do Alto,49.68,2024
33.0,RJ,3305505.0,Saquarema,63.5,2023
33.0,RJ,3305505.0,Saquarema,62.51,2024
33.0,RJ,3305554.0,Seropédica,46.5,2023
33.0,RJ,3305554.0,Seropédica,50.53,2024
33.0,RJ,3305604.0,Silva Jardim,55.4,2023
33.0,RJ,3305604.0,Silva Jardim,57.35,2024
33.0,RJ,3305703.0,Sumidouro,,2023
33.0,RJ,3305703.0,Sumidouro,75.43,2024
33.0,RJ,3305752.0,Tanguá,55.4,2023
33.0,RJ,3305752.0,Tanguá,54.46,2024
33.0,RJ,3305802.0,Teresópolis,59.7,2023
33.0,RJ,3305802.0,Teresópolis,64.17,2024
33.0,RJ,3305901.0,Trajano de Moraes,77.2,2023
33.0,RJ,3305901.0,Trajano de Moraes,79.23,2024
33.0,RJ,3306008.0,Três Rios,53.5,2023
33.0,RJ,3306008.0,Três Rios,51.43,2024
33.0,RJ,3306107.0,Valença,58.4,2023
33.0,RJ,3306107.0,Valença,55.84,2024
33.0,RJ,3306156.0,Varre-Sai,,2023
33.0,RJ,3306156.0,Varre-Sai,82.96000000000001,2024
33.0,RJ,3306206.0,Vassouras,65.4,2023
33.0,RJ,3306206.0,Vassouras,60.33,2024
33.0,RJ,3306305.0,Volta Redonda,60.1,2023
33.0,RJ,3306305.0,Volta Redonda,63.25,2024
35.0,SP,3500303.0,Aguaí,47.0,2023
35.0,SP,3500303.0,Aguaí,58.41,2024
35.0,SP,3500402.0,Águas da Prata,64.8,2023
35.0,SP,3500402.0,Águas da Prata,61.82,2024
35.0,SP,3500501.0,Águas de Lindóia,61.4,2023
35.0,SP,3500501.0,Águas de Lindóia,43.65,2024
35.0,SP,3500600.0,Águas de São Pedro,81.9,2023
35.0,SP,3500600.0,Águas de São Pedro,80.89,2024
35.0,SP,3500709.0,Agudos,57.2,2023
35.0,SP,3500709.0,Agudos,64.6,2024
35.0,SP,3500758.0,Alambari,71.6,2023
35.0,SP,3500758.0,Alambari,61.45,2024
35.0,SP,3500907.0,Altair,55.8,2023
35.0,SP,3500907.0,Altair,62.85,2024
35.0,SP,3501004.0,Altinópolis,68.5,2023
35.0,SP,3501004.0,Altinópolis,67.78,2024
35.0,SP,3501103.0,Alto Alegre,59.6,2023
35.0,SP,3501103.0,Alto Alegre,71.82000000000001,2024
35.0,SP,3501152.0,Alumínio,48.6,2023
35.0,SP,3501152.0,Alumínio,53.68,2024
35.0,SP,3501301.0,Álvares Machado,53.9,2023
35.0,SP,3501301.0,Álvares Machado,72.19,2024
35.0,SP,3501400.0,Álvaro de Carvalho,54.8,2023
35.0,SP,3501400.0,Álvaro de Carvalho,58.33,2024
35.0,SP,3501509.0,Alvinlândia,74.3,2023
35.0,SP,3501509.0,Alvinlândia,91.84,2024
35.0,SP,3501608.0,Americana,58.6,2023
35.0,SP,3501608.0,Americana,64.36,2024
35.0,SP,3501707.0,Américo Brasiliense,66.4,2023
35.0,SP,3501707.0,Américo Brasiliense,71.18,2024
35.0,SP,3501806.0,Américo de Campos,60.0,2023
35.0,SP,3501806.0,Américo de Campos,78.38,2024
35.0,SP,3501905.0,Amparo,52.4,2023
35.0,SP,3501905.0,Amparo,59.94,2024
35.0,SP,3502101.0,Andradina,57.0,2023
35.0,SP,3502101.0,Andradina,65.48,2024
35.0,SP,3502200.0,Angatuba,48.3,2023
35.0,SP,3502200.0,Angatuba,59.71,2024
35.0,SP,3502309.0,Anhembi,38.6,2023
35.0,SP,3502309.0,Anhembi,45.69,2024
35.0,SP,3502408.0,Anhumas,67.0,2023
35.0,SP,3502408.0,Anhumas,57.39,2024
35.0,SP,3502507.0,Aparecida,43.5,2023
35.0,SP,3502507.0,Aparecida,53.75,2024
35.0,SP,3502606.0,Aparecida d'Oeste,67.1,2023
35.0,SP,3502606.0,Aparecida d'Oeste,86.16,2024
35.0,SP,3502705.0,Apiaí,68.4,2023
35.0,SP,3502705.0,Apiaí,88.38,2024
35.0,SP,3502754.0,Araçariguama,50.1,2023
35.0,SP,3502754.0,Araçariguama,54.04,2024
35.0,SP,3502804.0,Araçatuba,65.8,2023
35.0,SP,3502804.0,Araçatuba,74.22,2024
35.0,SP,3502903.0,Araçoiaba da Serra,49.4,2023
35.0,SP,3502903.0,Araçoiaba da Serra,56.16,2024
35.0,SP,3503109.0,Arandu,54.2,2023
35.0,SP,3503109.0,Arandu,56.61,2024
35.0,SP,3503158.0,Arapeí,48.0,2023
35.0,SP,3503158.0,Arapeí,37.41,2024
35.0,SP,3503208.0,Araraquara,55.9,2023
35.0,SP,3503208.0,Araraquara,62.01,2024
35.0,SP,3503307.0,Araras,58.1,2023
35.0,SP,3503307.0,Araras,59.68,2024
35.0,SP,3503356.0,Arco-Íris,28.6,2023
35.0,SP,3503356.0,Arco-Íris,77.27,2024
35.0,SP,3503406.0,Arealva,72.6,2023
35.0,SP,3503406.0,Arealva,79.38,2024
35.0,SP,3503505.0,Areias,59.5,2023
35.0,SP,3503505.0,Areias,56.95,2024
35.0,SP,3503604.0,Areiópolis,72.3,2023
35.0,SP,3503604.0,Areiópolis,75.02,2024
35.0,SP,3503703.0,Ariranha,63.8,2023
35.0,SP,3503703.0,Ariranha,87.22,2024
35.0,SP,3503802.0,Artur Nogueira,50.1,2023
35.0,SP,3503802.0,Artur Nogueira,54.41,2024
35.0,SP,3503901.0,Arujá,50.9,2023
35.0,SP,3503901.0,Arujá,60.67,2024
35.0,SP,3504008.0,Assis,43.4,2023
35.0,SP,3504008.0,Assis,54.85,2024
35.0,SP,3504107.0,Atibaia,70.6,2023
35.0,SP,3504107.0,Atibaia,65.46000000000001,2024
35.0,SP,3504206.0,Auriflama,68.6,2023
35.0,SP,3504206.0,Auriflama,77.87,2024
35.0,SP,3504305.0,Avaí,55.3,2023
35.0,SP,3504305.0,Avaí,65.24,2024
35.0,SP,3504404.0,Avanhandava,70.9,2023
35.0,SP,3504404.0,Avanhandava,77.37,2024
35.0,SP,3504602.0,Bady Bassitt,55.6,2023
35.0,SP,3504602.0,Bady Bassitt,61.39,2024
35.0,SP,3504701.0,Balbinos,100.0,2023
35.0,SP,3504701.0,Balbinos,100.0,2024
35.0,SP,3504800.0,Bálsamo,81.6,2023
35.0,SP,3504800.0,Bálsamo,83.51,2024
35.0,SP,3504909.0,Bananal,47.8,2023
35.0,SP,3504909.0,Bananal,58.620000000000005,2024
35.0,SP,3505005.0,Barão de Antonina,65.6,2023
35.0,SP,3505005.0,Barão de Antonina,64.23,2024
35.0,SP,3505104.0,Barbosa,64.8,2023
35.0,SP,3505104.0,Barbosa,65.05,2024
35.0,SP,3505203.0,Bariri,64.8,2023
35.0,SP,3505203.0,Bariri,72.3,2024
35.0,SP,3505302.0,Barra Bonita,57.6,2023
35.0,SP,3505302.0,Barra Bonita,80.01,2024
35.0,SP,3505351.0,Barra do Chapéu,65.1,2023
35.0,SP,3505351.0,Barra do Chapéu,65.29,2024
35.0,SP,3505401.0,Barra do Turvo,87.5,2023
35.0,SP,3505401.0,Barra do Turvo,34.89,2024
35.0,SP,3505500.0,Barretos,59.7,2023
35.0,SP,3505500.0,Barretos,58.42,2024
35.0,SP,3505609.0,Barrinha,55.5,2023
35.0,SP,3505609.0,Barrinha,51.43,2024
35.0,SP,3505708.0,Barueri,62.8,2023
35.0,SP,3505708.0,Barueri,68.13,2024
35.0,SP,3505807.0,Bastos,51.9,2023
35.0,SP,3505807.0,Bastos,46.89,2024
35.0,SP,3506003.0,Bauru,43.8,2023
35.0,SP,3506003.0,Bauru,50.56,2024
35.0,SP,3506102.0,Bebedouro,48.7,2023
35.0,SP,3506102.0,Bebedouro,55.75,2024
35.0,SP,3506201.0,Bento de Abreu,100.0,2023
35.0,SP,3506201.0,Bento de Abreu,84.11,2024
35.0,SP,3506300.0,Bernardino de Campos,68.3,2023
35.0,SP,3506300.0,Bernardino de Campos,47.5,2024
35.0,SP,3506359.0,Bertioga,54.7,2023
35.0,SP,3506359.0,Bertioga,69.58,2024
35.0,SP,3506409.0,Bilac,60.0,2023
35.0,SP,3506409.0,Bilac,74.74,2024
35.0,SP,3506508.0,Birigui,71.1,2023
35.0,SP,3506508.0,Birigui,78.13,2024
35.0,SP,3506706.0,Boa Esperança do Sul,42.1,2023
35.0,SP,3506706.0,Boa Esperança do Sul,55.34,2024
35.0,SP,3506805.0,Bocaina,32.8,2023
35.0,SP,3506805.0,Bocaina,49.59,2024
35.0,SP,3506904.0,Bofete,45.8,2023
35.0,SP,3506904.0,Bofete,69.75,2024
35.0,SP,3507001.0,Boituva,61.6,2023
35.0,SP,3507001.0,Boituva,69.83,2024
35.0,SP,3507100.0,Bom Jesus dos Perdões,69.9,2023
35.0,SP,3507100.0,Bom Jesus dos Perdões,53.92,2024
35.0,SP,3507159.0,Bom Sucesso de Itararé,56.3,2023
35.0,SP,3507159.0,Bom Sucesso de Itararé,55.46,2024
35.0,SP,3507209.0,Borá,,2023
35.0,SP,3507209.0,Borá,58.33,2024
35.0,SP,3507308.0,Boracéia,71.2,2023
35.0,SP,3507308.0,Boracéia,66.62,2024
35.0,SP,3507407.0,Borborema,93.2,2023
35.0,SP,3507407.0,Borborema,70.83,2024
35.0,SP,3507456.0,Borebi,61.1,2023
35.0,SP,3507456.0,Borebi,53.42,2024
35.0,SP,3507506.0,Botucatu,59.1,2023
35.0,SP,3507506.0,Botucatu,57.09,2024
35.0,SP,3507605.0,Bragança Paulista,52.0,2023
35.0,SP,3507605.0,Bragança Paulista,53.36,2024
35.0,SP,3507753.0,Brejo Alegre,94.4,2023
35.0,SP,3507753.0,Brejo Alegre,100.0,2024
35.0,SP,3507803.0,Brodowski,53.7,2023
35.0,SP,3507803.0,Brodowski,54.27,2024
35.0,SP,3507902.0,Brotas,61.9,2023
35.0,SP,3507902.0,Brotas,56.01,2024
35.0,SP,3508009.0,Buri,48.9,2023
35.0,SP,3508009.0,Buri,63.24,2024
35.0,SP,3508108.0,Buritama,64.0,2023
35.0,SP,3508108.0,Buritama,67.83,2024
35.0,SP,3508306.0,Cabrália Paulista,79.4,2023
35.0,SP,3508306.0,Cabrália Paulista,78.11,2024
35.0,SP,3508405.0,Cabreúva,49.1,2023
35.0,SP,3508405.0,Cabreúva,64.6,2024
35.0,SP,3508504.0,Caçapava,53.1,2023
35.0,SP,3508504.0,Caçapava,44.26,2024
35.0,SP,3508603.0,Cachoeira Paulista,50.1,2023
35.0,SP,3508603.0,Cachoeira Paulista,41.8,2024
35.0,SP,3508702.0,Caconde,70.2,2023
35.0,SP,3508702.0,Caconde,75.94,2024
35.0,SP,3508801.0,Cafelândia,61.2,2023
35.0,SP,3508801.0,Cafelândia,61.51,2024
35.0,SP,3508900.0,Caiabu,44.4,2023
35.0,SP,3508900.0,Caiabu,65.71000000000001,2024
35.0,SP,3509007.0,Caieiras,43.9,2023
35.0,SP,3509007.0,Caieiras,52.21,2024
35.0,SP,3509106.0,Caiuá,54.7,2023
35.0,SP,3509106.0,Caiuá,81.48,2024
35.0,SP,3509205.0,Cajamar,50.9,2023
35.0,SP,3509205.0,Cajamar,53.17,2024
35.0,SP,3509304.0,Cajobi,61.2,2023
35.0,SP,3509304.0,Cajobi,60.42,2024
35.0,SP,3509403.0,Cajuru,71.8,2023
35.0,SP,3509403.0,Cajuru,54.99,2024
35.0,SP,3509452.0,Campina do Monte Alegre,45.8,2023
35.0,SP,3509452.0,Campina do Monte Alegre,43.46,2024
35.0,SP,3509502.0,Campinas,41.7,2023
35.0,SP,3509502.0,Campinas,41.49,2024
35.0,SP,3509601.0,Campo Limpo Paulista,49.9,2023
35.0,SP,3509601.0,Campo Limpo Paulista,48.77,2024
35.0,SP,3509700.0,Campos do Jordão,51.2,2023
35.0,SP,3509700.0,Campos do Jordão,57.120000000000005,2024
35.0,SP,3509809.0,Campos Novos Paulista,32.1,2023
35.0,SP,3509809.0,Campos Novos Paulista,86.59,2024
35.0,SP,3509908.0,Cananéia,64.9,2023
35.0,SP,3509908.0,Cananéia,59.72,2024
35.0,SP,3509957.0,Canas,53.6,2023
35.0,SP,3509957.0,Canas,48.15,2024
35.0,SP,3510005.0,Cândido Mota,72.7,2023
35.0,SP,3510005.0,Cândido Mota,65.51,2024
35.0,SP,3510104.0,Cândido Rodrigues,69.6,2023
35.0,SP,3510104.0,Cândido Rodrigues,92.31,2024
35.0,SP,3510153.0,Canitar,,2023
35.0,SP,3510153.0,Canitar,79.49,2024
35.0,SP,3510203.0,Capão Bonito,62.4,2023
35.0,SP,3510203.0,Capão Bonito,74.63,2024
35.0,SP,3510302.0,Capela do Alto,47.5,2023
35.0,SP,3510302.0,Capela do Alto,47.64,2024
35.0,SP,3510401.0,Capivari,64.5,2023
35.0,SP,3510401.0,Capivari,66.48,2024
35.0,SP,3510500.0,Caraguatatuba,54.3,2023
35.0,SP,3510500.0,Caraguatatuba,58.19,2024
35.0,SP,3510609.0,Carapicuíba,45.2,2023
35.0,SP,3510609.0,Carapicuíba,44.8,2024
35.0,SP,3510708.0,Cardoso,68.9,2023
35.0,SP,3510708.0,Cardoso,59.86,2024
35.0,SP,3510807.0,Casa Branca,45.0,2023
35.0,SP,3510807.0,Casa Branca,61.98,2024
35.0,SP,3510906.0,Cássia dos Coqueiros,67.2,2023
35.0,SP,3510906.0,Cássia dos Coqueiros,75.0,2024
35.0,SP,3511003.0,Castilho,47.9,2023
35.0,SP,3511003.0,Castilho,45.42,2024
35.0,SP,3511102.0,Catanduva,54.4,2023
35.0,SP,3511102.0,Catanduva,70.27,2024
35.0,SP,3511201.0,Catiguá,54.3,2023
35.0,SP,3511201.0,Catiguá,84.7,2024
35.0,SP,3511300.0,Cedral,72.9,2023
35.0,SP,3511300.0,Cedral,55.73,2024
35.0,SP,3511409.0,Cerqueira César,44.0,2023
35.0,SP,3511409.0,Cerqueira César,39.99,2024
35.0,SP,3511508.0,Cerquilho,60.9,2023
35.0,SP,3511508.0,Cerquilho,69.15,2024
35.0,SP,3511607.0,Cesário Lange,55.7,2023
35.0,SP,3511607.0,Cesário Lange,51.32,2024
35.0,SP,3511706.0,Charqueada,44.6,2023
35.0,SP,3511706.0,Charqueada,62.5,2024
35.0,SP,3511904.0,Clementina,51.1,2023
35.0,SP,3511904.0,Clementina,54.120000000000005,2024
35.0,SP,3512100.0,Colômbia,90.6,2023
35.0,SP,3512100.0,Colômbia,72.63,2024
35.0,SP,3512308.0,Conchas,47.3,2023
35.0,SP,3512308.0,Conchas,69.48,2024
35.0,SP,3512407.0,Cordeirópolis,74.4,2023
35.0,SP,3512407.0,Cordeirópolis,69.60000000000001,2024
35.0,SP,3512506.0,Coroados,69.4,2023
35.0,SP,3512506.0,Coroados,72.95,2024
35.0,SP,3512605.0,Coronel Macedo,46.3,2023
35.0,SP,3512605.0,Coronel Macedo,38.69,2024
35.0,SP,3512704.0,Corumbataí,43.6,2023
35.0,SP,3512704.0,Corumbataí,84.16,2024
35.0,SP,3512803.0,Cosmópolis,53.0,2023
35.0,SP,3512803.0,Cosmópolis,59.61,2024
35.0,SP,3512902.0,Cosmorama,94.6,2023
35.0,SP,3512902.0,Cosmorama,56.46,2024
35.0,SP,3513009.0,Cotia,50.7,2023
35.0,SP,3513009.0,Cotia,49.49,2024
35.0,SP,3513108.0,Cravinhos,41.9,2023
35.0,SP,3513108.0,Cravinhos,59.0,2024
35.0,SP,3513306.0,Cruzália,85.2,2023
35.0,SP,3513306.0,Cruzália,47.06,2024
35.0,SP,3513405.0,Cruzeiro,39.3,2023
35.0,SP,3513405.0,Cruzeiro,55.99,2024
35.0,SP,3513504.0,Cubatão,48.5,2023
35.0,SP,3513504.0,Cubatão,45.43,2024
35.0,SP,3513603.0,Cunha,49.9,2023
35.0,SP,3513603.0,Cunha,58.09,2024
35.0,SP,3513702.0,Descalvado,59.4,2023
35.0,SP,3513702.0,Descalvado,80.62,2024
35.0,SP,3513801.0,Diadema,40.9,2023
35.0,SP,3513801.0,Diadema,48.02,2024
35.0,SP,3513850.0,Dirce Reis,46.7,2023
35.0,SP,3513850.0,Dirce Reis,84.62,2024
35.0,SP,3513900.0,Divinolândia,52.3,2023
35.0,SP,3513900.0,Divinolândia,61.36,2024
35.0,SP,3514106.0,Dois Córregos,61.4,2023
35.0,SP,3514106.0,Dois Córregos,57.41,2024
35.0,SP,3514205.0,Dolcinópolis,76.6,2023
35.0,SP,3514205.0,Dolcinópolis,65.38,2024
35.0,SP,3514304.0,Dourado,71.5,2023
35.0,SP,3514304.0,Dourado,71.85000000000001,2024
35.0,SP,3514403.0,Dracena,63.1,2023
35.0,SP,3514403.0,Dracena,62.74,2024
35.0,SP,3514601.0,Dumont,76.8,2023
35.0,SP,3514601.0,Dumont,64.5,2024
35.0,SP,3514700.0,Echaporã,77.9,2023
35.0,SP,3514700.0,Echaporã,95.07,2024
35.0,SP,3514809.0,Eldorado,62.3,2023
35.0,SP,3514809.0,Eldorado,75.19,2024
35.0,SP,3514908.0,Elias Fausto,55.1,2023
35.0,SP,3514908.0,Elias Fausto,56.28,2024
35.0,SP,3514924.0,Elisiário,72.4,2023
35.0,SP,3514924.0,Elisiário,85.34,2024
35.0,SP,3514957.0,Embaúba,88.9,2023
35.0,SP,3514957.0,Embaúba,73.08,2024
35.0,SP,3515004.0,Embu das Artes,32.6,2023
35.0,SP,3515004.0,Embu das Artes,40.5,2024
35.0,SP,3515103.0,Embu-Guaçu,46.5,2023
35.0,SP,3515103.0,Embu-Guaçu,45.34,2024
35.0,SP,3515129.0,Emilianópolis,47.9,2023
35.0,SP,3515129.0,Emilianópolis,88.58,2024
35.0,SP,3515152.0,Engenheiro Coelho,53.3,2023
35.0,SP,3515152.0,Engenheiro Coelho,47.86,2024
35.0,SP,3515186.0,Espírito Santo do Pinhal,65.4,2023
35.0,SP,3515186.0,Espírito Santo do Pinhal,61.16,2024
35.0,SP,3515194.0,Espírito Santo do Turvo,58.6,2023
35.0,SP,3515194.0,Espírito Santo do Turvo,56.14,2024
35.0,SP,3515202.0,Estrela d'Oeste,54.0,2023
35.0,SP,3515202.0,Estrela d'Oeste,58.91,2024
35.0,SP,3515301.0,Estrela do Norte,73.0,2023
35.0,SP,3515301.0,Estrela do Norte,89.26,2024
35.0,SP,3515400.0,Fartura,62.7,2023
35.0,SP,3515400.0,Fartura,82.78,2024
35.0,SP,3515509.0,Fernandópolis,57.6,2023
35.0,SP,3515509.0,Fernandópolis,61.01,2024
35.0,SP,3515608.0,Fernando Prestes,97.9,2023
35.0,SP,3515608.0,Fernando Prestes,85.99,2024
35.0,SP,3515657.0,Fernão,92.9,2023
35.0,SP,3515657.0,Fernão,44.0,2024
35.0,SP,3515707.0,Ferraz de Vasconcelos,52.7,2023
35.0,SP,3515707.0,Ferraz de Vasconcelos,65.07000000000001,2024
35.0,SP,3515806.0,Flora Rica,30.0,2023
35.0,SP,3515806.0,Flora Rica,27.27,2024
35.0,SP,3515905.0,Floreal,100.0,2023
35.0,SP,3515905.0,Floreal,96.19,2024
35.0,SP,3516002.0,Flórida Paulista,82.9,2023
35.0,SP,3516002.0,Flórida Paulista,54.56,2024
35.0,SP,3516200.0,Franca,57.7,2023
35.0,SP,3516200.0,Franca,64.54,2024
35.0,SP,3516309.0,Francisco Morato,50.6,2023
35.0,SP,3516309.0,Francisco Morato,50.49,2024
35.0,SP,3516408.0,Franco da Rocha,50.9,2023
35.0,SP,3516408.0,Franco da Rocha,46.57,2024
35.0,SP,3516606.0,Gália,78.9,2023
35.0,SP,3516606.0,Gália,66.68,2024
35.0,SP,3516705.0,Garça,51.9,2023
35.0,SP,3516705.0,Garça,57.27,2024
35.0,SP,3516804.0,Gastão Vidigal,53.1,2023
35.0,SP,3516804.0,Gastão Vidigal,54.3,2024
35.0,SP,3516853.0,Gavião Peixoto,66.9,2023
35.0,SP,3516853.0,Gavião Peixoto,73.65,2024
35.0,SP,3516903.0,General Salgado,60.8,2023
35.0,SP,3516903.0,General Salgado,67.35,2024
35.0,SP,3517000.0,Getulina,49.5,2023
35.0,SP,3517000.0,Getulina,68.1,2024
35.0,SP,3517109.0,Glicério,70.6,2023
35.0,SP,3517109.0,Glicério,86.84,2024
35.0,SP,3517208.0,Guaiçara,50.6,2023
35.0,SP,3517208.0,Guaiçara,60.0,2024
35.0,SP,3517307.0,Guaimbê,82.7,2023
35.0,SP,3517307.0,Guaimbê,83.39,2024
35.0,SP,3517406.0,Guaíra,54.9,2023
35.0,SP,3517406.0,Guaíra,53.49,2024
35.0,SP,3517505.0,Guapiaçu,56.3,2023
35.0,SP,3517505.0,Guapiaçu,70.54,2024
35.0,SP,3517604.0,Guapiara,66.9,2023
35.0,SP,3517604.0,Guapiara,60.31,2024
35.0,SP,3517703.0,Guará,67.4,2023
35.0,SP,3517703.0,Guará,76.27,2024
35.0,SP,3517802.0,Guaraçaí,54.4,2023
35.0,SP,3517802.0,Guaraçaí,60.72,2024
35.0,SP,3518008.0,Guarani d'Oeste,94.1,2023
35.0,SP,3518008.0,Guarani d'Oeste,57.14,2024
35.0,SP,3518107.0,Guarantã,66.9,2023
35.0,SP,3518107.0,Guarantã,47.49,2024
35.0,SP,3518206.0,Guararapes,58.2,2023
35.0,SP,3518206.0,Guararapes,71.91,2024
35.0,SP,3518305.0,Guararema,64.8,2023
35.0,SP,3518305.0,Guararema,76.97,2024
35.0,SP,3518404.0,Guaratinguetá,56.8,2023
35.0,SP,3518404.0,Guaratinguetá,55.83,2024
35.0,SP,3518503.0,Guareí,62.3,2023
35.0,SP,3518503.0,Guareí,68.52,2024
35.0,SP,3518602.0,Guariba,69.7,2023
35.0,SP,3518602.0,Guariba,78.67,2024
35.0,SP,3518701.0,Guarujá,48.2,2023
35.0,SP,3518701.0,Guarujá,44.13,2024
35.0,SP,3518800.0,Guarulhos,39.4,2023
35.0,SP,3518800.0,Guarulhos,44.19,2024
35.0,SP,3518859.0,Guatapará,64.6,2023
35.0,SP,3518859.0,Guatapará,33.82,2024
35.0,SP,3518909.0,Guzolândia,88.6,2023
35.0,SP,3518909.0,Guzolândia,79.92,2024
35.0,SP,3519006.0,Herculândia,85.2,2023
35.0,SP,3519006.0,Herculândia,81.08,2024
35.0,SP,3519055.0,Holambra,58.3,2023
35.0,SP,3519055.0,Holambra,62.59,2024
35.0,SP,3519071.0,Hortolândia,58.0,2023
35.0,SP,3519071.0,Hortolândia,55.05,2024
35.0,SP,3519105.0,Iacanga,100.0,2023
35.0,SP,3519105.0,Iacanga,97.67,2024
35.0,SP,3519303.0,Ibaté,52.8,2023
35.0,SP,3519303.0,Ibaté,68.78,2024
35.0,SP,3519402.0,Ibirá,71.2,2023
35.0,SP,3519402.0,Ibirá,61.64,2024
35.0,SP,3519501.0,Ibirarema,89.0,2023
35.0,SP,3519501.0,Ibirarema,71.85000000000001,2024
35.0,SP,3519600.0,Ibitinga,49.7,2023
35.0,SP,3519600.0,Ibitinga,49.2,2024
35.0,SP,3519709.0,Ibiúna,44.7,2023
35.0,SP,3519709.0,Ibiúna,53.06,2024
35.0,SP,3519808.0,Icém,73.4,2023
35.0,SP,3519808.0,Icém,81.32000000000001,2024
35.0,SP,3519907.0,Iepê,51.8,2023
35.0,SP,3519907.0,Iepê,53.84,2024
35.0,SP,3520004.0,Igaraçu do Tietê,68.6,2023
35.0,SP,3520004.0,Igaraçu do Tietê,77.29,2024
35.0,SP,3520202.0,Igaratá,61.5,2023
35.0,SP,3520202.0,Igaratá,50.61,2024
35.0,SP,3520301.0,Iguape,57.2,2023
35.0,SP,3520301.0,Iguape,61.67,2024
35.0,SP,3520426.0,Ilha Comprida,52.0,2023
35.0,SP,3520426.0,Ilha Comprida,67.6,2024
35.0,SP,3520442.0,Ilha Solteira,66.5,2023
35.0,SP,3520442.0,Ilha Solteira,80.76,2024
35.0,SP,3520509.0,Indaiatuba,58.5,2023
35.0,SP,3520509.0,Indaiatuba,62.82,2024
35.0,SP,3520608.0,Indiana,81.6,2023
35.0,SP,3520608.0,Indiana,70.59,2024
35.0,SP,3520707.0,Indiaporã,67.6,2023
35.0,SP,3520707.0,Indiaporã,78.96000000000001,2024
35.0,SP,3520806.0,Inúbia Paulista,89.2,2023
35.0,SP,3520806.0,Inúbia Paulista,94.72,2024
35.0,SP,3520905.0,Ipaussu,55.8,2023
35.0,SP,3520905.0,Ipaussu,54.96,2024
35.0,SP,3521002.0,Iperó,40.9,2023
35.0,SP,3521002.0,Iperó,44.75,2024
35.0,SP,3521101.0,Ipeúna,44.0,2023
35.0,SP,3521101.0,Ipeúna,62.620000000000005,2024
35.0,SP,3521150.0,Ipiguá,48.0,2023
35.0,SP,3521150.0,Ipiguá,43.3,2024
35.0,SP,3521200.0,Iporanga,52.3,2023
35.0,SP,3521200.0,Iporanga,65.63,2024
35.0,SP,3521309.0,Ipuã,77.1,2023
35.0,SP,3521309.0,Ipuã,63.8,2024
35.0,SP,3521408.0,Iracemápolis,59.6,2023
35.0,SP,3521408.0,Iracemápolis,62.26,2024
35.0,SP,3521507.0,Irapuã,69.6,2023
35.0,SP,3521507.0,Irapuã,76.62,2024
35.0,SP,3521606.0,Irapuru,97.2,2023
35.0,SP,3521606.0,Irapuru,96.0,2024
35.0,SP,3521804.0,Itaí,47.4,2023
35.0,SP,3521804.0,Itaí,46.71,2024
35.0,SP,3521903.0,Itajobi,85.1,2023
35.0,SP,3521903.0,Itajobi,82.74,2024
35.0,SP,3522000.0,Itaju,53.8,2023
35.0,SP,3522000.0,Itaju,44.34,2024
35.0,SP,3522109.0,Itanhaém,54.3,2023
35.0,SP,3522109.0,Itanhaém,48.05,2024
35.0,SP,3522158.0,Itaoca,60.9,2023
35.0,SP,3522158.0,Itaoca,51.85,2024
35.0,SP,3522208.0,Itapecerica da Serra,53.4,2023
35.0,SP,3522208.0,Itapecerica da Serra,54.9,2024
35.0,SP,3522307.0,Itapetininga,42.2,2023
35.0,SP,3522307.0,Itapetininga,50.81,2024
35.0,SP,3522505.0,Itapevi,50.3,2023
35.0,SP,3522505.0,Itapevi,55.46,2024
35.0,SP,3522604.0,Itapira,60.5,2023
35.0,SP,3522604.0,Itapira,62.18,2024
35.0,SP,3522653.0,Itapirapuã Paulista,45.7,2023
35.0,SP,3522653.0,Itapirapuã Paulista,29.85,2024
35.0,SP,3522703.0,Itápolis,66.7,2023
35.0,SP,3522703.0,Itápolis,77.38,2024
35.0,SP,3522802.0,Itaporanga,36.4,2023
35.0,SP,3522802.0,Itaporanga,70.10000000000001,2024
35.0,SP,3522901.0,Itapuí,35.0,2023
35.0,SP,3522901.0,Itapuí,53.04,2024
35.0,SP,3523008.0,Itapura,49.6,2023
35.0,SP,3523008.0,Itapura,79.05,2024
35.0,SP,3523107.0,Itaquaquecetuba,43.0,2023
35.0,SP,3523107.0,Itaquaquecetuba,57.19,2024
35.0,SP,3523206.0,Itararé,55.9,2023
35.0,SP,3523206.0,Itararé,53.17,2024
35.0,SP,3523305.0,Itariri,61.6,2023
35.0,SP,3523305.0,Itariri,70.98,2024
35.0,SP,3523404.0,Itatiba,65.1,2023
35.0,SP,3523404.0,Itatiba,73.47,2024
35.0,SP,3523503.0,Itatinga,61.7,2023
35.0,SP,3523503.0,Itatinga,54.18,2024
35.0,SP,3523602.0,Itirapina,59.1,2023
35.0,SP,3523602.0,Itirapina,69.9,2024
35.0,SP,3523701.0,Itirapuã,73.9,2023
35.0,SP,3523701.0,Itirapuã,82.38,2024
35.0,SP,3523909.0,Itu,65.3,2023
35.0,SP,3523909.0,Itu,61.67,2024
35.0,SP,3524105.0,Ituverava,48.4,2023
35.0,SP,3524105.0,Ituverava,49.94,2024
35.0,SP,3524204.0,Jaborandi,82.6,2023
35.0,SP,3524204.0,Jaborandi,67.19,2024
35.0,SP,3524303.0,Jaboticabal,53.0,2023
35.0,SP,3524303.0,Jaboticabal,57.94,2024
35.0,SP,3524402.0,Jacareí,45.6,2023
35.0,SP,3524402.0,Jacareí,51.48,2024
35.0,SP,3524501.0,Jaci,55.8,2023
35.0,SP,3524501.0,Jaci,68.06,2024
35.0,SP,3524600.0,Jacupiranga,63.9,2023
35.0,SP,3524600.0,Jacupiranga,54.8,2024
35.0,SP,3524709.0,Jaguariúna,62.8,2023
35.0,SP,3524709.0,Jaguariúna,70.22,2024
35.0,SP,3525102.0,Jardinópolis,58.3,2023
35.0,SP,3525102.0,Jardinópolis,45.42,2024
35.0,SP,3525201.0,Jarinu,48.8,2023
35.0,SP,3525201.0,Jarinu,44.07,2024
35.0,SP,3525300.0,Jaú,59.8,2023
35.0,SP,3525300.0,Jaú,54.89,2024
35.0,SP,3525409.0,Jeriquara,45.2,2023
35.0,SP,3525409.0,Jeriquara,49.55,2024
35.0,SP,3525508.0,Joanópolis,71.9,2023
35.0,SP,3525508.0,Joanópolis,57.3,2024
35.0,SP,3525607.0,João Ramalho,81.8,2023
35.0,SP,3525607.0,João Ramalho,65.42,2024
35.0,SP,3525706.0,José Bonifácio,55.8,2023
35.0,SP,3525706.0,José Bonifácio,54.93,2024
35.0,SP,3525805.0,Júlio Mesquita,66.8,2023
35.0,SP,3525805.0,Júlio Mesquita,55.26,2024
35.0,SP,3525854.0,Jumirim,76.4,2023
35.0,SP,3525854.0,Jumirim,50.81,2024
35.0,SP,3525904.0,Jundiaí,69.2,2023
35.0,SP,3525904.0,Jundiaí,70.49,2024
35.0,SP,3526100.0,Juquiá,54.9,2023
35.0,SP,3526100.0,Juquiá,55.18,2024
35.0,SP,3526209.0,Juquitiba,60.1,2023
35.0,SP,3526209.0,Juquitiba,55.99,2024
35.0,SP,3526308.0,Lagoinha,48.7,2023
35.0,SP,3526308.0,Lagoinha,65.02,2024
35.0,SP,3526506.0,Lavínia,62.0,2023
35.0,SP,3526506.0,Lavínia,59.08,2024
35.0,SP,3526605.0,Lavrinhas,52.7,2023
35.0,SP,3526605.0,Lavrinhas,46.14,2024
35.0,SP,3526704.0,Leme,52.8,2023
35.0,SP,3526704.0,Leme,61.7,2024
35.0,SP,3526803.0,Lençóis Paulista,61.3,2023
35.0,SP,3526803.0,Lençóis Paulista,63.65,2024
35.0,SP,3526902.0,Limeira,62.4,2023
35.0,SP,3526902.0,Limeira,62.75,2024
35.0,SP,3527009.0,Lindóia,77.1,2023
35.0,SP,3527009.0,Lindóia,61.13,2024
35.0,SP,3527108.0,Lins,74.3,2023
35.0,SP,3527108.0,Lins,92.23,2024
35.0,SP,3527207.0,Lorena,42.5,2023
35.0,SP,3527207.0,Lorena,47.82,2024
35.0,SP,3527256.0,Lourdes,74.0,2023
35.0,SP,3527256.0,Lourdes,72.22,2024
35.0,SP,3527306.0,Louveira,54.6,2023
35.0,SP,3527306.0,Louveira,58.25,2024
35.0,SP,3527405.0,Lucélia,64.5,2023
35.0,SP,3527405.0,Lucélia,68.26,2024
35.0,SP,3527504.0,Lucianópolis,74.9,2023
35.0,SP,3527504.0,Lucianópolis,75.0,2024
35.0,SP,3527702.0,Luiziânia,54.6,2023
35.0,SP,3527702.0,Luiziânia,54.95,2024
35.0,SP,3527801.0,Lupércio,55.6,2023
35.0,SP,3527801.0,Lupércio,60.96,2024
35.0,SP,3527900.0,Lutécia,71.6,2023
35.0,SP,3527900.0,Lutécia,78.67,2024
35.0,SP,3528007.0,Macatuba,65.0,2023
35.0,SP,3528007.0,Macatuba,62.4,2024
35.0,SP,3528106.0,Macaubal,81.5,2023
35.0,SP,3528106.0,Macaubal,96.3,2024
35.0,SP,3528205.0,Macedônia,82.5,2023
35.0,SP,3528205.0,Macedônia,72.5,2024
35.0,SP,3528304.0,Magda,84.5,2023
35.0,SP,3528304.0,Magda,93.95,2024
35.0,SP,3528403.0,Mairinque,,2023
35.0,SP,3528403.0,Mairinque,49.33,2024
35.0,SP,3528502.0,Mairiporã,55.0,2023
35.0,SP,3528502.0,Mairiporã,63.31,2024
35.0,SP,3528601.0,Manduri,62.2,2023
35.0,SP,3528601.0,Manduri,65.64,2024
35.0,SP,3528700.0,Marabá Paulista,71.4,2023
35.0,SP,3528700.0,Marabá Paulista,48.33,2024
35.0,SP,3528809.0,Maracaí,84.8,2023
35.0,SP,3528809.0,Maracaí,91.17,2024
35.0,SP,3528858.0,Marapoama,94.7,2023
35.0,SP,3528858.0,Marapoama,100.0,2024
35.0,SP,3528908.0,Mariápolis,53.0,2023
35.0,SP,3528908.0,Mariápolis,48.4,2024
35.0,SP,3529005.0,Marília,59.2,2023
35.0,SP,3529005.0,Marília,64.28,2024
35.0,SP,3529104.0,Marinópolis,93.3,2023
35.0,SP,3529104.0,Marinópolis,100.0,2024
35.0,SP,3529203.0,Martinópolis,53.0,2023
35.0,SP,3529203.0,Martinópolis,63.56,2024
35.0,SP,3529302.0,Matão,64.4,2023
35.0,SP,3529302.0,Matão,62.33,2024
35.0,SP,3529401.0,Mauá,45.7,2023
35.0,SP,3529401.0,Mauá,46.04,2024
35.0,SP,3529500.0,Mendonça,70.0,2023
35.0,SP,3529500.0,Mendonça,77.56,2024
35.0,SP,3529609.0,Meridiano,67.3,2023
35.0,SP,3529609.0,Meridiano,67.31,2024
35.0,SP,3529658.0,Mesópolis,34.8,2023
35.0,SP,3529658.0,Mesópolis,56.25,2024
35.0,SP,3529708.0,Miguelópolis,64.3,2023
35.0,SP,3529708.0,Miguelópolis,29.09,2024
35.0,SP,3529807.0,Mineiros do Tietê,45.8,2023
35.0,SP,3529807.0,Mineiros do Tietê,68.18,2024
35.0,SP,3529906.0,Miracatu,43.6,2023
35.0,SP,3529906.0,Miracatu,65.52,2024
35.0,SP,3530003.0,Mira Estrela,60.9,2023
35.0,SP,3530003.0,Mira Estrela,93.03,2024
35.0,SP,3530102.0,Mirandópolis,53.4,2023
35.0,SP,3530102.0,Mirandópolis,54.13,2024
35.0,SP,3530201.0,Mirante do Paranapanema,98.0,2023
35.0,SP,3530201.0,Mirante do Paranapanema,87.52,2024
35.0,SP,3530300.0,Mirassol,67.6,2023
35.0,SP,3530300.0,Mirassol,61.57,2024
35.0,SP,3530409.0,Mirassolândia,59.2,2023
35.0,SP,3530409.0,Mirassolândia,55.96,2024
35.0,SP,3530508.0,Mococa,46.4,2023
35.0,SP,3530508.0,Mococa,61.52,2024
35.0,SP,3530607.0,Mogi das Cruzes,46.6,2023
35.0,SP,3530607.0,Mogi das Cruzes,47.88,2024
35.0,SP,3530706.0,Mogi Guaçu,51.4,2023
35.0,SP,3530706.0,Mogi Guaçu,63.47,2024
35.0,SP,3530805.0,Mogi Mirim,53.8,2023
35.0,SP,3530805.0,Mogi Mirim,57.7,2024
35.0,SP,3530904.0,Mombuca,55.8,2023
35.0,SP,3530904.0,Mombuca,74.25,2024
35.0,SP,3531100.0,Mongaguá,48.6,2023
35.0,SP,3531100.0,Mongaguá,41.39,2024
35.0,SP,3531209.0,Monte Alegre do Sul,55.1,2023
35.0,SP,3531209.0,Monte Alegre do Sul,56.59,2024
35.0,SP,3531308.0,Monte Alto,67.1,2023
35.0,SP,3531308.0,Monte Alto,59.0,2024
35.0,SP,3531407.0,Monte Aprazível,73.5,2023
35.0,SP,3531407.0,Monte Aprazível,65.44,2024
35.0,SP,3531506.0,Monte Azul Paulista,72.9,2023
35.0,SP,3531506.0,Monte Azul Paulista,55.38,2024
35.0,SP,3531605.0,Monte Castelo,66.5,2023
35.0,SP,3531605.0,Monte Castelo,94.29,2024
35.0,SP,3531704.0,Monteiro Lobato,66.6,2023
35.0,SP,3531704.0,Monteiro Lobato,50.9,2024
35.0,SP,3531803.0,Monte Mor,49.6,2023
35.0,SP,3531803.0,Monte Mor,46.98,2024
35.0,SP,3531902.0,Morro Agudo,55.2,2023
35.0,SP,3531902.0,Morro Agudo,45.3,2024
35.0,SP,3532009.0,Morungaba,47.0,2023
35.0,SP,3532009.0,Morungaba,47.32,2024
35.0,SP,3532058.0,Motuca,79.9,2023
35.0,SP,3532058.0,Motuca,78.09,2024
35.0,SP,3532108.0,Murutinga do Sul,57.6,2023
35.0,SP,3532108.0,Murutinga do Sul,100.0,2024
35.0,SP,3532157.0,Nantes,59.3,2023
35.0,SP,3532157.0,Nantes,36.18,2024
35.0,SP,3532207.0,Narandiba,53.2,2023
35.0,SP,3532207.0,Narandiba,60.6,2024
35.0,SP,3532306.0,Natividade da Serra,40.3,2023
35.0,SP,3532306.0,Natividade da Serra,57.89,2024
35.0,SP,3532405.0,Nazaré Paulista,46.8,2023
35.0,SP,3532405.0,Nazaré Paulista,62.5,2024
35.0,SP,3532504.0,Neves Paulista,90.6,2023
35.0,SP,3532504.0,Neves Paulista,74.47,2024
35.0,SP,3532603.0,Nhandeara,66.5,2023
35.0,SP,3532603.0,Nhandeara,67.47,2024
35.0,SP,3532702.0,Nipoã,93.8,2023
35.0,SP,3532702.0,Nipoã,80.24,2024
35.0,SP,3532801.0,Nova Aliança,57.7,2023
35.0,SP,3532801.0,Nova Aliança,73.75,2024
35.0,SP,3532827.0,Nova Campina,45.1,2023
35.0,SP,3532827.0,Nova Campina,61.55,2024
35.0,SP,3532843.0,Nova Canaã Paulista,79.0,2023
35.0,SP,3532843.0,Nova Canaã Paulista,72.22,2024
35.0,SP,3532868.0,Nova Castilho,40.0,2023
35.0,SP,3532868.0,Nova Castilho,25.0,2024
35.0,SP,3532900.0,Nova Europa,50.6,2023
35.0,SP,3532900.0,Nova Europa,68.76,2024
35.0,SP,3533007.0,Nova Granada,61.2,2023
35.0,SP,3533007.0,Nova Granada,59.94,2024
35.0,SP,3533106.0,Nova Guataporanga,66.7,2023
35.0,SP,3533106.0,Nova Guataporanga,83.33,2024
35.0,SP,3533205.0,Nova Independência,49.8,2023
35.0,SP,3533205.0,Nova Independência,88.79,2024
35.0,SP,3533254.0,Novais,68.6,2023
35.0,SP,3533254.0,Novais,63.99,2024
35.0,SP,3533304.0,Nova Luzitânia,77.9,2023
35.0,SP,3533304.0,Nova Luzitânia,73.33,2024
35.0,SP,3533403.0,Nova Odessa,54.9,2023
35.0,SP,3533403.0,Nova Odessa,57.96,2024
35.0,SP,3533502.0,Novo Horizonte,61.6,2023
35.0,SP,3533502.0,Novo Horizonte,75.66,2024
35.0,SP,3533601.0,Nuporanga,69.5,2023
35.0,SP,3533601.0,Nuporanga,64.88,2024
35.0,SP,3533700.0,Ocauçu,83.7,2023
35.0,SP,3533700.0,Ocauçu,90.38,2024
35.0,SP,3533809.0,Óleo,57.1,2023
35.0,SP,3533809.0,Óleo,70.0,2024
35.0,SP,3533908.0,Olímpia,61.2,2023
35.0,SP,3533908.0,Olímpia,74.72,2024
35.0,SP,3534005.0,Onda Verde,47.1,2023
35.0,SP,3534005.0,Onda Verde,74.45,2024
35.0,SP,3534104.0,Oriente,59.5,2023
35.0,SP,3534104.0,Oriente,39.53,2024
35.0,SP,3534203.0,Orindiúva,43.6,2023
35.0,SP,3534203.0,Orindiúva,48.15,2024
35.0,SP,3534302.0,Orlândia,44.9,2023
35.0,SP,3534302.0,Orlândia,57.15,2024
35.0,SP,3534401.0,Osasco,46.0,2023
35.0,SP,3534401.0,Osasco,49.13,2024
35.0,SP,3534500.0,Oscar Bressane,68.2,2023
35.0,SP,3534500.0,Oscar Bressane,88.17,2024
35.0,SP,3534609.0,Osvaldo Cruz,58.3,2023
35.0,SP,3534609.0,Osvaldo Cruz,59.23,2024
35.0,SP,3534708.0,Ourinhos,50.4,2023
35.0,SP,3534708.0,Ourinhos,53.67,2024
35.0,SP,3534757.0,Ouroeste,99.3,2023
35.0,SP,3534757.0,Ouroeste,89.21000000000001,2024
35.0,SP,3534807.0,Ouro Verde,82.0,2023
35.0,SP,3534807.0,Ouro Verde,76.07000000000001,2024
35.0,SP,3535002.0,Palestina,58.0,2023
35.0,SP,3535002.0,Palestina,72.03,2024
35.0,SP,3535101.0,Palmares Paulista,82.7,2023
35.0,SP,3535101.0,Palmares Paulista,77.46000000000001,2024
35.0,SP,3535200.0,Palmeira d'Oeste,67.6,2023
35.0,SP,3535200.0,Palmeira d'Oeste,83.91,2024
35.0,SP,3535309.0,Palmital,46.5,2023
35.0,SP,3535309.0,Palmital,60.32,2024
35.0,SP,3535507.0,Paraguaçu Paulista,48.2,2023
35.0,SP,3535507.0,Paraguaçu Paulista,56.93,2024
35.0,SP,3535606.0,Paraibuna,63.5,2023
35.0,SP,3535606.0,Paraibuna,58.56,2024
35.0,SP,3535705.0,Paraíso,76.8,2023
35.0,SP,3535705.0,Paraíso,87.14,2024
35.0,SP,3535804.0,Paranapanema,49.3,2023
35.0,SP,3535804.0,Paranapanema,42.59,2024
35.0,SP,3535903.0,Paranapuã,32.4,2023
35.0,SP,3535903.0,Paranapuã,82.89,2024
35.0,SP,3536000.0,Parapuã,75.6,2023
35.0,SP,3536000.0,Parapuã,73.38,2024
35.0,SP,3536109.0,Pardinho,57.7,2023
35.0,SP,3536109.0,Pardinho,56.51,2024
35.0,SP,3536208.0,Pariquera-Açu,64.5,2023
35.0,SP,3536208.0,Pariquera-Açu,61.36,2024
35.0,SP,3536257.0,Parisi,76.7,2023
35.0,SP,3536257.0,Parisi,90.72,2024
35.0,SP,3536307.0,Patrocínio Paulista,44.7,2023
35.0,SP,3536307.0,Patrocínio Paulista,67.0,2024
35.0,SP,3536406.0,Paulicéia,67.2,2023
35.0,SP,3536406.0,Paulicéia,75.86,2024
35.0,SP,3536505.0,Paulínia,48.5,2023
35.0,SP,3536505.0,Paulínia,61.39,2024
35.0,SP,3536570.0,Paulistânia,38.3,2023
35.0,SP,3536570.0,Paulistânia,73.68,2024
35.0,SP,3536604.0,Paulo de Faria,50.4,2023
35.0,SP,3536604.0,Paulo de Faria,80.89,2024
35.0,SP,3536703.0,Pederneiras,36.4,2023
35.0,SP,3536703.0,Pederneiras,46.77,2024
35.0,SP,3536802.0,Pedra Bela,,2023
35.0,SP,3536802.0,Pedra Bela,47.19,2024
35.0,SP,3536901.0,Pedranópolis,39.1,2023
35.0,SP,3536901.0,Pedranópolis,72.73,2024
35.0,SP,3537008.0,Pedregulho,60.9,2023
35.0,SP,3537008.0,Pedregulho,51.67,2024
35.0,SP,3537107.0,Pedreira,94.4,2023
35.0,SP,3537107.0,Pedreira,94.25,2024
35.0,SP,3537305.0,Penápolis,60.6,2023
35.0,SP,3537305.0,Penápolis,61.01,2024
35.0,SP,3537404.0,Pereira Barreto,66.1,2023
35.0,SP,3537404.0,Pereira Barreto,83.47,2024
35.0,SP,3537503.0,Pereiras,51.4,2023
35.0,SP,3537503.0,Pereiras,66.7,2024
35.0,SP,3537602.0,Peruíbe,39.6,2023
35.0,SP,3537602.0,Peruíbe,46.81,2024
35.0,SP,3537701.0,Piacatu,83.2,2023
35.0,SP,3537701.0,Piacatu,76.68,2024
35.0,SP,3537800.0,Piedade,58.6,2023
35.0,SP,3537800.0,Piedade,63.25,2024
35.0,SP,3537909.0,Pilar do Sul,56.7,2023
35.0,SP,3537909.0,Pilar do Sul,63.33,2024
35.0,SP,3538006.0,Pindamonhangaba,54.5,2023
35.0,SP,3538006.0,Pindamonhangaba,63.8,2024
35.0,SP,3538105.0,Pindorama,46.5,2023
35.0,SP,3538105.0,Pindorama,63.370000000000005,2024
35.0,SP,3538204.0,Pinhalzinho,78.1,2023
35.0,SP,3538204.0,Pinhalzinho,78.79,2024
35.0,SP,3538303.0,Piquerobi,56.3,2023
35.0,SP,3538303.0,Piquerobi,45.2,2024
35.0,SP,3538501.0,Piquete,65.5,2023
35.0,SP,3538501.0,Piquete,69.56,2024
35.0,SP,3538600.0,Piracaia,58.5,2023
35.0,SP,3538600.0,Piracaia,57.46,2024
35.0,SP,3538709.0,Piracicaba,54.7,2023
35.0,SP,3538709.0,Piracicaba,55.08,2024
35.0,SP,3538808.0,Piraju,64.7,2023
35.0,SP,3538808.0,Piraju,71.36,2024
35.0,SP,3538907.0,Pirajuí,53.5,2023
35.0,SP,3538907.0,Pirajuí,46.03,2024
35.0,SP,3539004.0,Pirangi,83.7,2023
35.0,SP,3539004.0,Pirangi,75.61,2024
35.0,SP,3539103.0,Pirapora do Bom Jesus,43.5,2023
35.0,SP,3539103.0,Pirapora do Bom Jesus,40.79,2024
35.0,SP,3539202.0,Pirapozinho,75.1,2023
35.0,SP,3539202.0,Pirapozinho,69.44,2024
35.0,SP,3539301.0,Pirassununga,45.9,2023
35.0,SP,3539301.0,Pirassununga,56.4,2024
35.0,SP,3539400.0,Piratininga,48.9,2023
35.0,SP,3539400.0,Piratininga,44.37,2024
35.0,SP,3539509.0,Pitangueiras,62.9,2023
35.0,SP,3539509.0,Pitangueiras,67.24,2024
35.0,SP,3539608.0,Planalto,74.5,2023
35.0,SP,3539608.0,Planalto,83.68,2024
35.0,SP,3539707.0,Platina,71.4,2023
35.0,SP,3539707.0,Platina,84.61,2024
35.0,SP,3539806.0,Poá,54.5,2023
35.0,SP,3539806.0,Poá,51.72,2024
35.0,SP,3540002.0,Pompéia,62.1,2023
35.0,SP,3540002.0,Pompéia,60.32,2024
35.0,SP,3540101.0,Pongaí,87.1,2023
35.0,SP,3540101.0,Pongaí,91.45,2024
35.0,SP,3540200.0,Pontal,60.0,2023
35.0,SP,3540200.0,Pontal,64.47,2024
35.0,SP,3540259.0,Pontalinda,44.6,2023
35.0,SP,3540259.0,Pontalinda,51.66,2024
35.0,SP,3540309.0,Pontes Gestal,71.4,2023
35.0,SP,3540309.0,Pontes Gestal,74.25,2024
35.0,SP,3540408.0,Populina,77.9,2023
35.0,SP,3540408.0,Populina,79.69,2024
35.0,SP,3540507.0,Porangaba,69.9,2023
35.0,SP,3540507.0,Porangaba,60.38,2024
35.0,SP,3540606.0,Porto Feliz,73.6,2023
35.0,SP,3540606.0,Porto Feliz,70.08,2024
35.0,SP,3540705.0,Porto Ferreira,48.9,2023
35.0,SP,3540705.0,Porto Ferreira,50.08,2024
35.0,SP,3540754.0,Potim,40.9,2023
35.0,SP,3540754.0,Potim,46.58,2024
35.0,SP,3540804.0,Potirendaba,60.7,2023
35.0,SP,3540804.0,Potirendaba,62.55,2024
35.0,SP,3540853.0,Pracinha,94.4,2023
35.0,SP,3540853.0,Pracinha,80.0,2024
35.0,SP,3540903.0,Pradópolis,74.2,2023
35.0,SP,3540903.0,Pradópolis,62.53,2024
35.0,SP,3541000.0,Praia Grande,50.7,2023
35.0,SP,3541000.0,Praia Grande,51.25,2024
35.0,SP,3541059.0,Pratânia,56.1,2023
35.0,SP,3541059.0,Pratânia,56.48,2024
35.0,SP,3541208.0,Presidente Bernardes,64.2,2023
35.0,SP,3541208.0,Presidente Bernardes,79.72,2024
35.0,SP,3541307.0,Presidente Epitácio,48.4,2023
35.0,SP,3541307.0,Presidente Epitácio,69.12,2024
35.0,SP,3541406.0,Presidente Prudente,54.1,2023
35.0,SP,3541406.0,Presidente Prudente,61.120000000000005,2024
35.0,SP,3541505.0,Presidente Venceslau,60.1,2023
35.0,SP,3541505.0,Presidente Venceslau,76.57000000000001,2024
35.0,SP,3541653.0,Quadra,50.7,2023
35.0,SP,3541653.0,Quadra,65.39,2024
35.0,SP,3541703.0,Quatá,66.3,2023
35.0,SP,3541703.0,Quatá,68.43,2024
35.0,SP,3541901.0,Queluz,61.9,2023
35.0,SP,3541901.0,Queluz,68.79,2024
35.0,SP,3542008.0,Quintana,51.7,2023
35.0,SP,3542008.0,Quintana,64.71000000000001,2024
35.0,SP,3542107.0,Rafard,84.1,2023
35.0,SP,3542107.0,Rafard,70.8,2024
35.0,SP,3542206.0,Rancharia,60.0,2023
35.0,SP,3542206.0,Rancharia,60.02,2024
35.0,SP,3542305.0,Redenção da Serra,83.3,2023
35.0,SP,3542305.0,Redenção da Serra,84.33,2024
35.0,SP,3542404.0,Regente Feijó,77.7,2023
35.0,SP,3542404.0,Regente Feijó,61.09,2024
35.0,SP,3542503.0,Reginópolis,96.7,2023
35.0,SP,3542503.0,Reginópolis,84.53,2024
35.0,SP,3542602.0,Registro,52.3,2023
35.0,SP,3542602.0,Registro,63.81,2024
35.0,SP,3542701.0,Restinga,70.3,2023
35.0,SP,3542701.0,Restinga,55.18,2024
35.0,SP,3542800.0,Ribeira,62.9,2023
35.0,SP,3542800.0,Ribeira,53.85,2024
35.0,SP,3542909.0,Ribeirão Bonito,79.2,2023
35.0,SP,3542909.0,Ribeirão Bonito,53.4,2024
35.0,SP,3543006.0,Ribeirão Branco,53.1,2023
35.0,SP,3543006.0,Ribeirão Branco,64.79,2024
35.0,SP,3543105.0,Ribeirão Corrente,71.9,2023
35.0,SP,3543105.0,Ribeirão Corrente,74.51,2024
35.0,SP,3543238.0,Ribeirão dos Índios,70.6,2023
35.0,SP,3543238.0,Ribeirão dos Índios,91.67,2024
35.0,SP,3543303.0,Ribeirão Pires,64.4,2023
35.0,SP,3543303.0,Ribeirão Pires,66.4,2024
35.0,SP,3543402.0,Ribeirão Preto,39.1,2023
35.0,SP,3543402.0,Ribeirão Preto,45.01,2024
35.0,SP,3543501.0,Riversul,81.1,2023
35.0,SP,3543501.0,Riversul,64.17,2024
35.0,SP,3543709.0,Rincão,58.9,2023
35.0,SP,3543709.0,Rincão,74.83,2024
35.0,SP,3543907.0,Rio Claro,50.3,2023
35.0,SP,3543907.0,Rio Claro,54.52,2024
35.0,SP,3544004.0,Rio das Pedras,65.0,2023
35.0,SP,3544004.0,Rio das Pedras,58.5,2024
35.0,SP,3544103.0,Rio Grande da Serra,31.7,2023
35.0,SP,3544103.0,Rio Grande da Serra,57.14,2024
35.0,SP,3544202.0,Riolândia,85.7,2023
35.0,SP,3544202.0,Riolândia,84.72,2024
35.0,SP,3544251.0,Rosana,59.5,2023
35.0,SP,3544251.0,Rosana,78.64,2024
35.0,SP,3544301.0,Roseira,63.6,2023
35.0,SP,3544301.0,Roseira,67.2,2024
35.0,SP,3544400.0,Rubiácea,53.4,2023
35.0,SP,3544400.0,Rubiácea,82.14,2024
35.0,SP,3544509.0,Rubinéia,60.5,2023
35.0,SP,3544509.0,Rubinéia,75.0,2024
35.0,SP,3544608.0,Sabino,54.4,2023
35.0,SP,3544608.0,Sabino,46.98,2024
35.0,SP,3544707.0,Sagres,70.3,2023
35.0,SP,3544707.0,Sagres,91.33,2024
35.0,SP,3544806.0,Sales,68.0,2023
35.0,SP,3544806.0,Sales,68.37,2024
35.0,SP,3544905.0,Sales Oliveira,58.5,2023
35.0,SP,3544905.0,Sales Oliveira,50.04,2024
35.0,SP,3545001.0,Salesópolis,64.6,2023
35.0,SP,3545001.0,Salesópolis,65.52,2024
35.0,SP,3545100.0,Salmourão,57.1,2023
35.0,SP,3545100.0,Salmourão,61.690000000000005,2024
35.0,SP,3545159.0,Saltinho,65.6,2023
35.0,SP,3545159.0,Saltinho,64.45,2024
35.0,SP,3545209.0,Salto,56.2,2023
35.0,SP,3545209.0,Salto,60.52,2024
35.0,SP,3545308.0,Salto de Pirapora,44.1,2023
35.0,SP,3545308.0,Salto de Pirapora,45.12,2024
35.0,SP,3545407.0,Salto Grande,60.2,2023
35.0,SP,3545407.0,Salto Grande,44.94,2024
35.0,SP,3545506.0,Sandovalina,79.1,2023
35.0,SP,3545506.0,Sandovalina,89.83,2024
35.0,SP,3545605.0,Santa Adélia,60.7,2023
35.0,SP,3545605.0,Santa Adélia,64.33,2024
35.0,SP,3545704.0,Santa Albertina,65.6,2023
35.0,SP,3545704.0,Santa Albertina,58.21,2024
35.0,SP,3545803.0,Santa Bárbara d'Oeste,54.6,2023
35.0,SP,3545803.0,Santa Bárbara d'Oeste,64.2,2024
35.0,SP,3546009.0,Santa Branca,40.8,2023
35.0,SP,3546009.0,Santa Branca,49.71,2024
35.0,SP,3546108.0,Santa Clara d'Oeste,90.0,2023
35.0,SP,3546108.0,Santa Clara d'Oeste,100.0,2024
35.0,SP,3546207.0,Santa Cruz da Conceição,66.6,2023
35.0,SP,3546207.0,Santa Cruz da Conceição,73.36,2024
35.0,SP,3546256.0,Santa Cruz da Esperança,45.9,2023
35.0,SP,3546256.0,Santa Cruz da Esperança,42.56,2024
35.0,SP,3546306.0,Santa Cruz das Palmeiras,49.5,2023
35.0,SP,3546306.0,Santa Cruz das Palmeiras,59.69,2024
35.0,SP,3546405.0,Santa Cruz do Rio Pardo,52.7,2023
35.0,SP,3546405.0,Santa Cruz do Rio Pardo,72.25,2024
35.0,SP,3546504.0,Santa Ernestina,83.7,2023
35.0,SP,3546504.0,Santa Ernestina,92.26,2024
35.0,SP,3546603.0,Santa Fé do Sul,59.2,2023
35.0,SP,3546603.0,Santa Fé do Sul,54.03,2024
35.0,SP,3546702.0,Santa Gertrudes,59.7,2023
35.0,SP,3546702.0,Santa Gertrudes,64.05,2024
35.0,SP,3546801.0,Santa Isabel,72.2,2023
35.0,SP,3546801.0,Santa Isabel,67.17,2024
35.0,SP,3546900.0,Santa Lúcia,66.8,2023
35.0,SP,3546900.0,Santa Lúcia,70.68,2024
35.0,SP,3547007.0,Santa Maria da Serra,50.4,2023
35.0,SP,3547007.0,Santa Maria da Serra,86.98,2024
35.0,SP,3547106.0,Santa Mercedes,95.6,2023
35.0,SP,3547106.0,Santa Mercedes,81.08,2024
35.0,SP,3547304.0,Santana de Parnaíba,,2023
35.0,SP,3547304.0,Santana de Parnaíba,60.69,2024
35.0,SP,3547403.0,Santa Rita d'Oeste,60.4,2023
35.0,SP,3547403.0,Santa Rita d'Oeste,52.94,2024
35.0,SP,3547502.0,Santa Rita do Passa Quatro,62.4,2023
35.0,SP,3547502.0,Santa Rita do Passa Quatro,67.97,2024
35.0,SP,3547601.0,Santa Rosa de Viterbo,74.4,2023
35.0,SP,3547601.0,Santa Rosa de Viterbo,75.32000000000001,2024
35.0,SP,3547700.0,Santo Anastácio,80.0,2023
35.0,SP,3547700.0,Santo Anastácio,79.01,2024
35.0,SP,3547809.0,Santo André,52.8,2023
35.0,SP,3547809.0,Santo André,56.5,2024
35.0,SP,3547908.0,Santo Antônio da Alegria,49.7,2023
35.0,SP,3547908.0,Santo Antônio da Alegria,67.18,2024
35.0,SP,3548005.0,Santo Antônio de Posse,54.3,2023
35.0,SP,3548005.0,Santo Antônio de Posse,62.07,2024
35.0,SP,3548054.0,Santo Antônio do Aracanguá,50.2,2023
35.0,SP,3548054.0,Santo Antônio do Aracanguá,62.22,2024
35.0,SP,3548104.0,Santo Antônio do Jardim,71.5,2023
35.0,SP,3548104.0,Santo Antônio do Jardim,72.45,2024
35.0,SP,3548203.0,Santo Antônio do Pinhal,42.9,2023
35.0,SP,3548203.0,Santo Antônio do Pinhal,73.68,2024
35.0,SP,3548401.0,Santópolis do Aguapeí,73.9,2023
35.0,SP,3548401.0,Santópolis do Aguapeí,77.36,2024
35.0,SP,3548500.0,Santos,55.9,2023
35.0,SP,3548500.0,Santos,52.77,2024
35.0,SP,3548609.0,São Bento do Sapucaí,61.9,2023
35.0,SP,3548609.0,São Bento do Sapucaí,57.89,2024
35.0,SP,3548708.0,São Bernardo do Campo,55.6,2023
35.0,SP,3548708.0,São Bernardo do Campo,54.16,2024
35.0,SP,3548807.0,São Caetano do Sul,61.0,2023
35.0,SP,3548807.0,São Caetano do Sul,66.12,2024
35.0,SP,3548906.0,São Carlos,51.6,2023
35.0,SP,3548906.0,São Carlos,50.27,2024
35.0,SP,3549102.0,São João da Boa Vista,54.6,2023
35.0,SP,3549102.0,São João da Boa Vista,61.6,2024
35.0,SP,3549201.0,São João das Duas Pontes,86.4,2023
35.0,SP,3549201.0,São João das Duas Pontes,80.0,2024
35.0,SP,3549250.0,São João de Iracema,44.0,2023
35.0,SP,3549250.0,São João de Iracema,44.44,2024
35.0,SP,3549300.0,São João do Pau d'Alho,81.0,2023
35.0,SP,3549300.0,São João do Pau d'Alho,100.0,2024
35.0,SP,3549409.0,São Joaquim da Barra,45.5,2023
35.0,SP,3549409.0,São Joaquim da Barra,50.24,2024
35.0,SP,3549508.0,São José da Bela Vista,47.6,2023
35.0,SP,3549508.0,São José da Bela Vista,50.38,2024
35.0,SP,3549607.0,São José do Barreiro,37.9,2023
35.0,SP,3549607.0,São José do Barreiro,52.78,2024
35.0,SP,3549706.0,São José do Rio Pardo,47.7,2023
35.0,SP,3549706.0,São José do Rio Pardo,63.96,2024
35.0,SP,3549805.0,São José do Rio Preto,52.1,2023
35.0,SP,3549805.0,São José do Rio Preto,56.85,2024
35.0,SP,3549904.0,São José dos Campos,57.4,2023
35.0,SP,3549904.0,São José dos Campos,64.75,2024
35.0,SP,3549953.0,São Lourenço da Serra,61.4,2023
35.0,SP,3549953.0,São Lourenço da Serra,58.4,2024
35.0,SP,3550001.0,São Luiz do Paraitinga,73.4,2023
35.0,SP,3550001.0,São Luiz do Paraitinga,59.66,2024
35.0,SP,3550100.0,São Manuel,59.7,2023
35.0,SP,3550100.0,São Manuel,60.53,2024
35.0,SP,3550209.0,São Miguel Arcanjo,57.0,2023
35.0,SP,3550209.0,São Miguel Arcanjo,73.78,2024
35.0,SP,3550308.0,São Paulo,37.9,2023
35.0,SP,3550308.0,São Paulo,48.25,2024
35.0,SP,3550407.0,São Pedro,51.9,2023
35.0,SP,3550407.0,São Pedro,58.16,2024
35.0,SP,3550506.0,São Pedro do Turvo,69.2,2023
35.0,SP,3550506.0,São Pedro do Turvo,71.42,2024
35.0,SP,3550605.0,São Roque,52.3,2023
35.0,SP,3550605.0,São Roque,51.51,2024
35.0,SP,3550704.0,São Sebastião,39.2,2023
35.0,SP,3550704.0,São Sebastião,44.38,2024
35.0,SP,3550803.0,São Sebastião da Grama,64.8,2023
35.0,SP,3550803.0,São Sebastião da Grama,68.66,2024
35.0,SP,3551009.0,São Vicente,43.1,2023
35.0,SP,3551009.0,São Vicente,47.93,2024
35.0,SP,3551108.0,Sarapuí,41.4,2023
35.0,SP,3551108.0,Sarapuí,53.32,2024
35.0,SP,3551207.0,Sarutaiá,79.0,2023
35.0,SP,3551207.0,Sarutaiá,79.97,2024
35.0,SP,3551306.0,Sebastianópolis do Sul,83.8,2023
35.0,SP,3551306.0,Sebastianópolis do Sul,75.86,2024
35.0,SP,3551405.0,Serra Azul,23.9,2023
35.0,SP,3551405.0,Serra Azul,44.65,2024
35.0,SP,3551504.0,Serrana,46.0,2023
35.0,SP,3551504.0,Serrana,43.97,2024
35.0,SP,3551702.0,Sertãozinho,53.7,2023
35.0,SP,3551702.0,Sertãozinho,54.16,2024
35.0,SP,3551801.0,Sete Barras,66.8,2023
35.0,SP,3551801.0,Sete Barras,52.1,2024
35.0,SP,3551900.0,Severínia,42.1,2023
35.0,SP,3551900.0,Severínia,61.65,2024
35.0,SP,3552007.0,Silveiras,45.9,2023
35.0,SP,3552007.0,Silveiras,47.27,2024
35.0,SP,3552106.0,Socorro,50.8,2023
35.0,SP,3552106.0,Socorro,59.71,2024
35.0,SP,3552205.0,Sorocaba,47.9,2023
35.0,SP,3552205.0,Sorocaba,52.43,2024
35.0,SP,3552403.0,Sumaré,52.9,2023
35.0,SP,3552403.0,Sumaré,50.61,2024
35.0,SP,3552502.0,Suzano,42.1,2023
35.0,SP,3552502.0,Suzano,46.82,2024
35.0,SP,3552551.0,Suzanápolis,97.1,2023
35.0,SP,3552551.0,Suzanápolis,90.85,2024
35.0,SP,3552601.0,Tabapuã,90.3,2023
35.0,SP,3552601.0,Tabapuã,98.83,2024
35.0,SP,3552700.0,Tabatinga,62.4,2023
35.0,SP,3552700.0,Tabatinga,62.83,2024
35.0,SP,3552809.0,Taboão da Serra,45.6,2023
35.0,SP,3552809.0,Taboão da Serra,49.01,2024
35.0,SP,3553005.0,Taguaí,58.6,2023
35.0,SP,3553005.0,Taguaí,71.38,2024
35.0,SP,3553104.0,Taiaçu,67.2,2023
35.0,SP,3553104.0,Taiaçu,38.71,2024
35.0,SP,3553203.0,Taiúva,68.1,2023
35.0,SP,3553203.0,Taiúva,57.370000000000005,2024
35.0,SP,3553302.0,Tambaú,47.7,2023
35.0,SP,3553302.0,Tambaú,59.74,2024
35.0,SP,3553500.0,Tapiraí,53.7,2023
35.0,SP,3553500.0,Tapiraí,57.45,2024
35.0,SP,3553609.0,Tapiratiba,53.5,2023
35.0,SP,3553609.0,Tapiratiba,79.51,2024
35.0,SP,3553658.0,Taquaral,75.0,2023
35.0,SP,3553658.0,Taquaral,27.27,2024
35.0,SP,3553708.0,Taquaritinga,62.1,2023
35.0,SP,3553708.0,Taquaritinga,72.83,2024
35.0,SP,3553807.0,Taquarituba,52.5,2023
35.0,SP,3553807.0,Taquarituba,56.67,2024
35.0,SP,3553856.0,Taquarivaí,62.1,2023
35.0,SP,3553856.0,Taquarivaí,47.19,2024
35.0,SP,3553906.0,Tarabai,78.5,2023
35.0,SP,3553906.0,Tarabai,67.98,2024
35.0,SP,3553955.0,Tarumã,83.1,2023
35.0,SP,3553955.0,Tarumã,91.72,2024
35.0,SP,3554003.0,Tatuí,51.1,2023
35.0,SP,3554003.0,Tatuí,53.92,2024
35.0,SP,3554102.0,Taubaté,44.4,2023
35.0,SP,3554102.0,Taubaté,53.88,2024
35.0,SP,3554201.0,Tejupá,73.4,2023
35.0,SP,3554201.0,Tejupá,59.38,2024
35.0,SP,3554300.0,Teodoro Sampaio,66.8,2023
35.0,SP,3554300.0,Teodoro Sampaio,70.49,2024
35.0,SP,3554409.0,Terra Roxa,67.2,2023
35.0,SP,3554409.0,Terra Roxa,74.29,2024
35.0,SP,3554508.0,Tietê,48.4,2023
35.0,SP,3554508.0,Tietê,62.5,2024
35.0,SP,3554656.0,Torre de Pedra,33.3,2023
35.0,SP,3554656.0,Torre de Pedra,30.77,2024
35.0,SP,3554755.0,Trabiju,100.0,2023
35.0,SP,3554755.0,Trabiju,47.37,2024
35.0,SP,3554805.0,Tremembé,42.8,2023
35.0,SP,3554805.0,Tremembé,54.73,2024
35.0,SP,3554904.0,Três Fronteiras,89.5,2023
35.0,SP,3554904.0,Três Fronteiras,69.58,2024
35.0,SP,3554953.0,Tuiuti,65.7,2023
35.0,SP,3554953.0,Tuiuti,55.64,2024
35.0,SP,3555109.0,Tupi Paulista,93.5,2023
35.0,SP,3555109.0,Tupi Paulista,93.46,2024
35.0,SP,3555208.0,Turiúba,100.0,2023
35.0,SP,3555208.0,Turiúba,93.33,2024
35.0,SP,3555356.0,Ubarana,60.6,2023
35.0,SP,3555356.0,Ubarana,74.44,2024
35.0,SP,3555406.0,Ubatuba,41.3,2023
35.0,SP,3555406.0,Ubatuba,36.64,2024
35.0,SP,3555505.0,Ubirajara,48.8,2023
35.0,SP,3555505.0,Ubirajara,56.25,2024
35.0,SP,3555604.0,Uchoa,44.8,2023
35.0,SP,3555604.0,Uchoa,87.56,2024
35.0,SP,3556008.0,Urupês,80.6,2023
35.0,SP,3556008.0,Urupês,65.68,2024
35.0,SP,3556107.0,Valentim Gentil,67.1,2023
35.0,SP,3556107.0,Valentim Gentil,85.95,2024
35.0,SP,3556206.0,Valinhos,50.7,2023
35.0,SP,3556206.0,Valinhos,48.21,2024
35.0,SP,3556305.0,Valparaíso,64.4,2023
35.0,SP,3556305.0,Valparaíso,70.44,2024
35.0,SP,3556354.0,Vargem,74.5,2023
35.0,SP,3556354.0,Vargem,65.34,2024
35.0,SP,3556404.0,Vargem Grande do Sul,69.5,2023
35.0,SP,3556404.0,Vargem Grande do Sul,61.51,2024
35.0,SP,3556453.0,Vargem Grande Paulista,56.1,2023
35.0,SP,3556453.0,Vargem Grande Paulista,64.59,2024
35.0,SP,3556503.0,Várzea Paulista,48.7,2023
35.0,SP,3556503.0,Várzea Paulista,53.24,2024
35.0,SP,3556602.0,Vera Cruz,62.7,2023
35.0,SP,3556602.0,Vera Cruz,50.96,2024
35.0,SP,3556701.0,Vinhedo,51.4,2023
35.0,SP,3556701.0,Vinhedo,56.120000000000005,2024
35.0,SP,3556800.0,Viradouro,63.6,2023
35.0,SP,3556800.0,Viradouro,60.23,2024
35.0,SP,3556909.0,Vista Alegre do Alto,81.4,2023
35.0,SP,3556909.0,Vista Alegre do Alto,52.86,2024
35.0,SP,3556958.0,Vitória Brasil,66.7,2023
35.0,SP,3556958.0,Vitória Brasil,100.0,2024
35.0,SP,3557105.0,Votuporanga,49.7,2023
35.0,SP,3557105.0,Votuporanga,61.66,2024
35.0,SP,3557154.0,Zacarias,38.3,2023
35.0,SP,3557154.0,Zacarias,80.0,2024
35.0,SP,3557204.0,Chavantes,38.0,2023
35.0,SP,3557204.0,Chavantes,51.58,2024
35.0,SP,3557303.0,Estiva Gerbi,45.1,2023
35.0,SP,3557303.0,Estiva Gerbi,51.48,2024
41.0,PR,4100103.0,Abatiá,56.1,2023
41.0,PR,4100103.0,Abatiá,57.74,2024
41.0,PR,4100202.0,Adrianópolis,60.1,2023
41.0,PR,4100202.0,Adrianópolis,60.95,2024
41.0,PR,4100400.0,Almirante Tamandaré,52.4,2023
41.0,PR,4100400.0,Almirante Tamandaré,45.12,2024
41.0,PR,4100459.0,Altamira do Paraná,79.1,2023
41.0,PR,4100459.0,Altamira do Paraná,74.47,2024
41.0,PR,4100509.0,Altônia,70.4,2023
41.0,PR,4100509.0,Altônia,78.17,2024
41.0,PR,4100608.0,Alto Paraná,65.0,2023
41.0,PR,4100608.0,Alto Paraná,70.12,2024
41.0,PR,4100707.0,Alto Piquiri,74.7,2023
41.0,PR,4100707.0,Alto Piquiri,64.66,2024
41.0,PR,4100806.0,Alvorada do Sul,69.4,2023
41.0,PR,4100806.0,Alvorada do Sul,72.48,2024
41.0,PR,4100905.0,Amaporã,71.9,2023
41.0,PR,4100905.0,Amaporã,76.71000000000001,2024
41.0,PR,4101002.0,Ampére,65.5,2023
41.0,PR,4101002.0,Ampére,70.06,2024
41.0,PR,4101051.0,Anahy,62.4,2023
41.0,PR,4101051.0,Anahy,69.97,2024
41.0,PR,4101101.0,Andirá,65.0,2023
41.0,PR,4101101.0,Andirá,64.82000000000001,2024
41.0,PR,4101150.0,Ângulo,90.1,2023
41.0,PR,4101150.0,Ângulo,86.15,2024
41.0,PR,4101200.0,Antonina,66.3,2023
41.0,PR,4101200.0,Antonina,63.75,2024
41.0,PR,4101309.0,Antônio Olinto,91.4,2023
41.0,PR,4101309.0,Antônio Olinto,88.26,2024
41.0,PR,4101408.0,Apucarana,82.1,2023
41.0,PR,4101408.0,Apucarana,78.78,2024
41.0,PR,4101507.0,Arapongas,76.0,2023
41.0,PR,4101507.0,Arapongas,70.97,2024
41.0,PR,4101606.0,Arapoti,75.4,2023
41.0,PR,4101606.0,Arapoti,67.63,2024
41.0,PR,4101655.0,Arapuã,54.4,2023
41.0,PR,4101655.0,Arapuã,76.31,2024
41.0,PR,4101705.0,Araruna,76.1,2023
41.0,PR,4101705.0,Araruna,77.54,2024
41.0,PR,4101804.0,Araucária,69.5,2023
41.0,PR,4101804.0,Araucária,69.02,2024
41.0,PR,4101853.0,Ariranha do Ivaí,75.6,2023
41.0,PR,4101853.0,Ariranha do Ivaí,69.82000000000001,2024
41.0,PR,4101903.0,Assaí,88.7,2023
41.0,PR,4101903.0,Assaí,80.24,2024
41.0,PR,4102000.0,Assis Chateaubriand,80.2,2023
41.0,PR,4102000.0,Assis Chateaubriand,80.31,2024
41.0,PR,4102109.0,Astorga,79.6,2023
41.0,PR,4102109.0,Astorga,75.21000000000001,2024
41.0,PR,4102208.0,Atalaia,91.9,2023
41.0,PR,4102208.0,Atalaia,88.32000000000001,2024
41.0,PR,4102307.0,Balsa Nova,75.8,2023
41.0,PR,4102307.0,Balsa Nova,75.18,2024
41.0,PR,4102406.0,Bandeirantes,75.4,2023
41.0,PR,4102406.0,Bandeirantes,72.78,2024
41.0,PR,4102505.0,Barbosa Ferraz,91.0,2023
41.0,PR,4102505.0,Barbosa Ferraz,77.65,2024
41.0,PR,4102604.0,Barracão,72.6,2023
41.0,PR,4102604.0,Barracão,73.99,2024
41.0,PR,4102703.0,Barra do Jacaré,63.0,2023
41.0,PR,4102703.0,Barra do Jacaré,72.41,2024
41.0,PR,4102752.0,Bela Vista da Caroba,76.8,2023
41.0,PR,4102752.0,Bela Vista da Caroba,88.13,2024
41.0,PR,4102802.0,Bela Vista do Paraíso,61.1,2023
41.0,PR,4102802.0,Bela Vista do Paraíso,54.88,2024
41.0,PR,4102901.0,Bituruna,80.8,2023
41.0,PR,4102901.0,Bituruna,70.06,2024
41.0,PR,4103008.0,Boa Esperança,93.8,2023
41.0,PR,4103008.0,Boa Esperança,92.95,2024
41.0,PR,4103024.0,Boa Esperança do Iguaçu,75.0,2023
41.0,PR,4103024.0,Boa Esperança do Iguaçu,93.1,2024
41.0,PR,4103040.0,Boa Ventura de São Roque,74.8,2023
41.0,PR,4103040.0,Boa Ventura de São Roque,60.49,2024
41.0,PR,4103057.0,Boa Vista da Aparecida,72.4,2023
41.0,PR,4103057.0,Boa Vista da Aparecida,53.35,2024
41.0,PR,4103107.0,Bocaiúva do Sul,49.1,2023
41.0,PR,4103107.0,Bocaiúva do Sul,57.370000000000005,2024
41.0,PR,4103156.0,Bom Jesus do Sul,87.4,2023
41.0,PR,4103156.0,Bom Jesus do Sul,93.48,2024
41.0,PR,4103206.0,Bom Sucesso,53.5,2023
41.0,PR,4103206.0,Bom Sucesso,72.9,2024
41.0,PR,4103222.0,Bom Sucesso do Sul,82.0,2023
41.0,PR,4103222.0,Bom Sucesso do Sul,71.33,2024
41.0,PR,4103305.0,Borrazópolis,87.2,2023
41.0,PR,4103305.0,Borrazópolis,75.03,2024
41.0,PR,4103370.0,Brasilândia do Sul,74.3,2023
41.0,PR,4103370.0,Brasilândia do Sul,77.7,2024
41.0,PR,4103404.0,Cafeara,80.1,2023
41.0,PR,4103404.0,Cafeara,63.42,2024
41.0,PR,4103479.0,Cafezal do Sul,55.7,2023
41.0,PR,4103479.0,Cafezal do Sul,64.76,2024
41.0,PR,4103503.0,Califórnia,81.9,2023
41.0,PR,4103503.0,Califórnia,69.28,2024
41.0,PR,4103602.0,Cambará,62.5,2023
41.0,PR,4103602.0,Cambará,58.04,2024
41.0,PR,4103800.0,Cambira,86.2,2023
41.0,PR,4103800.0,Cambira,83.63,2024
41.0,PR,4103909.0,Campina da Lagoa,80.2,2023
41.0,PR,4103909.0,Campina da Lagoa,77.67,2024
41.0,PR,4103958.0,Campina do Simão,85.5,2023
41.0,PR,4103958.0,Campina do Simão,84.25,2024
41.0,PR,4104006.0,Campina Grande do Sul,70.4,2023
41.0,PR,4104006.0,Campina Grande do Sul,66.84,2024
41.0,PR,4104055.0,Campo Bonito,72.9,2023
41.0,PR,4104055.0,Campo Bonito,78.31,2024
41.0,PR,4104105.0,Campo do Tenente,80.4,2023
41.0,PR,4104105.0,Campo do Tenente,80.98,2024
41.0,PR,4104253.0,Campo Magro,59.8,2023
41.0,PR,4104253.0,Campo Magro,57.97,2024
41.0,PR,4104303.0,Campo Mourão,77.6,2023
41.0,PR,4104303.0,Campo Mourão,76.77,2024
41.0,PR,4104402.0,Cândido de Abreu,83.3,2023
41.0,PR,4104402.0,Cândido de Abreu,85.54,2024
41.0,PR,4104428.0,Candói,73.4,2023
41.0,PR,4104428.0,Candói,64.69,2024
41.0,PR,4104451.0,Cantagalo,65.7,2023
41.0,PR,4104451.0,Cantagalo,71.81,2024
41.0,PR,4104501.0,Capanema,78.5,2023
41.0,PR,4104501.0,Capanema,79.5,2024
41.0,PR,4104600.0,Capitão Leônidas Marques,73.0,2023
41.0,PR,4104600.0,Capitão Leônidas Marques,78.04,2024
41.0,PR,4104659.0,Carambeí,75.1,2023
41.0,PR,4104659.0,Carambeí,69.2,2024
41.0,PR,4104808.0,Cascavel,80.1,2023
41.0,PR,4104808.0,Cascavel,74.34,2024
41.0,PR,4104907.0,Castro,74.3,2023
41.0,PR,4104907.0,Castro,74.56,2024
41.0,PR,4105003.0,Catanduvas,66.1,2023
41.0,PR,4105003.0,Catanduvas,56.16,2024
41.0,PR,4105102.0,Centenário do Sul,54.3,2023
41.0,PR,4105102.0,Centenário do Sul,74.15,2024
41.0,PR,4105201.0,Cerro Azul,54.8,2023
41.0,PR,4105201.0,Cerro Azul,49.89,2024
41.0,PR,4105300.0,Céu Azul,81.6,2023
41.0,PR,4105300.0,Céu Azul,84.56,2024
41.0,PR,4105409.0,Chopinzinho,80.7,2023
41.0,PR,4105409.0,Chopinzinho,70.85000000000001,2024
41.0,PR,4105508.0,Cianorte,79.6,2023
41.0,PR,4105508.0,Cianorte,74.95,2024
41.0,PR,4105607.0,Cidade Gaúcha,64.7,2023
41.0,PR,4105607.0,Cidade Gaúcha,63.42,2024
41.0,PR,4105706.0,Clevelândia,73.1,2023
41.0,PR,4105706.0,Clevelândia,74.84,2024
41.0,PR,4105805.0,Colombo,64.9,2023
41.0,PR,4105805.0,Colombo,60.67,2024
41.0,PR,4105904.0,Colorado,84.0,2023
41.0,PR,4105904.0,Colorado,78.22,2024
41.0,PR,4106001.0,Congonhinhas,68.8,2023
41.0,PR,4106001.0,Congonhinhas,41.19,2024
41.0,PR,4106100.0,Conselheiro Mairinck,51.5,2023
41.0,PR,4106100.0,Conselheiro Mairinck,69.16,2024
41.0,PR,4106209.0,Contenda,78.4,2023
41.0,PR,4106209.0,Contenda,77.37,2024
41.0,PR,4106308.0,Corbélia,74.6,2023
41.0,PR,4106308.0,Corbélia,85.26,2024
41.0,PR,4106407.0,Cornélio Procópio,76.8,2023
41.0,PR,4106407.0,Cornélio Procópio,73.21000000000001,2024
41.0,PR,4106456.0,Coronel Domingos Soares,78.3,2023
41.0,PR,4106456.0,Coronel Domingos Soares,62.47,2024
41.0,PR,4106506.0,Coronel Vivida,80.5,2023
41.0,PR,4106506.0,Coronel Vivida,74.60000000000001,2024
41.0,PR,4106555.0,Corumbataí do Sul,87.3,2023
41.0,PR,4106555.0,Corumbataí do Sul,87.98,2024
41.0,PR,4106605.0,Cruzeiro do Oeste,74.1,2023
41.0,PR,4106605.0,Cruzeiro do Oeste,73.47,2024
41.0,PR,4106704.0,Cruzeiro do Sul,71.4,2023
41.0,PR,4106704.0,Cruzeiro do Sul,71.42,2024
41.0,PR,4106803.0,Cruz Machado,80.7,2023
41.0,PR,4106803.0,Cruz Machado,84.49,2024
41.0,PR,4106852.0,Cruzmaltina,95.7,2023
41.0,PR,4106852.0,Cruzmaltina,94.52,2024
41.0,PR,4106902.0,Curitiba,70.4,2023
41.0,PR,4106902.0,Curitiba,65.96000000000001,2024
41.0,PR,4107108.0,Diamante do Norte,73.0,2023
41.0,PR,4107108.0,Diamante do Norte,78.26,2024
41.0,PR,4107124.0,Diamante do Sul,69.4,2023
41.0,PR,4107124.0,Diamante do Sul,83.28,2024
41.0,PR,4107157.0,Diamante D'Oeste,67.2,2023
41.0,PR,4107157.0,Diamante D'Oeste,74.32000000000001,2024
41.0,PR,4107207.0,Dois Vizinhos,83.8,2023
41.0,PR,4107207.0,Dois Vizinhos,82.56,2024
41.0,PR,4107256.0,Douradina,50.3,2023
41.0,PR,4107256.0,Douradina,68.96000000000001,2024
41.0,PR,4107306.0,Doutor Camargo,79.1,2023
41.0,PR,4107306.0,Doutor Camargo,60.84,2024
41.0,PR,4107405.0,Enéas Marques,83.6,2023
41.0,PR,4107405.0,Enéas Marques,85.24,2024
41.0,PR,4107504.0,Engenheiro Beltrão,87.3,2023
41.0,PR,4107504.0,Engenheiro Beltrão,82.06,2024
41.0,PR,4107520.0,Esperança Nova,42.1,2023
41.0,PR,4107520.0,Esperança Nova,71.04,2024
41.0,PR,4107538.0,Entre Rios do Oeste,88.8,2023
41.0,PR,4107538.0,Entre Rios do Oeste,96.25,2024
41.0,PR,4107546.0,Espigão Alto do Iguaçu,72.0,2023
41.0,PR,4107546.0,Espigão Alto do Iguaçu,81.78,2024
41.0,PR,4107553.0,Farol,76.0,2023
41.0,PR,4107553.0,Farol,96.3,2024
41.0,PR,4107603.0,Faxinal,83.4,2023
41.0,PR,4107603.0,Faxinal,71.76,2024
41.0,PR,4107652.0,Fazenda Rio Grande,68.9,2023
41.0,PR,4107652.0,Fazenda Rio Grande,64.69,2024
41.0,PR,4107702.0,Fênix,65.2,2023
41.0,PR,4107702.0,Fênix,61.86,2024
41.0,PR,4107736.0,Fernandes Pinheiro,80.9,2023
41.0,PR,4107736.0,Fernandes Pinheiro,79.81,2024
41.0,PR,4107751.0,Figueira,82.1,2023
41.0,PR,4107751.0,Figueira,77.82000000000001,2024
41.0,PR,4107801.0,Floraí,77.3,2023
41.0,PR,4107801.0,Floraí,85.2,2024
41.0,PR,4107850.0,Flor da Serra do Sul,85.7,2023
41.0,PR,4107850.0,Flor da Serra do Sul,85.55,2024
41.0,PR,4107900.0,Floresta,76.4,2023
41.0,PR,4107900.0,Floresta,74.01,2024
41.0,PR,4108007.0,Florestópolis,64.4,2023
41.0,PR,4108007.0,Florestópolis,63.48,2024
41.0,PR,4108106.0,Flórida,62.8,2023
41.0,PR,4108106.0,Flórida,78.57000000000001,2024
41.0,PR,4108205.0,Formosa do Oeste,88.2,2023
41.0,PR,4108205.0,Formosa do Oeste,85.18,2024
41.0,PR,4108304.0,Foz do Iguaçu,73.0,2023
41.0,PR,4108304.0,Foz do Iguaçu,72.01,2024
41.0,PR,4108320.0,Francisco Alves,68.7,2023
41.0,PR,4108320.0,Francisco Alves,80.22,2024
41.0,PR,4108403.0,Francisco Beltrão,79.7,2023
41.0,PR,4108403.0,Francisco Beltrão,76.41,2024
41.0,PR,4108452.0,Foz do Jordão,83.2,2023
41.0,PR,4108452.0,Foz do Jordão,78.10000000000001,2024
41.0,PR,4108502.0,General Carneiro,79.1,2023
41.0,PR,4108502.0,General Carneiro,55.52,2024
41.0,PR,4108551.0,Godoy Moreira,94.6,2023
41.0,PR,4108551.0,Godoy Moreira,74.07000000000001,2024
41.0,PR,4108601.0,Goioerê,70.5,2023
41.0,PR,4108601.0,Goioerê,63.77,2024
41.0,PR,4108650.0,Goioxim,92.6,2023
41.0,PR,4108650.0,Goioxim,90.42,2024
41.0,PR,4108700.0,Grandes Rios,65.0,2023
41.0,PR,4108700.0,Grandes Rios,61.6,2024
41.0,PR,4108908.0,Guairaçá,72.6,2023
41.0,PR,4108908.0,Guairaçá,80.71000000000001,2024
41.0,PR,4108957.0,Guamiranga,79.5,2023
41.0,PR,4108957.0,Guamiranga,71.55,2024
41.0,PR,4109005.0,Guapirama,87.9,2023
41.0,PR,4109005.0,Guapirama,75.09,2024
41.0,PR,4109104.0,Guaporema,84.4,2023
41.0,PR,4109104.0,Guaporema,66.67,2024
41.0,PR,4109203.0,Guaraci,72.8,2023
41.0,PR,4109203.0,Guaraci,72.67,2024
41.0,PR,4109302.0,Guaraniaçu,80.0,2023
41.0,PR,4109302.0,Guaraniaçu,71.17,2024
41.0,PR,4109401.0,Guarapuava,74.4,2023
41.0,PR,4109401.0,Guarapuava,67.0,2024
41.0,PR,4109500.0,Guaraqueçaba,70.1,2023
41.0,PR,4109500.0,Guaraqueçaba,57.18,2024
41.0,PR,4109609.0,Guaratuba,67.4,2023
41.0,PR,4109609.0,Guaratuba,66.9,2024
41.0,PR,4109658.0,Honório Serpa,56.0,2023
41.0,PR,4109658.0,Honório Serpa,73.2,2024
41.0,PR,4109708.0,Ibaiti,72.9,2023
41.0,PR,4109708.0,Ibaiti,71.64,2024
41.0,PR,4109757.0,Ibema,72.8,2023
41.0,PR,4109757.0,Ibema,70.35000000000001,2024
41.0,PR,4109807.0,Ibiporã,73.4,2023
41.0,PR,4109807.0,Ibiporã,64.9,2024
41.0,PR,4109906.0,Icaraíma,73.3,2023
41.0,PR,4109906.0,Icaraíma,51.76,2024
41.0,PR,4110003.0,Iguaraçu,50.9,2023
41.0,PR,4110003.0,Iguaraçu,58.96,2024
41.0,PR,4110052.0,Iguatu,,2023
41.0,PR,4110052.0,Iguatu,43.48,2024
41.0,PR,4110078.0,Imbaú,71.9,2023
41.0,PR,4110078.0,Imbaú,70.26,2024
41.0,PR,4110102.0,Imbituva,80.4,2023
41.0,PR,4110102.0,Imbituva,78.04,2024
41.0,PR,4110201.0,Inácio Martins,73.4,2023
41.0,PR,4110201.0,Inácio Martins,70.03,2024
41.0,PR,4110409.0,Indianópolis,80.0,2023
41.0,PR,4110409.0,Indianópolis,69.81,2024
41.0,PR,4110508.0,Ipiranga,88.2,2023
41.0,PR,4110508.0,Ipiranga,82.28,2024
41.0,PR,4110607.0,Iporã,64.2,2023
41.0,PR,4110607.0,Iporã,68.95,2024
41.0,PR,4110656.0,Iracema do Oeste,92.9,2023
41.0,PR,4110656.0,Iracema do Oeste,85.71000000000001,2024
41.0,PR,4110706.0,Irati,82.7,2023
41.0,PR,4110706.0,Irati,88.31,2024
41.0,PR,4110805.0,Iretama,87.6,2023
41.0,PR,4110805.0,Iretama,80.07000000000001,2024
41.0,PR,4110904.0,Itaguajé,59.3,2023
41.0,PR,4110904.0,Itaguajé,76.11,2024
41.0,PR,4110953.0,Itaipulândia,86.9,2023
41.0,PR,4110953.0,Itaipulândia,84.64,2024
41.0,PR,4111001.0,Itambaracá,79.1,2023
41.0,PR,4111001.0,Itambaracá,80.58,2024
41.0,PR,4111100.0,Itambé,89.7,2023
41.0,PR,4111100.0,Itambé,86.9,2024
41.0,PR,4111209.0,Itapejara d'Oeste,75.5,2023
41.0,PR,4111209.0,Itapejara d'Oeste,75.37,2024
41.0,PR,4111258.0,Itaperuçu,56.4,2023
41.0,PR,4111258.0,Itaperuçu,52.370000000000005,2024
41.0,PR,4111308.0,Itaúna do Sul,77.4,2023
41.0,PR,4111308.0,Itaúna do Sul,40.32,2024
41.0,PR,4111407.0,Ivaí,84.6,2023
41.0,PR,4111407.0,Ivaí,82.65,2024
41.0,PR,4111506.0,Ivaiporã,66.6,2023
41.0,PR,4111506.0,Ivaiporã,72.39,2024
41.0,PR,4111555.0,Ivaté,84.3,2023
41.0,PR,4111555.0,Ivaté,77.24,2024
41.0,PR,4111605.0,Ivatuba,78.8,2023
41.0,PR,4111605.0,Ivatuba,86.72,2024
41.0,PR,4111704.0,Jaboti,82.7,2023
41.0,PR,4111704.0,Jaboti,73.86,2024
41.0,PR,4111803.0,Jacarezinho,55.1,2023
41.0,PR,4111803.0,Jacarezinho,47.68,2024
41.0,PR,4111902.0,Jaguapitã,76.3,2023
41.0,PR,4111902.0,Jaguapitã,62.26,2024
41.0,PR,4112009.0,Jaguariaíva,80.9,2023
41.0,PR,4112009.0,Jaguariaíva,79.14,2024
41.0,PR,4112108.0,Jandaia do Sul,77.0,2023
41.0,PR,4112108.0,Jandaia do Sul,68.64,2024
41.0,PR,4112207.0,Janiópolis,82.6,2023
41.0,PR,4112207.0,Janiópolis,77.3,2024
41.0,PR,4112306.0,Japira,75.7,2023
41.0,PR,4112306.0,Japira,64.46000000000001,2024
41.0,PR,4112405.0,Japurá,73.4,2023
41.0,PR,4112405.0,Japurá,80.87,2024
41.0,PR,4112504.0,Jardim Alegre,61.2,2023
41.0,PR,4112504.0,Jardim Alegre,77.74,2024
41.0,PR,4112603.0,Jardim Olinda,50.0,2023
41.0,PR,4112603.0,Jardim Olinda,92.31,2024
41.0,PR,4112702.0,Jataizinho,62.4,2023
41.0,PR,4112702.0,Jataizinho,60.93,2024
41.0,PR,4112751.0,Jesuítas,85.8,2023
41.0,PR,4112751.0,Jesuítas,89.98,2024
41.0,PR,4112801.0,Joaquim Távora,85.5,2023
41.0,PR,4112801.0,Joaquim Távora,85.12,2024
41.0,PR,4112900.0,Jundiaí do Sul,56.8,2023
41.0,PR,4112900.0,Jundiaí do Sul,55.42,2024
41.0,PR,4112959.0,Juranda,59.8,2023
41.0,PR,4112959.0,Juranda,63.48,2024
41.0,PR,4113007.0,Jussara,72.3,2023
41.0,PR,4113007.0,Jussara,66.03,2024
41.0,PR,4113106.0,Kaloré,83.4,2023
41.0,PR,4113106.0,Kaloré,77.98,2024
41.0,PR,4113205.0,Lapa,81.1,2023
41.0,PR,4113205.0,Lapa,74.83,2024
41.0,PR,4113254.0,Laranjal,,2023
41.0,PR,4113254.0,Laranjal,46.64,2024
41.0,PR,4113304.0,Laranjeiras do Sul,72.1,2023
41.0,PR,4113304.0,Laranjeiras do Sul,68.0,2024
41.0,PR,4113403.0,Leópolis,91.1,2023
41.0,PR,4113403.0,Leópolis,89.7,2024
41.0,PR,4113429.0,Lidianópolis,92.6,2023
41.0,PR,4113429.0,Lidianópolis,83.47,2024
41.0,PR,4113452.0,Lindoeste,86.5,2023
41.0,PR,4113452.0,Lindoeste,72.9,2024
41.0,PR,4113502.0,Loanda,72.4,2023
41.0,PR,4113502.0,Loanda,73.8,2024
41.0,PR,4113601.0,Lobato,61.9,2023
41.0,PR,4113601.0,Lobato,54.92,2024
41.0,PR,4113700.0,Londrina,73.9,2023
41.0,PR,4113700.0,Londrina,72.99,2024
41.0,PR,4113759.0,Lunardelli,57.5,2023
41.0,PR,4113759.0,Lunardelli,70.4,2024
41.0,PR,4113809.0,Lupionópolis,87.0,2023
41.0,PR,4113809.0,Lupionópolis,77.71000000000001,2024
41.0,PR,4113908.0,Mallet,82.6,2023
41.0,PR,4113908.0,Mallet,87.79,2024
41.0,PR,4114104.0,Mandaguaçu,60.2,2023
41.0,PR,4114104.0,Mandaguaçu,62.29,2024
41.0,PR,4114302.0,Mandirituba,79.4,2023
41.0,PR,4114302.0,Mandirituba,64.48,2024
41.0,PR,4114351.0,Manfrinópolis,91.0,2023
41.0,PR,4114351.0,Manfrinópolis,70.91,2024
41.0,PR,4114401.0,Mangueirinha,72.2,2023
41.0,PR,4114401.0,Mangueirinha,66.1,2024
41.0,PR,4114500.0,Manoel Ribas,67.7,2023
41.0,PR,4114500.0,Manoel Ribas,71.98,2024
41.0,PR,4114609.0,Marechal Cândido Rondon,75.3,2023
41.0,PR,4114609.0,Marechal Cândido Rondon,76.44,2024
41.0,PR,4114708.0,Maria Helena,64.7,2023
41.0,PR,4114708.0,Maria Helena,49.96,2024
41.0,PR,4114807.0,Marialva,73.2,2023
41.0,PR,4114807.0,Marialva,73.09,2024
41.0,PR,4114906.0,Marilândia do Sul,72.1,2023
41.0,PR,4114906.0,Marilândia do Sul,84.99,2024
41.0,PR,4115002.0,Marilena,84.5,2023
41.0,PR,4115002.0,Marilena,75.36,2024
41.0,PR,4115101.0,Mariluz,62.4,2023
41.0,PR,4115101.0,Mariluz,52.21,2024
41.0,PR,4115200.0,Maringá,80.5,2023
41.0,PR,4115200.0,Maringá,78.37,2024
41.0,PR,4115309.0,Mariópolis,76.4,2023
41.0,PR,4115309.0,Mariópolis,66.98,2024
41.0,PR,4115358.0,Maripá,81.0,2023
41.0,PR,4115358.0,Maripá,76.69,2024
41.0,PR,4115408.0,Marmeleiro,78.3,2023
41.0,PR,4115408.0,Marmeleiro,85.08,2024
41.0,PR,4115457.0,Marquinho,74.0,2023
41.0,PR,4115457.0,Marquinho,82.18,2024
41.0,PR,4115507.0,Marumbi,57.7,2023
41.0,PR,4115507.0,Marumbi,75.85000000000001,2024
41.0,PR,4115606.0,Matelândia,73.5,2023
41.0,PR,4115606.0,Matelândia,71.4,2024
41.0,PR,4115705.0,Matinhos,70.4,2023
41.0,PR,4115705.0,Matinhos,63.15,2024
41.0,PR,4115754.0,Mauá da Serra,81.1,2023
41.0,PR,4115754.0,Mauá da Serra,80.48,2024
41.0,PR,4115804.0,Medianeira,79.2,2023
41.0,PR,4115804.0,Medianeira,79.10000000000001,2024
41.0,PR,4115903.0,Mirador,70.4,2023
41.0,PR,4115903.0,Mirador,56.0,2024
41.0,PR,4116000.0,Miraselva,77.1,2023
41.0,PR,4116000.0,Miraselva,51.38,2024
41.0,PR,4116059.0,Missal,88.7,2023
41.0,PR,4116059.0,Missal,83.28,2024
41.0,PR,4116109.0,Moreira Sales,79.3,2023
41.0,PR,4116109.0,Moreira Sales,78.01,2024
41.0,PR,4116208.0,Morretes,68.4,2023
41.0,PR,4116208.0,Morretes,59.7,2024
41.0,PR,4116307.0,Munhoz de Melo,53.2,2023
41.0,PR,4116307.0,Munhoz de Melo,80.0,2024
41.0,PR,4116406.0,Nossa Senhora das Graças,79.2,2023
41.0,PR,4116406.0,Nossa Senhora das Graças,94.81,2024
41.0,PR,4116505.0,Nova Aliança do Ivaí,38.1,2023
41.0,PR,4116505.0,Nova Aliança do Ivaí,43.75,2024
41.0,PR,4116604.0,Nova América da Colina,62.5,2023
41.0,PR,4116604.0,Nova América da Colina,78.8,2024
41.0,PR,4116703.0,Nova Aurora,82.3,2023
41.0,PR,4116703.0,Nova Aurora,74.99,2024
41.0,PR,4116802.0,Nova Cantu,79.5,2023
41.0,PR,4116802.0,Nova Cantu,88.03,2024
41.0,PR,4116901.0,Nova Esperança,74.1,2023
41.0,PR,4116901.0,Nova Esperança,74.65,2024
41.0,PR,4116950.0,Nova Esperança do Sudoeste,97.4,2023
41.0,PR,4116950.0,Nova Esperança do Sudoeste,88.59,2024
41.0,PR,4117008.0,Nova Fátima,81.7,2023
41.0,PR,4117008.0,Nova Fátima,79.65,2024
41.0,PR,4117107.0,Nova Londrina,77.7,2023
41.0,PR,4117107.0,Nova Londrina,74.05,2024
41.0,PR,4117206.0,Nova Olímpia,79.2,2023
41.0,PR,4117206.0,Nova Olímpia,91.63,2024
41.0,PR,4117214.0,Nova Santa Bárbara,84.9,2023
41.0,PR,4117214.0,Nova Santa Bárbara,79.18,2024
41.0,PR,4117222.0,Nova Santa Rosa,77.8,2023
41.0,PR,4117222.0,Nova Santa Rosa,72.16,2024
41.0,PR,4117255.0,Nova Prata do Iguaçu,80.8,2023
41.0,PR,4117255.0,Nova Prata do Iguaçu,72.83,2024
41.0,PR,4117271.0,Nova Tebas,89.2,2023
41.0,PR,4117271.0,Nova Tebas,84.88,2024
41.0,PR,4117297.0,Novo Itacolomi,87.4,2023
41.0,PR,4117297.0,Novo Itacolomi,97.3,2024
41.0,PR,4117305.0,Ortigueira,62.6,2023
41.0,PR,4117305.0,Ortigueira,58.43,2024
41.0,PR,4117404.0,Ourizona,88.8,2023
41.0,PR,4117404.0,Ourizona,57.5,2024
41.0,PR,4117453.0,Ouro Verde do Oeste,86.7,2023
41.0,PR,4117453.0,Ouro Verde do Oeste,90.05,2024
41.0,PR,4117503.0,Paiçandu,68.5,2023
41.0,PR,4117503.0,Paiçandu,62.96,2024
41.0,PR,4117602.0,Palmas,55.7,2023
41.0,PR,4117602.0,Palmas,54.27,2024
41.0,PR,4117701.0,Palmeira,71.6,2023
41.0,PR,4117701.0,Palmeira,65.93,2024
41.0,PR,4117800.0,Palmital,74.3,2023
41.0,PR,4117800.0,Palmital,69.5,2024
41.0,PR,4117909.0,Palotina,69.0,2023
41.0,PR,4117909.0,Palotina,74.33,2024
41.0,PR,4118006.0,Paraíso do Norte,74.9,2023
41.0,PR,4118006.0,Paraíso do Norte,67.76,2024
41.0,PR,4118105.0,Paranacity,83.3,2023
41.0,PR,4118105.0,Paranacity,80.03,2024
41.0,PR,4118204.0,Paranaguá,61.9,2023
41.0,PR,4118204.0,Paranaguá,61.71,2024
41.0,PR,4118303.0,Paranapoema,59.2,2023
41.0,PR,4118303.0,Paranapoema,61.71,2024
41.0,PR,4118402.0,Paranavaí,80.5,2023
41.0,PR,4118402.0,Paranavaí,74.3,2024
41.0,PR,4118451.0,Pato Bragado,90.5,2023
41.0,PR,4118451.0,Pato Bragado,90.41,2024
41.0,PR,4118501.0,Pato Branco,78.2,2023
41.0,PR,4118501.0,Pato Branco,71.14,2024
41.0,PR,4118600.0,Paula Freitas,77.6,2023
41.0,PR,4118600.0,Paula Freitas,74.56,2024
41.0,PR,4118709.0,Paulo Frontin,90.7,2023
41.0,PR,4118709.0,Paulo Frontin,84.51,2024
41.0,PR,4118808.0,Peabiru,69.5,2023
41.0,PR,4118808.0,Peabiru,74.24,2024
41.0,PR,4118857.0,Perobal,57.6,2023
41.0,PR,4118857.0,Perobal,70.19,2024
41.0,PR,4118907.0,Pérola,78.4,2023
41.0,PR,4118907.0,Pérola,62.28,2024
41.0,PR,4119103.0,Piên,85.9,2023
41.0,PR,4119103.0,Piên,83.34,2024
41.0,PR,4119152.0,Pinhais,62.7,2023
41.0,PR,4119152.0,Pinhais,57.370000000000005,2024
41.0,PR,4119202.0,Pinhalão,74.0,2023
41.0,PR,4119202.0,Pinhalão,76.88,2024
41.0,PR,4119301.0,Pinhão,61.9,2023
41.0,PR,4119301.0,Pinhão,61.33,2024
41.0,PR,4119400.0,Piraí do Sul,73.0,2023
41.0,PR,4119400.0,Piraí do Sul,74.06,2024
41.0,PR,4119509.0,Piraquara,58.3,2023
41.0,PR,4119509.0,Piraquara,50.54,2024
41.0,PR,4119608.0,Pitanga,73.0,2023
41.0,PR,4119608.0,Pitanga,73.42,2024
41.0,PR,4119657.0,Pitangueiras,94.1,2023
41.0,PR,4119657.0,Pitangueiras,83.19,2024
41.0,PR,4119806.0,Planalto,87.6,2023
41.0,PR,4119806.0,Planalto,78.93,2024
41.0,PR,4119905.0,Ponta Grossa,75.8,2023
41.0,PR,4119905.0,Ponta Grossa,75.9,2024
41.0,PR,4119954.0,Pontal do Paraná,71.2,2023
41.0,PR,4119954.0,Pontal do Paraná,61.28,2024
41.0,PR,4120002.0,Porecatu,74.3,2023
41.0,PR,4120002.0,Porecatu,87.25,2024
41.0,PR,4120101.0,Porto Amazonas,69.8,2023
41.0,PR,4120101.0,Porto Amazonas,76.84,2024
41.0,PR,4120150.0,Porto Barreiro,100.0,2023
41.0,PR,4120150.0,Porto Barreiro,86.29,2024
41.0,PR,4120200.0,Porto Rico,60.4,2023
41.0,PR,4120200.0,Porto Rico,71.94,2024
41.0,PR,4120309.0,Porto Vitória,84.6,2023
41.0,PR,4120309.0,Porto Vitória,75.0,2024
41.0,PR,4120333.0,Prado Ferreira,76.6,2023
41.0,PR,4120333.0,Prado Ferreira,73.85000000000001,2024
41.0,PR,4120358.0,Pranchita,84.3,2023
41.0,PR,4120358.0,Pranchita,79.55,2024
41.0,PR,4120408.0,Presidente Castelo Branco,76.2,2023
41.0,PR,4120408.0,Presidente Castelo Branco,62.98,2024
41.0,PR,4120507.0,Primeiro de Maio,51.4,2023
41.0,PR,4120507.0,Primeiro de Maio,62.66,2024
41.0,PR,4120606.0,Prudentópolis,82.7,2023
41.0,PR,4120606.0,Prudentópolis,82.91,2024
41.0,PR,4120655.0,Quarto Centenário,79.9,2023
41.0,PR,4120655.0,Quarto Centenário,61.75,2024
41.0,PR,4120705.0,Quatiguá,91.6,2023
41.0,PR,4120705.0,Quatiguá,90.26,2024
41.0,PR,4120804.0,Quatro Barras,66.8,2023
41.0,PR,4120804.0,Quatro Barras,67.24,2024
41.0,PR,4120853.0,Quatro Pontes,91.8,2023
41.0,PR,4120853.0,Quatro Pontes,89.52,2024
41.0,PR,4120903.0,Quedas do Iguaçu,71.7,2023
41.0,PR,4120903.0,Quedas do Iguaçu,62.11,2024
41.0,PR,4121000.0,Querência do Norte,45.3,2023
41.0,PR,4121000.0,Querência do Norte,50.32,2024
41.0,PR,4121109.0,Quinta do Sol,76.8,2023
41.0,PR,4121109.0,Quinta do Sol,74.15,2024
41.0,PR,4121208.0,Quitandinha,71.8,2023
41.0,PR,4121208.0,Quitandinha,75.8,2024
41.0,PR,4121257.0,Ramilândia,88.1,2023
41.0,PR,4121257.0,Ramilândia,77.23,2024
41.0,PR,4121356.0,Rancho Alegre D'Oeste,78.0,2023
41.0,PR,4121356.0,Rancho Alegre D'Oeste,56.92,2024
41.0,PR,4121406.0,Realeza,88.3,2023
41.0,PR,4121406.0,Realeza,79.84,2024
41.0,PR,4121505.0,Rebouças,86.3,2023
41.0,PR,4121505.0,Rebouças,77.0,2024
41.0,PR,4121604.0,Renascença,70.8,2023
41.0,PR,4121604.0,Renascença,82.55,2024
41.0,PR,4121703.0,Reserva,72.9,2023
41.0,PR,4121703.0,Reserva,81.08,2024
41.0,PR,4121752.0,Reserva do Iguaçu,77.9,2023
41.0,PR,4121752.0,Reserva do Iguaçu,83.13,2024
41.0,PR,4121901.0,Ribeirão do Pinhal,86.7,2023
41.0,PR,4121901.0,Ribeirão do Pinhal,84.51,2024
41.0,PR,4122008.0,Rio Azul,89.6,2023
41.0,PR,4122008.0,Rio Azul,89.22,2024
41.0,PR,4122107.0,Rio Bom,94.5,2023
41.0,PR,4122107.0,Rio Bom,69.55,2024
41.0,PR,4122156.0,Rio Bonito do Iguaçu,81.4,2023
41.0,PR,4122156.0,Rio Bonito do Iguaçu,80.25,2024
41.0,PR,4122172.0,Rio Branco do Ivaí,69.8,2023
41.0,PR,4122172.0,Rio Branco do Ivaí,73.84,2024
41.0,PR,4122206.0,Rio Branco do Sul,62.3,2023
41.0,PR,4122206.0,Rio Branco do Sul,61.35,2024
41.0,PR,4122305.0,Rio Negro,85.2,2023
41.0,PR,4122305.0,Rio Negro,88.56,2024
41.0,PR,4122404.0,Rolândia,73.4,2023
41.0,PR,4122404.0,Rolândia,71.84,2024
41.0,PR,4122503.0,Roncador,83.7,2023
41.0,PR,4122503.0,Roncador,76.32000000000001,2024
41.0,PR,4122602.0,Rondon,68.4,2023
41.0,PR,4122602.0,Rondon,41.63,2024
41.0,PR,4122651.0,Rosário do Ivaí,69.4,2023
41.0,PR,4122651.0,Rosário do Ivaí,77.0,2024
41.0,PR,4122701.0,Sabáudia,81.5,2023
41.0,PR,4122701.0,Sabáudia,78.98,2024
41.0,PR,4122800.0,Salgado Filho,89.4,2023
41.0,PR,4122800.0,Salgado Filho,93.11,2024
41.0,PR,4122909.0,Salto do Itararé,64.5,2023
41.0,PR,4122909.0,Salto do Itararé,73.64,2024
41.0,PR,4123006.0,Salto do Lontra,85.5,2023
41.0,PR,4123006.0,Salto do Lontra,76.46000000000001,2024
41.0,PR,4123105.0,Santa Amélia,100.0,2023
41.0,PR,4123105.0,Santa Amélia,91.5,2024
41.0,PR,4123204.0,Santa Cecília do Pavão,87.4,2023
41.0,PR,4123204.0,Santa Cecília do Pavão,80.09,2024
41.0,PR,4123402.0,Santa Fé,58.7,2023
41.0,PR,4123402.0,Santa Fé,64.71000000000001,2024
41.0,PR,4123600.0,Santa Inês,96.8,2023
41.0,PR,4123600.0,Santa Inês,100.0,2024
41.0,PR,4123709.0,Santa Isabel do Ivaí,84.2,2023
41.0,PR,4123709.0,Santa Isabel do Ivaí,75.13,2024
41.0,PR,4123808.0,Santa Izabel do Oeste,82.4,2023
41.0,PR,4123808.0,Santa Izabel do Oeste,82.63,2024
41.0,PR,4123824.0,Santa Lúcia,79.5,2023
41.0,PR,4123824.0,Santa Lúcia,85.71000000000001,2024
41.0,PR,4123857.0,Santa Maria do Oeste,76.3,2023
41.0,PR,4123857.0,Santa Maria do Oeste,70.26,2024
41.0,PR,4123907.0,Santa Mariana,73.7,2023
41.0,PR,4123907.0,Santa Mariana,83.73,2024
41.0,PR,4123956.0,Santa Mônica,78.7,2023
41.0,PR,4123956.0,Santa Mônica,80.22,2024
41.0,PR,4124004.0,Santana do Itararé,78.3,2023
41.0,PR,4124004.0,Santana do Itararé,54.43,2024
41.0,PR,4124020.0,Santa Tereza do Oeste,73.3,2023
41.0,PR,4124020.0,Santa Tereza do Oeste,77.75,2024
41.0,PR,4124053.0,Santa Terezinha de Itaipu,81.3,2023
41.0,PR,4124053.0,Santa Terezinha de Itaipu,79.46000000000001,2024
41.0,PR,4124103.0,Santo Antônio da Platina,60.4,2023
41.0,PR,4124103.0,Santo Antônio da Platina,55.04,2024
41.0,PR,4124202.0,Santo Antônio do Caiuá,82.8,2023
41.0,PR,4124202.0,Santo Antônio do Caiuá,88.04,2024
41.0,PR,4124301.0,Santo Antônio do Paraíso,82.3,2023
41.0,PR,4124301.0,Santo Antônio do Paraíso,81.17,2024
41.0,PR,4124509.0,Santo Inácio,91.1,2023
41.0,PR,4124509.0,Santo Inácio,80.07000000000001,2024
41.0,PR,4124608.0,São Carlos do Ivaí,78.3,2023
41.0,PR,4124608.0,São Carlos do Ivaí,73.36,2024
41.0,PR,4124707.0,São Jerônimo da Serra,81.2,2023
41.0,PR,4124707.0,São Jerônimo da Serra,71.33,2024
41.0,PR,4124806.0,São João,87.0,2023
41.0,PR,4124806.0,São João,87.16,2024
41.0,PR,4124905.0,São João do Caiuá,93.3,2023
41.0,PR,4124905.0,São João do Caiuá,93.06,2024
41.0,PR,4125001.0,São João do Ivaí,61.5,2023
41.0,PR,4125001.0,São João do Ivaí,73.17,2024
41.0,PR,4125100.0,São João do Triunfo,78.6,2023
41.0,PR,4125100.0,São João do Triunfo,79.45,2024
41.0,PR,4125209.0,São Jorge d'Oeste,88.3,2023
41.0,PR,4125209.0,São Jorge d'Oeste,84.59,2024
41.0,PR,4125308.0,São Jorge do Ivaí,83.0,2023
41.0,PR,4125308.0,São Jorge do Ivaí,70.73,2024
41.0,PR,4125357.0,São Jorge do Patrocínio,74.3,2023
41.0,PR,4125357.0,São Jorge do Patrocínio,90.23,2024
41.0,PR,4125456.0,São José das Palmeiras,83.2,2023
41.0,PR,4125456.0,São José das Palmeiras,74.36,2024
41.0,PR,4125506.0,São José dos Pinhais,67.2,2023
41.0,PR,4125506.0,São José dos Pinhais,64.3,2024
41.0,PR,4125555.0,São Manoel do Paraná,95.4,2023
41.0,PR,4125555.0,São Manoel do Paraná,73.08,2024
41.0,PR,4125704.0,São Miguel do Iguaçu,73.6,2023
41.0,PR,4125704.0,São Miguel do Iguaçu,77.84,2024
41.0,PR,4125753.0,São Pedro do Iguaçu,74.7,2023
41.0,PR,4125753.0,São Pedro do Iguaçu,80.66,2024
41.0,PR,4125803.0,São Pedro do Ivaí,83.6,2023
41.0,PR,4125803.0,São Pedro do Ivaí,85.66,2024
41.0,PR,4125902.0,São Pedro do Paraná,71.9,2023
41.0,PR,4125902.0,São Pedro do Paraná,75.0,2024
41.0,PR,4126009.0,São Sebastião da Amoreira,82.8,2023
41.0,PR,4126009.0,São Sebastião da Amoreira,87.77,2024
41.0,PR,4126108.0,São Tomé,89.0,2023
41.0,PR,4126108.0,São Tomé,69.88,2024
41.0,PR,4126207.0,Sapopema,73.3,2023
41.0,PR,4126207.0,Sapopema,83.01,2024
41.0,PR,4126256.0,Sarandi,58.0,2023
41.0,PR,4126256.0,Sarandi,56.55,2024
41.0,PR,4126272.0,Saudade do Iguaçu,92.5,2023
41.0,PR,4126272.0,Saudade do Iguaçu,85.49,2024
41.0,PR,4126306.0,Sengés,80.7,2023
41.0,PR,4126306.0,Sengés,81.96000000000001,2024
41.0,PR,4126355.0,Serranópolis do Iguaçu,100.0,2023
41.0,PR,4126355.0,Serranópolis do Iguaçu,82.66,2024
41.0,PR,4126405.0,Sertaneja,92.0,2023
41.0,PR,4126405.0,Sertaneja,90.98,2024
41.0,PR,4126504.0,Sertanópolis,66.8,2023
41.0,PR,4126504.0,Sertanópolis,61.98,2024
41.0,PR,4126603.0,Siqueira Campos,85.7,2023
41.0,PR,4126603.0,Siqueira Campos,82.88,2024
41.0,PR,4126652.0,Sulina,64.4,2023
41.0,PR,4126652.0,Sulina,74.93,2024
41.0,PR,4126678.0,Tamarana,73.9,2023
41.0,PR,4126678.0,Tamarana,65.46000000000001,2024
41.0,PR,4126702.0,Tamboara,47.6,2023
41.0,PR,4126702.0,Tamboara,46.83,2024
41.0,PR,4126801.0,Tapejara,69.4,2023
41.0,PR,4126801.0,Tapejara,61.07,2024
41.0,PR,4126900.0,Tapira,90.5,2023
41.0,PR,4126900.0,Tapira,77.42,2024
41.0,PR,4127007.0,Teixeira Soares,77.3,2023
41.0,PR,4127007.0,Teixeira Soares,88.2,2024
41.0,PR,4127106.0,Telêmaco Borba,63.2,2023
41.0,PR,4127106.0,Telêmaco Borba,61.71,2024
41.0,PR,4127205.0,Terra Boa,86.0,2023
41.0,PR,4127205.0,Terra Boa,89.10000000000001,2024
41.0,PR,4127304.0,Terra Rica,69.0,2023
41.0,PR,4127304.0,Terra Rica,81.46000000000001,2024
41.0,PR,4127403.0,Terra Roxa,68.6,2023
41.0,PR,4127403.0,Terra Roxa,76.19,2024
41.0,PR,4127502.0,Tibagi,77.8,2023
41.0,PR,4127502.0,Tibagi,77.79,2024
41.0,PR,4127601.0,Tijucas do Sul,78.8,2023
41.0,PR,4127601.0,Tijucas do Sul,68.4,2024
41.0,PR,4127700.0,Toledo,79.6,2023
41.0,PR,4127700.0,Toledo,81.69,2024
41.0,PR,4127809.0,Tomazina,91.7,2023
41.0,PR,4127809.0,Tomazina,83.7,2024
41.0,PR,4127858.0,Três Barras do Paraná,79.4,2023
41.0,PR,4127858.0,Três Barras do Paraná,75.42,2024
41.0,PR,4127882.0,Tunas do Paraná,63.5,2023
41.0,PR,4127882.0,Tunas do Paraná,75.01,2024
41.0,PR,4127908.0,Tuneiras do Oeste,71.5,2023
41.0,PR,4127908.0,Tuneiras do Oeste,68.12,2024
41.0,PR,4127957.0,Tupãssi,70.7,2023
41.0,PR,4127957.0,Tupãssi,79.06,2024
41.0,PR,4127965.0,Turvo,82.6,2023
41.0,PR,4127965.0,Turvo,84.81,2024
41.0,PR,4128005.0,Ubiratã,85.6,2023
41.0,PR,4128005.0,Ubiratã,77.60000000000001,2024
41.0,PR,4128104.0,Umuarama,64.1,2023
41.0,PR,4128104.0,Umuarama,63.1,2024
41.0,PR,4128203.0,União da Vitória,74.9,2023
41.0,PR,4128203.0,União da Vitória,73.17,2024
41.0,PR,4128302.0,Uniflor,60.2,2023
41.0,PR,4128302.0,Uniflor,73.33,2024
41.0,PR,4128401.0,Uraí,76.6,2023
41.0,PR,4128401.0,Uraí,66.07000000000001,2024
41.0,PR,4128500.0,Wenceslau Braz,81.1,2023
41.0,PR,4128500.0,Wenceslau Braz,74.37,2024
41.0,PR,4128534.0,Ventania,74.1,2023
41.0,PR,4128534.0,Ventania,77.17,2024
41.0,PR,4128559.0,Vera Cruz do Oeste,52.4,2023
41.0,PR,4128559.0,Vera Cruz do Oeste,76.11,2024
41.0,PR,4128609.0,Verê,81.0,2023
41.0,PR,4128609.0,Verê,67.29,2024
41.0,PR,4128625.0,Alto Paraíso,,2023
41.0,PR,4128625.0,Alto Paraíso,68.04,2024
41.0,PR,4128633.0,Doutor Ulysses,76.3,2023
41.0,PR,4128633.0,Doutor Ulysses,69.45,2024
41.0,PR,4128708.0,Vitorino,71.4,2023
41.0,PR,4128708.0,Vitorino,70.19,2024
41.0,PR,4128807.0,Xambrê,73.8,2023
41.0,PR,4128807.0,Xambrê,55.19,2024
42.0,SC,4200051.0,Abdon Batista,72.1,2023
42.0,SC,4200051.0,Abdon Batista,77.08,2024
42.0,SC,4200101.0,Abelardo Luz,64.8,2023
42.0,SC,4200101.0,Abelardo Luz,59.88,2024
42.0,SC,4200200.0,Agrolândia,81.2,2023
42.0,SC,4200200.0,Agrolândia,76.03,2024
42.0,SC,4200408.0,Água Doce,64.8,2023
42.0,SC,4200408.0,Água Doce,72.41,2024
42.0,SC,4200507.0,Águas de Chapecó,72.3,2023
42.0,SC,4200507.0,Águas de Chapecó,75.76,2024
42.0,SC,4200606.0,Águas Mornas,81.3,2023
42.0,SC,4200606.0,Águas Mornas,79.3,2024
42.0,SC,4200754.0,Alto Bela Vista,87.4,2023
42.0,SC,4200754.0,Alto Bela Vista,85.18,2024
42.0,SC,4200804.0,Anchieta,77.5,2023
42.0,SC,4200804.0,Anchieta,91.81,2024
42.0,SC,4200903.0,Angelina,,2023
42.0,SC,4200903.0,Angelina,90.0,2024
42.0,SC,4201000.0,Anita Garibaldi,66.1,2023
42.0,SC,4201000.0,Anita Garibaldi,77.33,2024
42.0,SC,4201109.0,Anitápolis,,2023
42.0,SC,4201109.0,Anitápolis,56.94,2024
42.0,SC,4201208.0,Antônio Carlos,74.5,2023
42.0,SC,4201208.0,Antônio Carlos,74.89,2024
42.0,SC,4201257.0,Apiúna,63.7,2023
42.0,SC,4201257.0,Apiúna,70.88,2024
42.0,SC,4201273.0,Arabutã,79.4,2023
42.0,SC,4201273.0,Arabutã,96.31,2024
42.0,SC,4201505.0,Armazém,70.5,2023
42.0,SC,4201505.0,Armazém,79.08,2024
42.0,SC,4201604.0,Arroio Trinta,92.0,2023
42.0,SC,4201604.0,Arroio Trinta,76.24,2024
42.0,SC,4201653.0,Arvoredo,75.7,2023
42.0,SC,4201653.0,Arvoredo,77.94,2024
42.0,SC,4201703.0,Ascurra,82.0,2023
42.0,SC,4201703.0,Ascurra,94.83,2024
42.0,SC,4201802.0,Atalanta,71.1,2023
42.0,SC,4201802.0,Atalanta,64.79,2024
42.0,SC,4201901.0,Aurora,62.6,2023
42.0,SC,4201901.0,Aurora,77.09,2024
42.0,SC,4202057.0,Balneário Barra do Sul,60.3,2023
42.0,SC,4202057.0,Balneário Barra do Sul,51.19,2024
42.0,SC,4202073.0,Balneário Gaivota,,2023
42.0,SC,4202073.0,Balneário Gaivota,49.21,2024
42.0,SC,4202081.0,Bandeirante,70.1,2023
42.0,SC,4202081.0,Bandeirante,56.89,2024
42.0,SC,4202131.0,Bela Vista do Toldo,86.2,2023
42.0,SC,4202131.0,Bela Vista do Toldo,81.95,2024
42.0,SC,4202156.0,Belmonte,72.9,2023
42.0,SC,4202156.0,Belmonte,80.41,2024
42.0,SC,4202206.0,Benedito Novo,61.4,2023
42.0,SC,4202206.0,Benedito Novo,71.71000000000001,2024
42.0,SC,4202404.0,Blumenau,63.9,2023
42.0,SC,4202404.0,Blumenau,64.77,2024
42.0,SC,4202438.0,Bocaina do Sul,39.1,2023
42.0,SC,4202438.0,Bocaina do Sul,28.06,2024
42.0,SC,4202503.0,Bom Jardim da Serra,40.6,2023
42.0,SC,4202503.0,Bom Jardim da Serra,28.72,2024
42.0,SC,4202537.0,Bom Jesus,64.7,2023
42.0,SC,4202537.0,Bom Jesus,55.49,2024
42.0,SC,4202578.0,Bom Jesus do Oeste,73.3,2023
42.0,SC,4202578.0,Bom Jesus do Oeste,95.99,2024
42.0,SC,4202602.0,Bom Retiro,32.5,2023
42.0,SC,4202602.0,Bom Retiro,47.34,2024
42.0,SC,4202701.0,Botuverá,69.3,2023
42.0,SC,4202701.0,Botuverá,65.2,2024
42.0,SC,4202800.0,Braço do Norte,60.6,2023
42.0,SC,4202800.0,Braço do Norte,59.36,2024
42.0,SC,4202859.0,Braço do Trombudo,62.2,2023
42.0,SC,4202859.0,Braço do Trombudo,64.21000000000001,2024
42.0,SC,4202875.0,Brunópolis,66.7,2023
42.0,SC,4202875.0,Brunópolis,68.75,2024
42.0,SC,4202909.0,Brusque,68.7,2023
42.0,SC,4202909.0,Brusque,67.18,2024
42.0,SC,4203006.0,Caçador,69.9,2023
42.0,SC,4203006.0,Caçador,65.51,2024
42.0,SC,4203105.0,Caibi,75.5,2023
42.0,SC,4203105.0,Caibi,27.3,2024
42.0,SC,4203154.0,Calmon,63.0,2023
42.0,SC,4203154.0,Calmon,57.9,2024
42.0,SC,4203303.0,Campo Alegre,66.5,2023
42.0,SC,4203303.0,Campo Alegre,59.82,2024
42.0,SC,4203402.0,Campo Belo do Sul,41.8,2023
42.0,SC,4203402.0,Campo Belo do Sul,53.29,2024
42.0,SC,4203501.0,Campo Erê,60.9,2023
42.0,SC,4203501.0,Campo Erê,48.28,2024
42.0,SC,4203600.0,Campos Novos,64.3,2023
42.0,SC,4203600.0,Campos Novos,64.77,2024
42.0,SC,4203709.0,Canelinha,59.3,2023
42.0,SC,4203709.0,Canelinha,41.37,2024
42.0,SC,4203808.0,Canoinhas,73.9,2023
42.0,SC,4203808.0,Canoinhas,71.93,2024
42.0,SC,4203907.0,Capinzal,72.3,2023
42.0,SC,4203907.0,Capinzal,69.54,2024
42.0,SC,4204004.0,Catanduvas,68.3,2023
42.0,SC,4204004.0,Catanduvas,72.43,2024
42.0,SC,4204103.0,Caxambu do Sul,69.5,2023
42.0,SC,4204103.0,Caxambu do Sul,60.13,2024
42.0,SC,4204152.0,Celso Ramos,77.4,2023
42.0,SC,4204152.0,Celso Ramos,75.67,2024
42.0,SC,4204178.0,Cerro Negro,28.9,2023
42.0,SC,4204178.0,Cerro Negro,49.84,2024
42.0,SC,4204194.0,Chapadão do Lageado,52.4,2023
42.0,SC,4204194.0,Chapadão do Lageado,65.91,2024
42.0,SC,4204202.0,Chapecó,56.2,2023
42.0,SC,4204202.0,Chapecó,56.25,2024
42.0,SC,4204301.0,Concórdia,76.4,2023
42.0,SC,4204301.0,Concórdia,75.26,2024
42.0,SC,4204350.0,Cordilheira Alta,,2023
42.0,SC,4204350.0,Cordilheira Alta,65.36,2024
42.0,SC,4204400.0,Coronel Freitas,74.3,2023
42.0,SC,4204400.0,Coronel Freitas,86.74,2024
42.0,SC,4204459.0,Coronel Martins,73.7,2023
42.0,SC,4204459.0,Coronel Martins,90.43,2024
42.0,SC,4204509.0,Corupá,61.2,2023
42.0,SC,4204509.0,Corupá,79.7,2024
42.0,SC,4204558.0,Correia Pinto,59.6,2023
42.0,SC,4204558.0,Correia Pinto,56.53,2024
42.0,SC,4204608.0,Criciúma,59.1,2023
42.0,SC,4204608.0,Criciúma,59.75,2024
42.0,SC,4204707.0,Cunha Porã,93.9,2023
42.0,SC,4204707.0,Cunha Porã,77.07000000000001,2024
42.0,SC,4204806.0,Curitibanos,48.6,2023
42.0,SC,4204806.0,Curitibanos,53.48,2024
42.0,SC,4204905.0,Descanso,80.4,2023
42.0,SC,4204905.0,Descanso,70.31,2024
42.0,SC,4205001.0,Dionísio Cerqueira,59.7,2023
42.0,SC,4205001.0,Dionísio Cerqueira,66.23,2024
42.0,SC,4205100.0,Dona Emma,87.2,2023
42.0,SC,4205100.0,Dona Emma,88.51,2024
42.0,SC,4205159.0,Doutor Pedrinho,,2023
42.0,SC,4205159.0,Doutor Pedrinho,79.10000000000001,2024
42.0,SC,4205191.0,Ermo,,2023
42.0,SC,4205191.0,Ermo,69.96000000000001,2024
42.0,SC,4205209.0,Erval Velho,56.5,2023
42.0,SC,4205209.0,Erval Velho,58.15,2024
42.0,SC,4205308.0,Faxinal dos Guedes,52.7,2023
42.0,SC,4205308.0,Faxinal dos Guedes,66.52,2024
42.0,SC,4205357.0,Flor do Sertão,81.4,2023
42.0,SC,4205357.0,Flor do Sertão,58.33,2024
42.0,SC,4205431.0,Formosa do Sul,65.4,2023
42.0,SC,4205431.0,Formosa do Sul,76.76,2024
42.0,SC,4205456.0,Forquilhinha,58.7,2023
42.0,SC,4205456.0,Forquilhinha,63.940000000000005,2024
42.0,SC,4205506.0,Fraiburgo,66.6,2023
42.0,SC,4205506.0,Fraiburgo,77.72,2024
42.0,SC,4205605.0,Galvão,80.8,2023
42.0,SC,4205605.0,Galvão,70.47,2024
42.0,SC,4205704.0,Garopaba,70.6,2023
42.0,SC,4205704.0,Garopaba,75.75,2024
42.0,SC,4205803.0,Garuva,54.7,2023
42.0,SC,4205803.0,Garuva,66.73,2024
42.0,SC,4206108.0,Grão-Pará,65.2,2023
42.0,SC,4206108.0,Grão-Pará,70.23,2024
42.0,SC,4206207.0,Gravatal,52.6,2023
42.0,SC,4206207.0,Gravatal,76.93,2024
42.0,SC,4206306.0,Guabiruba,70.2,2023
42.0,SC,4206306.0,Guabiruba,73.93,2024
42.0,SC,4206405.0,Guaraciaba,83.3,2023
42.0,SC,4206405.0,Guaraciaba,83.69,2024
42.0,SC,4206603.0,Guarujá do Sul,88.6,2023
42.0,SC,4206603.0,Guarujá do Sul,59.9,2024
42.0,SC,4206652.0,Guatambú,44.4,2023
42.0,SC,4206652.0,Guatambú,38.7,2024
42.0,SC,4206702.0,Herval d'Oeste,53.2,2023
42.0,SC,4206702.0,Herval d'Oeste,59.83,2024
42.0,SC,4206751.0,Ibiam,65.6,2023
42.0,SC,4206751.0,Ibiam,96.17,2024
42.0,SC,4206801.0,Ibicaré,75.7,2023
42.0,SC,4206801.0,Ibicaré,54.41,2024
42.0,SC,4207007.0,Içara,69.8,2023
42.0,SC,4207007.0,Içara,69.72,2024
42.0,SC,4207205.0,Imaruí,,2023
42.0,SC,4207205.0,Imaruí,44.91,2024
42.0,SC,4207403.0,Imbuia,64.8,2023
42.0,SC,4207403.0,Imbuia,79.52,2024
42.0,SC,4207502.0,Indaial,55.2,2023
42.0,SC,4207502.0,Indaial,67.83,2024
42.0,SC,4207577.0,Iomerê,74.5,2023
42.0,SC,4207577.0,Iomerê,97.09,2024
42.0,SC,4207601.0,Ipira,83.2,2023
42.0,SC,4207601.0,Ipira,84.43,2024
42.0,SC,4207650.0,Iporã do Oeste,86.7,2023
42.0,SC,4207650.0,Iporã do Oeste,92.28,2024
42.0,SC,4207684.0,Ipuaçu,59.5,2023
42.0,SC,4207684.0,Ipuaçu,77.74,2024
42.0,SC,4207700.0,Ipumirim,54.0,2023
42.0,SC,4207700.0,Ipumirim,62.84,2024
42.0,SC,4207759.0,Iraceminha,60.5,2023
42.0,SC,4207759.0,Iraceminha,70.07000000000001,2024
42.0,SC,4207809.0,Irani,73.9,2023
42.0,SC,4207809.0,Irani,71.4,2024
42.0,SC,4207858.0,Irati,92.9,2023
42.0,SC,4207858.0,Irati,87.82000000000001,2024
42.0,SC,4207908.0,Irineópolis,71.8,2023
42.0,SC,4207908.0,Irineópolis,79.25,2024
42.0,SC,4208005.0,Itá,69.1,2023
42.0,SC,4208005.0,Itá,77.62,2024
42.0,SC,4208401.0,Itapiranga,71.6,2023
42.0,SC,4208401.0,Itapiranga,78.16,2024
42.0,SC,4208500.0,Ituporanga,64.2,2023
42.0,SC,4208500.0,Ituporanga,77.25,2024
42.0,SC,4208609.0,Jaborá,73.9,2023
42.0,SC,4208609.0,Jaborá,77.67,2024
42.0,SC,4208708.0,Jacinto Machado,53.0,2023
42.0,SC,4208708.0,Jacinto Machado,70.16,2024
42.0,SC,4208807.0,Jaguaruna,42.4,2023
42.0,SC,4208807.0,Jaguaruna,56.28,2024
42.0,SC,4208906.0,Jaraguá do Sul,72.8,2023
42.0,SC,4208906.0,Jaraguá do Sul,75.11,2024
42.0,SC,4208955.0,Jardinópolis,81.8,2023
42.0,SC,4208955.0,Jardinópolis,77.08,2024
42.0,SC,4209003.0,Joaçaba,59.2,2023
42.0,SC,4209003.0,Joaçaba,70.42,2024
42.0,SC,4209102.0,Joinville,65.9,2023
42.0,SC,4209102.0,Joinville,68.79,2024
42.0,SC,4209151.0,José Boiteux,37.1,2023
42.0,SC,4209151.0,José Boiteux,52.77,2024
42.0,SC,4209201.0,Lacerdópolis,70.0,2023
42.0,SC,4209201.0,Lacerdópolis,75.0,2024
42.0,SC,4209300.0,Lages,48.6,2023
42.0,SC,4209300.0,Lages,55.85,2024
42.0,SC,4209409.0,Laguna,33.3,2023
42.0,SC,4209409.0,Laguna,34.29,2024
42.0,SC,4209458.0,Lajeado Grande,78.6,2023
42.0,SC,4209458.0,Lajeado Grande,66.07000000000001,2024
42.0,SC,4209508.0,Laurentino,64.3,2023
42.0,SC,4209508.0,Laurentino,60.32,2024
42.0,SC,4209607.0,Lauro Müller,63.3,2023
42.0,SC,4209607.0,Lauro Müller,72.59,2024
42.0,SC,4209706.0,Lebon Régis,40.9,2023
42.0,SC,4209706.0,Lebon Régis,56.41,2024
42.0,SC,4209805.0,Leoberto Leal,75.0,2023
42.0,SC,4209805.0,Leoberto Leal,62.5,2024
42.0,SC,4209854.0,Lindóia do Sul,87.4,2023
42.0,SC,4209854.0,Lindóia do Sul,84.61,2024
42.0,SC,4209904.0,Lontras,59.8,2023
42.0,SC,4209904.0,Lontras,58.41,2024
42.0,SC,4210001.0,Luiz Alves,80.4,2023
42.0,SC,4210001.0,Luiz Alves,76.19,2024
42.0,SC,4210035.0,Luzerna,72.9,2023
42.0,SC,4210035.0,Luzerna,79.74,2024
42.0,SC,4210050.0,Macieira,80.0,2023
42.0,SC,4210050.0,Macieira,56.25,2024
42.0,SC,4210100.0,Mafra,73.0,2023
42.0,SC,4210100.0,Mafra,77.41,2024
42.0,SC,4210209.0,Major Gercino,51.4,2023
42.0,SC,4210209.0,Major Gercino,76.42,2024
42.0,SC,4210308.0,Major Vieira,69.1,2023
42.0,SC,4210308.0,Major Vieira,74.01,2024
42.0,SC,4210407.0,Maracajá,58.5,2023
42.0,SC,4210407.0,Maracajá,61.81,2024
42.0,SC,4210506.0,Maravilha,84.4,2023
42.0,SC,4210506.0,Maravilha,76.03,2024
42.0,SC,4210555.0,Marema,,2023
42.0,SC,4210555.0,Marema,75.96000000000001,2024
42.0,SC,4210605.0,Massaranduba,71.0,2023
42.0,SC,4210605.0,Massaranduba,77.07000000000001,2024
42.0,SC,4210704.0,Matos Costa,,2023
42.0,SC,4210704.0,Matos Costa,37.3,2024
42.0,SC,4210803.0,Meleiro,54.8,2023
42.0,SC,4210803.0,Meleiro,48.04,2024
42.0,SC,4210852.0,Mirim Doce,39.2,2023
42.0,SC,4210852.0,Mirim Doce,74.06,2024
42.0,SC,4210902.0,Modelo,81.6,2023
42.0,SC,4210902.0,Modelo,94.86,2024
42.0,SC,4211009.0,Mondaí,68.6,2023
42.0,SC,4211009.0,Mondaí,56.85,2024
42.0,SC,4211058.0,Monte Carlo,63.8,2023
42.0,SC,4211058.0,Monte Carlo,52.67,2024
42.0,SC,4211108.0,Monte Castelo,,2023
42.0,SC,4211108.0,Monte Castelo,43.19,2024
42.0,SC,4211207.0,Morro da Fumaça,68.0,2023
42.0,SC,4211207.0,Morro da Fumaça,68.09,2024
42.0,SC,4211256.0,Morro Grande,71.4,2023
42.0,SC,4211256.0,Morro Grande,81.82000000000001,2024
42.0,SC,4211405.0,Nova Erechim,69.2,2023
42.0,SC,4211405.0,Nova Erechim,72.86,2024
42.0,SC,4211454.0,Nova Itaberaba,67.4,2023
42.0,SC,4211454.0,Nova Itaberaba,71.17,2024
42.0,SC,4211603.0,Nova Veneza,69.6,2023
42.0,SC,4211603.0,Nova Veneza,79.48,2024
42.0,SC,4211652.0,Novo Horizonte,91.6,2023
42.0,SC,4211652.0,Novo Horizonte,86.57000000000001,2024
42.0,SC,4211751.0,Otacílio Costa,55.1,2023
42.0,SC,4211751.0,Otacílio Costa,70.95,2024
42.0,SC,4211801.0,Ouro,72.6,2023
42.0,SC,4211801.0,Ouro,82.18,2024
42.0,SC,4211850.0,Ouro Verde,44.6,2023
42.0,SC,4211850.0,Ouro Verde,66.67,2024
42.0,SC,4211876.0,Paial,70.8,2023
42.0,SC,4211876.0,Paial,54.55,2024
42.0,SC,4212007.0,Palma Sola,80.1,2023
42.0,SC,4212007.0,Palma Sola,79.92,2024
42.0,SC,4212056.0,Palmeira,67.2,2023
42.0,SC,4212056.0,Palmeira,57.22,2024
42.0,SC,4212106.0,Palmitos,58.2,2023
42.0,SC,4212106.0,Palmitos,64.41,2024
42.0,SC,4212205.0,Papanduva,70.5,2023
42.0,SC,4212205.0,Papanduva,64.15,2024
42.0,SC,4212239.0,Paraíso,85.8,2023
42.0,SC,4212239.0,Paraíso,83.86,2024
42.0,SC,4212254.0,Passo de Torres,,2023
42.0,SC,4212254.0,Passo de Torres,59.86,2024
42.0,SC,4212270.0,Passos Maia,49.3,2023
42.0,SC,4212270.0,Passos Maia,60.0,2024
42.0,SC,4212304.0,Paulo Lopes,63.1,2023
42.0,SC,4212304.0,Paulo Lopes,40.02,2024
42.0,SC,4212403.0,Pedras Grandes,81.7,2023
42.0,SC,4212403.0,Pedras Grandes,69.2,2024
42.0,SC,4212601.0,Peritiba,85.8,2023
42.0,SC,4212601.0,Peritiba,87.5,2024
42.0,SC,4212650.0,Pescaria Brava,40.4,2023
42.0,SC,4212650.0,Pescaria Brava,45.95,2024
42.0,SC,4212700.0,Petrolândia,,2023
42.0,SC,4212700.0,Petrolândia,66.84,2024
42.0,SC,4212809.0,Balneário Piçarras,61.5,2023
42.0,SC,4212809.0,Balneário Piçarras,53.84,2024
42.0,SC,4212908.0,Pinhalzinho,78.3,2023
42.0,SC,4212908.0,Pinhalzinho,78.35000000000001,2024
42.0,SC,4213005.0,Pinheiro Preto,59.3,2023
42.0,SC,4213005.0,Pinheiro Preto,79.31,2024
42.0,SC,4213104.0,Piratuba,81.4,2023
42.0,SC,4213104.0,Piratuba,83.99,2024
42.0,SC,4213153.0,Planalto Alegre,79.6,2023
42.0,SC,4213153.0,Planalto Alegre,90.38,2024
42.0,SC,4213203.0,Pomerode,63.2,2023
42.0,SC,4213203.0,Pomerode,70.85000000000001,2024
42.0,SC,4213351.0,Ponte Alta do Norte,64.1,2023
42.0,SC,4213351.0,Ponte Alta do Norte,70.19,2024
42.0,SC,4213401.0,Ponte Serrada,53.1,2023
42.0,SC,4213401.0,Ponte Serrada,66.76,2024
42.0,SC,4213609.0,Porto União,70.5,2023
42.0,SC,4213609.0,Porto União,59.53,2024
42.0,SC,4213708.0,Pouso Redondo,66.5,2023
42.0,SC,4213708.0,Pouso Redondo,60.13,2024
42.0,SC,4213807.0,Praia Grande,65.6,2023
42.0,SC,4213807.0,Praia Grande,69.36,2024
42.0,SC,4213906.0,Presidente Castello Branco,47.1,2023
42.0,SC,4213906.0,Presidente Castello Branco,61.9,2024
42.0,SC,4214003.0,Presidente Getúlio,62.2,2023
42.0,SC,4214003.0,Presidente Getúlio,55.72,2024
42.0,SC,4214102.0,Presidente Nereu,51.7,2023
42.0,SC,4214102.0,Presidente Nereu,58.33,2024
42.0,SC,4214151.0,Princesa,89.3,2023
42.0,SC,4214151.0,Princesa,64.05,2024
42.0,SC,4214201.0,Quilombo,67.1,2023
42.0,SC,4214201.0,Quilombo,70.08,2024
42.0,SC,4214300.0,Rancho Queimado,72.7,2023
42.0,SC,4214300.0,Rancho Queimado,80.38,2024
42.0,SC,4214508.0,Rio do Campo,68.0,2023
42.0,SC,4214508.0,Rio do Campo,74.29,2024
42.0,SC,4214607.0,Rio do Oeste,81.4,2023
42.0,SC,4214607.0,Rio do Oeste,70.60000000000001,2024
42.0,SC,4214706.0,Rio dos Cedros,60.7,2023
42.0,SC,4214706.0,Rio dos Cedros,68.59,2024
42.0,SC,4214904.0,Rio Fortuna,78.4,2023
42.0,SC,4214904.0,Rio Fortuna,68.78,2024
42.0,SC,4215000.0,Rio Negrinho,60.1,2023
42.0,SC,4215000.0,Rio Negrinho,66.96000000000001,2024
42.0,SC,4215059.0,Rio Rufino,65.7,2023
42.0,SC,4215059.0,Rio Rufino,76.32000000000001,2024
42.0,SC,4215075.0,Riqueza,83.4,2023
42.0,SC,4215075.0,Riqueza,72.07000000000001,2024
42.0,SC,4215109.0,Rodeio,57.1,2023
42.0,SC,4215109.0,Rodeio,68.35000000000001,2024
42.0,SC,4215208.0,Romelândia,52.1,2023
42.0,SC,4215208.0,Romelândia,78.04,2024
42.0,SC,4215307.0,Salete,78.0,2023
42.0,SC,4215307.0,Salete,68.23,2024
42.0,SC,4215356.0,Saltinho,95.1,2023
42.0,SC,4215356.0,Saltinho,75.29,2024
42.0,SC,4215406.0,Salto Veloso,85.4,2023
42.0,SC,4215406.0,Salto Veloso,72.08,2024
42.0,SC,4215455.0,Sangão,69.3,2023
42.0,SC,4215455.0,Sangão,68.60000000000001,2024
42.0,SC,4215554.0,Santa Helena,78.3,2023
42.0,SC,4215554.0,Santa Helena,66.67,2024
42.0,SC,4215604.0,Santa Rosa de Lima,92.8,2023
42.0,SC,4215604.0,Santa Rosa de Lima,86.49,2024
42.0,SC,4215653.0,Santa Rosa do Sul,55.5,2023
42.0,SC,4215653.0,Santa Rosa do Sul,74.56,2024
42.0,SC,4215679.0,Santa Terezinha,83.6,2023
42.0,SC,4215679.0,Santa Terezinha,69.26,2024
42.0,SC,4215687.0,Santa Terezinha do Progresso,54.1,2023
42.0,SC,4215687.0,Santa Terezinha do Progresso,95.83,2024
42.0,SC,4215695.0,Santiago do Sul,73.7,2023
42.0,SC,4215695.0,Santiago do Sul,81.82000000000001,2024
42.0,SC,4215703.0,Santo Amaro da Imperatriz,58.2,2023
42.0,SC,4215703.0,Santo Amaro da Imperatriz,60.42,2024
42.0,SC,4215752.0,São Bernardino,83.0,2023
42.0,SC,4215752.0,São Bernardino,69.54,2024
42.0,SC,4215802.0,São Bento do Sul,73.1,2023
42.0,SC,4215802.0,São Bento do Sul,76.73,2024
42.0,SC,4216008.0,São Carlos,,2023
42.0,SC,4216008.0,São Carlos,80.35000000000001,2024
42.0,SC,4216107.0,São Domingos,78.5,2023
42.0,SC,4216107.0,São Domingos,76.94,2024
42.0,SC,4216255.0,São João do Oeste,96.0,2023
42.0,SC,4216255.0,São João do Oeste,92.42,2024
42.0,SC,4216354.0,São João do Itaperiú,55.1,2023
42.0,SC,4216354.0,São João do Itaperiú,64.01,2024
42.0,SC,4216404.0,São João do Sul,,2023
42.0,SC,4216404.0,São João do Sul,76.69,2024
42.0,SC,4216503.0,São Joaquim,34.5,2023
42.0,SC,4216503.0,São Joaquim,43.26,2024
42.0,SC,4216701.0,São José do Cedro,76.4,2023
42.0,SC,4216701.0,São José do Cedro,82.26,2024
42.0,SC,4216800.0,São José do Cerrito,76.5,2023
42.0,SC,4216800.0,São José do Cerrito,65.03,2024
42.0,SC,4216909.0,São Lourenço do Oeste,71.4,2023
42.0,SC,4216909.0,São Lourenço do Oeste,71.25,2024
42.0,SC,4217006.0,São Ludgero,65.9,2023
42.0,SC,4217006.0,São Ludgero,68.64,2024
42.0,SC,4217105.0,São Martinho,68.0,2023
42.0,SC,4217105.0,São Martinho,70.0,2024
42.0,SC,4217154.0,São Miguel da Boa Vista,87.5,2023
42.0,SC,4217154.0,São Miguel da Boa Vista,84.21000000000001,2024
42.0,SC,4217204.0,São Miguel do Oeste,68.6,2023
42.0,SC,4217204.0,São Miguel do Oeste,75.64,2024
42.0,SC,4217253.0,São Pedro de Alcântara,74.0,2023
42.0,SC,4217253.0,São Pedro de Alcântara,59.93,2024
42.0,SC,4217402.0,Schroeder,63.1,2023
42.0,SC,4217402.0,Schroeder,75.91,2024
42.0,SC,4217501.0,Seara,83.6,2023
42.0,SC,4217501.0,Seara,70.92,2024
42.0,SC,4217550.0,Serra Alta,92.2,2023
42.0,SC,4217550.0,Serra Alta,97.43,2024
42.0,SC,4217600.0,Siderópolis,61.7,2023
42.0,SC,4217600.0,Siderópolis,53.57,2024
42.0,SC,4217709.0,Sombrio,64.9,2023
42.0,SC,4217709.0,Sombrio,49.72,2024
42.0,SC,4217758.0,Sul Brasil,76.2,2023
42.0,SC,4217758.0,Sul Brasil,73.21000000000001,2024
42.0,SC,4217808.0,Taió,,2023
42.0,SC,4217808.0,Taió,70.32000000000001,2024
42.0,SC,4217956.0,Tigrinhos,79.1,2023
42.0,SC,4217956.0,Tigrinhos,91.64,2024
42.0,SC,4218103.0,Timbé do Sul,71.3,2023
42.0,SC,4218103.0,Timbé do Sul,80.2,2024
42.0,SC,4218202.0,Timbó,69.9,2023
42.0,SC,4218202.0,Timbó,77.99,2024
42.0,SC,4218301.0,Três Barras,49.8,2023
42.0,SC,4218301.0,Três Barras,47.98,2024
42.0,SC,4218350.0,Treviso,68.6,2023
42.0,SC,4218350.0,Treviso,56.3,2024
42.0,SC,4218509.0,Treze Tílias,74.3,2023
42.0,SC,4218509.0,Treze Tílias,71.92,2024
42.0,SC,4218608.0,Trombudo Central,68.1,2023
42.0,SC,4218608.0,Trombudo Central,63.31,2024
42.0,SC,4218707.0,Tubarão,70.3,2023
42.0,SC,4218707.0,Tubarão,68.26,2024
42.0,SC,4218756.0,Tunápolis,,2023
42.0,SC,4218756.0,Tunápolis,73.65,2024
42.0,SC,4218806.0,Turvo,59.3,2023
42.0,SC,4218806.0,Turvo,69.98,2024
42.0,SC,4218855.0,União do Oeste,67.4,2023
42.0,SC,4218855.0,União do Oeste,65.0,2024
42.0,SC,4218954.0,Urupema,80.2,2023
42.0,SC,4218954.0,Urupema,36.34,2024
42.0,SC,4219002.0,Urussanga,68.9,2023
42.0,SC,4219002.0,Urussanga,71.86,2024
42.0,SC,4219101.0,Vargeão,80.9,2023
42.0,SC,4219101.0,Vargeão,52.72,2024
42.0,SC,4219150.0,Vargem,89.0,2023
42.0,SC,4219150.0,Vargem,69.58,2024
42.0,SC,4219176.0,Vargem Bonita,64.2,2023
42.0,SC,4219176.0,Vargem Bonita,67.69,2024
42.0,SC,4219200.0,Vidal Ramos,73.3,2023
42.0,SC,4219200.0,Vidal Ramos,83.76,2024
42.0,SC,4219309.0,Videira,57.3,2023
42.0,SC,4219309.0,Videira,64.11,2024
42.0,SC,4219358.0,Vitor Meireles,44.6,2023
42.0,SC,4219358.0,Vitor Meireles,76.12,2024
42.0,SC,4219408.0,Witmarsum,80.0,2023
42.0,SC,4219408.0,Witmarsum,77.27,2024
42.0,SC,4219507.0,Xanxerê,66.6,2023
42.0,SC,4219507.0,Xanxerê,72.14,2024
42.0,SC,4219606.0,Xavantina,71.6,2023
42.0,SC,4219606.0,Xavantina,80.95,2024
42.0,SC,4219705.0,Xaxim,66.6,2023
42.0,SC,4219705.0,Xaxim,59.5,2024
42.0,SC,4219853.0,Zortéa,65.1,2023
42.0,SC,4219853.0,Zortéa,57.58,2024
42.0,SC,4220000.0,Balneário Rincão,50.3,2023
42.0,SC,4220000.0,Balneário Rincão,54.65,2024
43.0,RS,4300034.0,Aceguá,70.0,2023
43.0,RS,4300034.0,Aceguá,52.5,2024
43.0,RS,4300059.0,Água Santa,64.6,2023
43.0,RS,4300059.0,Água Santa,55.1,2024
43.0,RS,4300109.0,Agudo,56.1,2023
43.0,RS,4300109.0,Agudo,56.9,2024
43.0,RS,4300208.0,Ajuricaba,80.1,2023
43.0,RS,4300208.0,Ajuricaba,81.9,2024
43.0,RS,4300307.0,Alecrim,,2023
43.0,RS,4300307.0,Alecrim,33.3,2024
43.0,RS,4300455.0,Alegria,100.0,2023
43.0,RS,4300455.0,Alegria,55.6,2024
43.0,RS,4300505.0,Alpestre,74.9,2023
43.0,RS,4300505.0,Alpestre,66.5,2024
43.0,RS,4300570.0,Alto Feliz,72.7,2023
43.0,RS,4300570.0,Alto Feliz,58.3,2024
43.0,RS,4300604.0,Alvorada,46.6,2023
43.0,RS,4300604.0,Alvorada,37.0,2024
43.0,RS,4300638.0,Amaral Ferrador,70.6,2023
43.0,RS,4300638.0,Amaral Ferrador,57.2,2024
43.0,RS,4300646.0,Ametista do Sul,49.0,2023
43.0,RS,4300646.0,Ametista do Sul,70.8,2024
43.0,RS,4300661.0,André da Rocha,68.8,2023
43.0,RS,4300661.0,André da Rocha,33.3,2024
43.0,RS,4300802.0,Antônio Prado,65.9,2023
43.0,RS,4300802.0,Antônio Prado,46.6,2024
43.0,RS,4300851.0,Arambaré,57.5,2023
43.0,RS,4300851.0,Arambaré,55.0,2024
43.0,RS,4300877.0,Araricá,75.7,2023
43.0,RS,4300877.0,Araricá,43.5,2024
43.0,RS,4300901.0,Aratiba,85.0,2023
43.0,RS,4300901.0,Aratiba,39.2,2024
43.0,RS,4301008.0,Arroio do Meio,82.6,2023
43.0,RS,4301008.0,Arroio do Meio,63.6,2024
43.0,RS,4301057.0,Arroio do Sal,67.5,2023
43.0,RS,4301057.0,Arroio do Sal,46.5,2024
43.0,RS,4301073.0,Arroio do Padre,94.6,2023
43.0,RS,4301073.0,Arroio do Padre,18.2,2024
43.0,RS,4301107.0,Arroio dos Ratos,40.5,2023
43.0,RS,4301107.0,Arroio dos Ratos,43.2,2024
43.0,RS,4301206.0,Arroio do Tigre,80.4,2023
43.0,RS,4301206.0,Arroio do Tigre,64.7,2024
43.0,RS,4301404.0,Arvorezinha,,2023
43.0,RS,4301404.0,Arvorezinha,63.2,2024
43.0,RS,4301503.0,Augusto Pestana,82.8,2023
43.0,RS,4301503.0,Augusto Pestana,63.2,2024
43.0,RS,4301552.0,Áurea,86.7,2023
43.0,RS,4301552.0,Áurea,37.5,2024
43.0,RS,4301602.0,Bagé,62.0,2023
43.0,RS,4301602.0,Bagé,46.6,2024
43.0,RS,4301636.0,Balneário Pinhal,58.4,2023
43.0,RS,4301636.0,Balneário Pinhal,43.6,2024
43.0,RS,4301701.0,Barão de Cotegipe,92.2,2023
43.0,RS,4301701.0,Barão de Cotegipe,76.60000000000001,2024
43.0,RS,4301750.0,Barão do Triunfo,,2023
43.0,RS,4301750.0,Barão do Triunfo,4.4,2024
43.0,RS,4301800.0,Barracão,73.3,2023
43.0,RS,4301800.0,Barracão,56.4,2024
43.0,RS,4301875.0,Barra do Quaraí,61.0,2023
43.0,RS,4301875.0,Barra do Quaraí,25.5,2024
43.0,RS,4301909.0,Barra do Ribeiro,68.6,2023
43.0,RS,4301909.0,Barra do Ribeiro,43.6,2024
43.0,RS,4301958.0,Barra Funda,68.8,2023
43.0,RS,4301958.0,Barra Funda,53.9,2024
43.0,RS,4302006.0,Barros Cassal,51.1,2023
43.0,RS,4302006.0,Barros Cassal,46.9,2024
43.0,RS,4302105.0,Bento Gonçalves,77.4,2023
43.0,RS,4302105.0,Bento Gonçalves,50.8,2024
43.0,RS,4302204.0,Boa Vista do Buricá,81.9,2023
43.0,RS,4302204.0,Boa Vista do Buricá,74.0,2024
43.0,RS,4302220.0,Boa Vista do Cadeado,71.4,2023
43.0,RS,4302220.0,Boa Vista do Cadeado,66.7,2024
43.0,RS,4302238.0,Boa Vista do Incra,71.3,2023
43.0,RS,4302238.0,Boa Vista do Incra,26.6,2024
43.0,RS,4302253.0,Boa Vista do Sul,73.3,2023
43.0,RS,4302253.0,Boa Vista do Sul,75.0,2024
43.0,RS,4302303.0,Bom Jesus,72.6,2023
43.0,RS,4302303.0,Bom Jesus,40.2,2024
43.0,RS,4302378.0,Bom Progresso,56.3,2023
43.0,RS,4302378.0,Bom Progresso,71.4,2024
43.0,RS,4302402.0,Bom Retiro do Sul,78.2,2023
43.0,RS,4302402.0,Bom Retiro do Sul,64.6,2024
43.0,RS,4302501.0,Bossoroca,50.0,2023
43.0,RS,4302501.0,Bossoroca,38.4,2024
43.0,RS,4302584.0,Bozano,100.0,2023
43.0,RS,4302584.0,Bozano,27.3,2024
43.0,RS,4302659.0,Brochier,64.8,2023
43.0,RS,4302659.0,Brochier,57.5,2024
43.0,RS,4302907.0,Cacequi,50.8,2023
43.0,RS,4302907.0,Cacequi,49.0,2024
43.0,RS,4303004.0,Cachoeira do Sul,57.5,2023
43.0,RS,4303004.0,Cachoeira do Sul,40.2,2024
43.0,RS,4303202.0,Cacique Doble,88.6,2023
43.0,RS,4303202.0,Cacique Doble,58.2,2024
43.0,RS,4303301.0,Caibaté,89.4,2023
43.0,RS,4303301.0,Caibaté,63.1,2024
43.0,RS,4303509.0,Camaquã,58.6,2023
43.0,RS,4303509.0,Camaquã,56.4,2024
43.0,RS,4303558.0,Camargo,80.0,2023
43.0,RS,4303558.0,Camargo,55.6,2024
43.0,RS,4303608.0,Cambará do Sul,60.0,2023
43.0,RS,4303608.0,Cambará do Sul,63.6,2024
43.0,RS,4303673.0,Campestre da Serra,90.0,2023
43.0,RS,4303673.0,Campestre da Serra,80.8,2024
43.0,RS,4303707.0,Campina das Missões,92.0,2023
43.0,RS,4303707.0,Campina das Missões,50.3,2024
43.0,RS,4303806.0,Campinas do Sul,91.5,2023
43.0,RS,4303806.0,Campinas do Sul,68.0,2024
43.0,RS,4303905.0,Campo Bom,77.3,2023
43.0,RS,4303905.0,Campo Bom,45.4,2024
43.0,RS,4304002.0,Campo Novo,62.9,2023
43.0,RS,4304002.0,Campo Novo,46.8,2024
43.0,RS,4304101.0,Campos Borges,26.5,2023
43.0,RS,4304101.0,Campos Borges,33.9,2024
43.0,RS,4304200.0,Candelária,75.4,2023
43.0,RS,4304200.0,Candelária,53.2,2024
43.0,RS,4304309.0,Cândido Godói,75.5,2023
43.0,RS,4304309.0,Cândido Godói,48.4,2024
43.0,RS,4304408.0,Canela,78.7,2023
43.0,RS,4304408.0,Canela,42.2,2024
43.0,RS,4304606.0,Canoas,53.2,2023
43.0,RS,4304606.0,Canoas,41.4,2024
43.0,RS,4304622.0,Capão Bonito do Sul,53.9,2023
43.0,RS,4304622.0,Capão Bonito do Sul,60.0,2024
43.0,RS,4304630.0,Capão da Canoa,,2023
43.0,RS,4304630.0,Capão da Canoa,34.4,2024
43.0,RS,4304655.0,Capão do Cipó,88.7,2023
43.0,RS,4304655.0,Capão do Cipó,71.8,2024
43.0,RS,4304663.0,Capão do Leão,48.7,2023
43.0,RS,4304663.0,Capão do Leão,28.2,2024
43.0,RS,4304671.0,Capivari do Sul,41.3,2023
43.0,RS,4304671.0,Capivari do Sul,43.9,2024
43.0,RS,4304689.0,Capela de Santana,67.7,2023
43.0,RS,4304689.0,Capela de Santana,54.3,2024
43.0,RS,4304697.0,Capitão,87.1,2023
43.0,RS,4304697.0,Capitão,58.6,2024
43.0,RS,4304705.0,Carazinho,63.9,2023
43.0,RS,4304705.0,Carazinho,42.0,2024
43.0,RS,4304713.0,Caraá,90.8,2023
43.0,RS,4304713.0,Caraá,62.4,2024
43.0,RS,4304804.0,Carlos Barbosa,67.4,2023
43.0,RS,4304804.0,Carlos Barbosa,64.9,2024
43.0,RS,4304853.0,Carlos Gomes,54.6,2023
43.0,RS,4304853.0,Carlos Gomes,50.0,2024
43.0,RS,4304903.0,Casca,83.0,2023
43.0,RS,4304903.0,Casca,76.0,2024
43.0,RS,4304952.0,Caseiros,86.1,2023
43.0,RS,4304952.0,Caseiros,40.0,2024
43.0,RS,4305009.0,Catuípe,83.6,2023
43.0,RS,4305009.0,Catuípe,77.10000000000001,2024
43.0,RS,4305108.0,Caxias do Sul,69.2,2023
43.0,RS,4305108.0,Caxias do Sul,43.2,2024
43.0,RS,4305116.0,Centenário,,2023
43.0,RS,4305116.0,Centenário,75.0,2024
43.0,RS,4305124.0,Cerrito,75.1,2023
43.0,RS,4305124.0,Cerrito,39.8,2024
43.0,RS,4305132.0,Cerro Branco,71.9,2023
43.0,RS,4305132.0,Cerro Branco,66.7,2024
43.0,RS,4305173.0,Cerro Grande do Sul,57.5,2023
43.0,RS,4305173.0,Cerro Grande do Sul,41.7,2024
43.0,RS,4305207.0,Cerro Largo,75.1,2023
43.0,RS,4305207.0,Cerro Largo,54.0,2024
43.0,RS,4305306.0,Chapada,75.3,2023
43.0,RS,4305306.0,Chapada,47.5,2024
43.0,RS,4305355.0,Charqueadas,63.8,2023
43.0,RS,4305355.0,Charqueadas,51.3,2024
43.0,RS,4305405.0,Chiapetta,78.6,2023
43.0,RS,4305405.0,Chiapetta,84.60000000000001,2024
43.0,RS,4305439.0,Chuí,50.0,2023
43.0,RS,4305439.0,Chuí,21.1,2024
43.0,RS,4305447.0,Chuvisca,71.1,2023
43.0,RS,4305447.0,Chuvisca,69.0,2024
43.0,RS,4305504.0,Ciríaco,86.7,2023
43.0,RS,4305504.0,Ciríaco,85.7,2024
43.0,RS,4305587.0,Colinas,86.9,2023
43.0,RS,4305587.0,Colinas,39.9,2024
43.0,RS,4305603.0,Colorado,63.6,2023
43.0,RS,4305603.0,Colorado,90.0,2024
43.0,RS,4305702.0,Condor,81.2,2023
43.0,RS,4305702.0,Condor,58.0,2024
43.0,RS,4305801.0,Constantina,80.0,2023
43.0,RS,4305801.0,Constantina,45.7,2024
43.0,RS,4305850.0,Coqueiros do Sul,86.6,2023
43.0,RS,4305850.0,Coqueiros do Sul,41.7,2024
43.0,RS,4305871.0,Coronel Barros,84.8,2023
43.0,RS,4305871.0,Coronel Barros,67.8,2024
43.0,RS,4305959.0,Cotiporã,74.0,2023
43.0,RS,4305959.0,Cotiporã,44.2,2024
43.0,RS,4305975.0,Coxilha,63.4,2023
43.0,RS,4305975.0,Coxilha,52.3,2024
43.0,RS,4306056.0,Cristal,66.3,2023
43.0,RS,4306056.0,Cristal,78.4,2024
43.0,RS,4306106.0,Cruz Alta,57.4,2023
43.0,RS,4306106.0,Cruz Alta,50.9,2024
43.0,RS,4306130.0,Cruzaltense,77.8,2023
43.0,RS,4306130.0,Cruzaltense,64.3,2024
43.0,RS,4306304.0,David Canabarro,,2023
43.0,RS,4306304.0,David Canabarro,45.5,2024
43.0,RS,4306320.0,Derrubadas,49.7,2023
43.0,RS,4306320.0,Derrubadas,80.0,2024
43.0,RS,4306379.0,Dilermando de Aguiar,67.3,2023
43.0,RS,4306379.0,Dilermando de Aguiar,53.6,2024
43.0,RS,4306403.0,Dois Irmãos,78.5,2023
43.0,RS,4306403.0,Dois Irmãos,56.9,2024
43.0,RS,4306452.0,Dois Lajeados,91.2,2023
43.0,RS,4306452.0,Dois Lajeados,53.0,2024
43.0,RS,4306502.0,Dom Feliciano,59.6,2023
43.0,RS,4306502.0,Dom Feliciano,35.0,2024
43.0,RS,4306551.0,Dom Pedro de Alcântara,95.5,2023
43.0,RS,4306551.0,Dom Pedro de Alcântara,57.1,2024
43.0,RS,4306601.0,Dom Pedrito,57.5,2023
43.0,RS,4306601.0,Dom Pedrito,43.7,2024
43.0,RS,4306700.0,Dona Francisca,81.3,2023
43.0,RS,4306700.0,Dona Francisca,26.7,2024
43.0,RS,4306759.0,Doutor Ricardo,,2023
43.0,RS,4306759.0,Doutor Ricardo,80.0,2024
43.0,RS,4306809.0,Encantado,80.8,2023
43.0,RS,4306809.0,Encantado,53.2,2024
43.0,RS,4306908.0,Encruzilhada do Sul,63.9,2023
43.0,RS,4306908.0,Encruzilhada do Sul,39.4,2024
43.0,RS,4306924.0,Engenho Velho,76.9,2023
43.0,RS,4306924.0,Engenho Velho,41.2,2024
43.0,RS,4306932.0,Entre-Ijuís,,2023
43.0,RS,4306932.0,Entre-Ijuís,51.0,2024
43.0,RS,4306957.0,Entre Rios do Sul,79.5,2023
43.0,RS,4306957.0,Entre Rios do Sul,60.0,2024
43.0,RS,4306973.0,Erebango,73.3,2023
43.0,RS,4306973.0,Erebango,38.5,2024
43.0,RS,4307005.0,Erechim,61.2,2023
43.0,RS,4307005.0,Erechim,45.9,2024
43.0,RS,4307054.0,Ernestina,61.9,2023
43.0,RS,4307054.0,Ernestina,64.7,2024
43.0,RS,4307104.0,Herval,52.8,2023
43.0,RS,4307104.0,Herval,64.4,2024
43.0,RS,4307203.0,Erval Grande,92.0,2023
43.0,RS,4307203.0,Erval Grande,38.8,2024
43.0,RS,4307302.0,Erval Seco,67.4,2023
43.0,RS,4307302.0,Erval Seco,50.4,2024
43.0,RS,4307401.0,Esmeralda,84.4,2023
43.0,RS,4307401.0,Esmeralda,48.4,2024
43.0,RS,4307450.0,Esperança do Sul,97.2,2023
43.0,RS,4307450.0,Esperança do Sul,80.10000000000001,2024
43.0,RS,4307500.0,Espumoso,81.3,2023
43.0,RS,4307500.0,Espumoso,39.1,2024
43.0,RS,4307559.0,Estação,73.4,2023
43.0,RS,4307559.0,Estação,45.4,2024
43.0,RS,4307609.0,Estância Velha,67.3,2023
43.0,RS,4307609.0,Estância Velha,44.4,2024
43.0,RS,4307708.0,Esteio,63.4,2023
43.0,RS,4307708.0,Esteio,47.0,2024
43.0,RS,4307807.0,Estrela,67.6,2023
43.0,RS,4307807.0,Estrela,49.4,2024
43.0,RS,4307815.0,Estrela Velha,96.8,2023
43.0,RS,4307815.0,Estrela Velha,60.0,2024
43.0,RS,4307831.0,Eugênio de Castro,,2023
43.0,RS,4307831.0,Eugênio de Castro,50.0,2024
43.0,RS,4307864.0,Fagundes Varela,92.9,2023
43.0,RS,4307864.0,Fagundes Varela,69.2,2024
43.0,RS,4307906.0,Farroupilha,83.0,2023
43.0,RS,4307906.0,Farroupilha,56.7,2024
43.0,RS,4308003.0,Faxinal do Soturno,79.1,2023
43.0,RS,4308003.0,Faxinal do Soturno,66.7,2024
43.0,RS,4308052.0,Faxinalzinho,78.2,2023
43.0,RS,4308052.0,Faxinalzinho,51.9,2024
43.0,RS,4308078.0,Fazenda Vilanova,80.0,2023
43.0,RS,4308078.0,Fazenda Vilanova,65.0,2024
43.0,RS,4308102.0,Feliz,72.8,2023
43.0,RS,4308102.0,Feliz,51.1,2024
43.0,RS,4308201.0,Flores da Cunha,79.0,2023
43.0,RS,4308201.0,Flores da Cunha,59.6,2024
43.0,RS,4308250.0,Floriano Peixoto,85.7,2023
43.0,RS,4308250.0,Floriano Peixoto,71.4,2024
43.0,RS,4308300.0,Fontoura Xavier,62.1,2023
43.0,RS,4308300.0,Fontoura Xavier,60.0,2024
43.0,RS,4308409.0,Formigueiro,89.5,2023
43.0,RS,4308409.0,Formigueiro,40.0,2024
43.0,RS,4308433.0,Forquetinha,60.8,2023
43.0,RS,4308433.0,Forquetinha,55.2,2024
43.0,RS,4308508.0,Frederico Westphalen,63.2,2023
43.0,RS,4308508.0,Frederico Westphalen,53.8,2024
43.0,RS,4308607.0,Garibaldi,74.4,2023
43.0,RS,4308607.0,Garibaldi,54.4,2024
43.0,RS,4308706.0,Gaurama,78.8,2023
43.0,RS,4308706.0,Gaurama,74.7,2024
43.0,RS,4308854.0,Gentil,94.4,2023
43.0,RS,4308854.0,Gentil,85.7,2024
43.0,RS,4308904.0,Getúlio Vargas,73.5,2023
43.0,RS,4308904.0,Getúlio Vargas,52.3,2024
43.0,RS,4309001.0,Giruá,76.3,2023
43.0,RS,4309001.0,Giruá,46.3,2024
43.0,RS,4309050.0,Glorinha,65.1,2023
43.0,RS,4309050.0,Glorinha,34.300000000000004,2024
43.0,RS,4309100.0,Gramado,79.1,2023
43.0,RS,4309100.0,Gramado,55.3,2024
43.0,RS,4309126.0,Gramado dos Loureiros,,2023
43.0,RS,4309126.0,Gramado dos Loureiros,37.5,2024
43.0,RS,4309209.0,Gravataí,63.6,2023
43.0,RS,4309209.0,Gravataí,41.0,2024
43.0,RS,4309258.0,Guabiju,,2023
43.0,RS,4309258.0,Guabiju,66.7,2024
43.0,RS,4309308.0,Guaíba,49.7,2023
43.0,RS,4309308.0,Guaíba,31.5,2024
43.0,RS,4309407.0,Guaporé,,2023
43.0,RS,4309407.0,Guaporé,49.2,2024
43.0,RS,4309506.0,Guarani das Missões,70.4,2023
43.0,RS,4309506.0,Guarani das Missões,67.5,2024
43.0,RS,4309555.0,Harmonia,85.5,2023
43.0,RS,4309555.0,Harmonia,71.4,2024
43.0,RS,4309605.0,Horizontina,71.2,2023
43.0,RS,4309605.0,Horizontina,57.2,2024
43.0,RS,4309654.0,Hulha Negra,70.2,2023
43.0,RS,4309654.0,Hulha Negra,42.8,2024
43.0,RS,4309704.0,Humaitá,90.7,2023
43.0,RS,4309704.0,Humaitá,60.8,2024
43.0,RS,4309753.0,Ibarama,71.0,2023
43.0,RS,4309753.0,Ibarama,41.4,2024
43.0,RS,4309803.0,Ibiaçá,70.3,2023
43.0,RS,4309803.0,Ibiaçá,61.8,2024
43.0,RS,4309902.0,Ibiraiaras,78.5,2023
43.0,RS,4309902.0,Ibiraiaras,49.1,2024
43.0,RS,4309951.0,Ibirapuitã,,2023
43.0,RS,4309951.0,Ibirapuitã,70.60000000000001,2024
43.0,RS,4310009.0,Ibirubá,60.0,2023
43.0,RS,4310009.0,Ibirubá,55.7,2024
43.0,RS,4310108.0,Igrejinha,80.1,2023
43.0,RS,4310108.0,Igrejinha,49.6,2024
43.0,RS,4310207.0,Ijuí,76.5,2023
43.0,RS,4310207.0,Ijuí,61.9,2024
43.0,RS,4310306.0,Ilópolis,87.4,2023
43.0,RS,4310306.0,Ilópolis,48.3,2024
43.0,RS,4310363.0,Imigrante,78.2,2023
43.0,RS,4310363.0,Imigrante,50.0,2024
43.0,RS,4310405.0,Independência,66.6,2023
43.0,RS,4310405.0,Independência,57.7,2024
43.0,RS,4310413.0,Inhacorá,62.7,2023
43.0,RS,4310413.0,Inhacorá,35.300000000000004,2024
43.0,RS,4310439.0,Ipê,81.6,2023
43.0,RS,4310439.0,Ipê,60.7,2024
43.0,RS,4310462.0,Ipiranga do Sul,82.4,2023
43.0,RS,4310462.0,Ipiranga do Sul,44.4,2024
43.0,RS,4310504.0,Iraí,67.2,2023
43.0,RS,4310504.0,Iraí,59.4,2024
43.0,RS,4310538.0,Itaara,58.9,2023
43.0,RS,4310538.0,Itaara,38.5,2024
43.0,RS,4310579.0,Itapuca,80.6,2023
43.0,RS,4310579.0,Itapuca,76.5,2024
43.0,RS,4310652.0,Itati,47.4,2023
43.0,RS,4310652.0,Itati,71.4,2024
43.0,RS,4310702.0,Itatiba do Sul,88.9,2023
43.0,RS,4310702.0,Itatiba do Sul,36.8,2024
43.0,RS,4310751.0,Ivorá,,2023
43.0,RS,4310751.0,Ivorá,60.0,2024
43.0,RS,4310850.0,Jaboticaba,85.5,2023
43.0,RS,4310850.0,Jaboticaba,25.0,2024
43.0,RS,4310900.0,Jacutinga,84.6,2023
43.0,RS,4310900.0,Jacutinga,61.9,2024
43.0,RS,4311007.0,Jaguarão,48.2,2023
43.0,RS,4311007.0,Jaguarão,33.6,2024
43.0,RS,4311106.0,Jaguari,64.9,2023
43.0,RS,4311106.0,Jaguari,53.4,2024
43.0,RS,4311122.0,Jaquirana,68.5,2023
43.0,RS,4311122.0,Jaquirana,25.6,2024
43.0,RS,4311205.0,Júlio de Castilhos,,2023
43.0,RS,4311205.0,Júlio de Castilhos,42.2,2024
43.0,RS,4311239.0,Lagoa Bonita do Sul,70.8,2023
43.0,RS,4311239.0,Lagoa Bonita do Sul,54.2,2024
43.0,RS,4311254.0,Lagoão,84.6,2023
43.0,RS,4311254.0,Lagoão,42.9,2024
43.0,RS,4311270.0,Lagoa dos Três Cantos,61.9,2023
43.0,RS,4311270.0,Lagoa dos Três Cantos,36.0,2024
43.0,RS,4311304.0,Lagoa Vermelha,61.0,2023
43.0,RS,4311304.0,Lagoa Vermelha,54.6,2024
43.0,RS,4311403.0,Lajeado,74.7,2023
43.0,RS,4311403.0,Lajeado,47.5,2024
43.0,RS,4311429.0,Lajeado do Bugre,,2023
43.0,RS,4311429.0,Lajeado do Bugre,60.0,2024
43.0,RS,4311502.0,Lavras do Sul,57.9,2023
43.0,RS,4311502.0,Lavras do Sul,45.7,2024
43.0,RS,4311601.0,Liberato Salzano,73.3,2023
43.0,RS,4311601.0,Liberato Salzano,73.9,2024
43.0,RS,4311627.0,Lindolfo Collor,67.6,2023
43.0,RS,4311627.0,Lindolfo Collor,36.1,2024
43.0,RS,4311643.0,Linha Nova,100.0,2023
43.0,RS,4311643.0,Linha Nova,41.2,2024
43.0,RS,4311700.0,Machadinho,67.8,2023
43.0,RS,4311700.0,Machadinho,64.3,2024
43.0,RS,4311718.0,Maçambará,67.0,2023
43.0,RS,4311718.0,Maçambará,42.4,2024
43.0,RS,4311734.0,Mampituba,66.2,2023
43.0,RS,4311734.0,Mampituba,55.2,2024
43.0,RS,4311759.0,Manoel Viana,28.6,2023
43.0,RS,4311759.0,Manoel Viana,50.0,2024
43.0,RS,4311908.0,Marcelino Ramos,73.2,2023
43.0,RS,4311908.0,Marcelino Ramos,77.7,2024
43.0,RS,4312005.0,Mariano Moro,94.1,2023
43.0,RS,4312005.0,Mariano Moro,58.3,2024
43.0,RS,4312054.0,Marques de Souza,75.9,2023
43.0,RS,4312054.0,Marques de Souza,47.8,2024
43.0,RS,4312104.0,Mata,65.6,2023
43.0,RS,4312104.0,Mata,45.5,2024
43.0,RS,4312138.0,Mato Castelhano,76.5,2023
43.0,RS,4312138.0,Mato Castelhano,38.7,2024
43.0,RS,4312153.0,Mato Leitão,89.0,2023
43.0,RS,4312153.0,Mato Leitão,58.4,2024
43.0,RS,4312179.0,Mato Queimado,88.2,2023
43.0,RS,4312179.0,Mato Queimado,58.3,2024
43.0,RS,4312203.0,Maximiliano de Almeida,93.8,2023
43.0,RS,4312203.0,Maximiliano de Almeida,33.3,2024
43.0,RS,4312252.0,Minas do Leão,73.3,2023
43.0,RS,4312252.0,Minas do Leão,69.60000000000001,2024
43.0,RS,4312302.0,Miraguaí,79.0,2023
43.0,RS,4312302.0,Miraguaí,51.7,2024
43.0,RS,4312351.0,Montauri,100.0,2023
43.0,RS,4312351.0,Montauri,75.0,2024
43.0,RS,4312377.0,Monte Alegre dos Campos,63.3,2023
43.0,RS,4312377.0,Monte Alegre dos Campos,36.2,2024
43.0,RS,4312385.0,Monte Belo do Sul,81.0,2023
43.0,RS,4312385.0,Monte Belo do Sul,76.9,2024
43.0,RS,4312401.0,Montenegro,65.9,2023
43.0,RS,4312401.0,Montenegro,39.8,2024
43.0,RS,4312443.0,Morrinhos do Sul,80.0,2023
43.0,RS,4312443.0,Morrinhos do Sul,75.0,2024
43.0,RS,4312450.0,Morro Redondo,73.0,2023
43.0,RS,4312450.0,Morro Redondo,47.4,2024
43.0,RS,4312476.0,Morro Reuter,51.5,2023
43.0,RS,4312476.0,Morro Reuter,76.9,2024
43.0,RS,4312500.0,Mostardas,51.4,2023
43.0,RS,4312500.0,Mostardas,40.8,2024
43.0,RS,4312609.0,Muçum,50.9,2023
43.0,RS,4312609.0,Muçum,53.6,2024
43.0,RS,4312617.0,Muitos Capões,68.8,2023
43.0,RS,4312617.0,Muitos Capões,29.4,2024
43.0,RS,4312658.0,Não-Me-Toque,66.1,2023
43.0,RS,4312658.0,Não-Me-Toque,58.2,2024
43.0,RS,4312708.0,Nonoai,42.1,2023
43.0,RS,4312708.0,Nonoai,52.4,2024
43.0,RS,4312807.0,Nova Araçá,82.3,2023
43.0,RS,4312807.0,Nova Araçá,60.6,2024
43.0,RS,4312906.0,Nova Bassano,77.9,2023
43.0,RS,4312906.0,Nova Bassano,51.8,2024
43.0,RS,4312955.0,Nova Boa Vista,100.0,2023
43.0,RS,4312955.0,Nova Boa Vista,66.7,2024
43.0,RS,4313003.0,Nova Bréscia,77.3,2023
43.0,RS,4313003.0,Nova Bréscia,94.4,2024
43.0,RS,4313011.0,Nova Candelária,90.9,2023
43.0,RS,4313011.0,Nova Candelária,60.0,2024
43.0,RS,4313037.0,Nova Esperança do Sul,86.2,2023
43.0,RS,4313037.0,Nova Esperança do Sul,80.7,2024
43.0,RS,4313060.0,Nova Hartz,72.1,2023
43.0,RS,4313060.0,Nova Hartz,45.3,2024
43.0,RS,4313086.0,Nova Pádua,84.6,2023
43.0,RS,4313086.0,Nova Pádua,57.9,2024
43.0,RS,4313102.0,Nova Palma,81.1,2023
43.0,RS,4313102.0,Nova Palma,35.9,2024
43.0,RS,4313201.0,Nova Petrópolis,91.7,2023
43.0,RS,4313201.0,Nova Petrópolis,52.3,2024
43.0,RS,4313300.0,Nova Prata,78.8,2023
43.0,RS,4313300.0,Nova Prata,61.1,2024
43.0,RS,4313334.0,Nova Ramada,87.0,2023
43.0,RS,4313334.0,Nova Ramada,28.0,2024
43.0,RS,4313359.0,Nova Roma do Sul,82.6,2023
43.0,RS,4313359.0,Nova Roma do Sul,83.3,2024
43.0,RS,4313375.0,Nova Santa Rita,57.3,2023
43.0,RS,4313375.0,Nova Santa Rita,64.9,2024
43.0,RS,4313391.0,Novo Cabrais,86.1,2023
43.0,RS,4313391.0,Novo Cabrais,77.0,2024
43.0,RS,4313409.0,Novo Hamburgo,62.4,2023
43.0,RS,4313409.0,Novo Hamburgo,36.0,2024
43.0,RS,4313441.0,Novo Tiradentes,71.4,2023
43.0,RS,4313441.0,Novo Tiradentes,47.4,2024
43.0,RS,4313490.0,Novo Barreiro,62.1,2023
43.0,RS,4313490.0,Novo Barreiro,37.0,2024
43.0,RS,4313508.0,Osório,67.8,2023
43.0,RS,4313508.0,Osório,44.5,2024
43.0,RS,4313607.0,Paim Filho,79.0,2023
43.0,RS,4313607.0,Paim Filho,53.1,2024
43.0,RS,4313656.0,Palmares do Sul,53.5,2023
43.0,RS,4313656.0,Palmares do Sul,45.2,2024
43.0,RS,4313706.0,Palmeira das Missões,48.7,2023
43.0,RS,4313706.0,Palmeira das Missões,49.5,2024
43.0,RS,4313805.0,Palmitinho,84.1,2023
43.0,RS,4313805.0,Palmitinho,68.4,2024
43.0,RS,4313904.0,Panambi,75.3,2023
43.0,RS,4313904.0,Panambi,51.2,2024
43.0,RS,4313953.0,Pantano Grande,72.5,2023
43.0,RS,4313953.0,Pantano Grande,25.7,2024
43.0,RS,4314001.0,Paraí,93.0,2023
43.0,RS,4314001.0,Paraí,60.0,2024
43.0,RS,4314027.0,Paraíso do Sul,82.3,2023
43.0,RS,4314027.0,Paraíso do Sul,52.6,2024
43.0,RS,4314035.0,Pareci Novo,73.0,2023
43.0,RS,4314035.0,Pareci Novo,54.0,2024
43.0,RS,4314050.0,Parobé,57.8,2023
43.0,RS,4314050.0,Parobé,37.8,2024
43.0,RS,4314068.0,Passa Sete,85.3,2023
43.0,RS,4314068.0,Passa Sete,75.0,2024
43.0,RS,4314076.0,Passo do Sobrado,88.5,2023
43.0,RS,4314076.0,Passo do Sobrado,50.2,2024
43.0,RS,4314100.0,Passo Fundo,58.5,2023
43.0,RS,4314100.0,Passo Fundo,38.5,2024
43.0,RS,4314134.0,Paulo Bento,62.5,2023
43.0,RS,4314134.0,Paulo Bento,50.0,2024
43.0,RS,4314159.0,Paverama,63.6,2023
43.0,RS,4314159.0,Paverama,40.7,2024
43.0,RS,4314175.0,Pedras Altas,64.7,2023
43.0,RS,4314175.0,Pedras Altas,55.9,2024
43.0,RS,4314209.0,Pedro Osório,67.7,2023
43.0,RS,4314209.0,Pedro Osório,22.3,2024
43.0,RS,4314308.0,Pejuçara,61.5,2023
43.0,RS,4314308.0,Pejuçara,62.5,2024
43.0,RS,4314407.0,Pelotas,,2023
43.0,RS,4314407.0,Pelotas,39.4,2024
43.0,RS,4314456.0,Pinhal,56.5,2023
43.0,RS,4314456.0,Pinhal,33.2,2024
43.0,RS,4314472.0,Pinhal Grande,63.6,2023
43.0,RS,4314472.0,Pinhal Grande,47.5,2024
43.0,RS,4314498.0,Pinheirinho do Vale,85.1,2023
43.0,RS,4314498.0,Pinheirinho do Vale,76.9,2024
43.0,RS,4314506.0,Pinheiro Machado,67.1,2023
43.0,RS,4314506.0,Pinheiro Machado,50.2,2024
43.0,RS,4314605.0,Piratini,60.0,2023
43.0,RS,4314605.0,Piratini,42.8,2024
43.0,RS,4314704.0,Planalto,72.5,2023
43.0,RS,4314704.0,Planalto,54.1,2024
43.0,RS,4314753.0,Poço das Antas,85.5,2023
43.0,RS,4314753.0,Poço das Antas,66.3,2024
43.0,RS,4314787.0,Ponte Preta,60.0,2023
43.0,RS,4314787.0,Ponte Preta,57.9,2024
43.0,RS,4314803.0,Portão,56.0,2023
43.0,RS,4314803.0,Portão,39.7,2024
43.0,RS,4315008.0,Porto Lucena,78.6,2023
43.0,RS,4315008.0,Porto Lucena,100.0,2024
43.0,RS,4315057.0,Porto Mauá,41.1,2023
43.0,RS,4315057.0,Porto Mauá,95.2,2024
43.0,RS,4315073.0,Porto Vera Cruz,63.2,2023
43.0,RS,4315073.0,Porto Vera Cruz,88.2,2024
43.0,RS,4315156.0,Progresso,78.4,2023
43.0,RS,4315156.0,Progresso,64.8,2024
43.0,RS,4315172.0,Protásio Alves,80.0,2023
43.0,RS,4315172.0,Protásio Alves,75.0,2024
43.0,RS,4315206.0,Putinga,87.7,2023
43.0,RS,4315206.0,Putinga,82.8,2024
43.0,RS,4315305.0,Quaraí,54.8,2023
43.0,RS,4315305.0,Quaraí,36.3,2024
43.0,RS,4315313.0,Quatro Irmãos,52.9,2023
43.0,RS,4315313.0,Quatro Irmãos,40.0,2024
43.0,RS,4315354.0,Quinze de Novembro,68.9,2023
43.0,RS,4315354.0,Quinze de Novembro,85.10000000000001,2024
43.0,RS,4315503.0,Restinga Sêca,45.5,2023
43.0,RS,4315503.0,Restinga Sêca,33.0,2024
43.0,RS,4315552.0,Rio dos Índios,88.9,2023
43.0,RS,4315552.0,Rio dos Índios,85.7,2024
43.0,RS,4315602.0,Rio Grande,54.2,2023
43.0,RS,4315602.0,Rio Grande,43.2,2024
43.0,RS,4315701.0,Rio Pardo,73.4,2023
43.0,RS,4315701.0,Rio Pardo,63.4,2024
43.0,RS,4315750.0,Riozinho,76.0,2023
43.0,RS,4315750.0,Riozinho,42.1,2024
43.0,RS,4315800.0,Roca Sales,75.6,2023
43.0,RS,4315800.0,Roca Sales,45.0,2024
43.0,RS,4315909.0,Rodeio Bonito,88.6,2023
43.0,RS,4315909.0,Rodeio Bonito,48.8,2024
43.0,RS,4316006.0,Rolante,88.6,2023
43.0,RS,4316006.0,Rolante,66.6,2024
43.0,RS,4316105.0,Ronda Alta,75.3,2023
43.0,RS,4316105.0,Ronda Alta,53.7,2024
43.0,RS,4316303.0,Roque Gonzales,75.7,2023
43.0,RS,4316303.0,Roque Gonzales,76.0,2024
43.0,RS,4316402.0,Rosário do Sul,35.2,2023
43.0,RS,4316402.0,Rosário do Sul,34.1,2024
43.0,RS,4316428.0,Sagrada Família,78.8,2023
43.0,RS,4316428.0,Sagrada Família,43.8,2024
43.0,RS,4316436.0,Saldanha Marinho,42.9,2023
43.0,RS,4316436.0,Saldanha Marinho,69.60000000000001,2024
43.0,RS,4316451.0,Salto do Jacuí,81.5,2023
43.0,RS,4316451.0,Salto do Jacuí,50.9,2024
43.0,RS,4316477.0,Salvador das Missões,100.0,2023
43.0,RS,4316477.0,Salvador das Missões,44.4,2024
43.0,RS,4316501.0,Salvador do Sul,88.1,2023
43.0,RS,4316501.0,Salvador do Sul,70.4,2024
43.0,RS,4316600.0,Sananduva,74.4,2023
43.0,RS,4316600.0,Sananduva,43.2,2024
43.0,RS,4316709.0,Santa Bárbara do Sul,66.0,2023
43.0,RS,4316709.0,Santa Bárbara do Sul,37.9,2024
43.0,RS,4316733.0,Santa Cecília do Sul,75.0,2023
43.0,RS,4316733.0,Santa Cecília do Sul,40.9,2024
43.0,RS,4316758.0,Santa Clara do Sul,91.1,2023
43.0,RS,4316758.0,Santa Clara do Sul,54.2,2024
43.0,RS,4316808.0,Santa Cruz do Sul,64.8,2023
43.0,RS,4316808.0,Santa Cruz do Sul,43.8,2024
43.0,RS,4316907.0,Santa Maria,65.3,2023
43.0,RS,4316907.0,Santa Maria,39.7,2024
43.0,RS,4316956.0,Santa Maria do Herval,78.3,2023
43.0,RS,4316956.0,Santa Maria do Herval,59.3,2024
43.0,RS,4316972.0,Santa Margarida do Sul,42.4,2023
43.0,RS,4316972.0,Santa Margarida do Sul,25.7,2024
43.0,RS,4317004.0,Santana da Boa Vista,48.8,2023
43.0,RS,4317004.0,Santana da Boa Vista,13.1,2024
43.0,RS,4317103.0,Sant'Ana do Livramento,49.8,2023
43.0,RS,4317103.0,Sant'Ana do Livramento,44.5,2024
43.0,RS,4317202.0,Santa Rosa,72.4,2023
43.0,RS,4317202.0,Santa Rosa,58.8,2024
43.0,RS,4317301.0,Santa Vitória do Palmar,56.0,2023
43.0,RS,4317301.0,Santa Vitória do Palmar,45.4,2024
43.0,RS,4317400.0,Santiago,72.8,2023
43.0,RS,4317400.0,Santiago,61.2,2024
43.0,RS,4317509.0,Santo Ângelo,64.4,2023
43.0,RS,4317509.0,Santo Ângelo,41.5,2024
43.0,RS,4317558.0,Santo Antônio do Palma,72.2,2023
43.0,RS,4317558.0,Santo Antônio do Palma,34.6,2024
43.0,RS,4317707.0,Santo Antônio das Missões,73.5,2023
43.0,RS,4317707.0,Santo Antônio das Missões,53.0,2024
43.0,RS,4317905.0,Santo Cristo,76.0,2023
43.0,RS,4317905.0,Santo Cristo,60.5,2024
43.0,RS,4317954.0,Santo Expedito do Sul,100.0,2023
43.0,RS,4317954.0,Santo Expedito do Sul,66.7,2024
43.0,RS,4318002.0,São Borja,65.4,2023
43.0,RS,4318002.0,São Borja,46.4,2024
43.0,RS,4318101.0,São Francisco de Assis,58.2,2023
43.0,RS,4318101.0,São Francisco de Assis,45.6,2024
43.0,RS,4318200.0,São Francisco de Paula,56.8,2023
43.0,RS,4318200.0,São Francisco de Paula,37.7,2024
43.0,RS,4318309.0,São Gabriel,61.1,2023
43.0,RS,4318309.0,São Gabriel,35.6,2024
43.0,RS,4318408.0,São Jerônimo,81.8,2023
43.0,RS,4318408.0,São Jerônimo,71.9,2024
43.0,RS,4318424.0,São João da Urtiga,76.5,2023
43.0,RS,4318424.0,São João da Urtiga,70.3,2024
43.0,RS,4318440.0,São Jorge,76.7,2023
43.0,RS,4318440.0,São Jorge,66.7,2024
43.0,RS,4318457.0,São José das Missões,78.4,2023
43.0,RS,4318457.0,São José das Missões,60.4,2024
43.0,RS,4318481.0,São José do Hortêncio,78.8,2023
43.0,RS,4318481.0,São José do Hortêncio,43.8,2024
43.0,RS,4318499.0,São José do Inhacorá,82.5,2023
43.0,RS,4318499.0,São José do Inhacorá,49.7,2024
43.0,RS,4318507.0,São José do Norte,53.9,2023
43.0,RS,4318507.0,São José do Norte,38.2,2024
43.0,RS,4318606.0,São José do Ouro,62.5,2023
43.0,RS,4318606.0,São José do Ouro,37.2,2024
43.0,RS,4318614.0,São José do Sul,85.0,2023
43.0,RS,4318614.0,São José do Sul,37.5,2024
43.0,RS,4318705.0,São Leopoldo,57.0,2023
43.0,RS,4318705.0,São Leopoldo,37.2,2024
43.0,RS,4318804.0,São Lourenço do Sul,79.1,2023
43.0,RS,4318804.0,São Lourenço do Sul,58.7,2024
43.0,RS,4319000.0,São Marcos,83.8,2023
43.0,RS,4319000.0,São Marcos,38.3,2024
43.0,RS,4319109.0,São Martinho,83.6,2023
43.0,RS,4319109.0,São Martinho,64.5,2024
43.0,RS,4319125.0,São Martinho da Serra,76.5,2023
43.0,RS,4319125.0,São Martinho da Serra,46.2,2024
43.0,RS,4319158.0,São Miguel das Missões,76.3,2023
43.0,RS,4319158.0,São Miguel das Missões,47.5,2024
43.0,RS,4319208.0,São Nicolau,57.9,2023
43.0,RS,4319208.0,São Nicolau,7.1000000000000005,2024
43.0,RS,4319307.0,São Paulo das Missões,77.7,2023
43.0,RS,4319307.0,São Paulo das Missões,61.1,2024
43.0,RS,4319356.0,São Pedro da Serra,80.7,2023
43.0,RS,4319356.0,São Pedro da Serra,58.8,2024
43.0,RS,4319364.0,São Pedro das Missões,90.0,2023
43.0,RS,4319364.0,São Pedro das Missões,90.0,2024
43.0,RS,4319372.0,São Pedro do Butiá,85.7,2023
43.0,RS,4319372.0,São Pedro do Butiá,64.3,2024
43.0,RS,4319406.0,São Pedro do Sul,77.1,2023
43.0,RS,4319406.0,São Pedro do Sul,61.6,2024
43.0,RS,4319505.0,São Sebastião do Caí,57.7,2023
43.0,RS,4319505.0,São Sebastião do Caí,37.1,2024
43.0,RS,4319604.0,São Sepé,82.3,2023
43.0,RS,4319604.0,São Sepé,49.7,2024
43.0,RS,4319703.0,São Valentim,91.8,2023
43.0,RS,4319703.0,São Valentim,48.5,2024
43.0,RS,4319711.0,São Valentim do Sul,94.1,2023
43.0,RS,4319711.0,São Valentim do Sul,73.3,2024
43.0,RS,4319737.0,São Valério do Sul,71.4,2023
43.0,RS,4319737.0,São Valério do Sul,46.2,2024
43.0,RS,4319752.0,São Vendelino,100.0,2023
43.0,RS,4319752.0,São Vendelino,25.0,2024
43.0,RS,4319802.0,São Vicente do Sul,77.3,2023
43.0,RS,4319802.0,São Vicente do Sul,45.7,2024
43.0,RS,4319901.0,Sapiranga,72.8,2023
43.0,RS,4319901.0,Sapiranga,41.1,2024
43.0,RS,4320008.0,Sapucaia do Sul,59.1,2023
43.0,RS,4320008.0,Sapucaia do Sul,48.0,2024
43.0,RS,4320107.0,Sarandi,71.5,2023
43.0,RS,4320107.0,Sarandi,47.7,2024
43.0,RS,4320206.0,Seberi,83.7,2023
43.0,RS,4320206.0,Seberi,68.0,2024
43.0,RS,4320230.0,Sede Nova,85.3,2023
43.0,RS,4320230.0,Sede Nova,36.1,2024
43.0,RS,4320263.0,Segredo,75.0,2023
43.0,RS,4320263.0,Segredo,84.9,2024
43.0,RS,4320305.0,Selbach,,2023
43.0,RS,4320305.0,Selbach,50.0,2024
43.0,RS,4320321.0,Senador Salgado Filho,84.0,2023
43.0,RS,4320321.0,Senador Salgado Filho,50.0,2024
43.0,RS,4320354.0,Sentinela do Sul,73.8,2023
43.0,RS,4320354.0,Sentinela do Sul,23.5,2024
43.0,RS,4320404.0,Serafina Corrêa,83.2,2023
43.0,RS,4320404.0,Serafina Corrêa,50.7,2024
43.0,RS,4320453.0,Sério,85.4,2023
43.0,RS,4320453.0,Sério,11.1,2024
43.0,RS,4320503.0,Sertão,59.8,2023
43.0,RS,4320503.0,Sertão,47.2,2024
43.0,RS,4320552.0,Sertão Santana,74.8,2023
43.0,RS,4320552.0,Sertão Santana,46.2,2024
43.0,RS,4320578.0,Sete de Setembro,78.6,2023
43.0,RS,4320578.0,Sete de Setembro,66.7,2024
43.0,RS,4320651.0,Silveira Martins,66.7,2023
43.0,RS,4320651.0,Silveira Martins,35.7,2024
43.0,RS,4320677.0,Sinimbu,69.6,2023
43.0,RS,4320677.0,Sinimbu,36.3,2024
43.0,RS,4320701.0,Sobradinho,82.3,2023
43.0,RS,4320701.0,Sobradinho,70.8,2024
43.0,RS,4320800.0,Soledade,66.3,2023
43.0,RS,4320800.0,Soledade,61.9,2024
43.0,RS,4320859.0,Tabaí,59.7,2023
43.0,RS,4320859.0,Tabaí,24.7,2024
43.0,RS,4320909.0,Tapejara,69.7,2023
43.0,RS,4320909.0,Tapejara,46.2,2024
43.0,RS,4321006.0,Tapera,61.4,2023
43.0,RS,4321006.0,Tapera,68.4,2024
43.0,RS,4321105.0,Tapes,58.6,2023
43.0,RS,4321105.0,Tapes,59.3,2024
43.0,RS,4321204.0,Taquara,63.9,2023
43.0,RS,4321204.0,Taquara,44.6,2024
43.0,RS,4321303.0,Taquari,49.6,2023
43.0,RS,4321303.0,Taquari,13.2,2024
43.0,RS,4321329.0,Taquaruçu do Sul,84.0,2023
43.0,RS,4321329.0,Taquaruçu do Sul,81.5,2024
43.0,RS,4321352.0,Tavares,65.7,2023
43.0,RS,4321352.0,Tavares,37.0,2024
43.0,RS,4321402.0,Tenente Portela,67.6,2023
43.0,RS,4321402.0,Tenente Portela,65.0,2024
43.0,RS,4321451.0,Teutônia,83.4,2023
43.0,RS,4321451.0,Teutônia,62.9,2024
43.0,RS,4321469.0,Tio Hugo,87.5,2023
43.0,RS,4321469.0,Tio Hugo,69.10000000000001,2024
43.0,RS,4321493.0,Toropi,100.0,2023
43.0,RS,4321493.0,Toropi,38.7,2024
43.0,RS,4321501.0,Torres,62.9,2023
43.0,RS,4321501.0,Torres,44.0,2024
43.0,RS,4321600.0,Tramandaí,54.4,2023
43.0,RS,4321600.0,Tramandaí,36.7,2024
43.0,RS,4321626.0,Travesseiro,87.7,2023
43.0,RS,4321626.0,Travesseiro,67.8,2024
43.0,RS,4321634.0,Três Arroios,100.0,2023
43.0,RS,4321634.0,Três Arroios,40.0,2024
43.0,RS,4321667.0,Três Cachoeiras,87.9,2023
43.0,RS,4321667.0,Três Cachoeiras,53.5,2024
43.0,RS,4321709.0,Três Coroas,55.5,2023
43.0,RS,4321709.0,Três Coroas,42.2,2024
43.0,RS,4321808.0,Três de Maio,79.0,2023
43.0,RS,4321808.0,Três de Maio,51.2,2024
43.0,RS,4321832.0,Três Forquilhas,,2023
43.0,RS,4321832.0,Três Forquilhas,40.0,2024
43.0,RS,4321857.0,Três Palmeiras,81.0,2023
43.0,RS,4321857.0,Três Palmeiras,62.5,2024
43.0,RS,4321907.0,Três Passos,82.9,2023
43.0,RS,4321907.0,Três Passos,57.0,2024
43.0,RS,4321956.0,Trindade do Sul,82.5,2023
43.0,RS,4321956.0,Trindade do Sul,62.9,2024
43.0,RS,4322004.0,Triunfo,66.8,2023
43.0,RS,4322004.0,Triunfo,68.5,2024
43.0,RS,4322202.0,Tupanciretã,71.9,2023
43.0,RS,4322202.0,Tupanciretã,44.4,2024
43.0,RS,4322251.0,Tupandi,82.0,2023
43.0,RS,4322251.0,Tupandi,55.1,2024
43.0,RS,4322301.0,Tuparendi,88.1,2023
43.0,RS,4322301.0,Tuparendi,52.7,2024
43.0,RS,4322327.0,Turuçu,82.8,2023
43.0,RS,4322327.0,Turuçu,61.7,2024
43.0,RS,4322343.0,Ubiretama,100.0,2023
43.0,RS,4322343.0,Ubiretama,55.6,2024
43.0,RS,4322376.0,Unistalda,58.8,2023
43.0,RS,4322376.0,Unistalda,38.1,2024
43.0,RS,4322400.0,Uruguaiana,61.3,2023
43.0,RS,4322400.0,Uruguaiana,47.3,2024
43.0,RS,4322509.0,Vacaria,66.0,2023
43.0,RS,4322509.0,Vacaria,38.1,2024
43.0,RS,4322525.0,Vale Verde,85.5,2023
43.0,RS,4322525.0,Vale Verde,47.1,2024
43.0,RS,4322541.0,Vale Real,76.3,2023
43.0,RS,4322541.0,Vale Real,35.0,2024
43.0,RS,4322558.0,Vanini,83.7,2023
43.0,RS,4322558.0,Vanini,69.2,2024
43.0,RS,4322608.0,Venâncio Aires,78.1,2023
43.0,RS,4322608.0,Venâncio Aires,59.2,2024
43.0,RS,4322707.0,Vera Cruz,66.5,2023
43.0,RS,4322707.0,Vera Cruz,41.9,2024
43.0,RS,4322806.0,Veranópolis,77.1,2023
43.0,RS,4322806.0,Veranópolis,57.0,2024
43.0,RS,4322905.0,Viadutos,86.7,2023
43.0,RS,4322905.0,Viadutos,86.9,2024
43.0,RS,4323002.0,Viamão,58.9,2023
43.0,RS,4323002.0,Viamão,38.9,2024
43.0,RS,4323101.0,Vicente Dutra,72.3,2023
43.0,RS,4323101.0,Vicente Dutra,70.10000000000001,2024
43.0,RS,4323200.0,Victor Graeff,88.9,2023
43.0,RS,4323200.0,Victor Graeff,56.3,2024
43.0,RS,4323309.0,Vila Flores,90.5,2023
43.0,RS,4323309.0,Vila Flores,68.8,2024
43.0,RS,4323358.0,Vila Lângaro,71.2,2023
43.0,RS,4323358.0,Vila Lângaro,52.9,2024
43.0,RS,4323408.0,Vila Maria,94.4,2023
43.0,RS,4323408.0,Vila Maria,66.7,2024
43.0,RS,4323457.0,Vila Nova do Sul,49.0,2023
43.0,RS,4323457.0,Vila Nova do Sul,44.0,2024
43.0,RS,4323507.0,Vista Alegre,90.0,2023
43.0,RS,4323507.0,Vista Alegre,33.3,2024
43.0,RS,4323606.0,Vista Alegre do Prata,95.0,2023
43.0,RS,4323606.0,Vista Alegre do Prata,85.7,2024
43.0,RS,4323705.0,Vista Gaúcha,74.3,2023
43.0,RS,4323705.0,Vista Gaúcha,100.0,2024
43.0,RS,4323804.0,Xangri-lá,56.8,2023
43.0,RS,4323804.0,Xangri-lá,37.9,2024
50.0,MS,5000203.0,Água Clara,70.2,2023
50.0,MS,5000203.0,Água Clara,77.03,2024
50.0,MS,5000252.0,Alcinópolis,76.7,2023
50.0,MS,5000252.0,Alcinópolis,63.77,2024
50.0,MS,5000708.0,Anastácio,27.4,2023
50.0,MS,5000708.0,Anastácio,40.97,2024
50.0,MS,5000856.0,Angélica,93.0,2023
50.0,MS,5000856.0,Angélica,86.52,2024
50.0,MS,5000906.0,Antônio João,54.1,2023
50.0,MS,5000906.0,Antônio João,56.2,2024
50.0,MS,5001003.0,Aparecida do Taboado,51.5,2023
50.0,MS,5001003.0,Aparecida do Taboado,57.5,2024
50.0,MS,5001102.0,Aquidauana,70.0,2023
50.0,MS,5001102.0,Aquidauana,58.42,2024
50.0,MS,5001243.0,Aral Moreira,73.9,2023
50.0,MS,5001243.0,Aral Moreira,73.43,2024
50.0,MS,5001508.0,Bandeirantes,26.0,2023
50.0,MS,5001508.0,Bandeirantes,52.42,2024
50.0,MS,5001904.0,Bataguassu,37.7,2023
50.0,MS,5001904.0,Bataguassu,52.31,2024
50.0,MS,5002001.0,Batayporã,45.7,2023
50.0,MS,5002001.0,Batayporã,67.77,2024
50.0,MS,5002100.0,Bela Vista,43.8,2023
50.0,MS,5002100.0,Bela Vista,48.18,2024
50.0,MS,5002159.0,Bodoquena,44.6,2023
50.0,MS,5002159.0,Bodoquena,46.43,2024
50.0,MS,5002209.0,Bonito,53.4,2023
50.0,MS,5002209.0,Bonito,58.78,2024
50.0,MS,5002308.0,Brasilândia,51.7,2023
50.0,MS,5002308.0,Brasilândia,60.76,2024
50.0,MS,5002407.0,Caarapó,52.9,2023
50.0,MS,5002407.0,Caarapó,66.23,2024
50.0,MS,5002605.0,Camapuã,32.2,2023
50.0,MS,5002605.0,Camapuã,60.41,2024
50.0,MS,5002704.0,Campo Grande,41.6,2023
50.0,MS,5002704.0,Campo Grande,51.76,2024
50.0,MS,5002803.0,Caracol,49.5,2023
50.0,MS,5002803.0,Caracol,55.67,2024
50.0,MS,5002902.0,Cassilândia,37.7,2023
50.0,MS,5002902.0,Cassilândia,54.38,2024
50.0,MS,5003108.0,Corguinho,45.7,2023
50.0,MS,5003108.0,Corguinho,58.66,2024
50.0,MS,5003157.0,Coronel Sapucaia,79.0,2023
50.0,MS,5003157.0,Coronel Sapucaia,60.75,2024
50.0,MS,5003207.0,Corumbá,41.5,2023
50.0,MS,5003207.0,Corumbá,38.3,2024
50.0,MS,5003256.0,Costa Rica,38.9,2023
50.0,MS,5003256.0,Costa Rica,54.88,2024
50.0,MS,5003306.0,Coxim,39.7,2023
50.0,MS,5003306.0,Coxim,39.19,2024
50.0,MS,5003454.0,Deodápolis,97.0,2023
50.0,MS,5003454.0,Deodápolis,65.69,2024
50.0,MS,5003488.0,Dois Irmãos do Buriti,38.2,2023
50.0,MS,5003488.0,Dois Irmãos do Buriti,39.87,2024
50.0,MS,5003504.0,Douradina,28.8,2023
50.0,MS,5003504.0,Douradina,68.7,2024
50.0,MS,5003702.0,Dourados,40.4,2023
50.0,MS,5003702.0,Dourados,53.43,2024
50.0,MS,5003751.0,Eldorado,75.4,2023
50.0,MS,5003751.0,Eldorado,56.45,2024
50.0,MS,5003801.0,Fátima do Sul,60.8,2023
50.0,MS,5003801.0,Fátima do Sul,59.59,2024
50.0,MS,5003900.0,Figueirão,58.6,2023
50.0,MS,5003900.0,Figueirão,86.46000000000001,2024
50.0,MS,5004007.0,Glória de Dourados,78.9,2023
50.0,MS,5004007.0,Glória de Dourados,73.2,2024
50.0,MS,5004106.0,Guia Lopes da Laguna,46.9,2023
50.0,MS,5004106.0,Guia Lopes da Laguna,64.58,2024
50.0,MS,5004304.0,Iguatemi,38.3,2023
50.0,MS,5004304.0,Iguatemi,60.02,2024
50.0,MS,5004403.0,Inocência,33.6,2023
50.0,MS,5004403.0,Inocência,51.7,2024
50.0,MS,5004502.0,Itaporã,69.0,2023
50.0,MS,5004502.0,Itaporã,57.29,2024
50.0,MS,5004700.0,Ivinhema,61.8,2023
50.0,MS,5004700.0,Ivinhema,68.78,2024
50.0,MS,5004908.0,Jaraguari,38.5,2023
50.0,MS,5004908.0,Jaraguari,45.19,2024
50.0,MS,5005103.0,Jateí,66.7,2023
50.0,MS,5005103.0,Jateí,56.25,2024
50.0,MS,5005152.0,Juti,22.6,2023
50.0,MS,5005152.0,Juti,47.67,2024
50.0,MS,5005202.0,Ladário,25.2,2023
50.0,MS,5005202.0,Ladário,33.36,2024
50.0,MS,5005251.0,Laguna Carapã,83.0,2023
50.0,MS,5005251.0,Laguna Carapã,77.47,2024
50.0,MS,5005400.0,Maracaju,40.6,2023
50.0,MS,5005400.0,Maracaju,46.55,2024
50.0,MS,5005608.0,Miranda,26.6,2023
50.0,MS,5005608.0,Miranda,38.78,2024
50.0,MS,5005681.0,Mundo Novo,83.8,2023
50.0,MS,5005681.0,Mundo Novo,46.46,2024
50.0,MS,5005707.0,Naviraí,60.3,2023
50.0,MS,5005707.0,Naviraí,59.870000000000005,2024
50.0,MS,5005806.0,Nioaque,53.9,2023
50.0,MS,5005806.0,Nioaque,60.98,2024
50.0,MS,5006002.0,Nova Alvorada do Sul,37.2,2023
50.0,MS,5006002.0,Nova Alvorada do Sul,56.52,2024
50.0,MS,5006200.0,Nova Andradina,58.4,2023
50.0,MS,5006200.0,Nova Andradina,69.44,2024
50.0,MS,5006259.0,Novo Horizonte do Sul,47.4,2023
50.0,MS,5006259.0,Novo Horizonte do Sul,78.44,2024
50.0,MS,5006275.0,Paraíso das Águas,76.4,2023
50.0,MS,5006275.0,Paraíso das Águas,78.5,2024
50.0,MS,5006309.0,Paranaíba,30.7,2023
50.0,MS,5006309.0,Paranaíba,55.2,2024
50.0,MS,5006358.0,Paranhos,44.9,2023
50.0,MS,5006358.0,Paranhos,66.43,2024
50.0,MS,5006408.0,Pedro Gomes,33.7,2023
50.0,MS,5006408.0,Pedro Gomes,55.86,2024
50.0,MS,5006606.0,Ponta Porã,57.8,2023
50.0,MS,5006606.0,Ponta Porã,71.07000000000001,2024
50.0,MS,5006903.0,Porto Murtinho,30.5,2023
50.0,MS,5006903.0,Porto Murtinho,67.46000000000001,2024
50.0,MS,5007109.0,Ribas do Rio Pardo,34.4,2023
50.0,MS,5007109.0,Ribas do Rio Pardo,42.87,2024
50.0,MS,5007208.0,Rio Brilhante,40.2,2023
50.0,MS,5007208.0,Rio Brilhante,52.67,2024
50.0,MS,5007307.0,Rio Negro,53.1,2023
50.0,MS,5007307.0,Rio Negro,53.05,2024
50.0,MS,5007406.0,Rio Verde de Mato Grosso,47.3,2023
50.0,MS,5007406.0,Rio Verde de Mato Grosso,49.11,2024
50.0,MS,5007505.0,Rochedo,38.7,2023
50.0,MS,5007505.0,Rochedo,48.97,2024
50.0,MS,5007554.0,Santa Rita do Pardo,48.3,2023
50.0,MS,5007554.0,Santa Rita do Pardo,51.3,2024
50.0,MS,5007695.0,São Gabriel do Oeste,52.3,2023
50.0,MS,5007695.0,São Gabriel do Oeste,62.1,2024
50.0,MS,5007703.0,Sete Quedas,54.3,2023
50.0,MS,5007703.0,Sete Quedas,53.09,2024
50.0,MS,5007802.0,Selvíria,26.7,2023
50.0,MS,5007802.0,Selvíria,59.83,2024
50.0,MS,5007901.0,Sidrolândia,36.2,2023
50.0,MS,5007901.0,Sidrolândia,39.84,2024
50.0,MS,5007935.0,Sonora,47.5,2023
50.0,MS,5007935.0,Sonora,78.58,2024
50.0,MS,5007950.0,Tacuru,51.6,2023
50.0,MS,5007950.0,Tacuru,56.620000000000005,2024
50.0,MS,5007976.0,Taquarussu,78.9,2023
50.0,MS,5007976.0,Taquarussu,85.45,2024
50.0,MS,5008008.0,Terenos,60.4,2023
50.0,MS,5008008.0,Terenos,47.09,2024
50.0,MS,5008305.0,Três Lagoas,69.9,2023
50.0,MS,5008305.0,Três Lagoas,82.99,2024
50.0,MS,5008404.0,Vicentina,65.4,2023
50.0,MS,5008404.0,Vicentina,53.73,2024
51.0,MT,5100102.0,Acorizal,38.0,2023
51.0,MT,5100102.0,Acorizal,40.41,2024
51.0,MT,5100201.0,Água Boa,59.1,2023
51.0,MT,5100201.0,Água Boa,79.49,2024
51.0,MT,5100250.0,Alta Floresta,53.5,2023
51.0,MT,5100250.0,Alta Floresta,71.46000000000001,2024
51.0,MT,5100300.0,Alto Araguaia,73.8,2023
51.0,MT,5100300.0,Alto Araguaia,75.59,2024
51.0,MT,5100359.0,Alto Boa Vista,93.7,2023
51.0,MT,5100359.0,Alto Boa Vista,48.84,2024
51.0,MT,5100508.0,Alto Paraguai,67.6,2023
51.0,MT,5100508.0,Alto Paraguai,52.43,2024
51.0,MT,5100607.0,Alto Taquari,72.3,2023
51.0,MT,5100607.0,Alto Taquari,70.01,2024
51.0,MT,5101001.0,Araguaiana,100.0,2023
51.0,MT,5101001.0,Araguaiana,91.53,2024
51.0,MT,5101209.0,Araguainha,22.2,2023
51.0,MT,5101209.0,Araguainha,100.0,2024
51.0,MT,5101258.0,Araputanga,48.5,2023
51.0,MT,5101258.0,Araputanga,60.47,2024
51.0,MT,5101308.0,Arenápolis,62.3,2023
51.0,MT,5101308.0,Arenápolis,58.620000000000005,2024
51.0,MT,5101407.0,Aripuanã,60.2,2023
51.0,MT,5101407.0,Aripuanã,61.83,2024
51.0,MT,5101605.0,Barão de Melgaço,60.0,2023
51.0,MT,5101605.0,Barão de Melgaço,41.67,2024
51.0,MT,5101704.0,Barra do Bugres,50.9,2023
51.0,MT,5101704.0,Barra do Bugres,72.78,2024
51.0,MT,5101803.0,Barra do Garças,61.2,2023
51.0,MT,5101803.0,Barra do Garças,68.34,2024
51.0,MT,5101852.0,Bom Jesus do Araguaia,31.3,2023
51.0,MT,5101852.0,Bom Jesus do Araguaia,82.63,2024
51.0,MT,5101902.0,Brasnorte,51.9,2023
51.0,MT,5101902.0,Brasnorte,69.06,2024
51.0,MT,5102504.0,Cáceres,47.5,2023
51.0,MT,5102504.0,Cáceres,51.27,2024
51.0,MT,5102603.0,Campinápolis,38.8,2023
51.0,MT,5102603.0,Campinápolis,44.13,2024
51.0,MT,5102637.0,Campo Novo do Parecis,62.2,2023
51.0,MT,5102637.0,Campo Novo do Parecis,69.9,2024
51.0,MT,5102678.0,Campo Verde,56.2,2023
51.0,MT,5102678.0,Campo Verde,65.32000000000001,2024
51.0,MT,5102686.0,Campos de Júlio,48.2,2023
51.0,MT,5102686.0,Campos de Júlio,65.76,2024
51.0,MT,5102694.0,Canabrava do Norte,34.7,2023
51.0,MT,5102694.0,Canabrava do Norte,78.89,2024
51.0,MT,5102702.0,Canarana,32.5,2023
51.0,MT,5102702.0,Canarana,42.06,2024
51.0,MT,5102793.0,Carlinda,42.5,2023
51.0,MT,5102793.0,Carlinda,98.95,2024
51.0,MT,5102850.0,Castanheira,63.1,2023
51.0,MT,5102850.0,Castanheira,64.87,2024
51.0,MT,5103007.0,Chapada dos Guimarães,47.7,2023
51.0,MT,5103007.0,Chapada dos Guimarães,69.0,2024
51.0,MT,5103056.0,Cláudia,58.4,2023
51.0,MT,5103056.0,Cláudia,66.28,2024
51.0,MT,5103106.0,Cocalinho,78.7,2023
51.0,MT,5103106.0,Cocalinho,52.39,2024
51.0,MT,5103205.0,Colíder,49.3,2023
51.0,MT,5103205.0,Colíder,64.22,2024
51.0,MT,5103254.0,Colniza,41.7,2023
51.0,MT,5103254.0,Colniza,69.19,2024
51.0,MT,5103304.0,Comodoro,57.8,2023
51.0,MT,5103304.0,Comodoro,47.59,2024
51.0,MT,5103353.0,Confresa,35.6,2023
51.0,MT,5103353.0,Confresa,54.24,2024
51.0,MT,5103361.0,Conquista D'Oeste,40.9,2023
51.0,MT,5103361.0,Conquista D'Oeste,69.46000000000001,2024
51.0,MT,5103379.0,Cotriguaçu,58.4,2023
51.0,MT,5103379.0,Cotriguaçu,62.71,2024
51.0,MT,5103403.0,Cuiabá,53.9,2023
51.0,MT,5103403.0,Cuiabá,46.56,2024
51.0,MT,5103437.0,Curvelândia,33.2,2023
51.0,MT,5103437.0,Curvelândia,92.97,2024
51.0,MT,5103452.0,Denise,58.2,2023
51.0,MT,5103452.0,Denise,83.58,2024
51.0,MT,5103502.0,Diamantino,52.1,2023
51.0,MT,5103502.0,Diamantino,65.08,2024
51.0,MT,5103601.0,Dom Aquino,88.3,2023
51.0,MT,5103601.0,Dom Aquino,71.45,2024
51.0,MT,5103700.0,Feliz Natal,65.2,2023
51.0,MT,5103700.0,Feliz Natal,51.15,2024
51.0,MT,5103809.0,Figueirópolis D'Oeste,86.0,2023
51.0,MT,5103809.0,Figueirópolis D'Oeste,58.78,2024
51.0,MT,5103858.0,Gaúcha do Norte,45.0,2023
51.0,MT,5103858.0,Gaúcha do Norte,59.6,2024
51.0,MT,5103908.0,General Carneiro,89.1,2023
51.0,MT,5103908.0,General Carneiro,71.41,2024
51.0,MT,5103957.0,Glória D'Oeste,90.6,2023
51.0,MT,5103957.0,Glória D'Oeste,83.78,2024
51.0,MT,5104104.0,Guarantã do Norte,60.8,2023
51.0,MT,5104104.0,Guarantã do Norte,54.22,2024
51.0,MT,5104500.0,Indiavaí,44.7,2023
51.0,MT,5104500.0,Indiavaí,67.61,2024
51.0,MT,5104526.0,Ipiranga do Norte,61.8,2023
51.0,MT,5104526.0,Ipiranga do Norte,59.46,2024
51.0,MT,5104542.0,Itanhangá,89.0,2023
51.0,MT,5104542.0,Itanhangá,77.99,2024
51.0,MT,5104559.0,Itaúba,58.0,2023
51.0,MT,5104559.0,Itaúba,67.42,2024
51.0,MT,5104609.0,Itiquira,42.6,2023
51.0,MT,5104609.0,Itiquira,58.16,2024
51.0,MT,5104807.0,Jaciara,57.0,2023
51.0,MT,5104807.0,Jaciara,55.26,2024
51.0,MT,5104906.0,Jangada,55.9,2023
51.0,MT,5104906.0,Jangada,54.870000000000005,2024
51.0,MT,5105002.0,Jauru,46.7,2023
51.0,MT,5105002.0,Jauru,74.68,2024
51.0,MT,5105101.0,Juara,53.3,2023
51.0,MT,5105101.0,Juara,64.06,2024
51.0,MT,5105150.0,Juína,45.5,2023
51.0,MT,5105150.0,Juína,56.58,2024
51.0,MT,5105176.0,Juruena,59.7,2023
51.0,MT,5105176.0,Juruena,73.66,2024
51.0,MT,5105200.0,Juscimeira,48.7,2023
51.0,MT,5105200.0,Juscimeira,67.06,2024
51.0,MT,5105234.0,Lambari D'Oeste,87.1,2023
51.0,MT,5105234.0,Lambari D'Oeste,51.5,2024
51.0,MT,5105259.0,Lucas do Rio Verde,64.0,2023
51.0,MT,5105259.0,Lucas do Rio Verde,73.53,2024
51.0,MT,5105309.0,Luciara,37.7,2023
51.0,MT,5105309.0,Luciara,46.43,2024
51.0,MT,5105507.0,Vila Bela da Santíssima Trindade,46.8,2023
51.0,MT,5105507.0,Vila Bela da Santíssima Trindade,52.38,2024
51.0,MT,5105580.0,Marcelândia,62.3,2023
51.0,MT,5105580.0,Marcelândia,65.36,2024
51.0,MT,5105606.0,Matupá,65.6,2023
51.0,MT,5105606.0,Matupá,52.57,2024
51.0,MT,5105622.0,Mirassol d'Oeste,51.7,2023
51.0,MT,5105622.0,Mirassol d'Oeste,60.120000000000005,2024
51.0,MT,5105903.0,Nobres,56.9,2023
51.0,MT,5105903.0,Nobres,60.61,2024
51.0,MT,5106000.0,Nortelândia,47.5,2023
51.0,MT,5106000.0,Nortelândia,65.5,2024
51.0,MT,5106109.0,Nossa Senhora do Livramento,68.5,2023
51.0,MT,5106109.0,Nossa Senhora do Livramento,82.05,2024
51.0,MT,5106158.0,Nova Bandeirantes,73.3,2023
51.0,MT,5106158.0,Nova Bandeirantes,76.59,2024
51.0,MT,5106174.0,Nova Nazaré,45.8,2023
51.0,MT,5106174.0,Nova Nazaré,85.25,2024
51.0,MT,5106182.0,Nova Lacerda,55.2,2023
51.0,MT,5106182.0,Nova Lacerda,67.64,2024
51.0,MT,5106190.0,Nova Santa Helena,79.2,2023
51.0,MT,5106190.0,Nova Santa Helena,75.07000000000001,2024
51.0,MT,5106208.0,Nova Brasilândia,55.7,2023
51.0,MT,5106208.0,Nova Brasilândia,81.37,2024
51.0,MT,5106216.0,Nova Canaã do Norte,56.6,2023
51.0,MT,5106216.0,Nova Canaã do Norte,68.51,2024
51.0,MT,5106224.0,Nova Mutum,64.2,2023
51.0,MT,5106224.0,Nova Mutum,74.86,2024
51.0,MT,5106232.0,Nova Olímpia,50.7,2023
51.0,MT,5106232.0,Nova Olímpia,57.29,2024
51.0,MT,5106240.0,Nova Ubiratã,73.2,2023
51.0,MT,5106240.0,Nova Ubiratã,58.41,2024
51.0,MT,5106257.0,Nova Xavantina,71.6,2023
51.0,MT,5106257.0,Nova Xavantina,45.12,2024
51.0,MT,5106265.0,Novo Mundo,53.6,2023
51.0,MT,5106265.0,Novo Mundo,67.67,2024
51.0,MT,5106273.0,Novo Horizonte do Norte,63.0,2023
51.0,MT,5106273.0,Novo Horizonte do Norte,69.12,2024
51.0,MT,5106299.0,Paranaíta,60.7,2023
51.0,MT,5106299.0,Paranaíta,79.7,2024
51.0,MT,5106307.0,Paranatinga,45.4,2023
51.0,MT,5106307.0,Paranatinga,60.98,2024
51.0,MT,5106315.0,Novo Santo Antônio,71.2,2023
51.0,MT,5106315.0,Novo Santo Antônio,58.27,2024
51.0,MT,5106372.0,Pedra Preta,56.7,2023
51.0,MT,5106372.0,Pedra Preta,65.1,2024
51.0,MT,5106455.0,Planalto da Serra,58.6,2023
51.0,MT,5106455.0,Planalto da Serra,90.32,2024
51.0,MT,5106505.0,Poconé,31.4,2023
51.0,MT,5106505.0,Poconé,38.36,2024
51.0,MT,5106653.0,Pontal do Araguaia,69.7,2023
51.0,MT,5106653.0,Pontal do Araguaia,51.2,2024
51.0,MT,5106703.0,Ponte Branca,76.8,2023
51.0,MT,5106703.0,Ponte Branca,96.88,2024
51.0,MT,5106752.0,Pontes e Lacerda,68.0,2023
51.0,MT,5106752.0,Pontes e Lacerda,66.49,2024
51.0,MT,5106778.0,Porto Alegre do Norte,31.1,2023
51.0,MT,5106778.0,Porto Alegre do Norte,53.25,2024
51.0,MT,5106802.0,Porto dos Gaúchos,75.6,2023
51.0,MT,5106802.0,Porto dos Gaúchos,74.29,2024
51.0,MT,5106828.0,Porto Esperidião,44.0,2023
51.0,MT,5106828.0,Porto Esperidião,49.8,2024
51.0,MT,5106851.0,Porto Estrela,89.1,2023
51.0,MT,5106851.0,Porto Estrela,77.75,2024
51.0,MT,5107008.0,Poxoréu,47.1,2023
51.0,MT,5107008.0,Poxoréu,46.03,2024
51.0,MT,5107040.0,Primavera do Leste,49.2,2023
51.0,MT,5107040.0,Primavera do Leste,58.79,2024
51.0,MT,5107107.0,São José dos Quatro Marcos,90.1,2023
51.0,MT,5107107.0,São José dos Quatro Marcos,68.7,2024
51.0,MT,5107156.0,Reserva do Cabaçal,76.3,2023
51.0,MT,5107156.0,Reserva do Cabaçal,83.86,2024
51.0,MT,5107180.0,Ribeirão Cascalheira,63.4,2023
51.0,MT,5107180.0,Ribeirão Cascalheira,70.87,2024
51.0,MT,5107198.0,Ribeirãozinho,49.0,2023
51.0,MT,5107198.0,Ribeirãozinho,52.72,2024
51.0,MT,5107206.0,Rio Branco,48.2,2023
51.0,MT,5107206.0,Rio Branco,81.60000000000001,2024
51.0,MT,5107248.0,Santa Carmem,71.5,2023
51.0,MT,5107248.0,Santa Carmem,93.91,2024
51.0,MT,5107263.0,Santo Afonso,52.1,2023
51.0,MT,5107263.0,Santo Afonso,76.83,2024
51.0,MT,5107297.0,São José do Povo,80.7,2023
51.0,MT,5107297.0,São José do Povo,74.75,2024
51.0,MT,5107305.0,São José do Rio Claro,73.2,2023
51.0,MT,5107305.0,São José do Rio Claro,60.28,2024
51.0,MT,5107354.0,São José do Xingu,51.3,2023
51.0,MT,5107354.0,São José do Xingu,35.26,2024
51.0,MT,5107404.0,São Pedro da Cipa,72.9,2023
51.0,MT,5107404.0,São Pedro da Cipa,76.26,2024
51.0,MT,5107578.0,Rondolândia,29.0,2023
51.0,MT,5107578.0,Rondolândia,71.43,2024
51.0,MT,5107602.0,Rondonópolis,52.8,2023
51.0,MT,5107602.0,Rondonópolis,60.49,2024
51.0,MT,5107701.0,Rosário Oeste,53.7,2023
51.0,MT,5107701.0,Rosário Oeste,56.370000000000005,2024
51.0,MT,5107743.0,Santa Cruz do Xingu,53.5,2023
51.0,MT,5107743.0,Santa Cruz do Xingu,73.81,2024
51.0,MT,5107750.0,Salto do Céu,95.2,2023
51.0,MT,5107750.0,Salto do Céu,97.49,2024
51.0,MT,5107768.0,Santa Rita do Trivelato,64.8,2023
51.0,MT,5107768.0,Santa Rita do Trivelato,62.63,2024
51.0,MT,5107776.0,Santa Terezinha,39.8,2023
51.0,MT,5107776.0,Santa Terezinha,40.74,2024
51.0,MT,5107792.0,Santo Antônio do Leste,61.0,2023
51.0,MT,5107792.0,Santo Antônio do Leste,75.82000000000001,2024
51.0,MT,5107859.0,São Félix do Araguaia,34.8,2023
51.0,MT,5107859.0,São Félix do Araguaia,33.38,2024
51.0,MT,5107875.0,Sapezal,69.8,2023
51.0,MT,5107875.0,Sapezal,84.38,2024
51.0,MT,5107883.0,Serra Nova Dourada,65.3,2023
51.0,MT,5107883.0,Serra Nova Dourada,94.74,2024
51.0,MT,5107909.0,Sinop,57.0,2023
51.0,MT,5107909.0,Sinop,54.33,2024
51.0,MT,5107925.0,Sorriso,79.1,2023
51.0,MT,5107925.0,Sorriso,81.05,2024
51.0,MT,5107941.0,Tabaporã,51.4,2023
51.0,MT,5107941.0,Tabaporã,62.36,2024
51.0,MT,5107958.0,Tangará da Serra,48.7,2023
51.0,MT,5107958.0,Tangará da Serra,58.95,2024
51.0,MT,5108006.0,Tapurah,55.9,2023
51.0,MT,5108006.0,Tapurah,68.81,2024
51.0,MT,5108055.0,Terra Nova do Norte,58.7,2023
51.0,MT,5108055.0,Terra Nova do Norte,61.14,2024
51.0,MT,5108105.0,Tesouro,,2023
51.0,MT,5108105.0,Tesouro,52.38,2024
51.0,MT,5108204.0,Torixoréu,95.1,2023
51.0,MT,5108204.0,Torixoréu,88.61,2024
51.0,MT,5108303.0,União do Sul,60.4,2023
51.0,MT,5108303.0,União do Sul,68.93,2024
51.0,MT,5108352.0,Vale de São Domingos,48.8,2023
51.0,MT,5108352.0,Vale de São Domingos,23.86,2024
51.0,MT,5108402.0,Várzea Grande,47.9,2023
51.0,MT,5108402.0,Várzea Grande,61.76,2024
51.0,MT,5108501.0,Vera,34.8,2023
51.0,MT,5108501.0,Vera,52.77,2024
51.0,MT,5108600.0,Vila Rica,47.9,2023
51.0,MT,5108600.0,Vila Rica,55.24,2024
51.0,MT,5108808.0,Nova Guarita,68.0,2023
51.0,MT,5108808.0,Nova Guarita,67.3,2024
51.0,MT,5108857.0,Nova Marilândia,44.1,2023
51.0,MT,5108857.0,Nova Marilândia,80.62,2024
51.0,MT,5108907.0,Nova Maringá,61.8,2023
51.0,MT,5108907.0,Nova Maringá,62.38,2024
51.0,MT,5108956.0,Nova Monte Verde,77.2,2023
51.0,MT,5108956.0,Nova Monte Verde,92.37,2024
52.0,GO,5200050.0,Abadia de Goiás,59.8,2023
52.0,GO,5200050.0,Abadia de Goiás,64.46000000000001,2024
52.0,GO,5200100.0,Abadiânia,79.0,2023
52.0,GO,5200100.0,Abadiânia,79.39,2024
52.0,GO,5200134.0,Acreúna,58.5,2023
52.0,GO,5200134.0,Acreúna,81.48,2024
52.0,GO,5200159.0,Adelândia,81.0,2023
52.0,GO,5200159.0,Adelândia,81.99,2024
52.0,GO,5200175.0,Água Fria de Goiás,55.8,2023
52.0,GO,5200175.0,Água Fria de Goiás,87.44,2024
52.0,GO,5200209.0,Água Limpa,69.6,2023
52.0,GO,5200209.0,Água Limpa,78.26,2024
52.0,GO,5200258.0,Águas Lindas de Goiás,48.9,2023
52.0,GO,5200258.0,Águas Lindas de Goiás,53.9,2024
52.0,GO,5200308.0,Alexânia,76.3,2023
52.0,GO,5200308.0,Alexânia,75.79,2024
52.0,GO,5200555.0,Alto Horizonte,66.6,2023
52.0,GO,5200555.0,Alto Horizonte,72.47,2024
52.0,GO,5200605.0,Alto Paraíso de Goiás,82.9,2023
52.0,GO,5200605.0,Alto Paraíso de Goiás,60.2,2024
52.0,GO,5200803.0,Alvorada do Norte,64.6,2023
52.0,GO,5200803.0,Alvorada do Norte,64.99,2024
52.0,GO,5200829.0,Amaralina,84.2,2023
52.0,GO,5200829.0,Amaralina,89.83,2024
52.0,GO,5200852.0,Americano do Brasil,74.3,2023
52.0,GO,5200852.0,Americano do Brasil,78.87,2024
52.0,GO,5200902.0,Amorinópolis,70.8,2023
52.0,GO,5200902.0,Amorinópolis,80.65,2024
52.0,GO,5201108.0,Anápolis,72.2,2023
52.0,GO,5201108.0,Anápolis,73.22,2024
52.0,GO,5201207.0,Anhanguera,80.0,2023
52.0,GO,5201207.0,Anhanguera,81.25,2024
52.0,GO,5201306.0,Anicuns,92.3,2023
52.0,GO,5201306.0,Anicuns,98.09,2024
52.0,GO,5201405.0,Aparecida de Goiânia,60.7,2023
52.0,GO,5201405.0,Aparecida de Goiânia,69.22,2024
52.0,GO,5201454.0,Aparecida do Rio Doce,59.6,2023
52.0,GO,5201454.0,Aparecida do Rio Doce,87.09,2024
52.0,GO,5201504.0,Aporé,62.0,2023
52.0,GO,5201504.0,Aporé,65.8,2024
52.0,GO,5201603.0,Araçu,77.3,2023
52.0,GO,5201603.0,Araçu,93.21,2024
52.0,GO,5201702.0,Aragarças,63.6,2023
52.0,GO,5201702.0,Aragarças,72.16,2024
52.0,GO,5201801.0,Aragoiânia,55.0,2023
52.0,GO,5201801.0,Aragoiânia,62.84,2024
52.0,GO,5202155.0,Araguapaz,43.3,2023
52.0,GO,5202155.0,Araguapaz,68.98,2024
52.0,GO,5202353.0,Arenópolis,91.5,2023
52.0,GO,5202353.0,Arenópolis,83.64,2024
52.0,GO,5202601.0,Aurilândia,76.0,2023
52.0,GO,5202601.0,Aurilândia,93.75,2024
52.0,GO,5202809.0,Avelinópolis,71.4,2023
52.0,GO,5202809.0,Avelinópolis,100.0,2024
52.0,GO,5203104.0,Baliza,64.3,2023
52.0,GO,5203104.0,Baliza,89.49,2024
52.0,GO,5203203.0,Barro Alto,80.6,2023
52.0,GO,5203203.0,Barro Alto,77.88,2024
52.0,GO,5203401.0,Bom Jardim de Goiás,79.1,2023
52.0,GO,5203401.0,Bom Jardim de Goiás,73.26,2024
52.0,GO,5203500.0,Bom Jesus de Goiás,75.8,2023
52.0,GO,5203500.0,Bom Jesus de Goiás,81.51,2024
52.0,GO,5203559.0,Bonfinópolis,58.0,2023
52.0,GO,5203559.0,Bonfinópolis,86.32000000000001,2024
52.0,GO,5203609.0,Brazabrantes,48.9,2023
52.0,GO,5203609.0,Brazabrantes,90.96,2024
52.0,GO,5203807.0,Britânia,82.0,2023
52.0,GO,5203807.0,Britânia,92.82,2024
52.0,GO,5203906.0,Buriti Alegre,69.0,2023
52.0,GO,5203906.0,Buriti Alegre,64.95,2024
52.0,GO,5203962.0,Buritinópolis,49.3,2023
52.0,GO,5203962.0,Buritinópolis,85.08,2024
52.0,GO,5204003.0,Cabeceiras,69.7,2023
52.0,GO,5204003.0,Cabeceiras,93.81,2024
52.0,GO,5204102.0,Cachoeira Alta,73.2,2023
52.0,GO,5204102.0,Cachoeira Alta,78.35000000000001,2024
52.0,GO,5204201.0,Cachoeira de Goiás,65.0,2023
52.0,GO,5204201.0,Cachoeira de Goiás,64.29,2024
52.0,GO,5204250.0,Cachoeira Dourada,72.5,2023
52.0,GO,5204250.0,Cachoeira Dourada,79.19,2024
52.0,GO,5204300.0,Caçu,73.2,2023
52.0,GO,5204300.0,Caçu,91.38,2024
52.0,GO,5204409.0,Caiapônia,76.6,2023
52.0,GO,5204409.0,Caiapônia,84.82000000000001,2024
52.0,GO,5204508.0,Caldas Novas,58.8,2023
52.0,GO,5204508.0,Caldas Novas,62.940000000000005,2024
52.0,GO,5204557.0,Caldazinha,72.0,2023
52.0,GO,5204557.0,Caldazinha,60.870000000000005,2024
52.0,GO,5204607.0,Campestre de Goiás,79.4,2023
52.0,GO,5204607.0,Campestre de Goiás,93.62,2024
52.0,GO,5204656.0,Campinaçu,70.5,2023
52.0,GO,5204656.0,Campinaçu,81.73,2024
52.0,GO,5204706.0,Campinorte,73.8,2023
52.0,GO,5204706.0,Campinorte,81.71000000000001,2024
52.0,GO,5204805.0,Campo Alegre de Goiás,79.9,2023
52.0,GO,5204805.0,Campo Alegre de Goiás,77.60000000000001,2024
52.0,GO,5204854.0,Campo Limpo de Goiás,86.9,2023
52.0,GO,5204854.0,Campo Limpo de Goiás,84.62,2024
52.0,GO,5204904.0,Campos Belos,65.2,2023
52.0,GO,5204904.0,Campos Belos,75.75,2024
52.0,GO,5204953.0,Campos Verdes,63.7,2023
52.0,GO,5204953.0,Campos Verdes,82.8,2024
52.0,GO,5205000.0,Carmo do Rio Verde,78.9,2023
52.0,GO,5205000.0,Carmo do Rio Verde,85.78,2024
52.0,GO,5205059.0,Castelândia,81.0,2023
52.0,GO,5205059.0,Castelândia,91.3,2024
52.0,GO,5205109.0,Catalão,64.9,2023
52.0,GO,5205109.0,Catalão,76.88,2024
52.0,GO,5205208.0,Caturaí,68.4,2023
52.0,GO,5205208.0,Caturaí,87.17,2024
52.0,GO,5205307.0,Cavalcante,60.2,2023
52.0,GO,5205307.0,Cavalcante,84.5,2024
52.0,GO,5205406.0,Ceres,88.1,2023
52.0,GO,5205406.0,Ceres,94.51,2024
52.0,GO,5205455.0,Cezarina,41.3,2023
52.0,GO,5205455.0,Cezarina,69.63,2024
52.0,GO,5205471.0,Chapadão do Céu,80.0,2023
52.0,GO,5205471.0,Chapadão do Céu,87.51,2024
52.0,GO,5205513.0,Cocalzinho de Goiás,79.5,2023
52.0,GO,5205513.0,Cocalzinho de Goiás,88.60000000000001,2024
52.0,GO,5205521.0,Colinas do Sul,62.7,2023
52.0,GO,5205521.0,Colinas do Sul,58.9,2024
52.0,GO,5205703.0,Córrego do Ouro,77.4,2023
52.0,GO,5205703.0,Córrego do Ouro,100.0,2024
52.0,GO,5205802.0,Corumbá de Goiás,72.1,2023
52.0,GO,5205802.0,Corumbá de Goiás,80.7,2024
52.0,GO,5205901.0,Corumbaíba,71.4,2023
52.0,GO,5205901.0,Corumbaíba,82.63,2024
52.0,GO,5206206.0,Cristalina,67.9,2023
52.0,GO,5206206.0,Cristalina,69.10000000000001,2024
52.0,GO,5206305.0,Cristianópolis,88.6,2023
52.0,GO,5206305.0,Cristianópolis,82.2,2024
52.0,GO,5206503.0,Cromínia,55.9,2023
52.0,GO,5206503.0,Cromínia,72.38,2024
52.0,GO,5206602.0,Cumari,76.2,2023
52.0,GO,5206602.0,Cumari,72.73,2024
52.0,GO,5206800.0,Damolândia,93.2,2023
52.0,GO,5206800.0,Damolândia,97.08,2024
52.0,GO,5206909.0,Davinópolis,87.1,2023
52.0,GO,5206909.0,Davinópolis,83.12,2024
52.0,GO,5207105.0,Diorama,100.0,2023
52.0,GO,5207105.0,Diorama,77.27,2024
52.0,GO,5207253.0,Doverlândia,78.2,2023
52.0,GO,5207253.0,Doverlândia,83.34,2024
52.0,GO,5207352.0,Edealina,76.7,2023
52.0,GO,5207352.0,Edealina,90.91,2024
52.0,GO,5207402.0,Edéia,82.4,2023
52.0,GO,5207402.0,Edéia,72.29,2024
52.0,GO,5207501.0,Estrela do Norte,67.2,2023
52.0,GO,5207501.0,Estrela do Norte,98.0,2024
52.0,GO,5207600.0,Fazenda Nova,96.7,2023
52.0,GO,5207600.0,Fazenda Nova,100.0,2024
52.0,GO,5207808.0,Firminópolis,76.8,2023
52.0,GO,5207808.0,Firminópolis,70.8,2024
52.0,GO,5207907.0,Flores de Goiás,66.8,2023
52.0,GO,5207907.0,Flores de Goiás,65.41,2024
52.0,GO,5208004.0,Formosa,63.3,2023
52.0,GO,5208004.0,Formosa,64.02,2024
52.0,GO,5208103.0,Formoso,70.8,2023
52.0,GO,5208103.0,Formoso,86.67,2024
52.0,GO,5208152.0,Gameleira de Goiás,98.2,2023
52.0,GO,5208152.0,Gameleira de Goiás,79.76,2024
52.0,GO,5208301.0,Divinópolis de Goiás,79.9,2023
52.0,GO,5208301.0,Divinópolis de Goiás,80.42,2024
52.0,GO,5208400.0,Goianápolis,74.4,2023
52.0,GO,5208400.0,Goianápolis,68.02,2024
52.0,GO,5208509.0,Goiandira,44.7,2023
52.0,GO,5208509.0,Goiandira,72.17,2024
52.0,GO,5208608.0,Goianésia,79.8,2023
52.0,GO,5208608.0,Goianésia,82.28,2024
52.0,GO,5208707.0,Goiânia,66.6,2023
52.0,GO,5208707.0,Goiânia,69.49,2024
52.0,GO,5208806.0,Goianira,69.1,2023
52.0,GO,5208806.0,Goianira,81.01,2024
52.0,GO,5208905.0,Goiás,67.5,2023
52.0,GO,5208905.0,Goiás,87.52,2024
52.0,GO,5209101.0,Goiatuba,68.2,2023
52.0,GO,5209101.0,Goiatuba,77.63,2024
52.0,GO,5209150.0,Gouvelândia,39.8,2023
52.0,GO,5209150.0,Gouvelândia,81.36,2024
52.0,GO,5209200.0,Guapó,64.2,2023
52.0,GO,5209200.0,Guapó,70.28,2024
52.0,GO,5209291.0,Guaraíta,72.6,2023
52.0,GO,5209291.0,Guaraíta,95.32,2024
52.0,GO,5209408.0,Guarani de Goiás,32.1,2023
52.0,GO,5209408.0,Guarani de Goiás,64.58,2024
52.0,GO,5209457.0,Guarinos,52.4,2023
52.0,GO,5209457.0,Guarinos,95.65,2024
52.0,GO,5209606.0,Heitoraí,53.6,2023
52.0,GO,5209606.0,Heitoraí,83.54,2024
52.0,GO,5209705.0,Hidrolândia,69.0,2023
52.0,GO,5209705.0,Hidrolândia,65.56,2024
52.0,GO,5209804.0,Hidrolina,68.3,2023
52.0,GO,5209804.0,Hidrolina,72.5,2024
52.0,GO,5209903.0,Iaciara,64.0,2023
52.0,GO,5209903.0,Iaciara,65.45,2024
52.0,GO,5209937.0,Inaciolândia,76.2,2023
52.0,GO,5209937.0,Inaciolândia,87.01,2024
52.0,GO,5209952.0,Indiara,67.2,2023
52.0,GO,5209952.0,Indiara,82.75,2024
52.0,GO,5210000.0,Inhumas,81.3,2023
52.0,GO,5210000.0,Inhumas,87.57000000000001,2024
52.0,GO,5210109.0,Ipameri,64.1,2023
52.0,GO,5210109.0,Ipameri,74.13,2024
52.0,GO,5210158.0,Ipiranga de Goiás,93.1,2023
52.0,GO,5210158.0,Ipiranga de Goiás,96.55,2024
52.0,GO,5210208.0,Iporá,78.4,2023
52.0,GO,5210208.0,Iporá,83.04,2024
52.0,GO,5210307.0,Israelândia,88.1,2023
52.0,GO,5210307.0,Israelândia,92.59,2024
52.0,GO,5210406.0,Itaberaí,79.0,2023
52.0,GO,5210406.0,Itaberaí,81.22,2024
52.0,GO,5210562.0,Itaguari,85.8,2023
52.0,GO,5210562.0,Itaguari,77.71000000000001,2024
52.0,GO,5210604.0,Itaguaru,81.7,2023
52.0,GO,5210604.0,Itaguaru,89.89,2024
52.0,GO,5211008.0,Itapirapuã,34.4,2023
52.0,GO,5211008.0,Itapirapuã,73.21000000000001,2024
52.0,GO,5211206.0,Itapuranga,81.6,2023
52.0,GO,5211206.0,Itapuranga,85.10000000000001,2024
52.0,GO,5211305.0,Itarumã,76.7,2023
52.0,GO,5211305.0,Itarumã,83.26,2024
52.0,GO,5211404.0,Itauçu,97.0,2023
52.0,GO,5211404.0,Itauçu,94.51,2024
52.0,GO,5211503.0,Itumbiara,69.8,2023
52.0,GO,5211503.0,Itumbiara,74.44,2024
52.0,GO,5211602.0,Ivolândia,80.8,2023
52.0,GO,5211602.0,Ivolândia,73.91,2024
52.0,GO,5211701.0,Jandaia,77.2,2023
52.0,GO,5211701.0,Jandaia,80.25,2024
52.0,GO,5211800.0,Jaraguá,82.9,2023
52.0,GO,5211800.0,Jaraguá,83.96000000000001,2024
52.0,GO,5211909.0,Jataí,64.0,2023
52.0,GO,5211909.0,Jataí,69.92,2024
52.0,GO,5212006.0,Jaupaci,97.4,2023
52.0,GO,5212006.0,Jaupaci,100.0,2024
52.0,GO,5212055.0,Jesúpolis,100.0,2023
52.0,GO,5212055.0,Jesúpolis,100.0,2024
52.0,GO,5212105.0,Joviânia,57.9,2023
52.0,GO,5212105.0,Joviânia,67.17,2024
52.0,GO,5212204.0,Jussara,59.0,2023
52.0,GO,5212204.0,Jussara,79.77,2024
52.0,GO,5212253.0,Lagoa Santa,81.0,2023
52.0,GO,5212253.0,Lagoa Santa,76.19,2024
52.0,GO,5212303.0,Leopoldo de Bulhões,77.7,2023
52.0,GO,5212303.0,Leopoldo de Bulhões,75.41,2024
52.0,GO,5212501.0,Luziânia,64.1,2023
52.0,GO,5212501.0,Luziânia,66.27,2024
52.0,GO,5212600.0,Mairipotaba,97.3,2023
52.0,GO,5212600.0,Mairipotaba,71.43,2024
52.0,GO,5212709.0,Mambaí,50.4,2023
52.0,GO,5212709.0,Mambaí,68.27,2024
52.0,GO,5212808.0,Mara Rosa,69.6,2023
52.0,GO,5212808.0,Mara Rosa,87.78,2024
52.0,GO,5212907.0,Marzagão,92.2,2023
52.0,GO,5212907.0,Marzagão,83.33,2024
52.0,GO,5212956.0,Matrinchã,59.7,2023
52.0,GO,5212956.0,Matrinchã,52.82,2024
52.0,GO,5213053.0,Mimoso de Goiás,66.7,2023
52.0,GO,5213053.0,Mimoso de Goiás,80.0,2024
52.0,GO,5213087.0,Minaçu,75.7,2023
52.0,GO,5213087.0,Minaçu,81.44,2024
52.0,GO,5213103.0,Mineiros,80.3,2023
52.0,GO,5213103.0,Mineiros,84.01,2024
52.0,GO,5213400.0,Moiporá,,2023
52.0,GO,5213400.0,Moiporá,84.62,2024
52.0,GO,5213509.0,Monte Alegre de Goiás,73.9,2023
52.0,GO,5213509.0,Monte Alegre de Goiás,81.87,2024
52.0,GO,5213707.0,Montes Claros de Goiás,66.6,2023
52.0,GO,5213707.0,Montes Claros de Goiás,75.02,2024
52.0,GO,5213756.0,Montividiu,66.0,2023
52.0,GO,5213756.0,Montividiu,78.69,2024
52.0,GO,5213772.0,Montividiu do Norte,59.4,2023
52.0,GO,5213772.0,Montividiu do Norte,65.74,2024
52.0,GO,5213806.0,Morrinhos,62.3,2023
52.0,GO,5213806.0,Morrinhos,65.87,2024
52.0,GO,5213905.0,Mossâmedes,85.2,2023
52.0,GO,5213905.0,Mossâmedes,100.0,2024
52.0,GO,5214002.0,Mozarlândia,51.2,2023
52.0,GO,5214002.0,Mozarlândia,66.57000000000001,2024
52.0,GO,5214051.0,Mundo Novo,96.2,2023
52.0,GO,5214051.0,Mundo Novo,94.04,2024
52.0,GO,5214101.0,Mutunópolis,93.0,2023
52.0,GO,5214101.0,Mutunópolis,100.0,2024
52.0,GO,5214408.0,Nazário,79.0,2023
52.0,GO,5214408.0,Nazário,83.94,2024
52.0,GO,5214507.0,Nerópolis,68.1,2023
52.0,GO,5214507.0,Nerópolis,71.18,2024
52.0,GO,5214606.0,Niquelândia,72.8,2023
52.0,GO,5214606.0,Niquelândia,80.22,2024
52.0,GO,5214705.0,Nova América,89.9,2023
52.0,GO,5214705.0,Nova América,95.24,2024
52.0,GO,5214804.0,Nova Aurora,14.3,2023
52.0,GO,5214804.0,Nova Aurora,84.21000000000001,2024
52.0,GO,5214838.0,Nova Crixás,64.4,2023
52.0,GO,5214838.0,Nova Crixás,71.87,2024
52.0,GO,5214861.0,Nova Glória,81.8,2023
52.0,GO,5214861.0,Nova Glória,87.68,2024
52.0,GO,5214879.0,Nova Iguaçu de Goiás,92.7,2023
52.0,GO,5214879.0,Nova Iguaçu de Goiás,95.12,2024
52.0,GO,5215009.0,Nova Veneza,86.4,2023
52.0,GO,5215009.0,Nova Veneza,76.22,2024
52.0,GO,5215207.0,Novo Brasil,84.1,2023
52.0,GO,5215207.0,Novo Brasil,54.84,2024
52.0,GO,5215231.0,Novo Gama,52.3,2023
52.0,GO,5215231.0,Novo Gama,57.35,2024
52.0,GO,5215256.0,Novo Planalto,84.7,2023
52.0,GO,5215256.0,Novo Planalto,94.54,2024
52.0,GO,5215405.0,Ouro Verde de Goiás,95.9,2023
52.0,GO,5215405.0,Ouro Verde de Goiás,96.61,2024
52.0,GO,5215504.0,Ouvidor,65.4,2023
52.0,GO,5215504.0,Ouvidor,90.09,2024
52.0,GO,5215603.0,Padre Bernardo,58.2,2023
52.0,GO,5215603.0,Padre Bernardo,69.56,2024
52.0,GO,5215801.0,Palmelo,28.6,2023
52.0,GO,5215801.0,Palmelo,64.71000000000001,2024
52.0,GO,5215900.0,Palminópolis,89.2,2023
52.0,GO,5215900.0,Palminópolis,82.81,2024
52.0,GO,5216007.0,Panamá,75.3,2023
52.0,GO,5216007.0,Panamá,84.18,2024
52.0,GO,5216304.0,Paranaiguara,85.7,2023
52.0,GO,5216304.0,Paranaiguara,97.01,2024
52.0,GO,5216403.0,Paraúna,61.8,2023
52.0,GO,5216403.0,Paraúna,67.88,2024
52.0,GO,5216452.0,Perolândia,77.6,2023
52.0,GO,5216452.0,Perolândia,77.78,2024
52.0,GO,5216809.0,Petrolina de Goiás,59.3,2023
52.0,GO,5216809.0,Petrolina de Goiás,85.41,2024
52.0,GO,5216908.0,Pilar de Goiás,96.0,2023
52.0,GO,5216908.0,Pilar de Goiás,80.87,2024
52.0,GO,5217104.0,Piracanjuba,68.0,2023
52.0,GO,5217104.0,Piracanjuba,71.69,2024
52.0,GO,5217203.0,Piranhas,78.1,2023
52.0,GO,5217203.0,Piranhas,68.65,2024
52.0,GO,5217302.0,Pirenópolis,72.9,2023
52.0,GO,5217302.0,Pirenópolis,64.06,2024
52.0,GO,5217401.0,Pires do Rio,67.4,2023
52.0,GO,5217401.0,Pires do Rio,80.88,2024
52.0,GO,5217609.0,Planaltina,65.5,2023
52.0,GO,5217609.0,Planaltina,75.11,2024
52.0,GO,5217708.0,Pontalina,73.4,2023
52.0,GO,5217708.0,Pontalina,86.03,2024
52.0,GO,5218003.0,Porangatu,51.7,2023
52.0,GO,5218003.0,Porangatu,49.92,2024
52.0,GO,5218052.0,Porteirão,83.9,2023
52.0,GO,5218052.0,Porteirão,75.38,2024
52.0,GO,5218300.0,Posse,76.2,2023
52.0,GO,5218300.0,Posse,80.95,2024
52.0,GO,5218391.0,Professor Jamil,81.6,2023
52.0,GO,5218391.0,Professor Jamil,77.25,2024
52.0,GO,5218508.0,Quirinópolis,67.0,2023
52.0,GO,5218508.0,Quirinópolis,80.29,2024
52.0,GO,5218607.0,Rialma,68.2,2023
52.0,GO,5218607.0,Rialma,97.03,2024
52.0,GO,5218789.0,Rio Quente,79.3,2023
52.0,GO,5218789.0,Rio Quente,96.08,2024
52.0,GO,5218904.0,Rubiataba,77.5,2023
52.0,GO,5218904.0,Rubiataba,87.69,2024
52.0,GO,5219001.0,Sanclerlândia,78.1,2023
52.0,GO,5219001.0,Sanclerlândia,91.82,2024
52.0,GO,5219100.0,Santa Bárbara de Goiás,78.3,2023
52.0,GO,5219100.0,Santa Bárbara de Goiás,100.0,2024
52.0,GO,5219209.0,Santa Cruz de Goiás,72.6,2023
52.0,GO,5219209.0,Santa Cruz de Goiás,85.78,2024
52.0,GO,5219258.0,Santa Fé de Goiás,76.9,2023
52.0,GO,5219258.0,Santa Fé de Goiás,92.78,2024
52.0,GO,5219407.0,Santa Rita do Araguaia,78.8,2023
52.0,GO,5219407.0,Santa Rita do Araguaia,83.33,2024
52.0,GO,5219456.0,Santa Rita do Novo Destino,87.7,2023
52.0,GO,5219456.0,Santa Rita do Novo Destino,95.83,2024
52.0,GO,5219506.0,Santa Rosa de Goiás,80.2,2023
52.0,GO,5219506.0,Santa Rosa de Goiás,100.0,2024
52.0,GO,5219605.0,Santa Tereza de Goiás,96.2,2023
52.0,GO,5219605.0,Santa Tereza de Goiás,91.67,2024
52.0,GO,5219704.0,Santa Terezinha de Goiás,84.8,2023
52.0,GO,5219704.0,Santa Terezinha de Goiás,96.08,2024
52.0,GO,5219712.0,Santo Antônio da Barra,82.5,2023
52.0,GO,5219712.0,Santo Antônio da Barra,91.64,2024
52.0,GO,5219738.0,Santo Antônio de Goiás,92.0,2023
52.0,GO,5219738.0,Santo Antônio de Goiás,82.91,2024
52.0,GO,5219803.0,São Domingos,45.7,2023
52.0,GO,5219803.0,São Domingos,65.94,2024
52.0,GO,5220009.0,São João d'Aliança,81.8,2023
52.0,GO,5220009.0,São João d'Aliança,89.53,2024
52.0,GO,5220058.0,São João da Paraúna,87.5,2023
52.0,GO,5220058.0,São João da Paraúna,87.5,2024
52.0,GO,5220108.0,São Luís de Montes Belos,66.5,2023
52.0,GO,5220108.0,São Luís de Montes Belos,76.27,2024
52.0,GO,5220207.0,São Miguel do Araguaia,86.7,2023
52.0,GO,5220207.0,São Miguel do Araguaia,91.4,2024
52.0,GO,5220264.0,São Miguel do Passa Quatro,82.0,2023
52.0,GO,5220264.0,São Miguel do Passa Quatro,67.1,2024
52.0,GO,5220280.0,São Patrício,89.2,2023
52.0,GO,5220280.0,São Patrício,86.36,2024
52.0,GO,5220405.0,São Simão,72.8,2023
52.0,GO,5220405.0,São Simão,82.29,2024
52.0,GO,5220454.0,Senador Canedo,48.5,2023
52.0,GO,5220454.0,Senador Canedo,60.34,2024
52.0,GO,5220504.0,Serranópolis,54.5,2023
52.0,GO,5220504.0,Serranópolis,66.65,2024
52.0,GO,5220603.0,Silvânia,86.0,2023
52.0,GO,5220603.0,Silvânia,91.2,2024
52.0,GO,5220686.0,Simolândia,86.3,2023
52.0,GO,5220686.0,Simolândia,77.79,2024
52.0,GO,5221007.0,Taquaral de Goiás,69.6,2023
52.0,GO,5221007.0,Taquaral de Goiás,75.0,2024
52.0,GO,5221080.0,Teresina de Goiás,56.8,2023
52.0,GO,5221080.0,Teresina de Goiás,62.3,2024
52.0,GO,5221197.0,Terezópolis de Goiás,57.8,2023
52.0,GO,5221197.0,Terezópolis de Goiás,71.39,2024
52.0,GO,5221304.0,Três Ranchos,79.5,2023
52.0,GO,5221304.0,Três Ranchos,84.05,2024
52.0,GO,5221403.0,Trindade,66.3,2023
52.0,GO,5221403.0,Trindade,77.21000000000001,2024
52.0,GO,5221452.0,Trombas,90.9,2023
52.0,GO,5221452.0,Trombas,94.47,2024
52.0,GO,5221502.0,Turvânia,72.6,2023
52.0,GO,5221502.0,Turvânia,80.7,2024
52.0,GO,5221551.0,Turvelândia,68.2,2023
52.0,GO,5221551.0,Turvelândia,86.88,2024
52.0,GO,5221577.0,Uirapuru,38.8,2023
52.0,GO,5221577.0,Uirapuru,66.67,2024
52.0,GO,5221601.0,Uruaçu,69.3,2023
52.0,GO,5221601.0,Uruaçu,76.87,2024
52.0,GO,5221700.0,Uruana,75.6,2023
52.0,GO,5221700.0,Uruana,97.73,2024
52.0,GO,5221809.0,Urutaí,78.1,2023
52.0,GO,5221809.0,Urutaí,66.86,2024
52.0,GO,5221858.0,Valparaíso de Goiás,56.7,2023
52.0,GO,5221858.0,Valparaíso de Goiás,64.23,2024
52.0,GO,5221908.0,Varjão,97.7,2023
52.0,GO,5221908.0,Varjão,84.78,2024
52.0,GO,5222005.0,Vianópolis,89.0,2023
52.0,GO,5222005.0,Vianópolis,89.5,2024
52.0,GO,5222054.0,Vicentinópolis,78.2,2023
52.0,GO,5222054.0,Vicentinópolis,84.21000000000001,2024
52.0,GO,5222203.0,Vila Boa,83.8,2023
52.0,GO,5222203.0,Vila Boa,78.69,2024
52.0,GO,5222302.0,Vila Propício,74.4,2023
52.0,GO,5222302.0,Vila Propício,79.46000000000001,2024
,,,,,2023
,,,,,2024
