ano_avaliacao,codigo_uf,sigla_uf,codigo_municipio,nome_municipio,id_aluno,id_escola,tipo_serie,tipo_dependencia,presenca_lp,preenchimento_lp,codigo_caderno_lp,peso_aluno_lp,proficiencia_lp,alfabetizado_oficial,alfabetizado_calculado_743,divergencia_indicador_743
2024,31,MG,3119955,Córrego Fundo,31136862,60021275,2,3,1,1,5,1.07,801.24,1,1,0
2024,24,RN,2408102,Natal,24004269,60010114,2,3,1,1,18,1.27,751.47,1,1,0
2024,25,PB,2515302,Sapé,25017200,60010962,2,3,1,1,2,1.1,674.74,0,0,0
2024,42,SC,4209102,Joinville,42051866,60034809,2,3,1,1,14,1.5,773.11,1,1,0
2024,23,CE,2304400,Fortaleza,23038517,60009206,2,3,1,1,16,1.0,769.8,1,1,0
2024,35,SP,3552403,Sumaré,35215377,60026551,2,2,1,1,21,1.0434783,742.2421211,0,0,0
2024,35,SP,3550308,São Paulo,35440626,60031467,2,2,1,1,4,1.0344828,728.8504137,0,0,0
2024,42,SC,4202404,Blumenau,42007941,60034722,2,2,1,1,21,1.68,741.85,0,0,0
2024,41,PR,4100400,Almirante Tamandaré,41113770,60033333,2,3,1,1,8,1.12,634.0,0,0,0
2024,35,SP,3530607,Mogi das Cruzes,35298826,60031161,2,3,1,1,8,1.08,780.3255004,1,1,0
2024,23,CE,2304301,Farias Brito,23012107,60008715,2,3,1,1,17,1.0,832.54,1,1,0
2024,29,BA,2921104,Medeiros Neto,29152885,60016974,2,3,1,1,10,1.0,785.27,1,1,0
2024,35,SP,3549805,São José do Rio Preto,35183783,60028649,2,3,1,1,5,1.1818182,808.3708718,1,1,0
2024,27,AL,2704302,Maceió,27017304,60013897,2,3,1,1,19,1.21,779.05,1,1,0
2024,29,BA,2904605,Brumado,29026933,60017387,2,3,1,1,11,1.0,728.29,0,0,0
2024,24,RN,2400703,Alto do Rodrigues,24024699,60009609,2,3,1,1,16,1.09,793.7,1,1,0
2024,33,RJ,3301009,Campos dos Goytacazes,33018755,60023227,2,3,1,1,12,1.29,688.55,0,0,0
2024,42,SC,4204301,Concórdia,42025032,60035095,2,2,1,1,8,1.15,787.52,1,1,0
2024,41,PR,4105706,Clevelândia,41123422,60034111,2,3,1,1,12,1.3,707.59,0,0,0
2024,28,SE,2803500,Lagarto,28007136,60014566,2,3,1,1,5,1.0,645.41,0,0,0
2024,29,BA,2927408,Salvador,29211677,60016137,2,3,1,1,15,1.0,709.48,0,0,0
2024,27,AL,2709301,União dos Palmares,27031475,60013522,2,3,1,1,17,1.14,795.79,1,1,0
2024,35,SP,3550308,São Paulo,35354556,60025906,2,2,1,1,5,1.0714286,712.7975097,0,0,0
2024,35,SP,3525904,Jundiaí,35106760,60028136,2,3,1,1,6,1.037037,791.8228781,1,1,0
2024,25,PB,2502151,Boa Vista,25021157,60010799,2,3,1,1,2,1.05,782.46,1,1,0
2024,33,RJ,3306305,Volta Redonda,33096647,60023659,2,3,1,1,16,1.18,748.33,1,1,0
2024,29,BA,2912905,Ibirataia,29091109,60016790,2,3,1,1,18,1.0,742.02,0,0,0
2024,31,MG,3159902,Santo Antônio do Amparo,31034176,60021513,2,3,1,1,6,1.0,751.85,1,1,0
2024,35,SP,3552205,Sorocaba,35212277,60030532,2,3,1,1,19,1.0344828,744.5888132,1,1,0
2024,11,RO,1100205,Porto Velho,11011391,60000255,2,3,1,1,20,1.32,762.09,1,1,0
2024,13,AM,1302603,Manaus,13028933,60001249,2,3,0,0,6,,,0,,
2024,23,CE,2307304,Juazeiro do Norte,23073502,60008818,2,3,1,1,13,1.0,819.85,1,1,0
2024,29,BA,2908507,Conceição do Jacuípe,29056548,60015202,2,3,1,1,2,1.0,705.06,0,0,0
2024,16,AP,1600600,Santana,16010158,60003836,2,3,1,1,4,1.11,750.76,1,1,0
2024,42,SC,4211900,Palhoça,42063950,60034485,2,2,0,0,15,,,0,,
2024,43,RS,4307807,Estrela,43044617,60039490,2,3,1,1,16,1.2,677.3622945,0,0,0
2024,51,MT,5108402,Várzea Grande,51046251,60040638,2,3,1,1,6,1.07,798.5,1,1,0
2024,31,MG,3162104,São Gotardo,31146290,60021091,2,3,1,1,16,1.11,775.58,1,1,0
2024,11,RO,1100452,Buritis,11020008,60000295,2,3,1,1,13,1.0,767.87,1,1,0
2024,27,AL,2707305,Porto Calvo,27025116,60013954,2,3,1,1,16,1.0,661.29,0,0,0
2024,42,SC,4215802,São Bento do Sul,42073424,60035651,2,3,1,1,6,1.42,724.57,0,0,0
2024,15,PA,1506807,Santarém,15069574,60002990,2,3,1,1,18,1.11,662.78,0,0,0
2024,35,SP,3548500,Santos,35168282,60028049,2,3,1,1,15,1.0,792.9270998,1,1,0
2024,31,MG,3170206,Uberlândia,31129734,60021787,2,3,1,1,18,1.3,765.13,1,1,0
2024,51,MT,5107909,Sinop,51029545,60040826,2,3,1,1,15,1.07,653.74,0,0,0
2024,21,MA,2111300,São Luís,21007170,60004415,2,3,1,1,2,1.09,715.1,0,0,0
2024,50,MS,5000203,Água Clara,50036632,60040000,2,3,1,1,16,1.09,743.17,1,1,0
2024,15,PA,1503309,Igarapé-Miri,15033998,60003121,2,3,1,1,19,1.12,798.61,1,1,0
2024,35,SP,3547809,Santo André,35313161,60027523,2,3,1,1,18,1.0454545,762.1648062,1,1,0
2024,33,RJ,3302254,Itatiaia,33072772,60023605,2,3,1,1,10,1.18,780.88,1,1,0
2024,24,RN,2408102,Natal,24028305,60010087,2,3,1,1,16,1.8,712.13,0,0,0
2024,35,SP,3522307,Itapetininga,35071459,60026281,2,2,1,1,15,1.0645161,828.9904186,1,1,0
2024,32,ES,3201308,Cariacica,32020996,60023017,2,3,1,1,6,1.05,734.55,0,0,0
2024,13,AM,1300029,Alvarães,13000081,60000714,2,2,1,1,18,1.03,775.54,1,1,0
2024,32,ES,3201308,Cariacica,32021317,60023093,2,3,1,1,10,1.23,782.37,1,1,0
2024,26,PE,2609600,Olinda,26030401,60012953,2,3,1,1,11,1.04,762.66,1,1,0
2024,16,AP,1600303,Macapá,16004114,60003794,2,3,1,1,6,1.07,644.44,0,0,0
2024,17,TO,1701051,Angico,17017789,60004088,2,3,1,1,4,1.13,754.09,1,1,0
2024,28,SE,2800308,Aracaju,28015585,60014324,2,2,1,1,6,1.24,742.05,0,0,0
2024,35,SP,3528809,Maracaí,35016250,60028931,2,3,1,1,3,1.1333333,839.1520726,1,1,0
2024,42,SC,4202909,Brusque,42013852,60035414,2,2,1,1,4,1.3,730.85,0,0,0
2024,21,MA,2101905,Bequimão,21034188,60004280,2,3,1,1,2,1.05,786.77,1,1,0
2024,42,SC,4217808,Taió,42081731,60034910,2,2,1,1,15,1.28,764.09,1,1,0
2024,52,GO,5200050,Abadia de Goiás,52073863,60042119,2,3,1,1,12,1.04,745.0,1,1,0
2024,35,SP,3507100,Bom Jesus dos Perdões,35034311,60029465,2,3,1,1,2,1.0740741,783.2295772,1,1,0
2024,35,SP,3550308,São Paulo,35430395,60031610,2,2,1,1,2,1.0689655,751.450444,1,1,0
2024,43,RS,4309407,Guaporé,43038485,60039149,2,3,1,1,8,1.0454545,772.3922905,1,1,0
2024,51,MT,5104559,Itaúba,51025366,60040218,2,3,1,1,21,1.42,766.55,1,1,0
2024,41,PR,4120606,Prudentópolis,41010540,60033178,2,3,1,1,7,1.0,733.54,0,0,0
2024,52,GO,5200258,Águas Lindas de Goiás,52069706,60041959,2,3,0,0,1,,,0,,
2024,50,MS,5005707,Naviraí,50028792,60039900,2,3,1,1,16,1.04,756.17,1,1,0
2024,35,SP,3502200,Angatuba,35071087,60028272,2,3,1,1,9,1.5833333,759.6842731,1,1,0
2024,35,SP,3516200,Franca,35063063,60026373,2,2,1,1,1,1.0,741.930502,0,0,0
2024,15,PA,1501303,Barcarena,15013981,60001903,2,3,1,1,13,1.04,786.02,1,1,0
2024,35,SP,3517000,Getulina,35116053,60030667,2,3,1,1,16,1.1428571,786.2255529,1,1,0
2024,52,GO,5221858,Valparaíso de Goiás,52067051,60042016,2,3,1,1,3,1.1,772.98,1,1,0
2024,41,PR,4123501,Santa Helena,41025258,60032651,2,3,1,1,13,1.11,751.63,1,1,0
2024,15,PA,1500800,Ananindeua,15010772,60001851,2,2,1,1,16,1.14,719.84,0,0,0
2024,33,RJ,3305802,Teresópolis,33091059,60023887,2,3,1,1,6,1.18,818.32,1,1,0
2024,53,DF,5300108,Brasília,53000978,60042441,2,2,1,1,20,1.5,735.2,0,0,0
2024,31,MG,3139607,Mantena,31042777,60018705,2,3,1,1,21,1.16,669.27,0,0,0
2024,15,PA,1500800,Ananindeua,15010069,60003043,2,3,1,1,18,1.13,725.86,0,0,0
2024,43,RS,4314902,Porto Alegre,43066807,60038119,2,3,0,0,12,,,0,,
2024,21,MA,2100832,Apicum-Açu,21033903,60005680,2,3,1,1,12,1.08,735.37,0,0,0
2024,23,CE,2307650,Maracanaú,23033022,60009406,2,3,1,1,21,1.05,821.19,1,1,0
2024,41,PR,4119905,Ponta Grossa,41119802,60032573,2,3,0,0,19,,,0,,
2024,33,RJ,3304524,Rio das Ostras,33074674,60023467,2,3,1,1,8,1.45,748.34,1,1,0
2024,42,SC,4202305,Biguaçu,42006208,60035753,2,3,1,1,18,1.65,737.3,0,0,0
2024,15,PA,1505536,Parauapebas,15059763,60003231,2,3,0,0,18,,,0,,
2024,35,SP,3550308,São Paulo,35426045,60025951,2,2,1,1,7,1.08,782.3877103,1,1,0
2024,29,BA,2915601,Itamaraju,29110421,60016947,2,3,1,1,2,1.0,706.17,0,0,0
2024,33,RJ,3304557,Rio de Janeiro,33138557,60024715,2,3,1,1,3,1.32,753.06,1,1,0
2024,35,SP,3550308,São Paulo,35388783,60025815,2,2,1,1,18,1.0740741,831.7624227,1,1,0
2024,15,PA,1502400,Castanhal,15026450,60002067,2,3,1,1,14,1.29,658.66,0,0,0
2024,52,GO,5208806,Goianira,52036294,60041739,2,3,1,1,6,1.23,770.46,1,1,0
2024,29,BA,2910800,Feira de Santana,29922085,60015214,2,3,0,0,4,,,0,,
2024,35,SP,3522505,Itapevi,35280193,60028257,2,3,1,1,10,1.0285714,714.3361143,0,0,0
2024,35,SP,3550308,São Paulo,35376685,60031464,2,2,1,1,10,1.1538462,795.4508305,1,1,0
2024,12,AC,1200351,Marechal Thaumaturgo,12004062,60000577,2,3,1,1,5,1.04,769.57,1,1,0
2024,52,GO,5215231,Novo Gama,52064704,60041754,2,3,1,1,18,1.03,680.97,0,0,0
2024,15,PA,1504208,Marabá,15043443,60002760,2,3,1,1,3,1.32,684.62,0,0,0
2024,52,GO,5215231,Novo Gama,52065181,60042132,2,3,1,1,18,1.33,826.62,1,1,0
2024,33,RJ,3304557,Rio de Janeiro,33105165,60024582,2,3,1,1,13,1.09,710.75,0,0,0
2024,35,SP,3550308,São Paulo,35379762,60026554,2,2,1,1,6,1.0384615,773.6450958,1,1,0
2024,11,RO,1100304,Vilhena,11018606,60000389,2,3,0,0,11,,,0,,
2024,35,SP,3548054,Santo Antônio do Aracanguá,35010985,60028996,2,3,1,1,1,1.0769231,806.3990448,1,1,0
2024,42,SC,4202404,Blumenau,42095580,60034723,2,2,1,1,11,1.62,807.17,1,1,0
2024,31,MG,3137205,Lagoa da Prata,31116401,60018543,2,3,1,1,8,1.11,813.34,1,1,0
2024,35,SP,3509502,Campinas,35044446,60028002,2,3,1,1,3,1.0740741,731.4815527,0,0,0
2024,31,MG,3129806,Ibirité,31123647,60021880,2,3,1,1,19,1.0,739.2,0,0,0
2024,31,MG,3101508,Além Paraíba,31117723,60019297,2,3,1,1,9,1.0,737.52,0,0,0
2024,35,SP,3550308,São Paulo,35362447,60027693,2,3,1,1,1,1.1111111,736.0171781,0,0,0
2024,35,SP,3534401,Osasco,35299818,60027320,2,3,1,1,16,1.1666667,837.4989496,1,1,0
2024,35,SP,3550308,São Paulo,35350180,60025798,2,2,1,1,12,1.1111111,765.7353439,1,1,0
2024,15,PA,1500602,Altamira,15005594,60002571,2,3,1,1,17,1.14,758.19,1,1,0
2024,41,PR,4108403,Francisco Beltrão,41040552,60032938,2,3,1,1,13,1.17,760.27,1,1,0
2024,29,BA,2917508,Jacobina,29120843,60017117,2,3,1,1,1,1.0,754.86,1,1,0
2024,13,AM,1302603,Manaus,13040668,60000920,2,2,1,1,15,1.79,691.13,0,0,0
2024,16,AP,1600253,Itaubal,16001330,60003775,2,3,1,1,21,1.0,758.48,1,1,0
2024,35,SP,3550308,São Paulo,35437563,60025987,2,2,1,1,14,1.2222222,831.6440295,1,1,0
2024,35,SP,3519071,Hortolândia,35219000,60029021,2,3,1,1,1,1.2272727,821.514298,1,1,0
2024,15,PA,1503309,Igarapé-Miri,15098689,60002335,2,3,1,1,2,1.19,775.39,1,1,0
2024,13,AM,1302504,Manacapuru,13014115,60001495,2,3,1,1,6,1.08,737.82,0,0,0
2024,41,PR,4115200,Maringá,41054070,60033959,2,3,1,1,13,1.2,768.37,1,1,0
2024,29,BA,2906824,Canudos,29046319,60015377,2,3,1,1,17,1.0,707.87,0,0,0
2024,50,MS,5003702,Dourados,50020526,60039825,2,3,1,1,5,1.21,742.56,0,0,0
2024,42,SC,4204202,Chapecó,42023209,60035145,2,2,0,0,7,,,0,,
2024,42,SC,4208203,Itajaí,42038213,60035249,2,2,1,1,17,2.62,819.06,1,1,0
2024,31,MG,3122306,Divinópolis,31131789,60021667,2,3,1,1,9,1.14,798.93,1,1,0
2024,43,RS,4323002,Viamão,43102651,60039069,2,3,1,1,13,1.25,692.5660019,0,0,0
2024,33,RJ,3305802,Teresópolis,33090012,60025289,2,3,1,1,15,1.21,728.19,0,0,0
2024,15,PA,1505536,Parauapebas,15058578,60003639,2,3,1,1,12,1.08,807.48,1,1,0
2024,42,SC,4207106,Ilhota,42033350,60035255,2,3,1,1,19,2.14,777.28,1,1,0
2024,33,RJ,3304557,Rio de Janeiro,33148351,60024524,2,3,1,1,7,1.16,780.12,1,1,0
2024,51,MT,5107909,Sinop,51027923,60040538,2,3,1,1,12,1.15,752.87,1,1,0
2024,43,RS,4305108,Caxias do Sul,43019467,60036920,2,2,1,1,12,1.0833333,773.0899981,1,1,0
2024,33,RJ,3302700,Maricá,33047423,60024230,2,3,1,1,19,1.08,803.75,1,1,0
2024,43,RS,4317202,Santa Rosa,43079386,60038418,2,2,1,1,1,1.0,784.5943561,1,1,0
2024,33,RJ,3303500,Nova Iguaçu,33059100,60024327,2,3,1,1,3,1.21,680.22,0,0,0
2024,22,PI,2209559,São Braz do Piauí,22024058,60007007,2,3,1,1,14,1.0,767.4,1,1,0
2024,31,MG,3122470,Dom Bosco,31150219,60021589,2,3,1,1,7,1.08,652.71,0,0,0
2024,23,CE,2307304,Juazeiro do Norte,23002194,60008807,2,3,1,1,16,1.0,839.45,1,1,0
2024,13,AM,1302603,Manaus,13056634,60000835,2,3,1,1,6,1.38,646.94,0,0,0
2024,35,SP,3509502,Campinas,35039134,60027139,2,3,1,1,11,1.0952381,674.1079307,0,0,0
2024,53,DF,5300108,Brasília,53007616,60042490,2,2,1,1,19,1.5,702.84,0,0,0
2024,22,PI,2211407,Várzea Grande,22017982,60007192,2,3,1,1,3,1.0,746.84,1,1,0
2024,17,TO,1703826,Cachoeirinha,17017811,60003893,2,3,1,1,21,1.04,681.86,0,0,0
2024,41,PR,4115804,Medianeira,41128389,60032839,2,3,1,1,3,1.0,799.58,1,1,0
2024,15,PA,1503804,Jacundá,15038263,60002507,2,3,1,1,16,1.19,693.85,0,0,0
2024,43,RS,4322608,Venâncio Aires,43101157,60039029,2,3,1,1,18,1.1111111,767.8039963,1,1,0
2024,35,SP,3547809,Santo André,35314366,60030945,2,3,1,1,16,1.2352941,710.1731621,0,0,0
2024,51,MT,5105259,Lucas do Rio Verde,51025922,60040651,2,3,1,1,10,1.13,856.73,1,1,0
2024,33,RJ,3300209,Araruama,33003672,60025648,2,3,1,1,16,1.17,741.29,0,0,0
2024,26,PE,2606200,Goiana,26077902,60012055,2,3,1,1,13,1.1,688.99,0,0,0
2024,41,PR,4122404,Rolândia,41022774,60032261,2,3,1,1,13,1.15,740.33,0,0,0
2024,51,MT,5107909,Sinop,51027513,60040226,2,3,1,1,9,1.12,723.15,0,0,0
2024,31,MG,3109451,Cabeceira Grande,31154785,60019521,2,3,1,1,16,1.29,632.27,0,0,0
2024,52,GO,5215504,Ouvidor,52024870,60041591,2,3,0,0,12,,,0,,
2024,15,PA,1502400,Castanhal,15026729,60003374,2,3,1,1,15,1.4,664.48,0,0,0
2024,43,RS,4306601,Dom Pedrito,43003997,60037045,2,2,1,1,15,1.047619,633.4168704,0,0,0
2024,50,MS,5002704,Campo Grande,50009835,60040061,2,3,1,1,20,1.05,789.29,1,1,0
2024,35,SP,3548708,São Bernardo do Campo,35322183,60030305,2,3,1,1,8,1.08,815.9422982,1,1,0
2024,42,SC,4217501,Seara,42080854,60035116,2,3,1,1,9,1.33,848.43,1,1,0
2024,26,PE,2611101,Petrolina,26079767,60012782,2,3,1,1,21,1.15,747.06,1,1,0
2024,22,PI,2211001,Teresina,22009140,60006525,2,3,1,1,5,1.0,817.46,1,1,0
2024,23,CE,2305506,Iguatu,23059572,60008609,2,3,1,1,9,1.0,663.61,0,0,0
2024,50,MS,5007208,Rio Brilhante,50025133,60039973,2,3,1,1,20,1.15,754.03,1,1,0
2024,41,PR,4110805,Iretama,41074948,60031988,2,3,1,1,16,1.08,759.22,1,1,0
2024,35,SP,3509601,Campo Limpo Paulista,35100511,60030083,2,3,1,1,12,1.125,779.629552,1,1,0
2024,29,BA,2901304,Andaraí,29006451,60016237,2,3,1,1,9,1.0,702.08,0,0,0
2024,25,PB,2507507,João Pessoa,25003780,60011079,2,3,1,1,17,1.22,685.82,0,0,0
2024,33,RJ,3301009,Campos dos Goytacazes,33016499,60023217,2,3,1,1,9,1.09,679.93,0,0,0
2024,32,ES,3204104,Pinheiros,32032389,60022345,2,3,1,1,5,1.04,794.19,1,1,0
2024,29,BA,2927408,Salvador,29217547,60017548,2,3,0,0,21,,,0,,
2024,31,MG,3135506,Jequeri,31027276,60021709,2,3,1,1,7,1.11,798.75,1,1,0
2024,52,GO,5213103,Mineiros,52056759,60041438,2,3,1,1,15,1.04,759.69,1,1,0
2024,32,ES,3205200,Vila Velha,32016830,60023109,2,3,1,1,9,1.18,811.47,1,1,0
2024,41,PR,4106902,Curitiba,41113948,60033601,2,3,0,0,9,,,0,,
2024,28,SE,2800308,Aracaju,28017856,60014344,2,2,0,0,18,,,0,,
2024,31,MG,3143906,Muriaé,31162189,60022058,2,3,1,1,2,1.67,823.09,1,1,0
2024,33,RJ,3301009,Campos dos Goytacazes,33019485,60025546,2,3,0,0,14,,,0,,
2024,43,RS,4305108,Caxias do Sul,43020684,60036938,2,3,1,1,10,1.3,770.1438397,1,1,0
2024,35,SP,3516200,Franca,35065596,60031232,2,3,1,1,2,1.0526316,691.0148927,0,0,0
2024,25,PB,2514909,São Mamede,25029944,60010537,2,3,1,1,6,1.0,801.47,1,1,0
2024,33,RJ,3303906,Petrópolis,33068536,60023820,2,3,0,0,12,,,0,,
2024,32,ES,3200409,Anchieta,32010330,60022756,2,3,1,1,10,1.0,772.64,1,1,0
2024,43,RS,4314902,Porto Alegre,43065641,60038091,2,2,1,1,16,1.3333333,797.0360489,1,1,0
2024,31,MG,3145059,Nova Porteirinha,31101111,60019257,2,3,1,1,12,1.12,637.85,0,0,0
2024,27,AL,2704302,Maceió,27017016,60013803,2,3,1,1,4,1.05,688.34,0,0,0
2024,41,PR,4115200,Maringá,41020290,60034361,2,3,1,1,11,1.15,755.19,1,1,0
2024,32,ES,3203056,Jaguaré,32028383,60022388,2,3,1,1,4,1.22,768.68,1,1,0
2024,17,TO,1701101,Aparecida do Rio Negro,17000075,60004115,2,3,1,1,7,1.2,648.89,0,0,0
2024,35,SP,3518800,Guarulhos,35271637,60026634,2,2,1,1,4,1.12,815.0694601,1,1,0
2024,24,RN,2408102,Natal,24028279,60010073,2,3,0,0,1,,,0,,
2024,50,MS,5008305,Três Lagoas,50037268,60039763,2,3,1,1,8,1.0,775.15,1,1,0
2024,35,SP,3552502,Suzano,35328309,60029488,2,3,1,1,21,1.3043478,725.0296059,0,0,0
2024,52,GO,5208707,Goiânia,52007379,60041790,2,3,1,1,18,1.13,675.5,0,0,0
2024,43,RS,4313409,Novo Hamburgo,43050605,60037666,2,3,1,1,1,1.1111111,685.4640734,0,0,0
2024,41,PR,4115200,Maringá,41000171,60032074,2,3,1,1,1,1.17,730.97,0,0,0
2024,23,CE,2307650,Maracanaú,23034929,60009194,2,3,1,1,21,1.0,808.58,1,1,0
2024,29,BA,2910800,Feira de Santana,29073457,60015230,2,3,1,1,20,1.0,748.89,1,1,0
2024,13,AM,1303536,Presidente Figueiredo,13020285,60000940,2,3,0,0,16,,,0,,
2024,21,MA,2100600,Amarante do Maranhão,21024938,60006138,2,3,1,1,3,1.18,692.91,0,0,0
2024,43,RS,4318200,São Francisco de Paula,43085558,60038549,2,2,1,1,18,1.0,815.8294391,1,1,0
2024,31,MG,3154606,Ribeirão das Neves,31194519,60020614,2,2,1,1,12,1.21,743.73,1,1,0
2024,35,SP,3520509,Indaiatuba,35052532,60030923,2,3,1,1,14,1.3,816.1074947,1,1,0
2024,35,SP,3550308,São Paulo,35436454,60031775,2,2,1,1,20,1.0714286,744.0332193,1,1,0
2024,35,SP,3549102,São João da Boa Vista,35175811,60027488,2,3,1,1,13,1.125,744.5063604,1,1,0
2024,50,MS,5002704,Campo Grande,50009133,60039999,2,3,1,1,19,1.04,783.84,1,1,0
2024,35,SP,3510401,Capivari,35050232,60029846,2,3,1,1,21,1.2,740.7525592,0,0,0
2024,26,PE,2608701,Lagoa dos Gatos,26023521,60012007,2,3,1,1,8,1.04,821.78,1,1,0
2024,35,SP,3551009,São Vicente,35200440,60027336,2,3,1,1,19,1.1111111,695.6899707,0,0,0
2024,35,SP,3548708,São Bernardo do Campo,35317086,60028501,2,3,0,0,8,,,0,,
2024,15,PA,1504000,Limoeiro do Ajuru,15039440,60002358,2,3,1,1,1,1.0,741.42,0,0,0
2024,33,RJ,3304557,Rio de Janeiro,33121849,60024564,2,3,0,0,5,,,0,,
2024,53,DF,5300108,Brasília,53012473,60042344,2,2,1,1,15,1.19,646.02,0,0,0
2024,23,CE,2311702,Reriutaba,23071586,60007607,2,3,1,1,11,1.0,822.12,1,1,0
2024,35,SP,3543402,Ribeirão Preto,35159144,60031568,2,2,0,0,1,,,0,,
2024,31,MG,3106200,Belo Horizonte,31146640,60017956,2,2,1,1,14,1.18,769.49,1,1,0
2024,35,SP,3524303,Jaboticabal,35086443,60030803,2,3,1,1,18,1.0909091,752.3603438,1,1,0
2024,15,PA,1504208,Marabá,15043346,60002747,2,3,0,0,7,,,0,,
2024,21,MA,2100600,Amarante do Maranhão,21024885,60005953,2,3,0,0,15,,,0,,
2024,42,SC,4202305,Biguaçu,42006878,60034431,2,2,0,0,19,,,0,,
2024,43,RS,4322301,Tuparendi,43079118,60038975,2,3,1,1,10,1.1111111,761.0517395,1,1,0
2024,41,PR,4106902,Curitiba,41124526,60034360,2,3,0,0,15,,,0,,
2024,35,SP,3552403,Sumaré,35216791,60028770,2,3,1,1,4,1.4117647,817.3125847,1,1,0
2024,29,BA,2916500,Itapicuru,29115442,60015450,2,3,1,1,4,1.0,749.93,1,1,0
2024,35,SP,3550308,São Paulo,35348127,60030238,2,3,1,1,6,1.12,759.4368916,1,1,0
2024,26,PE,2610004,Palmares,26023804,60012212,2,3,0,0,20,,,0,,
2024,13,AM,1303403,Parintins,13018174,60001010,2,2,1,1,9,1.28,787.92,1,1,0
2024,13,AM,1302603,Manaus,13043973,60000897,2,2,0,0,12,,,0,,
2024,11,RO,1100452,Buritis,11020246,60000332,2,3,0,0,12,,,0,,
2024,31,MG,3118601,Contagem,31167376,60020851,2,3,1,1,7,1.35,658.91,0,0,0
2024,31,MG,3171204,Vespasiano,31171400,60021105,2,3,1,1,7,1.04,799.9,1,1,0
2024,35,SP,3511409,Cerqueira César,35018371,60029224,2,3,0,0,20,,,0,,
2024,15,PA,1504422,Marituba,15045618,60001852,2,3,0,0,20,,,0,,
2024,35,SP,3530201,Mirante do Paranapanema,35121768,60026450,2,2,1,1,10,1.0,749.3073383,1,1,0
2024,51,MT,5102702,Canarana,51003142,60040738,2,3,1,1,11,1.37,785.8,1,1,0
2024,42,SC,4207205,Imaruí,42056891,60035620,2,3,1,1,5,1.5,753.39,1,1,0
2024,35,SP,3551009,São Vicente,35201454,60028321,2,3,1,1,13,1.0,806.528642,1,1,0
2024,17,TO,1702208,Araguatins,17014130,60004239,2,3,0,0,18,,,0,,
2024,21,MA,2111300,São Luís,21005414,60004388,2,3,1,1,5,1.0,741.42,0,0,0
2024,31,MG,3146404,Paineiras,31004623,60018560,2,3,1,1,4,1.0,800.83,1,1,0
2024,52,GO,5218003,Porangatu,52047568,60040926,2,3,1,1,8,1.1,754.58,1,1,0
2024,35,SP,3509403,Cajuru,35153898,60027799,2,3,1,1,7,1.1428571,705.5204521,0,0,0
2024,42,SC,4209102,Joinville,42053089,60035703,2,2,0,0,7,,,0,,
2024,33,RJ,3305109,São João de Meriti,33084593,60025059,2,3,0,0,17,,,0,,
2024,35,SP,3550308,São Paulo,35372407,60029706,2,3,1,1,7,1.25,747.0213601,1,1,0
2024,35,SP,3509502,Campinas,35047010,60031654,2,2,1,1,7,1.1142857,782.3877103,1,1,0
2024,52,GO,5208707,Goiânia,52004863,60041208,2,3,1,1,16,1.24,786.68,1,1,0
2024,52,GO,5201108,Anápolis,52012073,60041009,2,3,1,1,6,1.04,733.57,0,0,0
2024,35,SP,3522208,Itapecerica da Serra,35276802,60031256,2,3,1,1,17,1.28,692.1425321,0,0,0
2024,42,SC,4213500,Porto Belo,42069782,60035287,2,3,0,0,3,,,0,,
2024,50,MS,5003702,Dourados,50020098,60039820,2,3,1,1,8,1.43,757.83,1,1,0
2024,51,MT,5107602,Rondonópolis,51048874,60040723,2,3,1,1,17,1.0,783.08,1,1,0
2024,35,SP,3549904,São José dos Campos,35189301,60027094,2,3,0,0,4,,,0,,
2024,11,RO,1100205,Porto Velho,11013271,60000353,2,3,0,0,10,,,0,,
2024,41,PR,4116208,Morretes,41008520,60033764,2,3,1,1,7,1.11,748.24,1,1,0
2024,50,MS,5003256,Costa Rica,50039534,60039746,2,3,1,1,11,1.0,674.95,0,0,0
2024,33,RJ,3301702,Duque de Caxias,33024803,60025429,2,3,1,1,9,1.28,715.39,0,0,0
2024,35,SP,3530607,Mogi das Cruzes,35296118,60027490,2,3,1,1,21,1.1071429,716.1633761,0,0,0
2024,35,SP,3550308,São Paulo,35436138,60031773,2,2,1,1,15,1.2142857,730.3880824,0,0,0
2024,52,GO,5201108,Anápolis,52011789,60041003,2,3,1,1,13,1.32,745.48,1,1,0
2024,23,CE,2302800,Canindé,23004982,60007816,2,3,1,1,21,1.0,832.35,1,1,0
2024,31,MG,3103009,Antônio Dias,31134301,60020308,2,2,1,1,5,1.0,742.2,0,0,0
2024,35,SP,3550308,São Paulo,35402634,60026524,2,2,1,1,10,1.0689655,725.6368941,0,0,0
2024,31,MG,3151503,Piumhi,31028201,60020688,2,3,0,0,13,,,0,,
2024,41,PR,4119905,Ponta Grossa,41137167,60032552,2,3,1,1,21,1.15,776.63,1,1,0
2024,35,SP,3528502,Mairiporã,35246401,60029872,2,3,1,1,1,1.0,821.514298,1,1,0
2024,52,GO,5201108,Anápolis,52010270,60040978,2,3,1,1,15,1.04,755.47,1,1,0
2024,32,ES,3201308,Cariacica,32017154,60022558,2,3,1,1,20,1.25,774.88,1,1,0
2024,35,SP,3543907,Rio Claro,35113782,60027199,2,3,1,1,1,1.1578947,806.3990448,1,1,0
2024,15,PA,1506559,Santa Luzia do Pará,15068288,60002461,2,3,1,1,1,1.13,807.28,1,1,0
2024,33,RJ,3304557,Rio de Janeiro,33134221,60024662,2,3,1,1,14,1.07,768.22,1,1,0
2024,15,PA,1505502,Paragominas,15056691,60003238,2,3,1,1,13,1.19,727.05,0,0,0
2024,41,PR,4104659,Carambeí,41025593,60032500,2,3,1,1,19,1.08,765.05,1,1,0
2024,12,AC,1200401,Rio Branco,12010091,60000512,2,3,1,1,9,1.09,675.99,0,0,0
2024,35,SP,3502804,Araçatuba,35009199,60029270,2,3,0,0,8,,,0,,
2024,13,AM,1304203,Tefé,13026298,60001293,2,3,1,1,14,1.23,742.51,0,0,0
2024,35,SP,3550308,São Paulo,35437677,60025990,2,2,1,1,18,1.1851852,770.6042674,1,1,0
2024,35,SP,3507605,Bragança Paulista,35036143,60031373,2,3,1,1,14,1.1111111,752.4407981,1,1,0
2024,29,BA,2901353,Andorinha,29006760,60014909,2,3,1,1,2,1.0,706.74,0,0,0
2024,51,MT,5108402,Várzea Grande,51046400,60040655,2,2,1,1,16,1.29,743.85,1,1,0
2024,35,SP,3545803,Santa Bárbara d'Oeste,35005272,60029782,2,3,1,1,19,1.3333333,718.4266776,0,0,0
2024,32,ES,3200607,Aracruz,32024064,60022947,2,3,1,1,18,1.21,729.84,0,0,0
2024,12,AC,1200252,Epitaciolândia,12002946,60000544,2,3,0,0,7,,,0,,
2024,43,RS,4303103,Cachoeirinha,43009400,60036628,2,3,1,1,8,1.04,761.772502,1,1,0
2024,31,MG,3170206,Uberlândia,31081689,60020112,2,2,1,1,16,1.25,774.61,1,1,0
2024,12,AC,1200500,Sena Madureira,12005626,60000448,2,3,1,1,10,1.0,827.81,1,1,0
2024,42,SC,4202453,Bombinhas,42068072,60036190,2,3,0,0,19,,,0,,
2024,26,PE,2611606,Recife,26048014,60013009,2,3,1,1,1,1.0,756.97,1,1,0
2024,41,PR,4124020,Santa Tereza do Oeste,41004466,60032778,2,3,1,1,4,1.14,766.63,1,1,0
2024,33,RJ,3306305,Volta Redonda,33095948,60023646,2,3,1,1,16,1.16,788.8,1,1,0
2024,41,PR,4121703,Reserva,41049238,60032441,2,3,1,1,14,1.46,769.4,1,1,0
2024,15,PA,1507607,São Miguel do Guamá,15077590,60003354,2,3,0,0,6,,,0,,
2024,13,AM,1304062,Tabatinga,13024529,60001529,2,2,1,1,10,1.07,767.88,1,1,0
2024,35,SP,3547809,Santo André,35311158,60026147,2,3,1,1,15,1.2,754.0846993,1,1,0
2024,31,MG,3164407,São Sebastião da Bela Vista,31070276,60018852,2,3,1,1,7,1.06,777.52,1,1,0
2024,35,SP,3524402,Jacareí,35090348,60028639,2,3,1,1,3,1.1111111,704.5024708,0,0,0
2024,24,RN,2408102,Natal,24002205,60010067,2,2,1,1,7,1.21,653.88,0,0,0
2024,50,MS,5002704,Campo Grande,50005514,60039718,2,3,1,1,11,1.03,775.99,1,1,0
2024,41,PR,4124004,Santana do Itararé,41042988,60032416,2,3,1,1,4,1.14,750.88,1,1,0
2024,21,MA,2111201,São José de Ribamar,21002617,60004345,2,3,0,0,18,,,0,,
2024,15,PA,1505809,Portel,15062241,60002926,2,3,1,1,7,1.36,734.52,0,0,0
2024,41,PR,4119400,Piraí do Sul,41111019,60032485,2,3,1,1,16,1.1,751.36,1,1,0
2024,35,SP,3518800,Guarulhos,35259992,60026757,2,3,0,0,9,,,0,,
2024,25,PB,2513703,Santa Rita,25016694,60011112,2,3,1,1,2,1.63,631.02,0,0,0
2024,29,BA,2908408,Conceição do Coité,29055983,60017764,2,3,1,1,12,1.0,765.63,1,1,0
2024,16,AP,1600154,Pedra Branca do Amapari,16010626,60003805,2,3,1,1,8,1.0,724.69,0,0,0
2024,16,AP,1600303,Macapá,16006092,60003679,2,2,1,1,3,1.29,718.63,0,0,0
2024,35,SP,3550308,São Paulo,35410904,60029718,2,3,1,1,6,1.2727273,619.1976402,0,0,0
2024,31,MG,3146008,Ouro Fino,31143546,60018802,2,3,1,1,6,1.06,749.18,1,1,0
2024,21,MA,2108306,Penalva,21057856,60004598,2,3,1,1,5,1.08,799.23,1,1,0
2024,12,AC,1200427,Rodrigues Alves,12004684,60000428,2,3,0,0,12,,,0,,
2024,52,GO,5203302,Bela Vista de Goiás,52058045,60042084,2,3,1,1,1,1.07,718.27,0,0,0
2024,31,MG,3154606,Ribeirão das Neves,31125935,60021680,2,3,1,1,21,1.13,709.84,0,0,0
2024,29,BA,2904308,Brejões,29926222,60016299,2,3,0,0,11,,,0,,
2024,31,MG,3151800,Poços de Caldas,31009721,60019639,2,3,1,1,2,1.27,773.92,1,1,0
2024,35,SP,3550308,São Paulo,35383602,60025859,2,2,0,0,19,,,0,,
2024,13,AM,1302603,Manaus,13053179,60001537,2,3,1,1,17,1.58,744.57,1,1,0
2024,15,PA,1502855,Curuá,15029996,60003574,2,3,1,1,18,1.0,657.49,0,0,0
2024,13,AM,1302603,Manaus,13044146,60000814,2,2,1,1,12,1.6,767.58,1,1,0
2024,35,SP,3518800,Guarulhos,35259665,60026753,2,3,1,1,2,1.4285714,751.3128197,1,1,0
2024,26,PE,2611606,Recife,26051429,60012544,2,3,1,1,11,1.0,736.39,0,0,0
2024,41,PR,4118501,Pato Branco,41013144,60034137,2,3,1,1,4,1.24,741.0,0,0,0
2024,23,CE,2306256,Itaitinga,23052625,60008132,2,3,1,1,1,1.04,740.71,0,0,0
2024,35,SP,3502804,Araçatuba,35009406,60029272,2,3,1,1,3,1.2,773.4750426,1,1,0
2024,31,MG,3106200,Belo Horizonte,31126640,60020777,2,3,1,1,12,1.23,694.69,0,0,0
2024,23,CE,2313401,Tianguá,23053454,60007408,2,3,1,1,12,1.08,788.83,1,1,0
2024,33,RJ,3302106,Itaocara,33050485,60023183,2,3,1,1,9,1.23,685.67,0,0,0
2024,41,PR,4104907,Castro,41060630,60032505,2,3,1,1,8,1.24,817.98,1,1,0
2024,15,PA,1500800,Ananindeua,15010854,60001858,2,2,1,1,11,1.25,621.33,0,0,0
2024,50,MS,5002704,Campo Grande,50007719,60039968,2,3,1,1,2,1.19,775.87,1,1,0
2024,29,BA,2907905,Cipó,29053110,60015435,2,3,1,1,9,1.0,782.11,1,1,0
2024,21,MA,2105708,Lago da Pedra,21065850,60006083,2,3,1,1,21,1.14,722.14,0,0,0
2024,33,RJ,3305802,Teresópolis,33091053,60023887,2,3,1,1,19,1.0,737.31,0,0,0
2024,42,SC,4204608,Criciúma,42027930,60036023,2,3,1,1,12,1.35,645.32,0,0,0
2024,35,SP,3550308,São Paulo,35424869,60030774,2,3,1,1,15,1.0357143,659.4660307,0,0,0
2024,22,PI,2207702,Parnaíba,22002399,60006414,2,3,1,1,9,1.06,719.83,0,0,0
2024,23,CE,2314102,Viçosa do Ceará,23027649,60007446,2,3,1,1,20,1.0,800.21,1,1,0
2024,31,MG,3167202,Sete Lagoas,31182116,60019847,2,3,1,1,9,2.43,761.84,1,1,0
2024,32,ES,3205002,Serra,32005986,60023060,2,3,1,1,18,1.2,758.56,1,1,0
2024,35,SP,3550308,São Paulo,35386824,60031593,2,2,1,1,2,1.1034483,763.140766,1,1,0
2024,41,PR,4101408,Apucarana,41018101,60032139,2,3,1,1,16,1.09,772.73,1,1,0
2024,31,MG,3145604,Oliveira,31052814,60020493,2,3,1,1,4,1.14,785.82,1,1,0
2024,50,MS,5002407,Caarapó,50019182,60039814,2,3,1,1,9,1.11,705.05,0,0,0
2024,51,MT,5106232,Nova Olímpia,51033566,60040559,2,3,1,1,16,1.05,700.51,0,0,0
2024,31,MG,3157336,Santa Cruz de Minas,31148536,60021086,2,3,1,1,16,1.0,635.02,0,0,0
2024,33,RJ,3303302,Niterói,33054728,60025535,2,3,1,1,12,1.13,733.16,0,0,0
2024,35,SP,3525904,Jundiaí,35107527,60029622,2,3,1,1,8,1.0666667,728.7647084,0,0,0
2024,12,AC,1200104,Brasiléia,12000414,60000543,2,3,0,0,14,,,0,,
2024,35,SP,3550308,São Paulo,35348051,60029820,2,3,1,1,20,1.4736842,693.3157137,0,0,0
2024,50,MS,5002704,Campo Grande,50004625,60039708,2,3,1,1,6,1.1,680.74,0,0,0
2024,31,MG,3122306,Divinópolis,31128226,60018500,2,2,1,1,4,1.04,783.08,1,1,0
2024,31,MG,3108404,Botelhos,31101626,60019607,2,3,1,1,5,1.0,775.68,1,1,0
2024,26,PE,2609600,Olinda,26030648,60013083,2,3,1,1,12,1.0,770.97,1,1,0
2024,31,MG,3106200,Belo Horizonte,31077489,60021537,2,2,1,1,3,1.09,759.32,1,1,0
2024,27,AL,2700300,Arapiraca,27002616,60013828,2,3,1,1,21,1.04,677.44,0,0,0
2024,29,BA,2929206,São Francisco do Conde,29233296,60017787,2,3,1,1,4,1.0,749.93,1,1,0
2024,33,RJ,3305554,Seropédica,33088438,60023953,2,3,1,1,1,1.42,666.08,0,0,0
2024,35,SP,3506508,Birigui,35027745,60029278,2,3,0,0,11,,,0,,
2024,26,PE,2604007,Carpina,26018092,60012035,2,3,1,1,5,1.05,762.81,1,1,0
2024,13,AM,1302603,Manaus,13045402,60001260,2,3,0,0,20,,,0,,
2024,35,SP,3550308,São Paulo,35367526,60027010,2,3,1,1,11,1.1538462,700.7007484,0,0,0
2024,35,SP,3513801,Diadema,35255599,60026773,2,3,0,0,20,,,0,,
2024,43,RS,4304663,Capão do Leão,43012748,60036808,2,3,1,1,21,1.1428571,685.9552077,0,0,0
2024,52,GO,5200605,Alto Paraíso de Goiás,52061143,60040936,2,3,1,1,13,1.0,724.41,0,0,0
2024,26,PE,2611002,Petrolândia,26067924,60011647,2,3,1,1,11,1.04,766.17,1,1,0
2024,26,PE,2607307,Ipubi,26061521,60013058,2,3,1,1,17,1.05,826.1,1,1,0
2024,31,MG,3156700,Sabará,31169038,60020709,2,3,1,1,14,1.11,791.54,1,1,0
2024,24,RN,2403251,Parnamirim,24017957,60010337,2,3,1,1,8,1.58,697.89,0,0,0
2024,13,AM,1302306,Jutaí,13013069,60000667,2,3,1,1,13,1.31,765.89,1,1,0
2024,15,PA,1508001,Tomé-Açu,15081736,60002411,2,3,1,1,8,1.08,740.92,0,0,0
2024,31,MG,3133006,Itamonte,31135859,60020228,2,3,1,1,12,1.07,709.92,0,0,0
2024,35,SP,3541000,Praia Grande,35145998,60028263,2,3,1,1,11,1.1764706,838.5557152,1,1,0
2024,42,SC,4218251,Timbó Grande,42016415,60036055,2,3,0,0,13,,,0,,
2024,35,SP,3526902,Limeira,35111266,60027536,2,3,1,1,19,1.2222222,777.9579897,1,1,0
2024,41,PR,4100459,Altamira do Paraná,41115061,60031937,2,3,1,1,8,1.0,690.82,0,0,0
2024,42,SC,4208450,Itapoá,42041385,60034849,2,3,0,0,1,,,0,,
2024,33,RJ,3304557,Rio de Janeiro,33139129,60024851,2,3,0,0,19,,,0,,
2024,41,PR,4106902,Curitiba,41031700,60033480,2,3,1,1,9,1.13,791.63,1,1,0
2024,43,RS,4320206,Seberi,43031914,60037157,2,3,1,1,6,1.0588235,752.6765114,1,1,0
2024,31,MG,3143302,Montes Claros,31050244,60019160,2,2,1,1,7,1.07,769.95,1,1,0
2024,33,RJ,3302403,Macaé,33039036,60025160,2,3,1,1,1,1.32,692.86,0,0,0
2024,42,SC,4201307,Araquari,42004658,60036240,2,3,0,0,8,,,0,,
2024,43,RS,4314100,Passo Fundo,43055492,60037798,2,3,1,1,14,1.1428571,798.3355502,1,1,0
2024,29,BA,2903201,Barreiras,29914118,60014621,2,3,1,1,2,1.0,679.24,0,0,0
2024,41,PR,4127700,Toledo,41121249,60032679,2,3,1,1,8,1.17,801.51,1,1,0
2024,28,SE,2800308,Aracaju,28015720,60014537,2,3,0,0,11,,,0,,
2024,35,SP,3515202,Estrela d'Oeste,35061491,60030072,2,3,1,1,2,1.125,708.767779,0,0,0
2024,35,SP,3548906,São Carlos,35172418,60026493,2,2,1,1,13,1.0952381,768.0790673,1,1,0
2024,12,AC,1200138,Bujari,12000973,60000456,2,3,1,1,16,1.33,730.7,0,0,0
2024,35,SP,3534401,Osasco,35300995,60027530,2,3,1,1,20,1.3333333,760.9477242,1,1,0
2024,15,PA,1502806,Curralinho,15029447,60002852,2,3,1,1,6,1.27,721.14,0,0,0
2024,31,MG,3167202,Sete Lagoas,31086510,60019822,2,2,1,1,14,1.0,819.63,1,1,0
2024,23,CE,2302701,Campos Sales,23044303,60008690,2,3,1,1,12,1.0,809.81,1,1,0
2024,53,DF,5300108,Brasília,53003054,60042311,2,2,0,0,20,,,0,,
2024,31,MG,3118601,Contagem,31080590,60021546,2,3,1,1,19,1.18,695.02,0,0,0
2024,31,MG,3132404,Itajubá,31090248,60018792,2,3,0,0,13,,,0,,
2024,32,ES,3205002,Serra,32005834,60023045,2,3,0,0,19,,,0,,
2024,31,MG,3130101,Igarapé,31130134,60021036,2,3,1,1,10,1.26,728.89,0,0,0
2024,31,MG,3106200,Belo Horizonte,31199612,60018050,2,3,1,1,2,1.0,776.43,1,1,0
2024,41,PR,4102307,Balsa Nova,41101302,60034283,2,3,1,1,5,1.06,760.87,1,1,0
2024,15,PA,1503903,Juruti,15038877,60002972,2,3,1,1,19,1.09,723.29,0,0,0
2024,25,PB,2512903,Rio Tinto,25011451,60010934,2,3,1,1,5,1.0,733.63,0,0,0
2024,41,PR,4120606,Prudentópolis,41107798,60033192,2,3,1,1,13,1.04,724.6,0,0,0
2024,25,PB,2516003,Solânea,25020134,60010635,2,3,1,1,10,1.25,799.08,1,1,0
2024,52,GO,5218508,Quirinópolis,52049549,60041605,2,3,1,1,21,1.0,768.36,1,1,0
2024,43,RS,4322509,Vacaria,43100406,60039016,2,3,1,1,21,1.2,753.0807299,1,1,0
2024,32,ES,3204906,São Mateus,32029156,60022384,2,3,1,1,16,1.04,788.56,1,1,0
2024,52,GO,5208707,Goiânia,52003811,60041189,2,3,1,1,1,1.13,689.24,0,0,0
2024,31,MG,3143302,Montes Claros,31073918,60019159,2,2,1,1,16,1.19,735.17,0,0,0
2024,41,PR,4105508,Cianorte,41097169,60031918,2,3,1,1,7,1.16,758.7,1,1,0
2024,11,RO,1100205,Porto Velho,11009854,60000024,2,3,1,1,3,1.06,677.6,0,0,0
2024,35,SP,3548708,São Bernardo do Campo,35323672,60031342,2,3,1,1,19,1.0384615,674.024021,0,0,0
2024,35,SP,3550308,São Paulo,35356324,60025950,2,2,1,1,19,1.0714286,795.4870322,1,1,0
2024,31,MG,3136702,Juiz de Fora,31148847,60018965,2,2,1,1,20,1.04,762.74,1,1,0
2024,15,PA,1500305,Afuá,15002467,60001748,2,3,1,1,20,1.0,688.95,0,0,0
2024,35,SP,3536703,Pederneiras,35096908,60028458,2,3,1,1,14,1.0555556,719.846081,0,0,0
2024,35,SP,3503208,Araraquara,35012227,60026659,2,2,1,1,4,1.037037,725.7406859,0,0,0
2024,33,RJ,3304524,Rio das Ostras,33074890,60025501,2,3,1,1,16,1.16,785.15,1,1,0
2024,15,PA,1505502,Paragominas,15056826,60002661,2,3,1,1,16,1.17,759.62,1,1,0
2024,21,MA,2111300,São Luís,21007968,60004425,2,3,1,1,18,1.03,727.09,0,0,0
2024,35,SP,3549805,São José do Rio Preto,35184871,60029046,2,3,1,1,11,1.3,786.4707045,1,1,0
2024,31,MG,3109709,Cachoeira de Minas,31024499,60018770,2,3,1,1,6,1.19,808.09,1,1,0
2024,23,CE,2303501,Cascavel,23024361,60007944,2,3,1,1,18,1.03,865.98,1,1,0
2024,35,SP,3515004,Embu das Artes,35332517,60029494,2,3,1,1,1,1.1923077,709.6114203,0,0,0
2024,51,MT,5103379,Cotriguaçu,51011974,60040120,2,3,1,1,19,1.19,750.57,1,1,0
2024,35,SP,3515004,Embu das Artes,35332546,60029494,2,3,1,1,1,1.24,687.2504515,0,0,0
2024,32,ES,3201209,Cachoeiro de Itapemirim,32036909,60022853,2,3,1,1,12,1.12,787.32,1,1,0
2024,35,SP,3518800,Guarulhos,35268841,60030894,2,3,1,1,18,1.1923077,641.9687662,0,0,0
2024,29,BA,2906709,Cândido Sales,29044981,60016550,2,3,1,1,14,1.0,763.96,1,1,0
2024,35,SP,3541000,Praia Grande,35147334,60030757,2,3,1,1,5,1.2222222,831.9015386,1,1,0
2024,41,PR,4126256,Sarandi,41108508,60033858,2,3,1,1,7,1.36,643.01,0,0,0
2024,15,PA,1505536,Parauapebas,15060142,60003008,2,3,1,1,14,1.14,727.82,0,0,0
2024,52,GO,5208707,Goiânia,52005456,60041217,2,3,1,1,7,1.04,771.57,1,1,0
2024,51,MT,5107958,Tangará da Serra,51034509,60040307,2,3,0,0,14,,,0,,
2024,41,PR,4119103,Piên,41086810,60033800,2,3,1,1,18,1.1,791.13,1,1,0
2024,31,MG,3107406,Bom Despacho,31032802,60021580,2,2,1,1,16,1.08,775.02,1,1,0
2024,41,PR,4117503,Paiçandu,41000876,60032111,2,3,1,1,21,1.08,789.91,1,1,0
2024,42,SC,4205407,Florianópolis,42091760,60034375,2,2,0,0,15,,,0,,
2024,35,SP,3524709,Jaguariúna,35040755,60027456,2,3,1,1,5,1.0526316,754.937581,1,1,0
2024,32,ES,3201308,Cariacica,32017593,60022565,2,3,1,1,7,1.32,741.43,0,0,0
2024,25,PB,2507002,Itaporanga,25030899,60010500,2,3,0,0,20,,,0,,
2024,35,SP,3545605,Santa Adélia,35061128,60031073,2,3,1,1,9,1.1875,650.4481847,0,0,0
2024,31,MG,3109006,Brumadinho,31167743,60021636,2,3,1,1,13,1.14,785.63,1,1,0
2024,41,PR,4109401,Guarapuava,41135058,60034019,2,3,1,1,17,1.21,733.11,0,0,0
2024,25,PB,2509701,Monteiro,25027183,60010561,2,3,1,1,20,1.0,771.33,1,1,0
2024,43,RS,4319901,Sapiranga,43090912,60038716,2,2,1,1,11,1.2666667,804.6768451,1,1,0
2024,23,CE,2308104,Mauriti,23047459,60008737,2,3,1,1,19,1.04,774.58,1,1,0
2024,51,MT,5106778,Porto Alegre do Norte,51007616,60040247,2,3,1,1,15,1.29,749.19,1,1,0
2024,52,GO,5219738,Santo Antônio de Goiás,52037511,60041246,2,3,1,1,14,1.12,760.59,1,1,0
2024,31,MG,3155801,Rio Pomba,31088324,60022183,2,3,1,1,8,1.13,750.16,1,1,0
2024,33,RJ,3304557,Rio de Janeiro,33113318,60024708,2,3,1,1,10,1.07,787.37,1,1,0
2024,26,PE,2604007,Carpina,26018260,60012040,2,3,1,1,1,1.07,730.56,0,0,0
2024,23,CE,2304707,Granja,23061485,60007305,2,3,1,1,18,1.0,865.98,1,1,0
2024,42,SC,4205506,Fraiburgo,42095991,60035971,2,3,1,1,14,1.25,775.19,1,1,0
2024,35,SP,3513009,Cotia,35252876,60028668,2,3,1,1,5,1.0384615,717.7893169,0,0,0
2024,29,BA,2927408,Salvador,29193210,60015960,2,3,1,1,2,1.0,748.25,1,1,0
2024,35,SP,3510005,Cândido Mota,35015916,60029481,2,3,1,1,15,1.0,685.0876018,0,0,0
2024,29,BA,2931301,Tapiramutá,29248876,60015180,2,3,1,1,16,1.0,660.4,0,0,0
2024,13,AM,1302603,Manaus,13049085,60001480,2,3,1,1,5,1.25,778.1,1,1,0
2024,33,RJ,3303005,Miracema,33050747,60023189,2,3,1,1,16,1.19,688.08,0,0,0
2024,42,SC,4218004,Tijucas,42083128,60035452,2,3,0,0,13,,,0,,
2024,52,GO,5200308,Alexânia,52009972,60042100,2,3,0,0,17,,,0,,
2024,33,RJ,3306107,Valença,33093330,60025122,2,3,1,1,14,1.09,733.66,0,0,0
2024,13,AM,1302900,Maués,13016523,60001258,2,3,1,1,18,1.22,687.65,0,0,0
2024,35,SP,3517703,Guará,35177972,60029979,2,3,1,1,5,1.1538462,831.9015386,1,1,0
2024,35,SP,3551009,São Vicente,35200141,60026163,2,3,1,1,16,1.037037,701.0739818,0,0,0
2024,35,SP,3515707,Ferraz de Vasconcelos,35325716,60031088,2,3,1,1,11,1.0344828,744.34117,1,1,0
2024,24,RN,2403251,Parnamirim,24018139,60010354,2,3,1,1,2,1.6,674.6,0,0,0
2024,42,SC,4211900,Palhoça,42064891,60034479,2,3,0,0,1,,,0,,
2024,42,SC,4204202,Chapecó,42023407,60035158,2,2,1,1,5,1.35,772.19,1,1,0
2024,42,SC,4211751,Otacílio Costa,42062703,60034979,2,3,1,1,14,1.17,745.03,1,1,0
2024,51,MT,5101258,Araputanga,51004555,60040315,2,3,0,0,12,,,0,,
2024,29,BA,2921104,Medeiros Neto,29152503,60016969,2,3,1,1,4,1.0,724.14,0,0,0
2024,51,MT,5104104,Guarantã do Norte,51013385,60040148,2,3,1,1,11,1.16,700.52,0,0,0
2024,33,RJ,3300100,Angra dos Reis,33000867,60023735,2,3,1,1,6,1.09,773.31,1,1,0
2024,35,SP,3550308,São Paulo,35395890,60025745,2,2,1,1,13,1.0416667,767.4704943,1,1,0
2024,13,AM,1302603,Manaus,13040688,60000921,2,2,1,1,2,1.12,749.41,1,1,0
2024,13,AM,1301902,Itacoatiara,13011587,60001507,2,3,1,1,8,1.0,730.46,0,0,0
2024,29,BA,2925303,Porto Seguro,29179051,60017348,2,3,1,1,2,1.0,640.69,0,0,0
2024,35,SP,3509502,Campinas,35039500,60027238,2,2,1,1,17,1.0,807.9652674,1,1,0
2024,35,SP,3550308,São Paulo,35403321,60026723,2,2,1,1,16,1.0344828,837.4989496,1,1,0
2024,31,MG,3124104,Esmeraldas,31139264,60021715,2,3,1,1,17,1.0,754.32,1,1,0
2024,22,PI,2211001,Teresina,22014327,60007203,2,3,1,1,19,1.03,777.52,1,1,0
2024,35,SP,3515707,Ferraz de Vasconcelos,35324191,60029749,2,3,1,1,21,1.0,753.6591048,1,1,0
2024,35,SP,3518701,Guarujá,35164473,60027064,2,3,1,1,4,1.16,648.9407522,0,0,0
2024,35,SP,3506102,Bebedouro,35085553,60030580,2,3,1,1,7,1.0,723.6648075,0,0,0
2024,35,SP,3513504,Cubatão,35162686,60027865,2,3,1,1,1,1.1153846,748.9811775,1,1,0
2024,26,PE,2606002,Garanhuns,26011026,60013015,2,3,1,1,19,1.0,723.82,0,0,0
2024,35,SP,3550308,São Paulo,35338798,60030279,2,3,1,1,17,1.173913,694.6683629,0,0,0
2024,21,MA,2111201,São José de Ribamar,21002358,60004336,2,3,1,1,10,1.12,751.57,1,1,0
2024,35,SP,3525904,Jundiaí,35105438,60028121,2,3,1,1,13,1.0384615,716.4096035,0,0,0
2024,41,PR,4104204,Campo Largo,41075752,60033432,2,3,1,1,16,1.0,784.91,1,1,0
2024,43,RS,4314902,Porto Alegre,43059471,60037928,2,3,1,1,17,2.0769231,692.2707255,0,0,0
2024,35,SP,3515186,Espírito Santo do Pinhal,35175439,60027856,2,3,1,1,14,1.1363636,766.1991423,1,1,0
2024,32,ES,3205200,Vila Velha,32045429,60022700,2,3,0,0,1,,,0,,
2024,35,SP,3541000,Praia Grande,35145521,60027949,2,3,1,1,7,1.1071429,717.1782707,0,0,0
2024,27,AL,2707305,Porto Calvo,27025070,60013887,2,3,1,1,16,1.0,791.3,1,1,0
2024,51,MT,5105622,Mirassol d'Oeste,51005909,60040321,2,3,1,1,16,1.05,703.56,0,0,0
2024,51,MT,5103908,General Carneiro,51003301,60040478,2,2,1,1,13,1.11,642.85,0,0,0
2024,32,ES,3200706,Atílio Vivácqua,32035803,60022999,2,3,1,1,12,1.22,689.2,0,0,0
2024,33,RJ,3302007,Itaguaí,33035429,60025258,2,3,1,1,8,1.2,650.4,0,0,0
2024,23,CE,2310001,Palhano,23058443,60008517,2,3,1,1,12,1.0,831.16,1,1,0
2024,41,PR,4106902,Curitiba,41077879,60033512,2,3,1,1,9,1.32,767.86,1,1,0
2024,35,SP,3550308,São Paulo,35398617,60026625,2,2,0,0,19,,,0,,
2024,32,ES,3205200,Vila Velha,32012583,60022668,2,3,0,0,21,,,0,,
2024,27,AL,2707107,Piranhas,27024404,60013248,2,3,1,1,19,1.0,692.56,0,0,0
2024,43,RS,4306601,Dom Pedrito,43004120,60037048,2,2,1,1,12,1.0454545,719.57167,0,0,0
2024,50,MS,5005400,Maracaju,50024620,60039920,2,3,0,0,17,,,0,,
2024,35,SP,3550308,São Paulo,35422399,60027053,2,3,1,1,14,1.1071429,677.9632137,0,0,0
2024,42,SC,4208203,Itajaí,42039941,60035251,2,3,0,0,4,,,0,,
2024,21,MA,2110237,Santana do Maranhão,21061913,60005233,2,3,1,1,3,1.0,774.19,1,1,0
2024,31,MG,3164704,São Sebastião do Paraíso,31113832,60021137,2,3,1,1,10,1.26,801.78,1,1,0
2024,35,SP,3550308,São Paulo,35379564,60026516,2,2,1,1,3,1.2083333,664.3211635,0,0,0
2024,35,SP,3538006,Pindamonhangaba,35133044,60029925,2,3,1,1,17,1.0,725.1445491,0,0,0
2024,51,MT,5104104,Guarantã do Norte,51013622,60040151,2,3,0,0,21,,,0,,
2024,31,MG,3152501,Pouso Alegre,31034925,60021032,2,3,1,1,1,1.0,767.1,1,1,0
2024,42,SC,4212254,Passo de Torres,42000684,60035405,2,3,0,0,9,,,0,,
2024,51,MT,5107602,Rondonópolis,51023837,60040717,2,3,1,1,7,1.08,810.97,1,1,0
2024,22,PI,2200103,Agricolândia,22016050,60006634,2,3,1,1,6,1.0,740.36,0,0,0
2024,16,AP,1600600,Santana,16010505,60003874,2,3,1,1,21,1.11,797.76,1,1,0
2024,29,BA,2927408,Salvador,29194670,60015973,2,3,1,1,5,1.0,710.29,0,0,0
2024,43,RS,4322509,Vacaria,43100539,60039021,2,2,1,1,2,1.0,820.0154442,1,1,0
2024,24,RN,2410900,Riachuelo,24022455,60009876,2,3,0,0,18,,,0,,
2024,50,MS,5008305,Três Lagoas,50037445,60039765,2,3,1,1,12,1.0,777.74,1,1,0
2024,29,BA,2914000,Ipirá,29099136,60015282,2,3,1,1,20,1.0,668.2,0,0,0
2024,35,SP,3524402,Jacareí,35089257,60027593,2,3,1,1,17,1.1304348,723.6067674,0,0,0
2024,15,PA,1504059,Mãe do Rio,15039979,60003337,2,3,1,1,17,1.0,727.79,0,0,0
2024,21,MA,2112001,Tasso Fragoso,21056888,60005544,2,3,0,0,17,,,0,,
2024,33,RJ,3300456,Belford Roxo,33008090,60023983,2,3,1,1,12,1.77,628.69,0,0,0
2024,31,MG,3162500,São João del Rei,31152973,60021911,2,3,1,1,13,1.0,773.21,1,1,0
2024,31,MG,3120805,Cruzília,31160829,60020949,2,3,1,1,19,1.05,712.9,0,0,0
2024,41,PR,4127502,Tibagi,41076905,60032467,2,3,1,1,12,1.0,759.55,1,1,0
2024,21,MA,2111201,São José de Ribamar,21004336,60006200,2,3,0,0,18,,,0,,
2024,29,BA,2917409,Jacaraci,29119455,60016440,2,3,1,1,7,1.0,777.02,1,1,0
2024,41,PR,4119806,Planalto,41007440,60032888,2,3,1,1,1,1.14,766.32,1,1,0
2024,31,MG,3122306,Divinópolis,31068417,60018515,2,2,1,1,8,1.04,782.44,1,1,0
2024,35,SP,3548708,São Bernardo do Campo,35320234,60029411,2,3,1,1,12,1.2608696,832.9862333,1,1,0
2024,31,MG,3151206,Pirapora,31152785,60019254,2,3,1,1,15,1.0,752.67,1,1,0
2024,35,SP,3531803,Monte Mor,35053640,60027958,2,3,1,1,19,1.0645161,650.4953465,0,0,0
2024,41,PR,4105805,Colombo,41069930,60033435,2,3,1,1,18,1.24,768.2,1,1,0
2024,41,PR,4105508,Cianorte,41086295,60031922,2,3,1,1,6,1.16,738.64,0,0,0
2024,43,RS,4314100,Passo Fundo,43054149,60037765,2,2,1,1,10,1.3333333,784.6512928,1,1,0
2024,35,SP,3556503,Várzea Paulista,35104937,60030538,2,3,1,1,6,1.0344828,696.1877081,0,0,0
2024,41,PR,4127106,Telêmaco Borba,41037111,60032447,2,3,1,1,12,1.04,755.18,1,1,0
2024,23,CE,2309706,Pacatuba,23087660,60008194,2,3,1,1,5,1.0,797.18,1,1,0
2024,52,GO,5218003,Porangatu,52047549,60040924,2,3,0,0,2,,,0,,
2024,31,MG,3118403,Conselheiro Pena,31145593,60021338,2,3,1,1,12,1.08,833.57,1,1,0
2024,15,PA,1505650,Placas,15061013,60003426,2,3,1,1,9,1.18,694.55,0,0,0
2024,41,PR,4104303,Campo Mourão,41127307,60034010,2,3,1,1,14,1.22,731.18,0,0,0
2024,29,BA,2911709,Guanambi,29086027,60016429,2,3,1,1,10,1.0,752.08,1,1,0
2024,41,PR,4106902,Curitiba,41119015,60033550,2,3,1,1,21,1.22,677.92,0,0,0
2024,16,AP,1600154,Pedra Branca do Amapari,16010663,60003805,2,3,1,1,4,1.05,759.9,1,1,0
2024,26,PE,2608701,Lagoa dos Gatos,26023568,60012870,2,3,1,1,4,1.0,800.46,1,1,0
2024,12,AC,1200401,Rio Branco,12007633,60000491,2,3,1,1,17,1.3,716.68,0,0,0
2024,35,SP,3509601,Campo Limpo Paulista,35100505,60030082,2,3,1,1,6,1.2727273,785.3257781,1,1,0
2024,26,PE,2608750,Lagoa Grande,26069290,60011636,2,3,1,1,17,1.04,753.46,1,1,0
2024,35,SP,3550308,São Paulo,35419741,60030243,2,3,1,1,4,1.25,685.1709477,0,0,0
2024,41,PR,4104600,Capitão Leônidas Marques,41109605,60032703,2,3,1,1,14,1.11,748.33,1,1,0
2024,41,PR,4121208,Quitandinha,41082483,60033806,2,3,1,1,1,1.07,737.7,0,0,0
2024,15,PA,1507607,São Miguel do Guamá,15077903,60002477,2,3,1,1,4,1.09,757.02,1,1,0
2024,35,SP,3522505,Itapevi,35279669,60028114,2,3,1,1,1,1.2083333,699.7609644,0,0,0
2024,31,MG,3129806,Ibirité,31079392,60021881,2,3,1,1,19,1.18,656.04,0,0,0
2024,42,SC,4209102,Joinville,42049465,60034806,2,3,0,0,21,,,0,,
2024,16,AP,1600808,Vitória do Jari,16000616,60003812,2,3,1,1,2,1.07,726.69,0,0,0
2024,15,PA,1501402,Belém,15090610,60003219,2,2,1,1,12,1.06,695.89,0,0,0
2024,26,PE,2606804,Igarassu,26026795,60012254,2,3,1,1,5,1.0,720.0,0,0,0
2024,33,RJ,3306305,Volta Redonda,33094851,60023653,2,3,1,1,20,1.08,745.71,1,1,0
2024,35,SP,3549805,São José do Rio Preto,35182012,60025892,2,3,1,1,12,1.0357143,768.23603,1,1,0
2024,35,SP,3550100,São Manuel,35032112,60028825,2,3,0,0,4,,,0,,
2024,26,PE,2611606,Recife,26049400,60012474,2,3,1,1,1,1.05,678.33,0,0,0
2024,35,SP,3530607,Mogi das Cruzes,35296076,60027424,2,3,1,1,9,1.125,668.2947053,0,0,0
2024,29,BA,2929750,Saubara,29236117,60015853,2,3,1,1,20,1.0,666.74,0,0,0
2024,33,RJ,3304144,Queimados,33071006,60024375,2,3,1,1,21,1.13,694.27,0,0,0
2024,35,SP,3509205,Cajamar,35240271,60026165,2,3,1,1,11,1.09375,810.1892318,1,1,0
2024,29,BA,2933208,Vera Cruz,29260709,60016183,2,3,1,1,5,1.0,754.1,1,1,0
2024,31,MG,3136207,João Monlevade,31190440,60021825,2,3,1,1,18,1.0,750.74,1,1,0
2024,25,PB,2507309,Jacaraú,25010427,60010906,2,3,1,1,9,1.13,781.81,1,1,0
2024,15,PA,1501402,Belém,15094868,60003446,2,3,1,1,15,1.23,743.32,1,1,0
2024,15,PA,1506807,Santarém,15073665,60001650,2,3,1,1,12,1.19,708.55,0,0,0
2024,22,PI,2211001,Teresina,22007721,60006489,2,3,1,1,14,1.03,793.37,1,1,0
2024,23,CE,2306405,Itapipoca,23010106,60009183,2,3,1,1,15,1.0,807.75,1,1,0
2024,35,SP,3554102,Taubaté,35226687,60031126,2,3,1,1,3,1.2,737.866605,0,0,0
2024,15,PA,1500909,Augusto Corrêa,15012147,60002187,2,3,1,1,4,1.54,735.01,0,0,0
2024,23,CE,2307700,Maranguape,23051379,60008181,2,3,1,1,15,1.0,795.26,1,1,0
2024,13,AM,1302603,Manaus,13029006,60000849,2,3,1,1,5,1.36,773.71,1,1,0
2024,35,SP,3550308,São Paulo,35343256,60029418,2,3,1,1,12,1.2,718.6597799,0,0,0
2024,50,MS,5003702,Dourados,50021731,60039839,2,3,1,1,16,1.17,639.48,0,0,0
2024,35,SP,3547809,Santo André,35313490,60027574,2,3,1,1,18,1.1666667,648.4200869,0,0,0
2024,35,SP,3550308,São Paulo,35430934,60025970,2,2,1,1,1,1.0,806.3990448,1,1,0
2024,33,RJ,3304557,Rio de Janeiro,33142298,60025379,2,3,1,1,19,1.41,744.7,1,1,0
2024,26,PE,2611606,Recife,26048265,60012453,2,3,1,1,11,1.05,732.6,0,0,0
2024,24,RN,2403608,Extremoz,24000168,60010031,2,3,1,1,5,1.19,627.66,0,0,0
2024,21,MA,2100055,Açailândia,21031622,60005958,2,3,1,1,6,1.11,743.29,1,1,0
2024,31,MG,3170107,Uberaba,31061947,60020887,2,3,1,1,5,1.28,755.02,1,1,0
2024,23,CE,2303709,Caucaia,23018592,60009389,2,3,1,1,9,1.0,794.37,1,1,0
2024,33,RJ,3304557,Rio de Janeiro,33115271,60024844,2,3,1,1,7,1.06,768.33,1,1,0
2024,26,PE,2604106,Caruaru,26004441,60013020,2,3,1,1,5,1.24,682.35,0,0,0
2024,26,PE,2607505,Itaíba,26065494,60013170,2,3,1,1,15,1.0,721.8,0,0,0
2024,41,PR,4115200,Maringá,41115545,60033905,2,3,1,1,16,1.06,794.06,1,1,0
2024,31,MG,3123601,Elói Mendes,31024647,60020968,2,3,1,1,4,1.0,751.15,1,1,0
2024,25,PB,2514909,São Mamede,25029952,60010537,2,3,1,1,13,1.22,649.22,0,0,0
2024,43,RS,4302105,Bento Gonçalves,43006908,60039341,2,3,1,1,20,1.1764706,636.9945236,0,0,0
2024,42,SC,4208609,Jaborá,42046419,60035979,2,3,1,1,1,1.22,736.81,0,0,0
2024,35,SP,3550308,São Paulo,35400763,60025761,2,2,1,1,14,1.0714286,760.5002065,1,1,0
2024,51,MT,5102603,Campinápolis,51002815,60040265,2,3,1,1,6,1.2,825.19,1,1,0
2024,12,AC,1200385,Plácido de Castro,12004222,60000462,2,3,1,1,18,1.15,746.13,1,1,0
2024,25,PB,2513703,Santa Rita,25016030,60011095,2,3,1,1,4,1.33,738.78,0,0,0
2024,32,ES,3201308,Cariacica,32020907,60023009,2,3,1,1,1,1.07,724.76,0,0,0
2024,35,SP,3553005,Taguaí,35139418,60029714,2,3,1,1,14,1.0,816.1074947,1,1,0
2024,51,MT,5103205,Colíder,51024810,60040635,2,3,1,1,12,1.24,700.4,0,0,0
2024,35,SP,3529005,Marília,35118868,60028821,2,3,1,1,16,1.3846154,799.8212385,1,1,0
2024,13,AM,1302603,Manaus,13050858,60001327,2,3,1,1,21,1.37,770.06,1,1,0
2024,31,MG,3118601,Contagem,31089752,60020701,2,3,1,1,11,1.1,760.93,1,1,0
2024,43,RS,4303905,Campo Bom,43010843,60036314,2,3,1,1,7,1.2941176,784.1464349,1,1,0
2024,15,PA,1500206,Acará,15001785,60002379,2,3,0,0,6,,,0,,
2024,23,CE,2306256,Itaitinga,23001186,60008131,2,3,1,1,2,1.06,831.21,1,1,0
2024,22,PI,2211001,Teresina,22013909,60007171,2,3,1,1,9,1.03,718.07,0,0,0
2024,33,RJ,3304557,Rio de Janeiro,33121370,60024571,2,3,1,1,7,1.08,793.99,1,1,0
2024,41,PR,4113700,Londrina,41107098,60034189,2,3,1,1,12,1.5,722.75,0,0,0
2024,12,AC,1200138,Bujari,12000986,60000550,2,2,1,1,15,1.14,699.87,0,0,0
2024,35,SP,3525300,Jaú,35095743,60028626,2,3,1,1,7,1.0454545,815.354407,1,1,0
2024,35,SP,3550308,São Paulo,35433216,60026737,2,2,1,1,17,1.1304348,758.2205908,1,1,0
2024,43,RS,4319901,Sapiranga,43091661,60039211,2,2,1,1,5,1.047619,719.0157202,0,0,0
2024,27,AL,2707503,Porto Real do Colégio,27025320,60013799,2,3,0,0,14,,,0,,
2024,21,MA,2103000,Caxias,21038861,60005710,2,3,1,1,14,1.26,758.24,1,1,0
2024,31,MG,3120508,Cristina,31077704,60018779,2,3,1,1,13,1.0,751.72,1,1,0
2024,27,AL,2702306,Coruripe,27008131,60013744,2,3,1,1,15,1.06,842.56,1,1,0
2024,32,ES,3202405,Guarapari,32011811,60023053,2,3,1,1,19,1.18,795.17,1,1,0
2024,35,SP,3525904,Jundiaí,35106560,60028134,2,3,0,0,10,,,0,,
2024,42,SC,4204301,Concórdia,42024954,60035099,2,2,1,1,2,1.03,708.45,0,0,0
2024,52,GO,5212808,Mara Rosa,52075021,60040904,2,3,1,1,12,1.22,774.9,1,1,0
2024,26,PE,2610707,Paulista,26032466,60013065,2,3,1,1,12,1.05,792.52,1,1,0
2024,26,PE,2616100,Verdejante,26056386,60011460,2,3,1,1,15,1.0,724.53,0,0,0
2024,53,DF,5300108,Brasília,53006694,60042297,2,2,0,0,11,,,0,,
2024,23,CE,2312601,São Luís do Curu,23031930,60007794,2,3,1,1,12,1.0,791.89,1,1,0
2024,15,PA,1506138,Redenção,15064553,60002772,2,3,1,1,3,1.04,774.06,1,1,0
2024,24,RN,2411700,São Bento do Trairí,24026136,60009835,2,3,1,1,6,1.22,693.08,0,0,0
2024,35,SP,3513801,Diadema,35255108,60026075,2,2,1,1,21,1.0344828,724.1398425,0,0,0
2024,33,RJ,3306305,Volta Redonda,33095158,60023658,2,3,1,1,20,1.58,783.42,1,1,0
2024,23,CE,2313906,Uruoca,23006128,60007481,2,3,1,1,7,1.0,822.85,1,1,0
2024,35,SP,3537107,Pedreira,35126998,60031035,2,3,1,1,1,1.0434783,821.514298,1,1,0
2024,33,RJ,3300456,Belford Roxo,33005481,60025679,2,3,1,1,20,1.41,771.44,1,1,0
2024,42,SC,4211702,Orleans,42087265,60034553,2,2,1,1,19,1.82,806.27,1,1,0
2024,35,SP,3504503,Avaré,35017618,60027311,2,3,1,1,6,1.0555556,716.5569261,0,0,0
2024,24,RN,2403509,Espírito Santo,24020549,60010135,2,3,1,1,18,1.0,756.88,1,1,0
2024,35,SP,3522406,Itapeva,35076352,60028781,2,3,1,1,20,1.25,741.8687329,0,0,0
2024,29,BA,2914406,Iraquara,29100685,60017320,2,3,0,0,12,,,0,,
2024,31,MG,3118304,Conselheiro Lafaiete,31108523,60021656,2,3,1,1,6,1.0,786.8,1,1,0
2024,35,SP,3549904,São José dos Campos,35192705,60030975,2,3,1,1,1,1.0344828,706.0833665,0,0,0
2024,53,DF,5300108,Brasília,53016691,60042365,2,2,1,1,15,1.16,701.56,0,0,0
2024,31,MG,3170206,Uberlândia,31081995,60020807,2,3,1,1,4,1.26,717.2,0,0,0
2024,35,SP,3550308,São Paulo,35348468,60030798,2,3,1,1,15,1.16,679.3487906,0,0,0
2024,32,ES,3201308,Cariacica,32020378,60022940,2,3,0,0,10,,,0,,
2024,35,SP,3550308,São Paulo,35381848,60031594,2,2,1,1,1,1.1111111,821.514298,1,1,0
2024,21,MA,2104503,Governador Archer,21046870,60005169,2,3,1,1,17,1.08,782.14,1,1,0
2024,23,CE,2307650,Maracanaú,23087834,60008147,2,3,1,1,21,1.0,866.99,1,1,0
2024,51,MT,5104104,Guarantã do Norte,51013726,60040830,2,3,1,1,1,1.13,845.94,1,1,0
2024,51,MT,5102504,Cáceres,51005364,60040622,2,3,0,0,7,,,0,,
2024,50,MS,5002704,Campo Grande,50000015,60039660,2,2,1,1,14,1.14,662.75,0,0,0
2024,29,BA,2919207,Lauro de Freitas,29137438,60015938,2,3,1,1,4,1.0,678.35,0,0,0
2024,31,MG,3136702,Juiz de Fora,31086326,60021056,2,3,1,1,10,1.09,721.92,0,0,0
2024,29,BA,2927408,Salvador,29219002,60017621,2,3,1,1,6,1.0,657.5,0,0,0
2024,35,SP,3556453,Vargem Grande Paulista,35195678,60028038,2,3,1,1,5,1.0869565,735.4367361,0,0,0
2024,15,PA,1505536,Parauapebas,15058513,60002711,2,3,1,1,13,1.36,669.49,0,0,0
2024,33,RJ,3305554,Seropédica,33088710,60025291,2,3,0,0,19,,,0,,
2024,33,RJ,3300233,Armação dos Búzios,33012179,60023515,2,3,0,0,9,,,0,,
2024,11,RO,1100122,Ji-Paraná,11007096,60000321,2,3,0,0,11,,,0,,
2024,31,MG,3132404,Itajubá,31048433,60018795,2,3,0,0,14,,,0,,
2024,29,BA,2923605,Paramirim,29165470,60016389,2,3,1,1,12,1.0,734.11,0,0,0
2024,33,RJ,3300456,Belford Roxo,33005755,60025683,2,3,1,1,11,1.09,674.09,0,0,0
2024,52,GO,5217609,Planaltina,52061536,60041392,2,3,1,1,19,1.09,717.53,0,0,0
2024,50,MS,5005202,Ladário,50016415,60039607,2,3,1,1,16,1.14,742.87,0,0,0
2024,29,BA,2919553,Luís Eduardo Magalhães,29143403,60017797,2,3,1,1,2,1.0,690.63,0,0,0
2024,35,SP,3550308,São Paulo,35354428,60025884,2,2,1,1,10,1.0333333,753.3393911,1,1,0
2024,35,SP,3550308,São Paulo,35407398,60030734,2,3,1,1,10,1.1538462,736.3327326,0,0,0
2024,32,ES,3201209,Cachoeiro de Itapemirim,32036848,60022852,2,3,1,1,9,1.19,729.9,0,0,0
2024,35,SP,3516200,Franca,35063970,60027406,2,3,1,1,14,1.0434783,664.7416589,0,0,0
2024,51,MT,5102504,Cáceres,51005133,60040462,2,3,1,1,15,1.14,731.46,0,0,0
2024,43,RS,4317509,Santo Ângelo,43082881,60039457,2,3,1,1,2,1.0833333,748.6128532,1,1,0
2024,50,MS,5002704,Campo Grande,50005132,60039713,2,3,1,1,10,1.12,763.73,1,1,0
2024,15,PA,1507300,São Félix do Xingu,15076327,60003513,2,3,0,0,21,,,0,,
2024,41,PR,4109401,Guarapuava,41102096,60033066,2,3,1,1,4,1.14,750.04,1,1,0
2024,31,MG,3138609,Lima Duarte,31140105,60020655,2,3,1,1,15,1.2,733.73,0,0,0
2024,35,SP,3550308,São Paulo,35435598,60031752,2,2,1,1,18,1.0434783,750.7784368,1,1,0
2024,29,BA,2922607,Nilo Peçanha,29159338,60016689,2,3,1,1,8,1.0,750.91,1,1,0
2024,29,BA,2906907,Caravelas,29047734,60016914,2,3,1,1,9,1.0,741.82,0,0,0
2024,31,MG,3132503,Itamarandiba,31109742,60021095,2,3,1,1,12,1.0,765.55,1,1,0
2024,23,CE,2313401,Tianguá,23027331,60007417,2,3,0,0,8,,,0,,
2024,41,PR,4113700,Londrina,41123163,60032212,2,3,1,1,16,1.21,782.52,1,1,0
2024,33,RJ,3300803,Cachoeiras de Macacu,33015949,60025543,2,3,1,1,3,1.24,759.31,1,1,0
2024,43,RS,4314407,Pelotas,43058217,60037878,2,2,1,1,13,1.1904762,708.7291898,0,0,0
2024,35,SP,3550308,São Paulo,35418372,60027662,2,3,1,1,3,1.2631579,728.271875,0,0,0
2024,35,SP,3501152,Alumínio,35196315,60029287,2,3,1,1,3,1.1428571,752.2530897,1,1,0
2024,35,SP,3526902,Limeira,35113403,60031379,2,3,1,1,12,1.15,832.9862333,1,1,0
2024,21,MA,2107902,Passagem Franca,21052751,60005459,2,3,1,1,5,1.08,749.75,1,1,0
2024,35,SP,3535200,Palmeira d'Oeste,35092807,60030964,2,3,1,1,2,1.05,750.4908998,1,1,0
2024,31,MG,3118601,Contagem,31010589,60020667,2,3,0,0,19,,,0,,
2024,53,DF,5300108,Brasília,53010709,60042205,2,2,0,0,13,,,0,,
2024,31,MG,3106200,Belo Horizonte,31087927,60020690,2,3,1,1,15,1.0,755.84,1,1,0
2024,21,MA,2100055,Açailândia,21030943,60004895,2,3,1,1,9,1.0,650.11,0,0,0
2024,24,RN,2400703,Alto do Rodrigues,24024683,60009609,2,3,1,1,9,1.13,778.46,1,1,0
2024,41,PR,4106902,Curitiba,41076953,60033567,2,3,1,1,8,1.28,801.57,1,1,0
2024,51,MT,5108402,Várzea Grande,51047000,60040783,2,3,1,1,12,1.17,811.27,1,1,0
2024,43,RS,4314902,Porto Alegre,43060247,60037942,2,2,1,1,14,1.1333333,723.3655187,0,0,0
2024,41,PR,4109401,Guarapuava,41012091,60033053,2,3,0,0,7,,,0,,
2024,31,MG,3118601,Contagem,31062359,60018268,2,3,1,1,20,1.33,764.01,1,1,0
2024,16,AP,1600303,Macapá,16004298,60003795,2,3,1,1,21,1.11,747.93,1,1,0
2024,32,ES,3205002,Serra,32005605,60023043,2,3,1,1,16,1.33,695.44,0,0,0
2024,23,CE,2304400,Fortaleza,23074654,60008092,2,3,1,1,7,1.0,809.48,1,1,0
2024,33,RJ,3302502,Magé,33046100,60024200,2,3,1,1,7,1.18,758.49,1,1,0
2024,24,RN,2413706,Sítio Novo,24026157,60009844,2,3,1,1,19,1.07,716.88,0,0,0
2024,35,SP,3531902,Morro Agudo,35178965,60029601,2,3,1,1,15,1.05,690.579183,0,0,0
2024,42,SC,4206306,Guabiruba,42014843,60035419,2,3,1,1,15,1.18,741.53,0,0,0
2024,15,PA,1507300,São Félix do Xingu,15075653,60002680,2,3,0,0,2,,,0,,
2024,32,ES,3204559,Santa Maria de Jetibá,32043154,60022541,2,2,1,1,14,1.08,765.53,1,1,0
2024,35,SP,3534906,Pacaembu,35001542,60028712,2,3,0,0,12,,,0,,
2024,42,SC,4217303,Saudades,42060500,60035171,2,2,1,1,3,1.03,643.4,0,0,0
2024,28,SE,2803302,Japaratuba,28006098,60014259,2,3,1,1,13,1.1,744.88,1,1,0
2024,33,RJ,3300456,Belford Roxo,33007348,60025664,2,3,1,1,4,1.22,732.8,0,0,0
2024,41,PR,4121703,Reserva,41117366,60034223,2,3,1,1,14,1.12,780.14,1,1,0
2024,15,PA,1507805,Senador José Porfírio,15078647,60003535,2,3,1,1,5,1.32,762.35,1,1,0
2024,50,MS,5006606,Ponta Porã,50036262,60040022,2,3,1,1,4,1.03,775.91,1,1,0
2024,35,SP,3525904,Jundiaí,35108928,60031336,2,3,1,1,17,1.0,673.1909648,0,0,0
2024,33,RJ,3300233,Armação dos Búzios,33011644,60025695,2,3,0,0,1,,,0,,
2024,15,PA,1506500,Santa Izabel do Pará,15067418,60003021,2,3,0,0,18,,,0,,
2024,33,RJ,3304557,Rio de Janeiro,33147594,60024610,2,3,1,1,16,1.2,804.06,1,1,0
2024,41,PR,4112959,Juranda,41033682,60031957,2,3,0,0,7,,,0,,
2024,41,PR,4104303,Campo Mourão,41091826,60031975,2,3,1,1,10,1.33,791.83,1,1,0
2024,21,MA,2100055,Açailândia,21030674,60004886,2,3,1,1,19,1.04,725.25,0,0,0
2024,25,PB,2514503,São José de Piranhas,25033472,60011245,2,3,1,1,9,1.04,844.24,1,1,0
2024,51,MT,5108402,Várzea Grande,51047127,60040823,2,3,1,1,13,1.07,794.38,1,1,0
2024,35,SP,3554508,Tietê,35084720,60030873,2,3,1,1,6,1.25,716.7952667,0,0,0
2024,21,MA,2101608,Barra do Corda,21049021,60005084,2,3,0,0,16,,,0,,
2024,35,SP,3550308,São Paulo,35438419,60026527,2,2,1,1,21,1.037037,773.4216847,1,1,0
2024,23,CE,2300200,Acaraú,23070293,60007222,2,3,1,1,9,1.0,875.54,1,1,0
2024,17,TO,1721000,Palmas,17002713,60004184,2,3,0,0,5,,,0,,
2024,35,SP,3550308,São Paulo,35436487,60031775,2,2,1,1,4,1.1785714,766.1768142,1,1,0
2024,33,RJ,3301702,Duque de Caxias,33025607,60025149,2,3,1,1,15,1.12,721.57,0,0,0
2024,42,SC,4204806,Curitibanos,42030918,60035014,2,3,1,1,3,1.67,729.34,0,0,0
2024,29,BA,2900900,Almadina,29004599,60016715,2,3,1,1,8,1.0,671.48,0,0,0
2024,35,SP,3504107,Atibaia,35033047,60027827,2,3,0,0,18,,,0,,
2024,23,CE,2313955,Varjota,23021522,60007615,2,3,1,1,19,1.0,839.69,1,1,0
2024,29,BA,2910701,Euclides da Cunha,29067360,60015386,2,3,1,1,9,1.0,816.25,1,1,0
2024,29,BA,2927408,Salvador,29213060,60017066,2,3,1,1,8,1.0,710.87,0,0,0
2024,41,PR,4108304,Foz do Iguaçu,41029320,60032798,2,3,1,1,21,1.0,752.27,1,1,0
2024,35,SP,3506003,Bauru,35024355,60027918,2,3,1,1,9,1.0769231,684.182542,0,0,0
2024,50,MS,5006309,Paranaíba,50033103,60039752,2,3,1,1,6,1.04,783.42,1,1,0
2024,31,MG,3150307,Piedade do Rio Grande,31161966,60018366,2,3,1,1,19,1.0,730.01,0,0,0
2024,25,PB,2500403,Alagoa Nova,25020920,60010679,2,3,1,1,11,1.0,840.99,1,1,0
2024,43,RS,4314902,Porto Alegre,43067864,60039079,2,3,0,0,19,,,0,,
2024,15,PA,1506609,Santa Maria do Pará,15068737,60002943,2,3,1,1,2,1.1,685.62,0,0,0
2024,31,MG,3106200,Belo Horizonte,31021356,60018059,2,3,1,1,6,1.45,712.41,0,0,0
2024,21,MA,2111201,São José de Ribamar,21002906,60004353,2,3,0,0,6,,,0,,
2024,26,PE,2604106,Caruaru,26003661,60012722,2,3,1,1,8,1.0,746.54,1,1,0
2024,43,RS,4316808,Santa Cruz do Sul,43073880,60038276,2,3,1,1,12,1.0588235,714.6192741,0,0,0
2024,23,CE,2313005,Solonópole,23023575,60008437,2,3,1,1,12,1.0,830.02,1,1,0
2024,35,SP,3543907,Rio Claro,35114335,60029575,2,3,1,1,7,1.1764706,670.6756755,0,0,0
2024,53,DF,5300108,Brasília,53000004,60042448,2,2,1,1,9,1.64,740.35,0,0,0
2024,50,MS,5002704,Campo Grande,50005559,60039718,2,3,1,1,15,1.19,714.37,0,0,0
2024,23,CE,2305308,Ibiapina,23051479,60007385,2,3,1,1,6,1.0,789.06,1,1,0
2024,25,PB,2506707,Imaculada,25007399,60011186,2,3,1,1,20,1.12,680.92,0,0,0
2024,51,MT,5105101,Juara,51012328,60040178,2,2,1,1,18,1.04,746.84,1,1,0
2024,31,MG,3116704,Coimbra,31091479,60021034,2,3,1,1,7,1.0,711.0,0,0,0
2024,31,MG,3116803,Coluna,31171060,60021672,2,3,1,1,19,1.0,795.79,1,1,0
2024,32,ES,3201159,Brejetuba,32042769,60022477,2,2,0,0,16,,,0,,
2024,31,MG,3132503,Itamarandiba,31081291,60018441,2,2,1,1,18,1.21,828.46,1,1,0
2024,32,ES,3201308,Cariacica,32018763,60022581,2,3,1,1,10,1.33,775.76,1,1,0
2024,35,SP,3538709,Piracicaba,35135405,60027221,2,3,1,1,21,1.2105263,774.2675842,1,1,0
2024,35,SP,3509502,Campinas,35047418,60031742,2,2,1,1,6,1.125,824.7398442,1,1,0
2024,35,SP,3552809,Taboão da Serra,35335099,60029497,2,3,1,1,3,1.1034483,747.7204867,1,1,0
2024,42,SC,4205902,Gaspar,42032749,60034744,2,3,1,1,1,1.44,731.74,0,0,0
2024,41,PR,4127700,Toledo,41137674,60032678,2,3,1,1,21,1.18,774.24,1,1,0
2024,25,PB,2511905,Pitimbu,25015783,60011143,2,3,1,1,10,1.25,721.51,0,0,0
2024,35,SP,3530300,Mirassol,35098257,60028260,2,3,1,1,12,1.1,778.4699993,1,1,0
2024,41,PR,4114203,Mandaguari,41039938,60032067,2,3,1,1,1,1.1,764.7,1,1,0
2024,33,RJ,3304557,Rio de Janeiro,33133215,60025378,2,3,1,1,20,1.1,683.84,0,0,0
2024,41,PR,4124400,Santo Antônio do Sudoeste,41007414,60032963,2,3,1,1,5,1.0,766.87,1,1,0
2024,33,RJ,3303500,Nova Iguaçu,33063714,60024310,2,3,1,1,6,1.23,771.67,1,1,0
2024,41,PR,4107900,Floresta,41127285,60032058,2,3,1,1,13,1.11,759.98,1,1,0
2024,50,MS,5002704,Campo Grande,50003751,60039699,2,3,1,1,15,1.25,769.31,1,1,0
2024,35,SP,3513504,Cubatão,35162254,60027059,2,3,1,1,9,1.0869565,674.2703688,0,0,0
2024,32,ES,3205002,Serra,32000525,60022646,2,2,1,1,10,1.15,782.52,1,1,0
2024,35,SP,3541000,Praia Grande,35143494,60025902,2,3,0,0,15,,,0,,
2024,26,PE,2613305,São Joaquim do Monte,26016532,60012021,2,3,1,1,15,1.0,607.13,0,0,0
2024,35,SP,3550308,São Paulo,35360335,60031059,2,3,1,1,19,1.2,751.3781609,1,1,0
2024,42,SC,4206652,Guatambú,42024304,60036042,2,3,1,1,17,1.54,731.19,0,0,0
2024,15,PA,1500909,Augusto Corrêa,15012486,60002908,2,3,1,1,21,1.09,746.14,1,1,0
2024,15,PA,1507300,São Félix do Xingu,15076008,60002679,2,3,1,1,5,1.14,690.71,0,0,0
2024,31,MG,3114105,Carmo de Minas,31134701,60020163,2,3,1,1,11,1.05,711.3,0,0,0
2024,41,PR,4114500,Manoel Ribas,41004178,60032300,2,3,1,1,12,1.0,785.92,1,1,0
2024,35,SP,3543402,Ribeirão Preto,35155205,60026386,2,2,0,0,14,,,0,,
2024,33,RJ,3303302,Niterói,33054760,60024269,2,3,1,1,18,1.35,715.98,0,0,0
2024,31,MG,3118601,Contagem,31187168,60021552,2,3,1,1,16,1.1,785.66,1,1,0
2024,16,AP,1600279,Laranjal do Jari,16000093,60003738,2,3,1,1,4,1.0,648.67,0,0,0
2024,16,AP,1600303,Macapá,16004610,60003818,2,3,1,1,2,1.1,794.98,1,1,0
2024,13,AM,1301902,Itacoatiara,13011374,60000960,2,2,1,1,9,1.14,762.32,1,1,0
2024,52,GO,5221403,Trindade,52034678,60042028,2,3,1,1,20,1.05,772.82,1,1,0
2024,35,SP,3550308,São Paulo,35408081,60026849,2,3,1,1,1,1.4,721.2563668,0,0,0
2024,41,PR,4104808,Cascavel,41097069,60034134,2,3,1,1,10,1.13,707.85,0,0,0
2024,21,MA,2109106,Presidente Dutra,21047433,60005180,2,3,1,1,4,1.0,756.63,1,1,0
2024,52,GO,5221858,Valparaíso de Goiás,52066144,60041780,2,3,1,1,14,1.01,712.77,0,0,0
2024,51,MT,5107925,Sorriso,51049362,60040782,2,3,1,1,9,1.24,786.32,1,1,0
2024,43,RS,4316808,Santa Cruz do Sul,43074781,60039234,2,3,1,1,8,1.2857143,731.4865154,0,0,0
2024,22,PI,2211001,Teresina,22008297,60006505,2,3,1,1,10,1.14,738.2,0,0,0
2024,31,MG,3141801,Minas Novas,31144332,60018468,2,3,1,1,8,1.2,736.15,0,0,0
2024,26,PE,2610707,Paulista,26031984,60012442,2,3,1,1,9,1.06,764.56,1,1,0
2024,33,RJ,3302403,Macaé,33040209,60023334,2,3,0,0,8,,,0,,
2024,23,CE,2304202,Crato,23019004,60008785,2,3,1,1,19,1.0,823.71,1,1,0
2024,43,RS,4322400,Uruguaiana,43099424,60038995,2,2,1,1,5,1.1578947,680.4072796,0,0,0
2024,35,SP,3522604,Itapira,35124262,60031080,2,3,1,1,9,1.0,735.7843892,0,0,0
2024,27,AL,2702405,Delmiro Gouveia,27009152,60013938,2,3,1,1,17,1.29,647.98,0,0,0
2024,32,ES,3201308,Cariacica,32020015,60022601,2,3,1,1,13,1.22,764.62,1,1,0
2024,33,RJ,3301702,Duque de Caxias,33022683,60024009,2,3,1,1,7,1.26,749.21,1,1,0
2024,33,RJ,3305000,São João da Barra,33083256,60023293,2,3,1,1,3,1.33,756.37,1,1,0
2024,31,MG,3145208,Nova Serrana,31162486,60022068,2,3,1,1,4,1.0,757.04,1,1,0
2024,51,MT,5107602,Rondonópolis,51021291,60040503,2,3,0,0,1,,,0,,
2024,33,RJ,3301702,Duque de Caxias,33027953,60024045,2,3,0,0,17,,,0,,
2024,41,PR,4128104,Umuarama,41087426,60031904,2,3,0,0,11,,,0,,
2024,41,PR,4125605,São Mateus do Sul,41108487,60033292,2,3,1,1,15,1.18,609.4,0,0,0
2024,31,MG,3109451,Cabeceira Grande,31019536,60019521,2,3,0,0,19,,,0,,
2024,31,MG,3170107,Uberaba,31186018,60021768,2,3,1,1,2,1.45,760.55,1,1,0
2024,35,SP,3518404,Guaratinguetá,35068852,60028585,2,3,1,1,15,1.0454545,706.8929751,0,0,0
2024,35,SP,3522406,Itapeva,35077164,60031118,2,3,1,1,16,1.1363636,758.4028934,1,1,0
2024,15,PA,1501709,Bragança,15018181,60002208,2,3,1,1,4,1.24,764.67,1,1,0
2024,35,SP,3529401,Mauá,35289059,60026085,2,2,1,1,2,1.0,813.417098,1,1,0
2024,15,PA,1504208,Marabá,15040822,60003645,2,3,1,1,14,1.2,776.96,1,1,0
2024,21,MA,2111300,São Luís,21010668,60006062,2,3,1,1,18,1.24,704.31,0,0,0
2024,33,RJ,3300456,Belford Roxo,33007045,60023984,2,3,1,1,20,1.33,759.24,1,1,0
2024,35,SP,3509502,Campinas,35045489,60031424,2,2,1,1,8,1.1142857,726.7812581,0,0,0
2024,32,ES,3201209,Cachoeiro de Itapemirim,32037256,60022862,2,3,1,1,8,1.1,723.37,0,0,0
2024,13,AM,1302603,Manaus,13037231,60001515,2,3,1,1,8,1.26,728.79,0,0,0
2024,33,RJ,3302502,Magé,33046447,60025668,2,3,1,1,5,1.27,746.6,1,1,0
2024,52,GO,5210000,Inhumas,52037191,60041964,2,3,1,1,8,1.0,760.57,1,1,0
2024,35,SP,3552502,Suzano,35328305,60029488,2,3,1,1,17,1.3043478,689.0858636,0,0,0
2024,13,AM,1301902,Itacoatiara,13011588,60001507,2,3,1,1,8,1.0,774.68,1,1,0
2024,43,RS,4314902,Porto Alegre,43066139,60038103,2,2,0,0,4,,,0,,
2024,26,PE,2612802,Santa Terezinha,26057912,60012801,2,3,1,1,10,1.0,728.74,0,0,0
2024,27,AL,2702306,Coruripe,27008111,60013744,2,3,1,1,9,1.2,820.94,1,1,0
2024,35,SP,3550308,São Paulo,35372218,60028851,2,3,1,1,3,1.2173913,634.2026865,0,0,0
2024,25,PB,2504009,Campina Grande,25023956,60011279,2,3,1,1,2,1.12,741.24,0,0,0
2024,51,MT,5107925,Sorriso,51031011,60040782,2,3,0,0,8,,,0,,
2024,35,SP,3509502,Campinas,35042174,60026607,2,2,0,0,9,,,0,,
2024,35,SP,3550308,São Paulo,35442126,60031756,2,2,1,1,16,1.1363636,803.8942578,1,1,0
2024,52,GO,5209101,Goiatuba,52055665,60041515,2,3,1,1,19,1.0,779.77,1,1,0
2024,43,RS,4308805,General Câmara,43086889,60037235,2,2,1,1,12,1.4,718.5751025,0,0,0
2024,42,SC,4202404,Blumenau,42008536,60034710,2,3,1,1,3,1.27,773.87,1,1,0
2024,33,RJ,3304557,Rio de Janeiro,33102708,60024446,2,3,1,1,4,1.15,758.37,1,1,0
2024,31,MG,3152808,Prata,31100298,60020088,2,3,1,1,6,1.27,744.6,1,1,0
2024,23,CE,2307809,Marco,23050780,60007344,2,3,1,1,11,1.05,867.24,1,1,0
2024,31,MG,3149309,Pedro Leopoldo,31006428,60020764,2,3,1,1,19,1.35,721.14,0,0,0
2024,13,AM,1302504,Manacapuru,13014713,60000794,2,3,1,1,19,1.52,692.96,0,0,0
2024,53,DF,5300108,Brasília,53015888,60042255,2,2,1,1,13,1.16,717.39,0,0,0
2024,29,BA,2931004,Tanhaçu,29247440,60016515,2,3,1,1,3,1.0,790.18,1,1,0
2024,35,SP,3549904,São José dos Campos,35192366,60030292,2,3,1,1,14,1.1666667,770.7870527,1,1,0
2024,35,SP,3550605,São Roque,35194811,60026161,2,3,1,1,6,1.0454545,695.6488386,0,0,0
2024,52,GO,5201405,Aparecida de Goiânia,52016322,60041080,2,3,1,1,4,1.11,796.24,1,1,0
2024,41,PR,4115200,Maringá,41010178,60032101,2,3,1,1,9,1.27,625.41,0,0,0
2024,53,DF,5300108,Brasília,53026565,60042258,2,2,1,1,1,1.37,744.85,1,1,0
2024,35,SP,3525003,Jandira,35277981,60028492,2,3,1,1,2,1.1,741.1406152,0,0,0
2024,41,PR,4122206,Rio Branco do Sul,41118127,60033680,2,3,0,0,11,,,0,,
2024,21,MA,2105302,Imperatriz,21028291,60005801,2,3,1,1,20,1.15,755.92,1,1,0
2024,42,SC,4216602,São José,42076396,60034460,2,2,1,1,18,2.06,764.46,1,1,0
2024,29,BA,2927804,Santa Cruz da Vitória,29223289,60016876,2,3,1,1,8,1.0,764.99,1,1,0
2024,29,BA,2926608,Ribeira do Pombal,29906237,60017915,2,3,1,1,13,1.0,713.81,0,0,0
2024,35,SP,3555406,Ubatuba,35058799,60029945,2,3,1,1,5,1.0,767.0357,1,1,0
2024,51,MT,5103353,Confresa,51007050,60040246,2,3,1,1,21,1.09,783.66,1,1,0
2024,35,SP,3539509,Pitangueiras,35204486,60030111,2,3,1,1,10,1.0,680.3423489,0,0,0
2024,13,AM,1302603,Manaus,13035539,60001311,2,3,0,0,8,,,0,,
2024,31,MG,3144409,Natércia,31054499,60018800,2,3,1,1,13,1.13,791.77,1,1,0
2024,43,RS,4308607,Garibaldi,43006676,60037230,2,3,1,1,14,1.2,763.3041055,1,1,0
2024,31,MG,3122306,Divinópolis,31109420,60018500,2,2,1,1,9,1.0,792.34,1,1,0
2024,31,MG,3106705,Betim,31004047,60020991,2,3,0,0,19,,,0,,
2024,35,SP,3503307,Araras,35139652,60026031,2,3,1,1,6,1.0384615,761.8449409,1,1,0
2024,25,PB,2503704,Cajazeiras,25032924,60010402,2,3,1,1,17,1.25,785.24,1,1,0
2024,15,PA,1504505,Melgaço,15046662,60001716,2,3,0,0,18,,,0,,
2024,42,SC,4207304,Imbituba,42057614,60035607,2,2,1,1,6,2.06,746.39,1,1,0
2024,26,PE,2614402,Solidão,26059135,60011513,2,3,1,1,14,1.0,784.19,1,1,0
2024,35,SP,3509502,Campinas,35041464,60026321,2,2,1,1,7,1.08,764.37525,1,1,0
2024,35,SP,3518701,Guarujá,35165319,60027579,2,3,0,0,7,,,0,,
2024,22,PI,2207702,Parnaíba,22002115,60006408,2,3,1,1,3,1.13,727.45,0,0,0
2024,42,SC,4207304,Imbituba,42058007,60035614,2,3,1,1,8,1.46,711.19,0,0,0
2024,31,MG,3122306,Divinópolis,31102880,60018521,2,2,1,1,20,1.04,684.06,0,0,0
2024,35,SP,3550308,São Paulo,35424879,60030774,2,3,1,1,18,1.0357143,770.6042674,1,1,0
2024,31,MG,3133501,Itapecerica,31143267,60020480,2,3,1,1,16,1.16,836.93,1,1,0
2024,35,SP,3530607,Mogi das Cruzes,35299322,60031245,2,3,0,0,12,,,0,,
2024,41,PR,4115606,Matelândia,41024779,60032835,2,3,1,1,21,1.05,669.85,0,0,0
2024,11,RO,1100122,Ji-Paraná,11006278,60000110,2,2,1,1,15,1.07,738.11,0,0,0
2024,41,PR,4104907,Castro,41047823,60032495,2,3,1,1,2,1.18,678.6,0,0,0
2024,43,RS,4309050,Glorinha,43034355,60039587,2,3,1,1,17,1.3,706.3761213,0,0,0
2024,23,CE,2301000,Aquiraz,23057836,60007970,2,3,1,1,9,1.0,842.7,1,1,0
2024,13,AM,1302603,Manaus,13039339,60000851,2,3,0,0,13,,,0,,
2024,52,GO,5220405,São Simão,52049785,60041607,2,3,1,1,19,1.07,824.11,1,1,0
2024,51,MT,5106307,Paranatinga,51017857,60040237,2,3,1,1,16,1.15,799.84,1,1,0
2024,33,RJ,3304524,Rio das Ostras,33075382,60025717,2,3,1,1,18,1.22,762.71,1,1,0
2024,42,SC,4209102,Joinville,42052859,60036160,2,3,1,1,10,1.23,778.62,1,1,0
2024,17,TO,1721000,Palmas,17003632,60004236,2,3,1,1,13,1.26,720.1,0,0,0
2024,32,ES,3201209,Cachoeiro de Itapemirim,32037188,60022859,2,3,0,0,14,,,0,,
2024,35,SP,3550308,São Paulo,35408617,60026946,2,3,1,1,13,1.0952381,739.1575207,0,0,0
2024,51,MT,5102637,Campo Novo do Parecis,51032637,60040163,2,3,1,1,11,1.13,779.31,1,1,0
2024,43,RS,4305108,Caxias do Sul,43018252,60036889,2,2,1,1,6,1.05,709.6373428,0,0,0
2024,31,MG,3153707,Quartel Geral,31112965,60018581,2,3,0,0,4,,,0,,
2024,29,BA,2920403,Manoel Vitorino,29931252,60017205,2,3,1,1,17,1.0,775.16,1,1,0
2024,35,SP,3530607,Mogi das Cruzes,35298933,60031162,2,3,1,1,14,1.0333333,765.2950361,1,1,0
2024,28,SE,2802106,Estância,28001049,60014538,2,3,1,1,15,1.29,722.91,0,0,0
2024,11,RO,1101609,Theobroma,11005722,60000262,2,3,1,1,1,1.05,707.57,0,0,0
2024,22,PI,2211001,Teresina,22010747,60006557,2,3,1,1,16,1.15,728.13,0,0,0
2024,31,MG,3138203,Lavras,31082819,60020483,2,3,1,1,17,1.06,780.24,1,1,0
2024,43,RS,4300406,Alegrete,43000173,60036347,2,3,1,1,5,1.1818182,702.3571724,0,0,0
2024,35,SP,3509502,Campinas,35047975,60031781,2,2,1,1,20,1.16,799.135882,1,1,0
2024,52,GO,5201108,Anápolis,52010673,60040984,2,3,1,1,21,1.22,778.89,1,1,0
2024,32,ES,3204906,São Mateus,32028827,60022378,2,3,1,1,6,1.0,777.95,1,1,0
2024,51,MT,5103601,Dom Aquino,51019911,60040489,2,3,1,1,10,1.16,795.05,1,1,0
2024,43,RS,4314902,Porto Alegre,43064588,60038066,2,2,0,0,5,,,0,,
2024,51,MT,5107602,Rondonópolis,51023216,60040579,2,3,1,1,15,1.12,722.93,0,0,0
2024,12,AC,1200252,Epitaciolândia,12002857,60000538,2,3,0,0,14,,,0,,
2024,43,RS,4314902,Porto Alegre,43068427,60039265,2,3,1,1,19,1.3,646.4207003,0,0,0
2024,28,SE,2800308,Aracaju,28016338,60014305,2,3,1,1,10,1.05,770.48,1,1,0
2024,35,SP,3550308,São Paulo,35395241,60026582,2,2,1,1,17,1.1111111,767.9981781,1,1,0
2024,23,CE,2309607,Pacajus,23022002,60008215,2,3,1,1,3,1.11,798.86,1,1,0
2024,31,MG,3105608,Barbacena,31055142,60021502,2,3,1,1,5,1.0,793.98,1,1,0
2024,31,MG,3162500,São João del Rei,31076562,60019747,2,2,1,1,20,1.04,794.36,1,1,0
2024,53,DF,5300108,Brasília,53024702,60042493,2,2,1,1,15,1.2,674.37,0,0,0
2024,31,MG,3144607,Nepomuceno,31001209,60020190,2,3,1,1,3,1.13,769.76,1,1,0
2024,43,RS,4311205,Júlio de Castilhos,43023058,60037488,2,3,0,0,7,,,0,,
2024,41,PR,4108304,Foz do Iguaçu,41124907,60032822,2,3,1,1,12,1.24,700.15,0,0,0
2024,26,PE,2609154,Manari,26065649,60011561,2,3,1,1,16,1.05,701.34,0,0,0
2024,24,RN,2411056,Tibau,24011976,60010170,2,3,1,1,18,1.67,668.71,0,0,0
2024,13,AM,1302603,Manaus,13043677,60001250,2,3,1,1,6,1.33,693.53,0,0,0
2024,43,RS,4314902,Porto Alegre,43066456,60038111,2,2,1,1,6,1.0833333,699.7984941,0,0,0
2024,15,PA,1502152,Canaã dos Carajás,15023224,60002965,2,3,1,1,1,1.09,760.22,1,1,0
2024,52,GO,5205406,Ceres,52035244,60042090,2,3,1,1,12,1.0,780.3,1,1,0
2024,29,BA,2918407,Juazeiro,29133225,60017540,2,3,1,1,8,1.0,787.65,1,1,0
2024,35,SP,3550308,São Paulo,35374892,60025863,2,2,1,1,11,1.0714286,743.4925741,1,1,0
2024,35,SP,3550308,São Paulo,35405069,60026786,2,3,0,0,10,,,0,,
2024,22,PI,2205508,José de Freitas,22029630,60006468,2,3,1,1,15,1.0,721.15,0,0,0
2024,29,BA,2903904,Bom Jesus da Lapa,29023193,60017636,2,3,1,1,4,1.0,742.93,0,0,0
2024,33,RJ,3304557,Rio de Janeiro,33129697,60024876,2,3,1,1,1,1.11,824.96,1,1,0
2024,22,PI,2202083,Cajueiro da Praia,22000449,60006381,2,3,1,1,14,1.0,784.24,1,1,0
2024,31,MG,3127800,Grão Mogol,31159574,60019226,2,3,1,1,20,1.14,763.9,1,1,0
2024,35,SP,3550308,São Paulo,35433959,60031408,2,2,1,1,15,1.05,828.9904186,1,1,0
2024,50,MS,5002704,Campo Grande,50001240,60039674,2,3,1,1,17,1.03,639.58,0,0,0
2024,35,SP,3534401,Osasco,35306886,60030824,2,3,1,1,7,1.875,768.4656971,1,1,0
2024,52,GO,5203302,Bela Vista de Goiás,52057825,60041664,2,3,1,1,5,1.04,754.27,1,1,0
2024,15,PA,1500800,Ananindeua,15008772,60001841,2,2,1,1,1,1.24,796.11,1,1,0
2024,41,PR,4128559,Vera Cruz do Oeste,41022657,60032872,2,3,1,1,18,1.38,752.76,1,1,0
2024,33,RJ,3303203,Nilópolis,33052102,60024239,2,3,1,1,16,1.13,793.85,1,1,0
2024,31,MG,3112307,Capelinha,31090787,60022052,2,3,1,1,6,1.05,794.04,1,1,0
2024,26,PE,2611606,Recife,26048292,60012454,2,3,1,1,11,1.79,757.82,1,1,0
2024,35,SP,3522505,Itapevi,35281424,60029104,2,3,1,1,15,1.0769231,791.0839334,1,1,0
2024,11,RO,1100205,Porto Velho,11011360,60000255,2,3,0,0,13,,,0,,
2024,26,PE,2601052,Araçoiaba,26026536,60012259,2,3,1,1,1,1.0,778.91,1,1,0
2024,26,PE,2600302,Agrestina,26000142,60011983,2,3,1,1,1,1.0,819.46,1,1,0
2024,51,MT,5107602,Rondonópolis,51022466,60040520,2,3,0,0,1,,,0,,
2024,26,PE,2602308,Bonito,26014297,60011993,2,3,1,1,9,1.0,787.62,1,1,0
2024,21,MA,2111201,São José de Ribamar,21002989,60004356,2,3,1,1,21,1.15,754.0,1,1,0
2024,16,AP,1600303,Macapá,16012301,60003790,2,2,1,1,8,1.26,612.2,0,0,0
2024,13,AM,1302603,Manaus,13053508,60001478,2,3,1,1,20,1.17,730.6,0,0,0
2024,41,PR,4117255,Nova Prata do Iguaçu,41009888,60033970,2,3,1,1,16,1.04,809.49,1,1,0
2024,26,PE,2606804,Igarassu,26026896,60012258,2,3,1,1,13,1.1,662.14,0,0,0
2024,31,MG,3130606,Inconfidentes,31080778,60021236,2,3,1,1,14,1.2,756.6,1,1,0
2024,35,SP,3550308,São Paulo,35424884,60030774,2,3,1,1,4,1.0384615,713.213108,0,0,0
2024,35,SP,3533304,Nova Luzitânia,35232814,60028930,2,3,1,1,2,1.0,778.6321602,1,1,0
2024,35,SP,3515103,Embu-Guaçu,35274721,60031683,2,2,1,1,3,1.0909091,773.6141212,1,1,0
2024,51,MT,5107602,Rondonópolis,51024230,60040723,2,3,1,1,12,1.18,748.72,1,1,0
2024,41,PR,4113908,Mallet,41079913,60033217,2,3,1,1,19,1.0,794.42,1,1,0
2024,23,CE,2304400,Fortaleza,23089724,60009316,2,3,1,1,3,1.05,800.62,1,1,0
2024,29,BA,2926004,Remanso,29185502,60017096,2,3,1,1,2,1.0,772.56,1,1,0
2024,35,SP,3550308,São Paulo,35357729,60026793,2,3,1,1,21,1.35,715.2899665,0,0,0
2024,41,PR,4118501,Pato Branco,41088457,60032994,2,3,1,1,12,1.13,789.67,1,1,0
2024,35,SP,3550308,São Paulo,35369811,60026924,2,3,1,1,11,1.0714286,764.3825979,1,1,0
2024,33,RJ,3304201,Resende,33073558,60025694,2,3,1,1,6,1.25,687.23,0,0,0
2024,29,BA,2910404,Encruzilhada,29065074,60016632,2,3,0,0,2,,,0,,
2024,43,RS,4318705,São Leopoldo,43088424,60038630,2,2,0,0,20,,,0,,
2024,31,MG,3106200,Belo Horizonte,31073095,60017969,2,2,1,1,18,1.04,746.93,1,1,0
2024,35,SP,3550308,São Paulo,35388482,60031800,2,2,1,1,3,1.1111111,751.4796444,1,1,0
2024,52,GO,5200175,Água Fria de Goiás,52061041,60041682,2,3,1,1,3,1.0,774.99,1,1,0
2024,13,AM,1302603,Manaus,13046008,60000928,2,2,1,1,8,1.53,762.43,1,1,0
2024,41,PR,4110300,Inajá,41003015,60034226,2,3,1,1,14,1.06,758.36,1,1,0
2024,32,ES,3205200,Vila Velha,32015956,60022998,2,3,1,1,21,1.13,780.75,1,1,0
2024,35,SP,3523909,Itu,35081479,60029159,2,3,1,1,9,1.2857143,771.9899447,1,1,0
2024,35,SP,3549904,São José dos Campos,35188950,60026185,2,3,1,1,11,1.0833333,757.9336966,1,1,0
2024,42,SC,4206405,Guaraciaba,42079704,60036056,2,3,1,1,6,1.03,773.16,1,1,0
2024,13,AM,1302603,Manaus,13042508,60000911,2,2,1,1,20,1.65,752.66,1,1,0
2024,43,RS,4311403,Lajeado,43045018,60037527,2,3,0,0,14,,,0,,
2024,35,SP,3522208,Itapecerica da Serra,35276601,60030133,2,3,1,1,17,1.0833333,739.8652765,0,0,0
2024,25,PB,2503001,Caaporã,25014021,60011127,2,3,1,1,15,1.11,684.91,0,0,0
2024,27,AL,2706307,Palmeira dos Índios,27021872,60013814,2,3,1,1,18,1.03,720.7,0,0,0
2024,26,PE,2607307,Ipubi,26061766,60013061,2,3,1,1,9,1.0,716.96,0,0,0
2024,31,MG,3108909,Brazópolis,31180977,60018768,2,3,0,0,1,,,0,,
2024,41,PR,4103453,Cafelândia,41012052,60034052,2,3,1,1,4,1.09,751.77,1,1,0
2024,31,MG,3106200,Belo Horizonte,31087685,60021594,2,3,1,1,21,1.47,771.54,1,1,0
2024,26,PE,2616001,Venturosa,26067164,60011679,2,3,1,1,5,1.0,705.76,0,0,0
2024,52,GO,5212501,Luziânia,52030478,60041351,2,3,1,1,18,1.04,727.34,0,0,0
2024,31,MG,3143906,Muriaé,31080070,60020676,2,3,0,0,10,,,0,,
2024,35,SP,3549904,São José dos Campos,35191321,60029029,2,3,1,1,9,1.1111111,761.8911,1,1,0
2024,21,MA,2104651,Governador Newton Bello,21022736,60004866,2,3,1,1,11,1.06,681.21,0,0,0
2024,35,SP,3534708,Ourinhos,35128467,60028447,2,3,1,1,10,1.0526316,739.0378618,0,0,0
2024,35,SP,3551801,Sete Barras,35152282,60030155,2,3,1,1,19,1.0555556,758.5762842,1,1,0
2024,29,BA,2908408,Conceição do Coité,29055007,60015509,2,3,1,1,17,1.0,715.15,0,0,0
2024,41,PR,4125506,São José dos Pinhais,41125789,60033732,2,3,1,1,7,1.2,742.24,0,0,0
2024,15,PA,1506351,Santa Bárbara do Pará,15099846,60002054,2,3,0,0,7,,,0,,
2024,43,RS,4300505,Alpestre,43031316,60036318,2,3,1,1,3,1.0,790.9694145,1,1,0
2024,27,AL,2706703,Penedo,27033161,60013784,2,3,1,1,18,1.21,765.44,1,1,0
2024,43,RS,4311403,Lajeado,43044334,60037518,2,2,1,1,20,1.1333333,788.5858574,1,1,0
2024,35,SP,3536505,Paulínia,35214117,60028279,2,3,1,1,16,1.0869565,776.6710896,1,1,0
2024,32,ES,3201605,Conceição da Barra,32028073,60023002,2,3,1,1,13,1.0,726.2,0,0,0
2024,31,MG,3118601,Contagem,31046422,60021895,2,3,1,1,14,1.18,768.38,1,1,0
2024,35,SP,3506003,Bauru,35025597,60031638,2,2,1,1,18,1.0625,739.1998781,0,0,0
2024,29,BA,2919207,Lauro de Freitas,29139889,60017595,2,3,1,1,17,1.0,711.95,0,0,0
2024,51,MT,5108402,Várzea Grande,51044373,60040424,2,3,1,1,10,1.07,743.95,1,1,0
2024,33,RJ,3303500,Nova Iguaçu,33061198,60024315,2,3,0,0,7,,,0,,
2024,31,MG,3108552,Brasilândia de Minas,31029029,60019473,2,3,1,1,18,1.0,765.45,1,1,0
2024,13,AM,1302603,Manaus,13033400,60001476,2,3,1,1,16,1.04,637.29,0,0,0
2024,27,AL,2704302,Maceió,27016926,60013665,2,3,1,1,15,1.09,735.3,0,0,0
2024,26,PE,2602902,Cabo de Santo Agostinho,26033177,60012583,2,3,1,1,18,1.32,758.27,1,1,0
2024,35,SP,3556107,Valentim Gentil,35233035,60029360,2,3,1,1,15,1.0454545,772.7614195,1,1,0
2024,15,PA,1503077,Garrafão do Norte,15031797,60002441,2,3,1,1,9,1.46,750.58,1,1,0
2024,41,PR,4109708,Ibaiti,41040644,60032401,2,3,1,1,2,1.04,793.61,1,1,0
2024,50,MS,5007950,Tacuru,50041160,60039906,2,3,1,1,2,1.08,673.89,0,0,0
2024,51,MT,5102702,Canarana,51003057,60040270,2,3,1,1,5,1.09,796.36,1,1,0
2024,43,RS,4317301,Santa Vitória do Palmar,43080123,60038441,2,3,1,1,19,1.2857143,680.5199068,0,0,0
2024,42,SC,4208203,Itajaí,42037391,60035237,2,3,0,0,3,,,0,,
2024,32,ES,3202801,Itapemirim,32038397,60022903,2,3,1,1,17,1.07,698.52,0,0,0
2024,27,AL,2704302,Maceió,27015187,60014006,2,3,1,1,14,1.0,809.7,1,1,0
2024,52,GO,5208608,Goianésia,52026925,60040958,2,3,1,1,3,1.27,682.93,0,0,0
2024,13,AM,1301803,Ipixuna,13009793,60001494,2,3,1,1,12,1.05,700.95,0,0,0
2024,25,PB,2504504,Condado,25009343,60010419,2,3,1,1,10,1.11,742.62,0,0,0
2024,31,MG,3171204,Vespasiano,31121756,60021996,2,3,1,1,8,1.17,783.21,1,1,0
2024,43,RS,4301602,Bagé,43003507,60036451,2,3,1,1,11,1.1,771.7024473,1,1,0
2024,51,MT,5107909,Sinop,51029584,60040836,2,3,1,1,5,1.32,722.41,0,0,0
2024,35,SP,3515707,Ferraz de Vasconcelos,35323927,60027499,2,3,1,1,6,1.030303,824.7398442,1,1,0
2024,35,SP,3534401,Osasco,35304197,60029180,2,3,1,1,5,1.2,786.4517765,1,1,0
2024,33,RJ,3306107,Valença,33093997,60023700,2,3,0,0,18,,,0,,
2024,27,AL,2707206,Poço das Trincheiras,27024859,60013919,2,3,1,1,15,1.0,771.42,1,1,0
2024,15,PA,1504422,Marituba,15044546,60001895,2,3,1,1,6,1.29,762.02,1,1,0
2024,35,SP,3554003,Tatuí,35074028,60027935,2,3,1,1,11,1.047619,817.0390854,1,1,0
2024,42,SC,4209854,Lindóia do Sul,42080664,60035975,2,3,1,1,8,1.2,746.78,1,1,0
2024,35,SP,3547809,Santo André,35311121,60026147,2,3,1,1,6,1.1875,675.5083114,0,0,0
2024,31,MG,3131307,Ipatinga,31050046,60020762,2,3,1,1,9,1.17,685.47,0,0,0
2024,35,SP,3550308,São Paulo,35442970,60031792,2,2,1,1,17,1.137931,759.685492,1,1,0
2024,31,MG,3118601,Contagem,31087715,60018282,2,3,1,1,12,1.2,752.09,1,1,0
2024,29,BA,2927408,Salvador,29218145,60017607,2,3,1,1,6,1.0,719.74,0,0,0
2024,31,MG,3136702,Juiz de Fora,31007549,60019002,2,3,1,1,11,1.05,653.89,0,0,0
2024,52,GO,5201405,Aparecida de Goiânia,52017302,60041090,2,3,1,1,17,1.07,756.64,1,1,0
2024,52,GO,5212907,Marzagão,52044004,60041530,2,3,1,1,9,1.0,769.78,1,1,0
2024,31,MG,3158003,Santa Maria de Itabira,31141017,60019415,2,3,1,1,20,1.11,773.85,1,1,0
2024,41,PR,4120507,Primeiro de Maio,41087512,60032049,2,3,1,1,15,1.6,676.0,0,0,0
2024,13,AM,1302603,Manaus,13029979,60001309,2,3,1,1,6,1.59,734.7,0,0,0
2024,41,PR,4113700,Londrina,41073077,60033953,2,3,1,1,18,1.09,742.26,0,0,0
2024,35,SP,3550308,São Paulo,35436345,60031775,2,2,1,1,8,1.0740741,724.2015587,0,0,0
2024,29,BA,2933307,Vitória da Conquista,29266444,60017202,2,3,0,0,7,,,0,,
2024,32,ES,3203205,Linhares,32025012,60022436,2,3,1,1,14,1.04,696.63,0,0,0
2024,29,BA,2905701,Camaçari,29940511,60015863,2,3,0,0,13,,,0,,
2024,29,BA,2921005,Mata de São João,29152035,60017929,2,3,1,1,19,1.0,686.44,0,0,0
2024,35,SP,3534609,Osvaldo Cruz,35001230,60028654,2,3,1,1,16,1.2105263,723.2109379,0,0,0
2024,15,PA,1501402,Belém,15093839,60001974,2,3,0,0,21,,,0,,
2024,15,PA,1508126,Ulianópolis,15084933,60002670,2,3,1,1,17,1.08,660.55,0,0,0
2024,29,BA,2918407,Juazeiro,29128393,60014733,2,3,1,1,20,1.0,651.7,0,0,0
2024,29,BA,2933158,Várzea Nova,29260432,60017443,2,3,1,1,16,1.0,730.22,0,0,0
2024,23,CE,2304400,Fortaleza,23079970,60009364,2,3,1,1,8,1.0,811.23,1,1,0
2024,52,GO,5205109,Catalão,52023815,60041577,2,3,1,1,16,1.0,714.38,0,0,0
2024,32,ES,3205002,Serra,32003183,60022639,2,3,1,1,4,1.1,655.39,0,0,0
2024,52,GO,5203559,Bonfinópolis,52021144,60041899,2,3,1,1,18,1.09,717.07,0,0,0
2024,35,SP,3523107,Itaquaquecetuba,35287761,60030495,2,3,1,1,7,1.1538462,768.4656971,1,1,0
2024,35,SP,3538006,Pindamonhangaba,35132718,60028107,2,3,1,1,18,1.0,627.4326377,0,0,0
2024,35,SP,3540754,Potim,35070822,60028388,2,3,1,1,4,1.0645161,743.2214387,1,1,0
2024,23,CE,2310704,Pentecoste,23055215,60007787,2,3,1,1,18,1.03,819.56,1,1,0
2024,35,SP,3509502,Campinas,35045311,60031424,2,2,1,1,1,1.3,821.514298,1,1,0
2024,31,MG,3104205,Arcos,31141466,60021000,2,3,1,1,10,1.1,841.13,1,1,0
2024,29,BA,2912103,Ibicaraí,29935397,60016773,2,3,1,1,13,1.0,766.17,1,1,0
2024,31,MG,3136652,Juatuba,31035141,60021038,2,3,1,1,7,1.14,696.17,0,0,0
2024,51,MT,5103056,Cláudia,51024449,60040847,2,3,1,1,8,1.17,792.27,1,1,0
2024,25,PB,2513703,Santa Rita,25017057,60011252,2,3,1,1,16,1.55,823.24,1,1,0
2024,51,MT,5103858,Gaúcha do Norte,51017575,60040239,2,3,1,1,16,1.17,691.77,0,0,0
2024,52,GO,5203500,Bom Jesus de Goiás,52074197,60041498,2,3,1,1,2,1.0,779.25,1,1,0
2024,50,MS,5008305,Três Lagoas,50037569,60039766,2,3,1,1,4,1.0,793.22,1,1,0
2024,15,PA,1504422,Marituba,15044422,60001882,2,3,1,1,13,1.71,737.84,0,0,0
2024,35,SP,3550308,São Paulo,35359677,60030548,2,3,1,1,8,1.25,729.9384569,0,0,0
2024,33,RJ,3301702,Duque de Caxias,33023604,60024093,2,3,1,1,16,1.08,733.99,0,0,0
2024,31,MG,3108701,Brás Pires,31036174,60021333,2,3,1,1,3,1.05,812.03,1,1,0
2024,29,BA,2900702,Alagoinhas,29001724,60015590,2,3,1,1,12,1.0,718.47,0,0,0
2024,42,SC,4205456,Forquilhinha,42029104,60035892,2,3,0,0,3,,,0,,
2024,15,PA,1505304,Oriximiná,15053229,60003023,2,3,1,1,17,1.61,600.69,0,0,0
2024,11,RO,1100023,Ariquemes,11001077,60000382,2,3,1,1,3,1.1,772.32,1,1,0
2024,35,SP,3516309,Francisco Morato,35241968,60030052,2,3,1,1,14,1.1111111,755.1280955,1,1,0
2024,33,RJ,3302601,Mangaratiba,33150401,60023969,2,3,0,0,1,,,0,,
2024,32,ES,3204005,Pancas,32035504,60022327,2,3,1,1,16,1.1,763.8,1,1,0
2024,23,CE,2305803,Ipu,23081242,60007579,2,3,1,1,6,1.0,837.99,1,1,0
2024,42,SC,4202800,Braço do Norte,42012034,60034571,2,3,1,1,18,1.11,823.16,1,1,0
2024,31,MG,3106200,Belo Horizonte,31044094,60018095,2,3,1,1,4,1.39,784.9,1,1,0
2024,35,SP,3550308,São Paulo,35426500,60025961,2,2,1,1,21,1.0666667,774.2675842,1,1,0
2024,35,SP,3525904,Jundiaí,35108936,60031336,2,3,1,1,18,1.0,796.7068846,1,1,0
2024,32,ES,3204351,Rio Bananal,32026803,60022469,2,3,1,1,10,1.12,760.14,1,1,0
2024,29,BA,2921054,Matina,29152265,60016453,2,3,1,1,11,1.0,764.55,1,1,0
2024,42,SC,4205407,Florianópolis,42093315,60034390,2,2,0,0,2,,,0,,
2024,33,RJ,3303500,Nova Iguaçu,33063885,60024316,2,3,1,1,7,1.24,734.21,0,0,0
2024,41,PR,4106605,Cruzeiro do Oeste,41019449,60031880,2,3,0,0,12,,,0,,
2024,51,MT,5103379,Cotriguaçu,51012043,60040554,2,3,1,1,12,1.11,846.7,1,1,0
2024,35,SP,3518800,Guarulhos,35268900,60030894,2,3,1,1,13,1.2307692,787.3263606,1,1,0
2024,43,RS,4301107,Arroio dos Ratos,43025197,60036415,2,3,1,1,20,1.0952381,753.8562773,1,1,0
2024,31,MG,3127503,Gonzaga,31128183,60021726,2,3,1,1,13,1.17,801.43,1,1,0
2024,35,SP,3547502,Santa Rita do Passa Quatro,35143306,60028390,2,3,1,1,11,1.0869565,752.1514589,1,1,0
2024,29,BA,2927408,Salvador,29195020,60015976,2,3,1,1,7,1.0,658.14,0,0,0
2024,33,RJ,3304557,Rio de Janeiro,33123845,60025624,2,3,1,1,1,1.08,781.21,1,1,0
2024,33,RJ,3304557,Rio de Janeiro,33143284,60024849,2,3,1,1,18,1.04,781.21,1,1,0
2024,35,SP,3550308,São Paulo,35440766,60031468,2,2,1,1,20,1.2916667,799.135882,1,1,0
2024,29,BA,2925303,Porto Seguro,29179401,60017436,2,3,1,1,14,1.0,741.33,0,0,0
2024,35,SP,3523107,Itaquaquecetuba,35284196,60027305,2,3,1,1,3,1.0909091,820.3126554,1,1,0
2024,31,MG,3114105,Carmo de Minas,31120641,60020162,2,3,1,1,1,1.0,821.29,1,1,0
2024,29,BA,2932507,Una,29256934,60017083,2,3,1,1,10,1.0,761.32,1,1,0
2024,52,GO,5208707,Goiânia,52009194,60042123,2,3,1,1,5,1.35,737.01,0,0,0
2024,33,RJ,3304557,Rio de Janeiro,33148030,60024510,2,3,1,1,9,1.08,697.81,0,0,0
2024,33,RJ,3304557,Rio de Janeiro,33103644,60024969,2,3,1,1,5,1.07,782.3,1,1,0
2024,41,PR,4113700,Londrina,41060525,60032228,2,3,1,1,17,1.11,628.06,0,0,0
2024,31,MG,3106200,Belo Horizonte,31191184,60017993,2,2,1,1,12,1.0,750.86,1,1,0
2024,29,BA,2927200,Ruy Barbosa,29191558,60015175,2,3,1,1,20,1.0,704.38,0,0,0
2024,41,PR,4104204,Campo Largo,41076100,60033430,2,3,1,1,12,1.06,755.02,1,1,0
2024,35,SP,3513702,Descalvado,35170518,60028146,2,3,1,1,19,1.2142857,828.5296809,1,1,0
2024,35,SP,3549904,São José dos Campos,35190295,60027300,2,3,1,1,16,1.0,810.8329413,1,1,0
2024,15,PA,1500859,Anapu,15011721,60003167,2,3,0,0,12,,,0,,
2024,15,PA,1505106,Óbidos,15052478,60001568,2,3,1,1,9,1.0,757.07,1,1,0
2024,26,PE,2613701,São Lourenço da Mata,26043903,60013069,2,3,1,1,4,1.1,754.29,1,1,0
2024,31,MG,3164472,São Sebastião do Anta,31038142,60021413,2,3,0,0,5,,,0,,
2024,35,SP,3557006,Votorantim,35231190,60027251,2,3,1,1,10,1.1666667,780.4776377,1,1,0
2024,35,SP,3512001,Colina,35020684,60030065,2,3,1,1,17,1.2272727,694.4977556,0,0,0
2024,31,MG,3157104,Salto da Divisa,31044785,60020292,2,3,1,1,20,1.09,776.85,1,1,0
2024,15,PA,1508100,Tucuruí,15084528,60003634,2,3,1,1,17,1.04,658.36,0,0,0
2024,33,RJ,3304557,Rio de Janeiro,33121330,60024571,2,3,1,1,10,1.19,765.79,1,1,0
2024,21,MA,2107506,Paço do Lumiar,21001596,60006139,2,3,1,1,20,1.13,788.24,1,1,0
2024,32,ES,3202454,Ibatiba,32041517,60022807,2,3,1,1,3,1.08,691.93,0,0,0
2024,24,RN,2414159,Tenente Laurentino Cruz,24028039,60009744,2,3,1,1,6,1.33,734.21,0,0,0
2024,13,AM,1302801,Maraã,13016265,60001150,2,3,1,1,12,1.27,743.14,1,1,0
2024,41,PR,4108304,Foz do Iguaçu,41073489,60032793,2,3,0,0,4,,,0,,
2024,31,MG,3122009,Divino,31160031,60021320,2,3,1,1,16,1.17,798.94,1,1,0
2024,26,PE,2614402,Solidão,26059190,60011514,2,3,1,1,5,1.04,778.03,1,1,0
2024,33,RJ,3304144,Queimados,33070786,60024369,2,3,0,0,15,,,0,,
2024,42,SC,4213401,Ponte Serrada,42090124,60035496,2,3,0,0,15,,,0,,
2024,29,BA,2917300,Ituberá,29118683,60016687,2,3,1,1,20,1.0,677.67,0,0,0
2024,50,MS,5007208,Rio Brilhante,50025191,60040037,2,3,1,1,18,1.04,733.0,0,0,0
2024,42,SC,4204509,Corupá,42043733,60035581,2,3,1,1,15,1.21,804.02,1,1,0
2024,35,SP,3527306,Louveira,35103802,60031070,2,3,1,1,11,1.0454545,810.1892318,1,1,0
2024,31,MG,3169406,Três Pontas,31040917,60021064,2,3,1,1,13,1.04,769.03,1,1,0
2024,26,PE,2603454,Camaragibe,26035410,60012305,2,3,1,1,13,1.09,734.79,0,0,0
2024,52,GO,5208707,Goiânia,52009126,60042122,2,3,1,1,9,1.05,836.95,1,1,0
2024,29,BA,2903409,Belmonte,29020204,60016724,2,3,1,1,11,1.0,756.25,1,1,0
2024,31,MG,3118601,Contagem,31198404,60022044,2,3,1,1,4,1.14,848.64,1,1,0
2024,42,SC,4211751,Otacílio Costa,42062741,60034979,2,3,1,1,21,1.18,742.72,0,0,0
2024,22,PI,2202091,Caldeirão Grande do Piauí,22026783,60007092,2,3,1,1,6,1.0,839.92,1,1,0
2024,52,GO,5205109,Catalão,52073319,60041577,2,3,1,1,12,1.35,692.25,0,0,0
2024,31,MG,3106200,Belo Horizonte,31121740,60018133,2,3,1,1,11,1.11,725.89,0,0,0
2024,35,SP,3550308,São Paulo,35358553,60026843,2,3,1,1,13,1.25,748.7447878,1,1,0
2024,26,PE,2610707,Paulista,26031490,60012429,2,3,1,1,14,1.28,795.61,1,1,0
2024,35,SP,3509502,Campinas,35046879,60031640,2,2,1,1,18,1.0,765.1407388,1,1,0
2024,28,SE,2806602,Santo Amaro das Brotas,28006418,60014295,2,2,1,1,6,1.0,763.19,1,1,0
2024,13,AM,1302603,Manaus,13033354,60001456,2,3,1,1,4,1.16,752.95,1,1,0
2024,41,PR,4125357,São Jorge do Patrocínio,41002961,60034108,2,3,1,1,7,1.15,773.84,1,1,0
2024,33,RJ,3302502,Magé,33046205,60024184,2,3,1,1,12,1.45,778.5,1,1,0
2024,31,MG,3118601,Contagem,31178269,60020851,2,3,1,1,18,1.2,731.35,0,0,0
2024,52,GO,5211206,Itapuranga,52038654,60042048,2,3,1,1,8,1.0,795.08,1,1,0
2024,41,PR,4126108,São Tomé,41054845,60031930,2,3,1,1,15,1.0,750.47,1,1,0
2024,31,MG,3129301,Iapu,31193705,60018400,2,3,1,1,6,1.05,790.99,1,1,0
2024,35,SP,3515004,Embu das Artes,35333228,60031812,2,2,1,1,5,1.0,802.6729089,1,1,0
2024,15,PA,1501501,Benevides,15016465,60003580,2,3,1,1,19,1.18,696.61,0,0,0
2024,15,PA,1506807,Santarém,15073369,60003115,2,3,1,1,21,1.09,772.08,1,1,0
2024,23,CE,2303709,Caucaia,23052148,60008961,2,3,1,1,19,1.0,797.3,1,1,0
2024,15,PA,1506807,Santarém,15074042,60003194,2,3,0,0,1,,,0,,
2024,42,SC,4207809,Irani,42025692,60036172,2,3,0,0,3,,,0,,
2024,25,PB,2510808,Patos,25029115,60010466,2,3,1,1,14,1.04,660.68,0,0,0
2024,35,SP,3515004,Embu das Artes,35331815,60029013,2,3,1,1,13,1.1,716.5489692,0,0,0
2024,26,PE,2613404,São José da Coroa Grande,26078115,60013177,2,3,1,1,21,1.03,703.8,0,0,0
2024,35,SP,3550308,São Paulo,35434079,60031457,2,2,1,1,7,1.0740741,815.354407,1,1,0
2024,52,GO,5213756,Montividiu,52050120,60041905,2,3,1,1,17,1.0,743.92,1,1,0
2024,35,SP,3513009,Cotia,35251899,60027775,2,3,0,0,21,,,0,,
2024,12,AC,1200500,Sena Madureira,12005172,60000449,2,3,1,1,5,1.1,748.56,1,1,0
2024,29,BA,2927705,Santa Cruz Cabrália,29222938,60017650,2,3,1,1,10,1.0,737.05,0,0,0
2024,25,PB,2512309,Princesa Isabel,25007696,60010520,2,3,1,1,13,1.0,801.44,1,1,0
2024,15,PA,1508209,Vigia,15085881,60002183,2,3,1,1,12,1.11,738.83,0,0,0
2024,11,RO,1100338,Nova Mamoré,11004603,60000043,2,3,1,1,15,1.17,730.81,0,0,0
2024,53,DF,5300108,Brasília,53024516,60042193,2,2,1,1,16,1.29,765.02,1,1,0
2024,41,PR,4103909,Campina da Lagoa,41035824,60031943,2,3,1,1,17,1.14,764.3,1,1,0
2024,33,RJ,3304557,Rio de Janeiro,33148361,60024524,2,3,1,1,8,1.24,735.68,0,0,0
2024,12,AC,1200401,Rio Branco,12011498,60000499,2,2,1,1,2,1.17,752.23,1,1,0
2024,43,RS,4314902,Porto Alegre,43062259,60037999,2,2,1,1,15,1.2142857,672.2322536,0,0,0
2024,35,SP,3550308,São Paulo,35423082,60027280,2,3,1,1,14,1.24,672.6356435,0,0,0
2024,11,RO,1101492,São Francisco do Guaporé,11017127,60000380,2,3,1,1,1,1.21,717.12,0,0,0
2024,41,PR,4128104,Umuarama,41103826,60033929,2,3,1,1,3,1.18,732.93,0,0,0
2024,35,SP,3515004,Embu das Artes,35330181,60026216,2,2,1,1,20,1.1176471,750.2342226,1,1,0
2024,35,SP,3549904,São José dos Campos,35189419,60027096,2,3,0,0,1,,,0,,
2024,27,AL,2708501,São Luís do Quitunde,27028443,60013574,2,3,1,1,2,1.0,780.93,1,1,0
2024,23,CE,2304400,Fortaleza,23087136,60008066,2,3,1,1,9,1.04,817.42,1,1,0
2024,25,PB,2501609,Barra de Santa Rosa,25025924,60010599,2,3,1,1,9,1.2,701.82,0,0,0
2024,15,PA,1501402,Belém,15089462,60001955,2,3,1,1,18,1.44,769.94,1,1,0
2024,41,PR,4116901,Nova Esperança,41106407,60032035,2,3,1,1,17,1.32,750.31,1,1,0
2024,35,SP,3550308,São Paulo,35363046,60029443,2,3,1,1,7,1.0357143,702.5766138,0,0,0
2024,33,RJ,3302403,Macaé,33042284,60025487,2,3,1,1,13,1.24,737.83,0,0,0
2024,29,BA,2923605,Paramirim,29165500,60016389,2,3,1,1,18,1.0,701.5,0,0,0
2024,41,PR,4105805,Colombo,41097728,60033459,2,3,1,1,6,1.21,791.66,1,1,0
2024,35,SP,3550308,São Paulo,35363727,60030910,2,3,1,1,11,1.2,794.8106769,1,1,0
2024,22,PI,2203909,Floriano,22020780,60006996,2,3,1,1,7,1.09,755.42,1,1,0
2024,11,RO,1100049,Cacoal,11001983,60000171,2,2,0,0,1,,,0,,
2024,21,MA,2101004,Arari,21057023,60004570,2,3,1,1,16,1.0,771.85,1,1,0
2024,17,TO,1718881,Santa Maria do Tocantins,17017267,60004142,2,3,1,1,13,1.27,676.48,0,0,0
2024,35,SP,3554102,Taubaté,35225386,60029113,2,3,1,1,13,1.0,756.6902209,1,1,0
2024,41,PR,4101507,Arapongas,41087088,60033831,2,3,1,1,20,1.04,762.86,1,1,0
2024,26,PE,2611606,Recife,26054159,60012961,2,3,1,1,4,1.0,691.59,0,0,0
2024,27,AL,2706406,Pão de Açúcar,27022343,60013274,2,3,1,1,8,1.08,686.09,0,0,0
2024,43,RS,4321501,Torres,43094717,60038886,2,3,1,1,11,1.2380952,659.2353675,0,0,0
2024,35,SP,3525904,Jundiaí,35108706,60031110,2,3,1,1,8,1.0,740.5414968,0,0,0
2024,35,SP,3549904,São José dos Campos,35186075,60026278,2,2,1,1,20,1.2222222,705.2547548,0,0,0
2024,35,SP,3505500,Barretos,35020368,60030573,2,3,1,1,18,1.08,719.8770178,0,0,0
2024,31,MG,3170206,Uberlândia,31074394,60021485,2,3,0,0,20,,,0,,
2024,11,RO,1100205,Porto Velho,11013403,60000354,2,3,1,1,14,1.11,697.56,0,0,0
2024,25,PB,2507507,João Pessoa,25033931,60011087,2,3,1,1,20,1.09,787.51,1,1,0
2024,32,ES,3200169,Água Doce do Norte,32030340,60022229,2,3,1,1,17,1.05,753.05,1,1,0
2024,31,MG,3108602,Brasília de Minas,31035632,60019123,2,2,1,1,13,1.12,760.83,1,1,0
2024,15,PA,1506807,Santarém,15071025,60001674,2,3,1,1,18,1.1,727.0,0,0,0
2024,27,AL,2704302,Maceió,27014150,60014015,2,3,1,1,11,1.0,774.62,1,1,0
2024,21,MA,2103901,Duque Bacelar,21039678,60005344,2,3,1,1,12,1.07,644.46,0,0,0
2024,41,PR,4104808,Cascavel,41057586,60032722,2,3,1,1,18,1.24,765.68,1,1,0
2024,53,DF,5300108,Brasília,53002589,60042464,2,2,1,1,15,1.67,786.04,1,1,0
2024,42,SC,4202404,Blumenau,42008059,60035702,2,2,1,1,21,1.41,643.16,0,0,0
2024,52,GO,5205497,Cidade Ocidental,52063407,60041903,2,3,1,1,9,1.04,773.53,1,1,0
2024,32,ES,3205200,Vila Velha,32012817,60022671,2,3,0,0,20,,,0,,
2024,35,SP,3536208,Pariquera-Açu,35151649,60030817,2,3,1,1,5,1.04,753.8206224,1,1,0
2024,35,SP,3513009,Cotia,35253847,60028702,2,3,1,1,15,1.1153846,770.5804818,1,1,0
2024,23,CE,2310308,Parambu,23068301,60008359,2,3,1,1,18,1.0,798.09,1,1,0
2024,35,SP,3529005,Marília,35118749,60027882,2,3,1,1,4,1.25,747.4929725,1,1,0
2024,52,GO,5208707,Goiânia,52006951,60041716,2,3,1,1,18,1.25,734.21,0,0,0
2024,41,PR,4127502,Tibagi,41093284,60032464,2,3,1,1,8,1.46,736.51,0,0,0
2024,13,AM,1300904,Canutama,13005203,60001414,2,2,0,0,1,,,0,,
2024,35,SP,3550308,São Paulo,35402786,60026541,2,2,1,1,1,1.04,787.2131925,1,1,0
2024,35,SP,3521002,Iperó,35080640,60029461,2,3,1,1,5,1.0952381,711.4686378,0,0,0
2024,51,MT,5105259,Lucas do Rio Verde,51049057,60040702,2,3,1,1,10,1.24,778.65,1,1,0
2024,32,ES,3201902,Domingos Martins,32043861,60022491,2,3,1,1,3,1.4,700.79,0,0,0
2024,31,MG,3106200,Belo Horizonte,31148636,60018069,2,3,1,1,10,1.11,709.32,0,0,0
2024,31,MG,3151206,Pirapora,31192267,60019252,2,3,1,1,21,1.15,695.34,0,0,0
2024,15,PA,1502152,Canaã dos Carajás,15023573,60002717,2,3,1,1,7,1.43,743.91,1,1,0
2024,35,SP,3551009,São Vicente,35200577,60027580,2,3,0,0,11,,,0,,
2024,42,SC,4206652,Guatambú,42024218,60036042,2,3,1,1,2,1.3,705.62,0,0,0
2024,35,SP,3505708,Barueri,35234966,60028422,2,3,1,1,7,1.1666667,815.354407,1,1,0
2024,31,MG,3136207,João Monlevade,31029699,60019399,2,3,1,1,15,1.32,800.54,1,1,0
2024,31,MG,3170206,Uberlândia,31082975,60020101,2,2,1,1,3,1.1,784.29,1,1,0
2024,13,AM,1300680,Boa Vista do Ramos,13003976,60001228,2,3,1,1,20,1.28,735.89,0,0,0
2024,17,TO,1721000,Palmas,17002175,60004134,2,3,1,1,13,1.29,721.34,0,0,0
2024,35,SP,3550506,São Pedro do Turvo,35129882,60029654,2,3,1,1,2,1.0454545,776.7868108,1,1,0
2024,35,SP,3548708,São Bernardo do Campo,35316544,60027510,2,3,1,1,7,1.2631579,753.681144,1,1,0
2024,29,BA,2929255,São Gabriel,29233694,60017089,2,3,1,1,8,1.0,657.26,0,0,0
2024,43,RS,4305108,Caxias do Sul,43021415,60039484,2,3,0,0,5,,,0,,
2024,15,PA,1504703,Moju,15048380,60002399,2,3,1,1,20,1.47,755.54,1,1,0
2024,51,MT,5107040,Primavera do Leste,51018616,60040568,2,3,1,1,6,1.27,706.1,0,0,0
2024,31,MG,3118601,Contagem,31200749,60018165,2,2,1,1,7,2.18,781.89,1,1,0
2024,35,SP,3550308,São Paulo,35358102,60026819,2,3,0,0,8,,,0,,
2024,35,SP,3541000,Praia Grande,35146182,60028847,2,3,1,1,15,1.037037,688.8725231,0,0,0
2024,33,RJ,3304557,Rio de Janeiro,33138138,60024733,2,3,1,1,10,1.08,747.98,1,1,0
2024,21,MA,2100600,Amarante do Maranhão,21024650,60004902,2,3,1,1,20,1.0,761.87,1,1,0
2024,21,MA,2111300,São Luís,21009345,60005832,2,3,1,1,4,1.12,767.8,1,1,0
2024,50,MS,5003702,Dourados,50022306,60039919,2,3,1,1,13,1.21,672.47,0,0,0
2024,21,MA,2111300,São Luís,21010451,60005992,2,3,1,1,10,1.05,800.83,1,1,0
2024,35,SP,3513801,Diadema,35255334,60026594,2,2,1,1,6,1.0344828,791.8228781,1,1,0
2024,31,MG,3100104,Abadia dos Dourados,31119739,60021299,2,3,1,1,13,1.0,791.18,1,1,0
2024,35,SP,3543907,Rio Claro,35113598,60026202,2,3,1,1,8,1.0,748.6228823,1,1,0
2024,15,PA,1506609,Santa Maria do Pará,15068628,60002260,2,3,1,1,18,1.12,662.73,0,0,0
2024,16,AP,1600303,Macapá,16002173,60003701,2,3,1,1,21,1.09,758.2,1,1,0
2024,33,RJ,3301702,Duque de Caxias,33028009,60024045,2,3,1,1,12,1.2,696.98,0,0,0
2024,32,ES,3205002,Serra,32001614,60022612,2,3,1,1,1,1.04,774.63,1,1,0
2024,17,TO,1702158,Araguanã,17009723,60003943,2,3,1,1,21,1.09,791.13,1,1,0
2024,50,MS,5003157,Coronel Sapucaia,50034387,60039972,2,3,1,1,2,1.0,768.93,1,1,0
2024,12,AC,1200401,Rio Branco,12011923,60000492,2,3,0,0,19,,,0,,
2024,35,SP,3530607,Mogi das Cruzes,35299378,60031268,2,3,1,1,15,1.1,803.2574229,1,1,0
2024,51,MT,5102678,Campo Verde,51017234,60040792,2,3,1,1,8,1.16,739.27,0,0,0
2024,29,BA,2913606,Ilhéus,29095242,60016808,2,3,0,0,2,,,0,,
2024,23,CE,2304400,Fortaleza,23088715,60009366,2,3,1,1,11,1.04,671.23,0,0,0
2024,26,PE,2602803,Buíque,26064298,60011662,2,3,1,1,18,1.03,764.44,1,1,0
2024,41,PR,4105904,Colorado,41026376,60034337,2,3,0,0,1,,,0,,
2024,23,CE,2309102,Mulungu,23061673,60007867,2,3,1,1,15,1.0,809.86,1,1,0
2024,42,SC,4217600,Siderópolis,42027042,60034644,2,2,1,1,8,1.03,758.94,1,1,0
2024,51,MT,5101803,Barra do Garças,51047489,60040279,2,2,1,1,2,1.1,707.69,0,0,0
2024,13,AM,1302603,Manaus,13055782,60000915,2,2,1,1,9,1.31,740.63,0,0,0
2024,28,SE,2807402,Tobias Barreto,28014829,60014550,2,3,1,1,2,1.0,770.74,1,1,0
2024,35,SP,3513801,Diadema,35257987,60031084,2,3,1,1,21,1.0,710.6124544,0,0,0
2024,21,MA,2111201,São José de Ribamar,21003567,60005619,2,3,1,1,8,1.11,742.95,0,0,0
2024,29,BA,2913408,Igaporã,29092544,60016435,2,3,1,1,12,1.0,786.57,1,1,0
2024,43,RS,4320008,Sapucaia do Sul,43092795,60038752,2,3,0,0,7,,,0,,
2024,53,DF,5300108,Brasília,53018642,60042150,2,2,1,1,8,1.63,736.46,0,0,0
2024,35,SP,3509502,Campinas,35043014,60026721,2,2,1,1,10,1.0625,757.9446496,1,1,0
2024,17,TO,1716208,Paranã,17017614,60004077,2,3,0,0,1,,,0,,
2024,29,BA,2927408,Salvador,29201742,60016047,2,3,1,1,13,1.0,685.86,0,0,0
2024,33,RJ,3300506,Bom Jardim,33009599,60023413,2,3,0,0,1,,,0,,
2024,35,SP,3508405,Cabreúva,35079333,60027484,2,3,1,1,12,1.0526316,738.7146781,0,0,0
2024,35,SP,3550308,São Paulo,35434153,60031458,2,2,1,1,3,1.2,764.2377927,1,1,0
2024,26,PE,2611101,Petrolina,26070812,60012712,2,3,0,0,7,,,0,,
2024,31,MG,3162708,São João do Paraíso,31068685,60021592,2,3,1,1,3,1.05,782.04,1,1,0
2024,13,AM,1302603,Manaus,13038451,60000806,2,3,1,1,20,1.0,770.13,1,1,0
2024,13,AM,1302603,Manaus,13035720,60001346,2,3,1,1,19,1.14,736.14,0,0,0
2024,35,SP,3506003,Bauru,35024749,60029780,2,3,1,1,4,1.2608696,680.390554,0,0,0
2024,43,RS,4315602,Rio Grande,43070179,60038183,2,3,1,1,14,1.0666667,678.6174478,0,0,0
2024,26,PE,2612604,Santa Maria da Boa Vista,26074530,60012799,2,3,1,1,1,1.19,729.68,0,0,0
2024,35,SP,3540705,Porto Ferreira,35142537,60028313,2,3,1,1,7,1.0,698.9674405,0,0,0
2024,15,PA,1503093,Goianésia do Pará,15032195,60002517,2,3,1,1,6,1.0,637.95,0,0,0
2024,16,AP,1600600,Santana,16010203,60003837,2,3,1,1,8,1.22,791.29,1,1,0
2024,31,MG,3127602,Gouveia,31148541,60022073,2,3,1,1,15,1.0,740.56,0,0,0
2024,43,RS,4311106,Jaguari,43081050,60037476,2,3,1,1,3,1.0,733.6561981,0,0,0
2024,52,GO,5221858,Valparaíso de Goiás,52066700,60041992,2,3,1,1,16,1.11,755.86,1,1,0
2024,29,BA,2933307,Vitória da Conquista,29263648,60016598,2,3,1,1,13,1.0,808.76,1,1,0
2024,51,MT,5107909,Sinop,51028302,60040637,2,3,1,1,20,1.17,708.51,0,0,0
2024,27,AL,2700300,Arapiraca,27002875,60013393,2,3,1,1,5,1.0,693.26,0,0,0
2024,16,AP,1600303,Macapá,16005950,60003676,2,2,1,1,10,1.29,744.71,1,1,0
2024,35,SP,3552205,Sorocaba,35213223,60031223,2,3,1,1,5,1.1052632,777.5167141,1,1,0
2024,31,MG,3104007,Araxá,31029368,60020039,2,3,1,1,2,1.14,730.88,0,0,0
2024,35,SP,3516408,Franco da Rocha,35244574,60030601,2,3,1,1,8,1.0454545,748.6388598,1,1,0
2024,35,SP,3543402,Ribeirão Preto,35157746,60029429,2,3,1,1,12,1.3,797.1647403,1,1,0
2024,15,PA,1501402,Belém,15096151,60002028,2,3,1,1,8,1.35,744.68,1,1,0
2024,21,MA,2108009,Pastos Bons,21052915,60005461,2,3,1,1,8,1.0,789.49,1,1,0
2024,35,SP,3550308,São Paulo,35416136,60026975,2,3,1,1,4,1.1111111,685.7177513,0,0,0
2024,53,DF,5300108,Brasília,53008226,60042170,2,2,1,1,10,1.11,675.31,0,0,0
2024,35,SP,3547809,Santo André,35310054,60026131,2,2,1,1,15,1.0344828,811.0257937,1,1,0
2024,13,AM,1303809,São Gabriel da Cachoeira,13022301,60001376,2,2,1,1,2,1.13,609.01,0,0,0
2024,43,RS,4323002,Viamão,43103168,60039081,2,3,1,1,8,1.2857143,695.9011566,0,0,0
2024,24,RN,2412005,São Gonçalo do Amarante,24006632,60009980,2,3,0,0,11,,,0,,
2024,35,SP,3549805,São José do Rio Preto,35183863,60028858,2,3,1,1,7,1.2666667,815.354407,1,1,0
2024,31,MG,3138625,Limeira do Oeste,31095946,60020006,2,3,0,0,4,,,0,,
2024,26,PE,2611606,Recife,26052825,60012859,2,3,1,1,19,1.33,667.68,0,0,0
2024,42,SC,4209300,Lages,42055722,60035749,2,3,1,1,7,1.13,675.48,0,0,0
2024,29,BA,2919207,Lauro de Freitas,29136610,60015930,2,3,1,1,5,1.0,736.75,0,0,0
2024,35,SP,3516200,Franca,35063508,60026730,2,2,1,1,3,1.0645161,758.2304716,1,1,0
2024,15,PA,1503606,Itaituba,15036008,60002546,2,3,1,1,3,1.32,730.36,0,0,0
2024,53,DF,5300108,Brasília,53026453,60042400,2,2,1,1,11,1.34,767.71,1,1,0
2024,35,SP,3547809,Santo André,35313068,60027522,2,3,1,1,18,1.0909091,724.6772192,0,0,0
2024,33,RJ,3303203,Nilópolis,33051563,60024241,2,3,1,1,18,1.17,765.77,1,1,0
2024,33,RJ,3304904,São Gonçalo,33081337,60025018,2,3,1,1,7,1.25,664.68,0,0,0
2024,50,MS,5002704,Campo Grande,50000919,60039668,2,3,0,0,17,,,0,,
2024,50,MS,5003702,Dourados,50021363,60039835,2,3,1,1,10,1.08,775.18,1,1,0
2024,26,PE,2608750,Lagoa Grande,26069093,60011627,2,3,1,1,10,1.0,847.55,1,1,0
2024,23,CE,2313005,Solonópole,23069978,60008437,2,3,1,1,14,1.0,837.66,1,1,0
2024,43,RS,4308508,Frederico Westphalen,43032094,60037217,2,3,1,1,4,1.1538462,655.6558413,0,0,0
2024,52,GO,5218904,Rubiataba,52052938,60042097,2,3,1,1,11,1.09,709.28,0,0,0
2024,15,PA,1504422,Marituba,15045196,60003450,2,3,1,1,6,1.42,776.36,1,1,0
2024,35,SP,3550308,São Paulo,35347327,60028167,2,3,1,1,16,1.0740741,708.9200664,0,0,0
2024,43,RS,4317954,Santo Expedito do Sul,43073537,60038599,2,2,1,1,14,1.0714286,798.3355502,1,1,0
2024,22,PI,2205524,Júlio Borges,22026096,60007086,2,3,1,1,21,1.07,802.3,1,1,0
2024,42,SC,4202057,Balneário Barra do Sul,42073960,60036153,2,3,1,1,20,1.54,712.7,0,0,0
2024,23,CE,2303709,Caucaia,23082104,60007992,2,3,1,1,13,1.0,736.52,0,0,0
2024,29,BA,2905107,Caém,29029619,60015071,2,3,1,1,8,1.0,756.42,1,1,0
2024,21,MA,2109007,Porto Franco,21029887,60006236,2,3,1,1,2,1.04,656.72,0,0,0
2024,35,SP,3505708,Barueri,35238702,60031242,2,3,1,1,10,1.0689655,713.6084304,0,0,0
2024,22,PI,2205508,José de Freitas,22029567,60006464,2,3,1,1,2,1.0,653.42,0,0,0
2024,42,SC,4212502,Penha,42067628,60036004,2,3,1,1,16,1.57,722.16,0,0,0
2024,12,AC,1200013,Acrelândia,12012579,60000564,2,3,0,0,9,,,0,,
2024,23,CE,2304954,Guaiúba,23058753,60009274,2,3,1,1,15,1.04,685.51,0,0,0
2024,29,BA,2933000,Valente,29259799,60017550,2,3,1,1,4,1.0,727.73,0,0,0
2024,31,MG,3151800,Poços de Caldas,31116427,60019657,2,3,1,1,4,1.18,738.88,0,0,0
2024,35,SP,3550308,São Paulo,35354156,60025817,2,2,1,1,14,1.0,831.6440295,1,1,0
2024,31,MG,3144300,Nanuque,31134523,60019894,2,2,1,1,14,1.22,797.46,1,1,0
2024,33,RJ,3305109,São João de Meriti,33084125,60025067,2,3,1,1,15,1.11,737.08,0,0,0
2024,26,PE,2608909,Limoeiro,26075994,60013178,2,3,1,1,19,1.08,733.48,0,0,0
2024,41,PR,4100301,Agudos do Sul,41103043,60033792,2,3,1,1,4,1.0,760.37,1,1,0
2024,51,MT,5102678,Campo Verde,51017239,60040792,2,3,1,1,13,1.16,691.99,0,0,0
2024,53,DF,5300108,Brasília,53005449,60042353,2,2,1,1,11,1.21,752.6,1,1,0
2024,51,MT,5103353,Confresa,51007046,60040246,2,3,1,1,17,1.09,720.03,0,0,0
2024,41,PR,4106902,Curitiba,41125037,60034372,2,3,1,1,17,1.27,676.29,0,0,0
2024,53,DF,5300108,Brasília,53026511,60042459,2,2,1,1,11,1.0,742.24,0,0,0
2024,31,MG,3106200,Belo Horizonte,31072100,60018030,2,2,1,1,11,1.08,699.24,0,0,0
2024,23,CE,2312908,Sobral,23034731,60008943,2,3,1,1,13,1.07,847.63,1,1,0
2024,35,SP,3515152,Engenheiro Coelho,35115823,60031097,2,3,1,1,7,1.04,815.354407,1,1,0
2024,53,DF,5300108,Brasília,53018225,60042487,2,2,1,1,10,1.4,725.16,0,0,0
2024,15,PA,1501402,Belém,15091271,60002009,2,3,1,1,9,1.04,745.75,1,1,0
2024,13,AM,1302603,Manaus,13055612,60000904,2,2,0,0,2,,,0,,
2024,35,SP,3549904,São José dos Campos,35190277,60027300,2,3,1,1,13,1.0,634.4477289,0,0,0
2024,43,RS,4317202,Santa Rosa,43079809,60039222,2,2,1,1,3,1.15,723.4584124,0,0,0
2024,43,RS,4310108,Igrejinha,43038928,60037382,2,3,1,1,21,1.0434783,770.5267235,1,1,0
2024,29,BA,2902500,Baianópolis,29011252,60014605,2,3,1,1,12,1.0,643.08,0,0,0
2024,31,MG,3164704,São Sebastião do Paraíso,31188239,60019781,2,3,1,1,19,1.04,771.35,1,1,0
2024,23,CE,2308708,Morada Nova,23011381,60008514,2,3,1,1,2,1.0,755.1,1,1,0
2024,43,RS,4319158,São Miguel das Missões,43107643,60038685,2,3,1,1,12,1.0,717.087869,0,0,0
2024,26,PE,2606200,Goiana,26019027,60012054,2,3,1,1,13,1.24,759.3,1,1,0
2024,15,PA,1503606,Itaituba,15035231,60002531,2,3,0,0,1,,,0,,
2024,26,PE,2613909,Serra Talhada,26058793,60011508,2,3,1,1,10,1.0,780.42,1,1,0
2024,25,PB,2501500,Bananeiras,25018299,60010686,2,3,1,1,17,1.14,773.9,1,1,0
2024,35,SP,3515509,Fernandópolis,35061756,60030983,2,3,1,1,14,1.0833333,723.7680484,0,0,0
2024,51,MT,5103353,Confresa,51007237,60040649,2,3,0,0,6,,,0,,
2024,13,AM,1302603,Manaus,13044575,60000821,2,3,1,1,19,1.11,780.83,1,1,0
2024,11,RO,1100098,Espigão D'Oeste,11020977,60000298,2,3,1,1,16,1.26,773.42,1,1,0
2024,50,MS,5003207,Corumbá,50015024,60039595,2,3,1,1,19,1.28,678.32,0,0,0
2024,26,PE,2611101,Petrolina,26070415,60011614,2,3,1,1,21,1.07,671.66,0,0,0
2024,26,PE,2607901,Jaboatão dos Guararapes,26038927,60012346,2,3,1,1,21,1.0,758.83,1,1,0
2024,13,AM,1302504,Manacapuru,13014662,60000788,2,3,1,1,16,1.23,726.9,0,0,0
2024,27,AL,2706406,Pão de Açúcar,27022362,60013942,2,3,1,1,16,1.0,773.6,1,1,0
2024,35,SP,3550308,São Paulo,35379504,60026516,2,2,0,0,13,,,0,,
2024,22,PI,2211308,Valença do Piauí,22017922,60006940,2,3,1,1,3,1.13,710.8,0,0,0
2024,23,CE,2303709,Caucaia,23013682,60008924,2,3,1,1,12,1.0,790.58,1,1,0
2024,35,SP,3547809,Santo André,35312816,60027451,2,3,1,1,13,1.0869565,731.0139513,0,0,0
2024,26,PE,2600104,Afogados da Ingazeira,26056610,60011466,2,3,1,1,20,1.0,792.08,1,1,0
2024,29,BA,2925105,Poções,29174437,60016577,2,3,1,1,6,1.0,782.66,1,1,0
2024,31,MG,3110905,Campanha,31001099,60020580,2,3,1,1,1,1.05,822.57,1,1,0
2024,43,RS,4320008,Sapucaia do Sul,43092117,60038738,2,2,1,1,13,1.1111111,672.0334234,0,0,0
2024,35,SP,3509502,Campinas,35045072,60031319,2,2,1,1,2,1.2,638.4661607,0,0,0
2024,29,BA,2927408,Salvador,29220486,60017772,2,3,1,1,4,1.0,728.32,0,0,0
2024,23,CE,2307304,Juazeiro do Norte,23027582,60008829,2,3,1,1,20,1.0,817.83,1,1,0
2024,15,PA,1503606,Itaituba,15035385,60003581,2,3,1,1,20,1.23,733.28,0,0,0
2024,23,CE,2300754,Amontada,23050472,60007643,2,3,1,1,2,1.0,768.1,1,1,0
2024,11,RO,1100304,Vilhena,11018159,60000320,2,3,0,0,7,,,0,,
2024,33,RJ,3306305,Volta Redonda,33095224,60023658,2,3,1,1,2,1.09,678.75,0,0,0
2024,13,AM,1302603,Manaus,13031682,60000935,2,3,1,1,5,1.3,718.04,0,0,0
2024,33,RJ,3302403,Macaé,33039236,60023336,2,3,1,1,20,1.17,690.52,0,0,0
2024,41,PR,4115200,Maringá,41012199,60033952,2,3,1,1,20,1.11,768.4,1,1,0
2024,43,RS,4320677,Sinimbu,43074961,60039357,2,3,1,1,11,1.1333333,781.2621876,1,1,0
2024,31,MG,3169901,Ubá,31101286,60020278,2,3,1,1,14,1.46,788.57,1,1,0
2024,35,SP,3515707,Ferraz de Vasconcelos,35325233,60030595,2,3,1,1,7,1.0434783,712.6743178,0,0,0
2024,24,RN,2412203,São José de Mipibu,24019298,60009997,2,2,1,1,1,1.15,729.37,0,0,0
2024,35,SP,3550308,São Paulo,35393204,60025802,2,2,1,1,5,1.0,665.4619589,0,0,0
2024,52,GO,5218805,Rio Verde,52051452,60041462,2,3,1,0,17,,,0,,
2024,41,PR,4120804,Quatro Barras,41026536,60033670,2,3,1,1,10,1.13,745.21,1,1,0
2024,41,PR,4115200,Maringá,41067136,60032073,2,3,1,1,1,1.36,727.21,0,0,0
2024,23,CE,2301604,Assaré,23024450,60008689,2,3,1,1,19,1.0,897.03,1,1,0
2024,32,ES,3205309,Vitória,32007743,60022717,2,3,1,1,21,1.05,756.31,1,1,0
2024,33,RJ,3300456,Belford Roxo,33005320,60023981,2,3,1,1,20,1.43,750.06,1,1,0
2024,52,GO,5201405,Aparecida de Goiânia,52020349,60041990,2,3,1,1,1,1.0,803.14,1,1,0
2024,33,RJ,3303708,Paraíba do Sul,33092184,60025367,2,3,1,1,11,1.13,778.14,1,1,0
2024,21,MA,2102150,Brejo de Areia,21044164,60004770,2,3,1,1,19,1.22,721.65,0,0,0
2024,35,SP,3537602,Peruíbe,35199503,60028564,2,3,0,0,19,,,0,,
2024,35,SP,3550308,São Paulo,35409043,60027031,2,3,1,1,1,1.0714286,677.022334,0,0,0
2024,28,SE,2802908,Itabaiana,28002573,60014130,2,3,1,1,1,1.0,669.49,0,0,0
2024,35,SP,3550308,São Paulo,35420559,60026245,2,3,1,1,13,1.2272727,674.2601208,0,0,0
2024,31,MG,3139003,Machado,31139924,60020923,2,3,1,1,2,1.0,788.27,1,1,0
2024,29,BA,2918001,Jequié,29125293,60016336,2,3,1,1,11,1.0,740.25,0,0,0
2024,22,PI,2211001,Teresina,22013228,60007121,2,3,1,1,17,1.03,829.14,1,1,0
2024,41,PR,4124400,Santo Antônio do Sudoeste,41056326,60033931,2,3,1,1,20,1.17,749.6,1,1,0
2024,23,CE,2303709,Caucaia,23062062,60009423,2,3,1,1,15,1.0,777.4,1,1,0
2024,28,SE,2802908,Itabaiana,28002449,60014144,2,2,1,1,8,1.15,730.65,0,0,0
2024,41,PR,4102802,Bela Vista do Paraíso,41109095,60034046,2,3,1,1,21,1.35,733.48,0,0,0
2024,21,MA,2113009,Vitorino Freire,21045043,60005784,2,3,1,1,8,1.0,769.77,1,1,0
2024,42,SC,4216602,São José,42075720,60036309,2,3,1,1,4,1.22,737.4,0,0,0
2024,35,SP,3550308,São Paulo,35380346,60027447,2,2,1,1,2,1.1904762,823.2805068,1,1,0
2024,33,RJ,3303500,Nova Iguaçu,33057573,60025303,2,3,1,1,15,1.17,608.8,0,0,0
2024,41,PR,4106902,Curitiba,41121716,60033537,2,3,1,1,8,1.03,789.88,1,1,0
2024,31,MG,3137601,Lagoa Santa,31194763,60021941,2,3,0,0,9,,,0,,
2024,26,PE,2611101,Petrolina,26069608,60011596,2,3,1,1,11,1.13,733.85,0,0,0
2024,51,MT,5102686,Campos de Júlio,51015096,60040168,2,3,1,1,5,1.2,723.0,0,0,0
2024,32,ES,3201308,Cariacica,32016970,60022556,2,3,1,1,16,1.04,667.08,0,0,0
2024,31,MG,3122306,Divinópolis,31037249,60018600,2,3,1,1,21,1.08,804.36,1,1,0
2024,53,DF,5300108,Brasília,53019547,60042220,2,2,1,1,9,1.43,765.92,1,1,0
2024,23,CE,2314102,Viçosa do Ceará,23060783,60007463,2,3,1,1,4,1.06,810.17,1,1,0
2024,52,GO,5201108,Anápolis,52012594,60041756,2,3,1,1,2,1.07,789.12,1,1,0
2024,33,RJ,3304557,Rio de Janeiro,33121566,60024550,2,3,1,1,21,1.53,726.68,0,0,0
2024,35,SP,3550308,São Paulo,35381429,60031500,2,2,1,1,20,1.16,820.1008774,1,1,0
2024,35,SP,3538006,Pindamonhangaba,35133094,60030780,2,3,1,1,10,1.0714286,826.4832126,1,1,0
2024,53,DF,5300108,Brasília,53022260,60042494,2,2,1,1,21,1.26,752.26,1,1,0
2024,33,RJ,3304524,Rio das Ostras,33075608,60025698,2,3,1,1,7,1.26,728.38,0,0,0
2024,52,GO,5218805,Rio Verde,52052674,60042046,2,3,1,1,21,1.0,807.85,1,1,0
2024,27,AL,2704203,Limoeiro de Anadia,27012282,60013468,2,3,1,1,5,1.16,745.98,1,1,0
2024,35,SP,3527306,Louveira,35103730,60031070,2,3,1,1,9,1.0454545,713.1594435,0,0,0
2024,41,PR,4126504,Sertanópolis,41084239,60032054,2,3,1,1,19,1.14,695.77,0,0,0
2024,43,RS,4321303,Taquari,43045304,60038849,2,3,1,1,10,1.6666667,667.162487,0,0,0
2024,50,MS,5002951,Chapadão do Sul,50032615,60040014,2,3,1,1,7,1.13,647.99,0,0,0
2024,31,MG,3162500,São João del Rei,31124394,60020552,2,3,1,1,5,1.0,772.01,1,1,0
2024,26,PE,2601706,Belo Jardim,26000400,60011686,2,3,1,1,5,1.08,700.99,0,0,0
2024,31,MG,3137106,Lagamar,31012881,60019569,2,3,1,1,3,1.05,831.94,1,1,0
2024,35,SP,3501608,Americana,35002354,60026288,2,2,1,1,14,1.0909091,816.1074947,1,1,0
2024,35,SP,3550308,São Paulo,35427423,60025969,2,2,1,1,12,1.16,789.687842,1,1,0
2024,41,PR,4106209,Contenda,41030827,60033477,2,3,1,1,3,1.15,756.31,1,1,0
2024,32,ES,3205002,Serra,32002851,60022635,2,3,1,1,8,1.35,690.1,0,0,0
2024,35,SP,3550308,São Paulo,35377543,60031613,2,2,1,1,5,1.1153846,774.0788608,1,1,0
2024,33,RJ,3304904,São Gonçalo,33080956,60025337,2,3,1,1,21,1.1,757.55,1,1,0
2024,29,BA,2903201,Barreiras,29016407,60014619,2,3,1,1,3,1.0,811.93,1,1,0
2024,41,PR,4104402,Cândido de Abreu,41096584,60032279,2,3,1,1,17,1.06,796.96,1,1,0
2024,13,AM,1300839,Caapiranga,13004975,60001197,2,3,1,1,15,1.13,668.88,0,0,0
2024,31,MG,3171204,Vespasiano,31185524,60020711,2,3,0,0,1,,,0,,
2024,26,PE,2611606,Recife,26052269,60012779,2,3,1,1,20,1.18,772.18,1,1,0
2024,29,BA,2910800,Feira de Santana,29075537,60015251,2,3,1,1,1,1.0,736.07,0,0,0
2024,41,PR,4103453,Cafelândia,41011369,60032698,2,3,1,1,21,1.05,774.67,1,1,0
2024,21,MA,2111201,São José de Ribamar,21003449,60004371,2,3,1,1,21,1.23,723.05,0,0,0
2024,11,RO,1100502,Novo Horizonte do Oeste,11016448,60000348,2,3,1,1,9,1.05,773.52,1,1,0
2024,52,GO,5208608,Goianésia,52027090,60040960,2,3,1,1,2,1.03,796.32,1,1,0
2024,52,GO,5220207,São Miguel do Araguaia,52060044,60040867,2,3,1,1,15,1.0,762.94,1,1,0
2024,31,MG,3141009,Mato Verde,31091573,60019143,2,2,1,1,2,1.13,777.47,1,1,0
2024,41,PR,4104808,Cascavel,41112099,60033833,2,3,1,1,10,1.32,772.01,1,1,0
2024,35,SP,3550308,São Paulo,35380642,60031050,2,2,1,1,2,1.0322581,794.2353529,1,1,0
2024,35,SP,3511102,Catanduva,35059886,60030416,2,3,1,1,6,1.0,791.8228781,1,1,0
2024,43,RS,4307708,Esteio,43029985,60037147,2,3,0,0,15,,,0,,
2024,41,PR,4107652,Fazenda Rio Grande,41079722,60033626,2,3,1,1,10,1.07,792.75,1,1,0
2024,31,MG,3106705,Betim,31013332,60021586,2,3,1,1,12,1.0,792.23,1,1,0
2024,35,SP,3557006,Votorantim,35231796,60029364,2,3,1,1,5,1.0,702.1009058,0,0,0
2024,11,RO,1100205,Porto Velho,11013478,60000359,2,3,1,1,2,1.0,772.67,1,1,0
2024,35,SP,3507100,Bom Jesus dos Perdões,35034486,60030139,2,3,1,1,21,1.1363636,816.9407674,1,1,0
2024,53,DF,5300108,Brasília,53004744,60042373,2,2,1,1,17,1.59,764.54,1,1,0
2024,33,RJ,3301157,Cardoso Moreira,33076996,60023284,2,3,1,1,16,1.36,725.41,0,0,0
2024,11,RO,1100288,Rolim de Moura,11015967,60000240,2,3,1,1,8,1.22,748.28,1,1,0
2024,15,PA,1505650,Placas,15061035,60003426,2,3,0,0,15,,,0,,
2024,35,SP,3550308,São Paulo,35401262,60025783,2,2,1,1,16,1.125,837.4989496,1,1,0
2024,24,RN,2402600,Ceará-Mirim,24023317,60009941,2,3,1,1,5,1.33,707.21,0,0,0
2024,35,SP,3550308,São Paulo,35346345,60026911,2,3,0,0,3,,,0,,
2024,43,RS,4318705,São Leopoldo,43088529,60038632,2,3,0,0,9,,,0,,
2024,35,SP,3550308,São Paulo,35426817,60025962,2,2,1,1,21,1.0322581,812.2150632,1,1,0
2024,31,MG,3159803,Santa Vitória,31049085,60020434,2,3,1,1,15,1.0,643.39,0,0,0
2024,27,AL,2704500,Maragogi,27018426,60013591,2,3,1,1,8,1.0,744.56,1,1,0
2024,33,RJ,3302502,Magé,33045421,60024197,2,3,1,1,5,1.0,752.01,1,1,0
2024,43,RS,4321204,Taquara,43053193,60038830,2,3,1,1,7,1.0,698.0536186,0,0,0
2024,21,MA,2109270,Presidente Sarney,21036334,60006161,2,3,1,1,11,1.29,711.32,0,0,0
2024,35,SP,3550308,São Paulo,35415218,60029795,2,3,1,1,8,1.173913,709.2933395,0,0,0
2024,15,PA,1507474,São João de Pirabas,15076992,60002166,2,3,1,1,18,1.05,775.97,1,1,0
2024,31,MG,3122108,Divino das Laranjeiras,31007108,60021339,2,3,0,0,10,,,0,,
2024,29,BA,2914505,Irará,29101114,60015293,2,3,1,1,19,1.0,681.13,0,0,0
2024,35,SP,3514700,Echaporã,35117530,60028950,2,3,1,1,6,1.0,792.7973069,1,1,0
2024,41,PR,4127700,Toledo,41028034,60034357,2,3,0,0,6,,,0,,
2024,32,ES,3201506,Colatina,32033850,60022296,2,3,1,1,15,1.11,775.8,1,1,0
2024,24,RN,2403103,Currais Novos,24027196,60009780,2,3,1,1,4,1.36,777.37,1,1,0
2024,53,DF,5300108,Brasília,53009349,60042296,2,2,1,1,3,1.24,676.13,0,0,0
2024,35,SP,3518800,Guarulhos,35272954,60026014,2,2,1,1,21,1.08,746.781151,1,1,0
2024,43,RS,4303905,Campo Bom,43011126,60036669,2,3,1,1,21,1.1363636,689.7411913,0,0,0
2024,11,RO,1101005,Governador Jorge Teixeira,11005662,60000308,2,3,1,1,16,1.08,773.93,1,1,0
2024,33,RJ,3303500,Nova Iguaçu,33057278,60024348,2,3,1,1,8,1.33,719.97,0,0,0
2024,35,SP,3510609,Carapicuíba,35249349,60026744,2,2,1,1,4,1.0833333,768.9579775,1,1,0
2024,33,RJ,3304557,Rio de Janeiro,33120902,60024913,2,3,1,1,10,1.0,776.83,1,1,0
2024,15,PA,1503903,Juruti,15039420,60001547,2,2,0,0,20,,,0,,
2024,31,MG,3157807,Santa Luzia,31110083,60020710,2,3,1,1,17,1.07,755.81,1,1,0
2024,42,SC,4207809,Irani,42025769,60035687,2,3,0,0,11,,,0,,
2024,26,PE,2604106,Caruaru,26004422,60013020,2,3,1,1,17,1.21,742.71,0,0,0
2024,35,SP,3518800,Guarulhos,35265026,60028076,2,3,0,0,9,,,0,,
2024,26,PE,2606002,Garanhuns,26011204,60013136,2,3,1,1,10,1.11,788.89,1,1,0
2024,42,SC,4218004,Tijucas,42083041,60035769,2,3,0,0,6,,,0,,
2024,41,PR,4120606,Prudentópolis,41008931,60034014,2,3,1,1,7,1.12,774.17,1,1,0
2024,27,AL,2704302,Maceió,27032749,60013663,2,3,1,1,1,1.0,663.14,0,0,0
2024,35,SP,3550704,São Sebastião,35057754,60028762,2,3,1,1,2,1.0434783,693.0459116,0,0,0
2024,13,AM,1302306,Jutaí,13012925,60001404,2,3,1,1,1,1.06,734.17,0,0,0
2024,33,RJ,3304557,Rio de Janeiro,33126782,60024890,2,3,1,1,19,1.03,679.33,0,0,0
2024,35,SP,3526605,Lavrinhas,35069455,60028614,2,3,1,1,10,1.0588235,802.2905906,1,1,0
2024,35,SP,3550308,São Paulo,35423009,60027189,2,3,1,1,8,1.2,689.846321,0,0,0
2024,41,PR,4113700,Londrina,41119685,60032194,2,3,0,0,20,,,0,,
2024,35,SP,3509502,Campinas,35046080,60031521,2,2,1,1,3,1.16,738.7501368,0,0,0
2024,35,SP,3534401,Osasco,35306982,60030915,2,3,1,1,2,1.2380952,789.230531,1,1,0
2024,26,PE,2610707,Paulista,26032405,60013053,2,3,1,1,1,1.0,780.12,1,1,0
2024,23,CE,2303501,Cascavel,23060643,60007932,2,3,1,1,5,1.04,820.07,1,1,0
2024,33,RJ,3304557,Rio de Janeiro,33135171,60025158,2,3,1,1,10,1.03,773.9,1,1,0
2024,35,SP,3540606,Porto Feliz,35082897,60028346,2,3,1,1,10,1.0,791.8363157,1,1,0
2024,35,SP,3533403,Nova Odessa,35003812,60026133,2,3,1,1,9,1.047619,681.2587717,0,0,0
2024,31,MG,3149309,Pedro Leopoldo,31007852,60018207,2,2,1,1,15,1.0,793.54,1,1,0
2024,52,GO,5212105,Joviânia,52055784,60041529,2,3,1,1,2,1.04,807.47,1,1,0
2024,31,MG,3170107,Uberaba,31002563,60020070,2,3,1,1,12,1.21,691.44,0,0,0
2024,21,MA,2101707,Barreirinhas,21014699,60004512,2,3,1,1,17,1.0,753.21,1,1,0
2024,42,SC,4208203,Itajaí,42036946,60035215,2,3,0,0,1,,,0,,
2024,23,CE,2312908,Sobral,23031760,60009087,2,3,1,1,12,1.0,855.46,1,1,0
2024,29,BA,2933059,Várzea da Roça,29259835,60015183,2,3,1,1,13,1.0,644.45,0,0,0
2024,33,RJ,3302007,Itaguaí,33035105,60023949,2,3,1,1,7,1.13,773.56,1,1,0
2024,52,GO,5220603,Silvânia,52053276,60041562,2,3,1,1,18,1.0,811.39,1,1,0
2024,33,RJ,3300704,Cabo Frio,33010916,60025349,2,3,0,0,21,,,0,,
2024,33,RJ,3304557,Rio de Janeiro,33115773,60025360,2,3,0,0,21,,,0,,
2024,29,BA,2920601,Maragogipe,29149456,60015790,2,3,1,1,19,1.0,759.25,1,1,0
2024,26,PE,2611101,Petrolina,26069895,60011603,2,3,1,1,17,1.0,801.66,1,1,0
2024,35,SP,3529005,Marília,35119661,60029400,2,3,1,1,8,1.2777778,695.0277982,0,0,0
2024,43,RS,4314902,Porto Alegre,43066206,60038105,2,3,1,1,14,1.4166667,717.3610465,0,0,0
2024,50,MS,5003207,Corumbá,50041285,60039595,2,3,1,1,17,1.35,724.09,0,0,0
2024,21,MA,2110609,São Bernardo,21068763,60006181,2,3,0,0,5,,,0,,
2024,41,PR,4101408,Apucarana,41011746,60034083,2,3,1,1,17,1.1,805.16,1,1,0
2024,51,MT,5107602,Rondonópolis,51023828,60040717,2,3,1,1,21,1.09,728.95,0,0,0
2024,23,CE,2304400,Fortaleza,23070755,60008987,2,3,1,1,14,1.0,737.16,0,0,0
2024,31,MG,3144706,Nova Era,31093233,60019402,2,3,1,1,17,1.05,803.6,1,1,0
2024,35,SP,3518800,Guarulhos,35263796,60027982,2,3,1,1,14,1.375,780.5814848,1,1,0
2024,43,RS,4301602,Bagé,43004720,60036479,2,3,1,1,1,1.0833333,752.1730255,1,1,0
2024,35,SP,3536406,Paulicéia,35001805,60029323,2,3,1,1,13,1.0526316,711.4312269,0,0,0
2024,35,SP,3518800,Guarulhos,35260393,60027315,2,3,1,1,3,1.1111111,732.2205773,0,0,0
2024,25,PB,2507507,João Pessoa,25000987,60011033,2,3,1,1,14,1.0,757.28,1,1,0
2024,33,RJ,3301702,Duque de Caxias,33024339,60024012,2,3,1,1,9,1.22,743.76,1,1,0
2024,35,SP,3515004,Embu das Artes,35331280,60029010,2,3,1,1,6,1.1481481,808.8385498,1,1,0
2024,27,AL,2707305,Porto Calvo,27025049,60013887,2,3,1,1,12,1.0,793.01,1,1,0
2024,27,AL,2704302,Maceió,27000839,60013623,2,2,0,0,4,,,0,,
2024,27,AL,2705200,Messias,27020020,60013975,2,3,1,1,6,1.05,674.23,0,0,0
2024,29,BA,2930709,Simões Filho,29243704,60016165,2,3,1,1,18,1.0,693.49,0,0,0
2024,31,MG,3143302,Montes Claros,31108575,60019167,2,2,0,0,5,,,0,,
2024,42,SC,4219176,Vargem Bonita,42045904,60035871,2,3,1,1,17,1.08,817.62,1,1,0
2024,29,BA,2925006,Planalto,29174027,60017401,2,3,1,1,21,1.0,683.3,0,0,0
2024,50,MS,5002704,Campo Grande,50003603,60039698,2,3,1,1,8,1.35,762.6,1,1,0
2024,43,RS,4310413,Inhacorá,43097077,60036966,2,3,1,1,13,1.2941176,690.321069,0,0,0
2024,26,PE,2603207,Caetés,26009157,60011908,2,3,1,1,5,1.04,734.45,0,0,0
2024,31,MG,3162005,São Gonçalo do Sapucaí,31174448,60021704,2,3,1,1,19,1.15,771.68,1,1,0
2024,52,GO,5212501,Luziânia,52031299,60041372,2,3,1,1,17,1.04,734.9,0,0,0
2024,17,TO,1716109,Paraíso do Tocantins,17011935,60004003,2,3,1,1,4,1.2,800.97,1,1,0
2024,41,PR,4113700,Londrina,41084991,60033867,2,3,1,1,9,1.14,760.0,1,1,0
2024,29,BA,2907509,Catu,29051440,60015689,2,3,1,1,11,1.0,777.36,1,1,0
2024,31,MG,3106200,Belo Horizonte,31010158,60018055,2,3,0,0,13,,,0,,
2024,35,SP,3534401,Osasco,35305155,60029185,2,3,1,1,8,1.2608696,836.0824247,1,1,0
2024,35,SP,3550308,São Paulo,35379703,60026554,2,2,1,1,2,1.25,776.7868108,1,1,0
2024,35,SP,3550308,São Paulo,35412773,60026252,2,3,1,1,9,1.0666667,694.311939,0,0,0
2024,27,AL,2700706,Batalha,27005024,60013306,2,3,1,1,11,1.04,811.72,1,1,0
2024,35,SP,3550308,São Paulo,35336922,60026803,2,3,1,1,18,1.0344828,666.156051,0,0,0
2024,35,SP,3550308,São Paulo,35378835,60025854,2,2,1,1,19,1.16,788.6796451,1,1,0
2024,43,RS,4303103,Cachoeirinha,43009326,60036627,2,3,1,1,14,1.1818182,681.5512596,0,0,0
2024,31,MG,3141603,Mercês,31180475,60018362,2,3,0,0,1,,,0,,
2024,24,RN,2408102,Natal,24006163,60010299,2,3,0,0,5,,,0,,
2024,17,TO,1721000,Palmas,17002970,60004219,2,3,0,0,17,,,0,,
2024,53,DF,5300108,Brasília,53000814,60042453,2,2,1,1,9,1.16,740.87,0,0,0
2024,35,SP,3524105,Ituverava,35178663,60030349,2,3,1,1,13,1.0,828.7142278,1,1,0
2024,21,MA,2107100,Morros,21016200,60006042,2,3,1,1,8,1.04,779.37,1,1,0
2024,22,PI,2201101,Avelino Lopes,22025378,60006783,2,3,1,1,4,1.0,691.93,0,0,0
2024,43,RS,4308201,Flores da Cunha,43020381,60037203,2,3,1,1,2,1.0416667,834.6088838,1,1,0
2024,32,ES,3205309,Vitória,32007870,60022720,2,3,1,1,17,1.15,760.07,1,1,0
2024,25,PB,2516102,Soledade,25025744,60010626,2,3,1,1,20,1.44,712.19,0,0,0
2024,21,MA,2111300,São Luís,21008155,60004428,2,3,1,1,11,1.12,756.14,1,1,0
2024,28,SE,2801504,Carmópolis,28006542,60014573,2,3,1,1,13,1.06,680.64,0,0,0
2024,13,AM,1302603,Manaus,13057391,60000903,2,2,1,1,16,1.19,752.87,1,1,0
2024,26,PE,2612505,Santa Cruz do Capibaribe,26006481,60013035,2,3,1,1,18,1.0,753.59,1,1,0
2024,35,SP,3549904,São José dos Campos,35186731,60031429,2,2,1,1,19,1.08,710.9807801,0,0,0
2024,43,RS,4314407,Pelotas,43057108,60037850,2,3,1,1,1,1.4,750.6538029,1,1,0
2024,29,BA,2925204,Pojuca,29175151,60015706,2,3,1,1,8,1.0,707.79,0,0,0
2024,43,RS,4304606,Canoas,43106833,60036779,2,3,1,1,20,1.1764706,759.4097523,1,1,0
2024,21,MA,2107209,Nina Rodrigues,21012880,60005986,2,3,1,1,18,1.23,678.41,0,0,0
2024,35,SP,3549904,São José dos Campos,35189520,60027097,2,3,1,1,6,1.0,767.3649351,1,1,0
2024,15,PA,1504422,Marituba,15044772,60003584,2,3,1,1,15,1.38,716.87,0,0,0
2024,41,PR,4108304,Foz do Iguaçu,41134388,60032799,2,3,0,0,1,,,0,,
2024,35,SP,3550308,São Paulo,35395545,60026692,2,2,1,1,11,1.1111111,778.1147388,1,1,0
2024,35,SP,3550308,São Paulo,35375522,60026512,2,2,1,1,21,1.0,812.2150632,1,1,0
2024,43,RS,4314902,Porto Alegre,43067410,60038127,2,3,0,0,8,,,0,,
2024,31,MG,3144102,Muzambinho,31176442,60021873,2,3,1,1,11,1.08,726.17,0,0,0
2024,31,MG,3108255,Bonito de Minas,31164857,60021541,2,3,1,1,8,1.22,691.27,0,0,0
2024,35,SP,3515004,Embu das Artes,35331527,60029012,2,3,1,1,19,1.0952381,687.9444552,0,0,0
2024,35,SP,3550308,São Paulo,35419436,60029710,2,3,0,0,3,,,0,,
2024,35,SP,3509601,Campo Limpo Paulista,35099996,60029548,2,3,1,1,10,1.1578947,688.1193978,0,0,0
2024,52,GO,5201108,Anápolis,52076306,60040990,2,3,1,1,12,1.04,756.26,1,1,0
2024,35,SP,3509502,Campinas,35042561,60026712,2,2,1,1,20,1.1428571,805.0005521,1,1,0
2024,41,PR,4101507,Arapongas,41130511,60032161,2,3,1,1,14,1.23,767.1,1,1,0
2024,31,MG,3106200,Belo Horizonte,31072707,60018096,2,3,1,1,4,1.63,692.56,0,0,0
2024,35,SP,3502804,Araçatuba,35010275,60030590,2,3,1,1,1,1.05,821.514298,1,1,0
2024,27,AL,2708709,São Miguel dos Milagres,27029356,60013604,2,3,1,1,14,1.23,738.07,0,0,0
2024,24,RN,2408953,Rio do Fogo,24023954,60010200,2,3,1,1,4,1.5,688.28,0,0,0
2024,35,SP,3524204,Jaborandi,35021301,60030069,2,3,1,1,5,1.0,730.7798136,0,0,0
2024,42,SC,4204004,Catanduvas,42045308,60035736,2,3,1,1,2,1.18,647.45,0,0,0
2024,22,PI,2211001,Teresina,22010936,60006560,2,3,0,0,1,,,0,,
2024,35,SP,3550308,São Paulo,35356950,60031617,2,2,1,1,6,1.1034483,824.7398442,1,1,0
2024,35,SP,3552403,Sumaré,35215730,60027136,2,3,1,1,15,1.173913,710.4213526,0,0,0
2024,52,GO,5219704,Santa Terezinha de Goiás,52075471,60040928,2,3,1,1,19,1.12,816.43,1,1,0
2024,15,PA,1504422,Marituba,15045692,60001870,2,3,1,1,15,1.11,685.74,0,0,0
2024,32,ES,3205002,Serra,32005227,60023021,2,3,1,1,21,1.14,710.2,0,0,0
2024,21,MA,2101707,Barreirinhas,21015120,60005927,2,3,1,1,19,1.0,760.95,1,1,0
2024,31,MG,3151800,Poços de Caldas,31011049,60019630,2,3,0,0,8,,,0,,
2024,43,RS,4311155,Jóia,43041572,60039317,2,2,1,1,17,1.1111111,732.5488096,0,0,0
2024,35,SP,3523107,Itaquaquecetuba,35285738,60028461,2,3,1,1,17,1.0,697.9338583,0,0,0
2024,35,SP,3556701,Vinhedo,35049770,60031241,2,3,1,1,3,1.08,652.6258558,0,0,0
2024,33,RJ,3304557,Rio de Janeiro,33145198,60024488,2,3,1,1,11,1.12,782.81,1,1,0
2024,35,SP,3548708,São Bernardo do Campo,35319411,60029031,2,3,1,1,12,1.05,721.3379662,0,0,0
2024,42,SC,4217006,São Ludgero,42012554,60036169,2,3,1,1,16,1.23,813.15,1,1,0
2024,29,BA,2910008,Dário Meira,29062722,60016557,2,3,1,1,16,1.0,708.24,0,0,0
2024,35,SP,3513801,Diadema,35256822,60030898,2,3,0,0,16,,,0,,
2024,26,PE,2601409,Barreiros,26022374,60012168,2,3,1,1,19,1.08,768.33,1,1,0
2024,29,BA,2923035,Novo Horizonte,29162819,60017276,2,3,1,1,11,1.0,746.39,1,1,0
2024,25,PB,2511707,Pilõezinhos,25019878,60011204,2,3,1,1,13,1.5,726.34,0,0,0
2024,35,SP,3535606,Paraibuna,35224092,60028856,2,3,0,0,10,,,0,,
2024,27,AL,2700300,Arapiraca,27002208,60013413,2,3,1,1,9,1.11,775.67,1,1,0
2024,26,PE,2610905,Pesqueira,26066098,60011767,2,3,1,1,2,1.19,805.52,1,1,0
2024,41,PR,4106902,Curitiba,41079733,60034331,2,3,1,1,5,1.06,783.71,1,1,0
2024,16,AP,1600501,Oiapoque,16000897,60003778,2,3,1,1,2,2.56,738.32,0,0,0
2024,35,SP,3530300,Mirassol,35098528,60029617,2,3,1,1,6,1.1,678.1610124,0,0,0
2024,35,SP,3510500,Caraguatatuba,35055920,60028904,2,3,1,1,2,1.0454545,761.1583749,1,1,0
2024,15,PA,1500206,Acará,15002129,60003322,2,3,1,1,3,1.0,635.45,0,0,0
2024,35,SP,3515707,Ferraz de Vasconcelos,35325178,60030595,2,3,1,1,9,1.04,753.2968861,1,1,0
2024,52,GO,5211800,Jaraguá,52027567,60041033,2,3,1,1,5,1.18,843.37,1,1,0
2024,35,SP,3550308,São Paulo,35357867,60026795,2,3,1,1,8,1.2,734.5856719,0,0,0
2024,35,SP,3507506,Botucatu,35030423,60031283,2,3,1,1,7,1.0,750.6103865,1,1,0
2024,42,SC,4205506,Fraiburgo,42031792,60036237,2,3,1,1,3,1.07,776.78,1,1,0
2024,35,SP,3517109,Glicério,35028740,60028094,2,3,1,1,8,1.0526316,756.6706683,1,1,0
2024,23,CE,2304285,Eusébio,23043853,60009060,2,3,1,1,19,1.05,855.25,1,1,0
2024,28,SE,2806602,Santo Amaro das Brotas,28006396,60014519,2,3,1,1,11,1.0,657.54,0,0,0
2024,52,GO,5221700,Uruana,52038733,60041766,2,3,1,1,5,1.0,790.78,1,1,0
2024,35,SP,3524006,Itupeva,35102170,60029337,2,3,0,0,7,,,0,,
2024,35,SP,3500303,Aguaí,35173900,60029422,2,3,1,1,7,1.375,617.9564456,0,0,0
2024,43,RS,4303905,Campo Bom,43010862,60036662,2,3,1,1,14,1.1111111,747.6076289,1,1,0
2024,31,MG,3152501,Pouso Alegre,31055457,60018847,2,3,1,1,14,1.0,771.87,1,1,0
2024,23,CE,2311603,Redenção,23020675,60007882,2,3,1,1,17,1.0,768.86,1,1,0
2024,42,SC,4209102,Joinville,42049473,60034806,2,3,0,0,15,,,0,,
2024,22,PI,2201988,Brejo do Piauí,22022380,60006753,2,3,1,1,21,1.0,803.77,1,1,0
2024,25,PB,2504009,Campina Grande,25021609,60010744,2,3,1,1,6,1.0,753.78,1,1,0
2024,29,BA,2912202,Ibicoara,29088378,60016247,2,3,1,1,14,1.0,662.9,0,0,0
2024,24,RN,2402006,Caicó,24007440,60009755,2,2,1,1,3,1.0,817.75,1,1,0
2024,41,PR,4123709,Santa Isabel do Ivaí,41111645,60034152,2,3,1,1,12,1.22,764.61,1,1,0
2024,15,PA,1506807,Santarém,15074219,60001693,2,3,1,1,1,1.0,785.11,1,1,0
2024,29,BA,2914802,Itabuna,29106378,60016840,2,3,0,0,4,,,0,,
2024,41,PR,4106902,Curitiba,41052125,60033913,2,3,0,0,10,,,0,,
2024,26,PE,2611101,Petrolina,26072174,60013027,2,3,0,0,13,,,0,,
2024,27,AL,2704302,Maceió,27017114,60013803,2,3,1,1,9,1.13,707.95,0,0,0
2024,35,SP,3550308,São Paulo,35358058,60026818,2,3,1,1,1,1.1153846,659.9303151,0,0,0
2024,43,RS,4323002,Viamão,43103800,60039097,2,3,1,1,21,1.1304348,772.0928002,1,1,0
2024,42,SC,4201307,Araquari,42004927,60034859,2,3,1,1,20,1.12,725.9,0,0,0
2024,42,SC,4202909,Brusque,42014289,60035424,2,3,1,1,17,1.25,745.71,1,1,0
2024,16,AP,1600238,Ferreira Gomes,16011234,60003863,2,3,1,1,19,1.05,741.4,0,0,0
2024,16,AP,1600303,Macapá,16002045,60003700,2,3,1,1,4,1.0,696.12,0,0,0
2024,29,BA,2906600,Candiba,29044753,60016415,2,3,1,1,20,1.0,726.9,0,0,0
2024,42,SC,4202909,Brusque,42013230,60035408,2,2,1,1,8,1.37,761.8,1,1,0
2024,35,SP,3550308,São Paulo,35369233,60030753,2,3,0,0,21,,,0,,
2024,35,SP,3515657,Fernão,35120435,60029882,2,3,1,1,5,1.08,731.1843056,0,0,0
2024,26,PE,2611606,Recife,26048731,60012460,2,3,1,1,18,1.3,769.08,1,1,0
2024,35,SP,3501905,Amparo,35123326,60031684,2,2,1,1,13,1.1666667,737.1088629,0,0,0
2024,31,MG,3157807,Santa Luzia,31079976,60021808,2,3,1,1,9,1.13,769.99,1,1,0
2024,35,SP,3550308,São Paulo,35399523,60031431,2,2,0,0,8,,,0,,
2024,23,CE,2311900,Saboeiro,23041532,60008365,2,3,1,1,9,1.0,865.71,1,1,0
2024,31,MG,3147105,Pará de Minas,31010875,60018571,2,3,1,1,14,1.0,739.24,0,0,0
2024,43,RS,4303509,Camaquã,43009929,60036634,2,2,0,0,6,,,0,,
2024,41,PR,4104303,Campo Mourão,41007193,60031976,2,3,1,1,20,1.08,777.99,1,1,0
2024,42,SC,4209300,Lages,42055854,60034959,2,3,0,0,15,,,0,,
2024,31,MG,3136702,Juiz de Fora,31043595,60021101,2,3,1,1,14,1.15,666.33,0,0,0
2024,42,SC,4214805,Rio do Sul,42097545,60034887,2,2,0,0,1,,,0,,
2024,35,SP,3553807,Taquarituba,35019119,60030602,2,3,1,1,4,1.0714286,720.0760464,0,0,0
2024,17,TO,1721000,Palmas,17002728,60004184,2,3,1,1,8,1.3,622.55,0,0,0
2024,17,TO,1721208,Tocantinópolis,17018394,60004152,2,3,1,1,8,1.04,717.01,0,0,0
2024,27,AL,2701902,Chã Preta,27007200,60013504,2,3,1,1,20,1.0,747.36,1,1,0
2024,35,SP,3519071,Hortolândia,35218759,60028456,2,3,1,1,20,1.0769231,755.478937,1,1,0
2024,33,RJ,3304557,Rio de Janeiro,33125441,60024995,2,3,1,1,15,1.1,742.79,0,0,0
2024,15,PA,1500800,Ananindeua,15009786,60001843,2,3,1,1,15,1.33,756.56,1,1,0
2024,35,SP,3554003,Tatuí,35074808,60030438,2,3,1,1,12,1.0,832.9862333,1,1,0
2024,25,PB,2504603,Conde,25014831,60011003,2,3,1,1,4,1.26,742.2,0,0,0
2024,31,MG,3160504,Santo Antônio do Rio Abaixo,31119942,60019416,2,3,1,1,11,1.0,783.03,1,1,0
2024,13,AM,1302603,Manaus,13032701,60001336,2,3,1,1,14,1.36,733.07,0,0,0
2024,50,MS,5002704,Campo Grande,50003685,60039698,2,3,1,1,12,1.0,746.83,1,1,0
2024,23,CE,2300200,Acaraú,23023803,60007227,2,3,1,1,8,1.17,870.71,1,1,0
2024,35,SP,3534401,Osasco,35305247,60029185,2,3,1,1,13,1.1111111,785.7255317,1,1,0
2024,31,MG,3167202,Sete Lagoas,31132043,60021563,2,2,1,1,11,1.04,777.68,1,1,0
2024,21,MA,2112209,Timon,21064928,60005904,2,3,1,1,8,1.0,771.6,1,1,0
2024,35,SP,3551009,São Vicente,35200750,60028212,2,3,0,0,3,,,0,,
2024,33,RJ,3303500,Nova Iguaçu,33061068,60025654,2,3,1,1,12,1.09,784.56,1,1,0
2024,35,SP,3546405,Santa Cruz do Rio Pardo,35129413,60026464,2,2,1,1,17,1.125,749.0741709,1,1,0
2024,23,CE,2306405,Itapipoca,23059409,60009033,2,3,1,1,14,1.19,775.28,1,1,0
2024,31,MG,3165537,Sarzedo,31015060,60021762,2,3,1,1,9,1.0,772.83,1,1,0
2024,35,SP,3538709,Piracicaba,35135420,60027221,2,3,1,1,15,1.2105263,758.6583193,1,1,0
2024,35,SP,3510500,Caraguatatuba,35055082,60028183,2,3,1,1,15,1.3529412,803.2574229,1,1,0
2024,29,BA,2925303,Porto Seguro,29177562,60017002,2,3,1,1,16,1.0,726.59,0,0,0
2024,26,PE,2611606,Recife,26050488,60012507,2,3,0,0,17,,,0,,
2024,41,PR,4106902,Curitiba,41016966,60033612,2,3,1,1,20,1.19,684.56,0,0,0
2024,26,PE,2607901,Jaboatão dos Guararapes,26039437,60012359,2,3,1,1,15,1.19,767.8,1,1,0
2024,29,BA,2906204,Canarana,29041998,60014992,2,3,1,1,15,1.0,689.48,0,0,0
2024,41,PR,4119509,Piraquara,41078627,60033662,2,3,1,1,6,1.14,673.16,0,0,0
2024,25,PB,2507507,João Pessoa,25006171,60011362,2,3,1,1,9,1.3,737.1,0,0,0
2024,23,CE,2312403,São Gonçalo do Amarante,23062904,60008950,2,3,1,1,11,1.0,765.14,1,1,0
2024,41,PR,4119301,Pinhão,41096628,60033104,2,3,1,1,13,1.3,805.38,1,1,0
2024,43,RS,4316907,Santa Maria,43077106,60038363,2,2,1,1,16,1.3,758.2658138,1,1,0
2024,29,BA,2904001,Boninal,29023915,60016243,2,3,1,1,3,1.0,661.39,0,0,0
2024,31,MG,3170206,Uberlândia,31090394,60022185,2,3,1,1,17,1.59,743.5,1,1,0
2024,51,MT,5101704,Barra do Bugres,51032353,60040626,2,3,1,1,9,1.18,751.3,1,1,0
2024,13,AM,1301654,Guajará,13008594,60001083,2,3,1,1,11,1.14,756.4,1,1,0
2024,52,GO,5215231,Novo Gama,52064940,60041835,2,3,1,1,2,1.11,730.78,0,0,0
2024,41,PR,4125506,São José dos Pinhais,41027485,60033694,2,3,1,1,11,1.32,757.57,1,1,0
2024,42,SC,4216602,São José,42076309,60034453,2,2,1,1,21,2.06,752.65,1,1,0
2024,29,BA,2914901,Itacaré,29107756,60016846,2,3,1,1,17,1.0,722.26,0,0,0
2024,31,MG,3147006,Paracatu,31179210,60019508,2,3,1,1,12,1.0,758.76,1,1,0
2024,32,ES,3202801,Itapemirim,32038692,60022949,2,3,1,1,17,1.04,769.55,1,1,0
2024,33,RJ,3304904,São Gonçalo,33082144,60025513,2,3,0,0,12,,,0,,
2024,24,RN,2404606,Ielmo Marinho,24022103,60009854,2,3,1,1,10,1.15,727.3,0,0,0
2024,42,SC,4202800,Braço do Norte,42012163,60034565,2,3,1,1,19,1.07,741.69,0,0,0
2024,41,PR,4120606,Prudentópolis,41086803,60033181,2,3,1,1,2,1.06,773.66,1,1,0
2024,21,MA,2111300,São Luís,21005658,60004392,2,3,1,1,9,1.04,720.99,0,0,0
2024,28,SE,2807600,Umbaúba,28005255,60014441,2,3,1,1,13,1.32,774.0,1,1,0
2024,21,MA,2111300,São Luís,21009133,60005637,2,3,1,1,9,1.11,775.33,1,1,0
2024,43,RS,4317103,Sant'Ana do Livramento,43080386,60038382,2,3,1,1,2,1.8888889,770.0668872,1,1,0
2024,35,SP,3529401,Mauá,35290392,60026102,2,2,1,1,19,1.0416667,803.1594343,1,1,0
2024,11,RO,1100072,Corumbiara,11003488,60000218,2,3,1,1,9,1.26,758.35,1,1,0
2024,31,MG,3148004,Patos de Minas,31164419,60019581,2,2,1,1,10,1.0,822.18,1,1,0
2024,41,PR,4107652,Fazenda Rio Grande,41093917,60033623,2,3,1,1,13,1.12,730.96,0,0,0
2024,33,RJ,3300456,Belford Roxo,33006926,60023980,2,3,1,1,6,1.25,768.04,1,1,0
2024,42,SC,4209102,Joinville,42053851,60034801,2,3,1,1,14,1.18,742.56,0,0,0
2024,15,PA,1501808,Breves,15019239,60001766,2,3,1,1,14,1.0,778.28,1,1,0
2024,35,SP,3509254,Cajati,35152786,60028413,2,3,1,1,1,1.0,737.7048784,0,0,0
2024,21,MA,2102804,Carolina,21055196,60005484,2,3,1,1,8,1.09,746.93,1,1,0
2024,15,PA,1502400,Castanhal,15027225,60002073,2,3,1,1,19,1.76,682.18,0,0,0
2024,42,SC,4211306,Navegantes,42061079,60035775,2,3,0,0,5,,,0,,
2024,41,PR,4115804,Medianeira,41125632,60032846,2,3,1,1,15,1.05,753.76,1,1,0
2024,32,ES,3203205,Linhares,32026455,60022460,2,3,1,1,20,1.19,770.11,1,1,0
2024,31,MG,3128709,Guaxupé,31129211,60019770,2,3,0,0,8,,,0,,
2024,35,SP,3552809,Taboão da Serra,35335334,60030011,2,3,1,1,1,1.137931,821.514298,1,1,0
2024,42,SC,4202404,Blumenau,42009518,60034714,2,3,1,1,12,1.03,737.45,0,0,0
2024,26,PE,2611507,Quipapá,26024277,60012223,2,3,1,1,10,1.0,722.66,0,0,0
2024,35,SP,3546306,Santa Cruz das Palmeiras,35143085,60030192,2,3,1,1,21,1.1333333,792.1267304,1,1,0
2024,43,RS,4304705,Carazinho,43015917,60036833,2,3,1,1,21,1.1818182,766.0180631,1,1,0
2024,22,PI,2200400,Altos,22028964,60006448,2,3,1,1,12,1.07,750.49,1,1,0
2024,35,SP,3537800,Piedade,35230122,60031395,2,3,1,1,1,1.0714286,821.514298,1,1,0
2024,31,MG,3129806,Ibirité,31157665,60020533,2,3,1,1,15,1.26,686.37,0,0,0
2024,26,PE,2601805,Betânia,26063946,60012729,2,3,1,1,6,1.0,762.29,1,1,0
2024,31,MG,3148301,Paula Cândido,31048976,60020254,2,3,1,1,8,1.05,768.08,1,1,0
2024,26,PE,2603009,Cabrobó,26068615,60011578,2,3,1,1,18,1.12,749.27,1,1,0
2024,43,RS,4310207,Ijuí,43040526,60037406,2,2,1,1,6,1.0,741.7725752,0,0,0
2024,29,BA,2926103,Retirolândia,29185856,60017753,2,3,1,1,15,1.0,737.76,0,0,0
2024,35,SP,3550308,São Paulo,35398291,60026539,2,2,1,1,17,1.0344828,712.1034874,0,0,0
2024,35,SP,3529005,Marília,35119304,60028947,2,3,1,1,2,1.0454545,772.9870677,1,1,0
2024,52,GO,5217401,Pires do Rio,52046863,60041554,2,3,1,1,17,1.14,824.64,1,1,0
2024,41,PR,4117503,Paiçandu,41005063,60033941,2,3,1,1,6,1.12,719.36,0,0,0
2024,35,SP,3515004,Embu das Artes,35329965,60026209,2,2,1,1,8,1.0740741,768.2798608,1,1,0
2024,43,RS,4314902,Porto Alegre,43063982,60038050,2,2,1,1,20,1.2777778,748.3603587,1,1,0
2024,42,SC,4215679,Santa Terezinha,42081655,60035046,2,3,1,1,20,1.03,860.1,1,1,0
2024,23,CE,2312908,Sobral,23000069,60007556,2,3,1,1,8,1.06,829.68,1,1,0
2024,43,RS,4305108,Caxias do Sul,43019205,60036914,2,3,1,1,18,1.2352941,668.5342065,0,0,0
2024,43,RS,4304606,Canoas,43107438,60039286,2,3,1,1,15,1.173913,717.7736549,0,0,0
2024,35,SP,3518800,Guarulhos,35265364,60028250,2,3,1,1,14,1.2142857,686.7327576,0,0,0
2024,41,PR,4119905,Ponta Grossa,41038857,60032554,2,3,0,0,1,,,0,,
2024,27,AL,2709152,Teotônio Vilela,27030852,60013839,2,3,1,1,16,1.15,753.23,1,1,0
2024,26,PE,2607653,Itambé,26019859,60012075,2,3,1,1,19,1.2,775.14,1,1,0
2024,35,SP,3531001,Monções,35232686,60029169,2,3,0,0,4,,,0,,
2024,35,SP,3527306,Louveira,35103294,60028192,2,3,1,1,5,1.0416667,813.5417546,1,1,0
2024,35,SP,3554102,Taubaté,35226801,60031305,2,3,1,1,7,1.2857143,632.3223269,0,0,0
2024,35,SP,3550308,São Paulo,35429041,60026630,2,2,1,1,19,1.2666667,747.5572969,1,1,0
2024,31,MG,3142809,Monte Alegre de Minas,31002599,60020083,2,3,1,1,16,1.04,763.76,1,1,0
2024,35,SP,3546702,Santa Gertrudes,35115446,60029027,2,3,1,1,1,1.2777778,821.514298,1,1,0
2024,35,SP,3523909,Itu,35080977,60026166,2,3,0,0,2,,,0,,
2024,26,PE,2616407,Vitória de Santo Antão,26017375,60012690,2,3,1,1,8,1.0,742.45,0,0,0
2024,52,GO,5208707,Goiânia,52008949,60042075,2,3,1,1,20,1.13,820.12,1,1,0
2024,32,ES,3205002,Serra,32004567,60022993,2,3,1,1,8,1.14,758.54,1,1,0
2024,35,SP,3550308,São Paulo,35397340,60025758,2,2,1,1,9,1.0333333,765.779554,1,1,0
2024,41,PR,4104808,Cascavel,41130734,60032707,2,3,1,1,3,1.07,667.69,0,0,0
2024,32,ES,3205002,Serra,32003876,60022961,2,3,1,1,9,1.3,713.04,0,0,0
2024,28,SE,2800308,Aracaju,28015608,60014308,2,3,1,1,18,1.13,784.93,1,1,0
2024,35,SP,3552205,Sorocaba,35209349,60027203,2,3,1,1,1,1.0,690.7859588,0,0,0
2024,15,PA,1500800,Ananindeua,15007709,60003208,2,2,1,1,18,1.24,762.25,1,1,0
2024,31,MG,3106200,Belo Horizonte,31121152,60020593,2,3,1,1,1,1.09,791.13,1,1,0
2024,42,SC,4208450,Itapoá,42041235,60036289,2,3,0,0,8,,,0,,
2024,35,SP,3555406,Ubatuba,35058138,60027577,2,3,1,1,20,1.0,694.1138681,0,0,0
2024,53,DF,5300108,Brasília,53017267,60042313,2,2,1,1,21,1.11,730.42,0,0,0
2024,31,MG,3104452,Aricanduva,31173695,60021872,2,3,1,1,6,1.0,786.03,1,1,0
2024,29,BA,2925303,Porto Seguro,29177719,60017042,2,3,1,1,8,1.0,714.5,0,0,0
2024,50,MS,5003207,Corumbá,50015380,60039598,2,3,0,0,8,,,0,,
2024,25,PB,2507507,João Pessoa,25004072,60011083,2,3,1,1,14,1.16,659.19,0,0,0
2024,24,RN,2408003,Mossoró,24009996,60009534,2,2,0,0,10,,,0,,
2024,42,SC,4209102,Joinville,42051329,60034802,2,3,1,1,9,1.22,797.18,1,1,0
2024,35,SP,3518800,Guarulhos,35263578,60027905,2,3,1,1,15,1.1481481,760.0456524,1,1,0
2024,33,RJ,3304557,Rio de Janeiro,33144129,60024525,2,3,1,1,1,1.07,722.7,0,0,0
2024,35,SP,3505708,Barueri,35235626,60029381,2,3,1,1,10,1.2352941,781.9457694,1,1,0
2024,35,SP,3518800,Guarulhos,35262546,60027810,2,3,0,0,12,,,0,,
2024,33,RJ,3302502,Magé,33044987,60024190,2,3,1,1,17,1.55,780.25,1,1,0
2024,35,SP,3534401,Osasco,35301079,60027532,2,3,1,1,12,1.1923077,764.4202672,1,1,0
2024,41,PR,4105805,Colombo,41016371,60033448,2,3,1,1,8,1.28,764.93,1,1,0
2024,35,SP,3548500,Santos,35167493,60027075,2,3,1,1,13,1.1428571,828.7142278,1,1,0
2024,35,SP,3507506,Botucatu,35030004,60030870,2,3,1,1,16,1.0769231,726.48643,0,0,0
2024,35,SP,3513504,Cubatão,35162386,60027267,2,3,1,1,6,1.0714286,681.8366953,0,0,0
2024,29,BA,2903201,Barreiras,29018183,60017553,2,3,1,1,20,1.0,760.27,1,1,0
2024,35,SP,3515004,Embu das Artes,35331992,60029015,2,3,1,1,14,1.4782609,734.1662223,0,0,0
2024,31,MG,3120300,Cristália,31152743,60021277,2,3,1,1,21,1.13,728.3,0,0,0
2024,43,RS,4300604,Alvorada,43003153,60039406,2,3,1,1,3,1.4736842,693.8029202,0,0,0
2024,21,MA,2108207,Pedreiras,21045537,60005044,2,3,1,1,12,1.06,798.82,1,1,0
2024,29,BA,2925105,Poções,29174841,60017446,2,3,1,1,6,1.0,700.01,0,0,0
2024,22,PI,2205409,Joaquim Pires,22004507,60006298,2,3,1,1,5,1.0,796.18,1,1,0
2024,21,MA,2110500,São Bento,21058314,60005939,2,3,1,1,2,1.19,751.15,1,1,0
2024,35,SP,3502804,Araçatuba,35009068,60029268,2,3,1,1,6,1.173913,824.7398442,1,1,0
2024,31,MG,3102050,Alto Caparaó,31106827,60021393,2,3,1,1,10,1.08,725.65,0,0,0
2024,33,RJ,3303500,Nova Iguaçu,33063758,60024310,2,3,0,0,9,,,0,,
2024,29,BA,2917508,Jacobina,29120550,60015090,2,3,1,1,1,1.0,700.81,0,0,0
2024,15,PA,1507706,São Sebastião da Boa Vista,15078274,60001786,2,3,1,1,17,1.21,738.91,0,0,0
2024,35,SP,3552809,Taboão da Serra,35333621,60027489,2,3,0,0,16,,,0,,
2024,23,CE,2313302,Tauá,23002160,60008373,2,3,1,1,21,1.0,777.78,1,1,0
2024,31,MG,3106200,Belo Horizonte,31121353,60020780,2,3,1,1,8,1.09,795.59,1,1,0
2024,35,SP,3550308,São Paulo,35343926,60030632,2,3,1,1,2,1.2,652.6504205,0,0,0
2024,33,RJ,3304557,Rio de Janeiro,33119786,60024673,2,3,1,1,18,1.2,793.57,1,1,0
2024,43,RS,4304606,Canoas,43013593,60036763,2,2,1,1,9,1.0714286,747.3836847,1,1,0
2024,35,SP,3549904,São José dos Campos,35192618,60030974,2,3,1,1,1,1.12,772.9357392,1,1,0
2024,26,PE,2608008,Jataúba,26005265,60011758,2,3,1,1,11,1.08,677.98,0,0,0
2024,35,SP,3508009,Buri,35075351,60029167,2,3,1,1,4,1.0434783,774.2780369,1,1,0
2024,29,BA,2905909,Campo Alegre de Lourdes,29039759,60014717,2,3,1,1,7,1.0,781.23,1,1,0
2024,21,MA,2100832,Apicum-Açu,21033891,60005680,2,3,1,1,14,1.08,721.14,0,0,0
2024,32,ES,3201506,Colatina,32034846,60022975,2,3,1,1,4,1.0,742.79,0,0,0
2024,33,RJ,3304557,Rio de Janeiro,33109961,60025437,2,3,1,1,18,1.69,751.96,1,1,0
2024,32,ES,3205200,Vila Velha,32047322,60022670,2,3,1,1,18,1.03,836.21,1,1,0
2024,50,MS,5002704,Campo Grande,50010206,60040101,2,3,1,1,19,1.4,771.51,1,1,0
2024,41,PR,4115606,Matelândia,41024581,60032835,2,3,1,1,15,1.05,768.05,1,1,0
2024,43,RS,4303103,Cachoeirinha,43009330,60036627,2,3,1,1,11,1.1818182,793.1192942,1,1,0
2024,26,PE,2607208,Ipojuca,26036507,60012623,2,3,1,1,3,1.13,699.31,0,0,0
2024,41,PR,4113700,Londrina,41092644,60032236,2,3,1,1,3,1.41,662.79,0,0,0
2024,41,PR,4104303,Campo Mourão,41006844,60031973,2,3,1,1,6,1.22,730.95,0,0,0
2024,33,RJ,3301702,Duque de Caxias,33028703,60024043,2,3,0,0,5,,,0,,
2024,24,RN,2408102,Natal,24002833,60010084,2,3,0,0,8,,,0,,
2024,41,PR,4123006,Salto do Lontra,41081817,60032957,2,3,1,1,4,1.04,799.66,1,1,0
2024,41,PR,4119806,Planalto,41086920,60032889,2,3,1,1,21,1.0,791.58,1,1,0
2024,35,SP,3505708,Barueri,35236343,60029505,2,3,1,1,20,1.4210526,747.1845583,1,1,0
2024,41,PR,4108304,Foz do Iguaçu,41009013,60034253,2,3,1,1,15,1.12,678.46,0,0,0
2024,35,SP,3531308,Monte Alto,35086576,60028070,2,3,1,1,7,1.1,729.9628192,0,0,0
2024,31,MG,3127701,Governador Valadares,31014674,60018736,2,3,1,1,12,1.35,759.16,1,1,0
2024,35,SP,3550308,São Paulo,35397784,60025770,2,2,1,1,6,1.0,777.3447354,1,1,0
2024,35,SP,3528007,Macatuba,35096574,60027632,2,3,1,1,17,1.0588235,727.1459268,0,0,0
2024,35,SP,3539509,Pitangueiras,35204314,60027871,2,3,1,1,19,1.0666667,788.6796451,1,1,0
2024,15,PA,1503507,Irituia,15034933,60002449,2,3,1,1,1,1.06,766.89,1,1,0
2024,29,BA,2906824,Canudos,29046324,60015377,2,3,1,1,15,1.0,703.34,0,0,0
2024,42,SC,4202404,Blumenau,42007674,60034698,2,3,1,1,5,1.2,746.24,1,1,0
2024,35,SP,3554508,Tietê,35084696,60030873,2,3,1,1,12,1.0,807.3078214,1,1,0
2024,31,MG,3156700,Sabará,31128184,60021734,2,3,0,0,2,,,0,,
2024,52,GO,5219100,Santa Bárbara de Goiás,52033351,60041062,2,3,1,1,7,1.2,794.06,1,1,0
2024,53,DF,5300108,Brasília,53004840,60042248,2,2,1,1,1,1.19,769.57,1,1,0
2024,22,PI,2211001,Teresina,22010192,60006550,2,3,0,0,8,,,0,,
2024,43,RS,4322509,Vacaria,43100170,60039011,2,3,1,1,17,1.25,815.8455406,1,1,0
2024,25,PB,2512309,Princesa Isabel,25007758,60011320,2,3,1,1,7,1.03,846.78,1,1,0
2024,26,PE,2615409,Toritama,26007762,60011833,2,3,1,1,14,1.0,748.48,1,1,0
2024,27,AL,2706109,Ouro Branco,27021298,60013258,2,3,1,1,8,1.06,678.78,0,0,0
2024,25,PB,2507507,João Pessoa,25005800,60011337,2,3,1,1,8,1.23,726.54,0,0,0
2024,12,AC,1200401,Rio Branco,12007491,60000602,2,3,0,0,3,,,0,,
2024,35,SP,3506508,Birigui,35027595,60029276,2,3,1,1,8,1.0952381,684.0185461,0,0,0
2024,21,MA,2102705,Cantanhede,21011523,60004681,2,3,1,1,15,1.04,772.17,1,1,0
2024,26,PE,2608750,Lagoa Grande,26069370,60012832,2,3,1,1,17,1.04,777.49,1,1,0
2024,50,MS,5003207,Corumbá,50015583,60039601,2,3,1,1,15,1.04,808.27,1,1,0
2024,33,RJ,3304557,Rio de Janeiro,33111820,60024938,2,3,1,1,8,1.2,770.87,1,1,0
2024,51,MT,5106752,Pontes e Lacerda,51016655,60040720,2,3,1,1,9,1.44,728.1,0,0,0
2024,52,GO,5208707,Goiânia,52076210,60041173,2,3,1,1,10,1.0,727.6,0,0,0
2024,31,MG,3171303,Viçosa,31162120,60021443,2,3,1,1,17,1.16,720.66,0,0,0
2024,31,MG,3132404,Itajubá,31140542,60018794,2,3,1,1,8,1.0,773.9,1,1,0
2024,31,MG,3109501,Cabo Verde,31101039,60019609,2,3,1,1,21,1.3,831.86,1,1,0
2024,42,SC,4206801,Ibicaré,42046363,60035093,2,3,0,0,13,,,0,,
2024,51,MT,5107602,Rondonópolis,51022815,60040526,2,3,1,1,21,1.08,779.0,1,1,0
2024,52,GO,5204003,Cabeceiras,52073387,60041995,2,3,1,1,12,1.0,686.39,0,0,0
2024,24,RN,2412005,São Gonçalo do Amarante,24006853,60009990,2,3,1,1,9,1.12,750.92,1,1,0
2024,43,RS,4304507,Canguçu,43012177,60036709,2,3,1,1,2,1.0,721.653235,0,0,0
2024,23,CE,2312908,Sobral,23031746,60009182,2,3,1,1,2,1.05,841.06,1,1,0
2024,35,SP,3522307,Itapetininga,35073004,60031367,2,3,1,1,1,1.1333333,761.0061357,1,1,0
2024,32,ES,3200607,Aracruz,32023535,60022411,2,3,1,1,1,1.08,778.26,1,1,0
2024,23,CE,2304400,Fortaleza,23080486,60008068,2,3,1,1,17,1.0,789.72,1,1,0
2024,31,MG,3156700,Sabará,31169130,60021734,2,3,1,1,2,1.13,807.98,1,1,0
2024,42,SC,4204301,Concórdia,42025528,60035107,2,3,1,1,2,1.17,724.35,0,0,0
2024,28,SE,2804607,Nossa Senhora das Dores,28010258,60014114,2,3,1,1,2,1.0,688.62,0,0,0
2024,41,PR,4125506,São José dos Pinhais,41126340,60033712,2,3,1,1,15,1.12,746.85,1,1,0
2024,28,SE,2803609,Laranjeiras,28005844,60014277,2,3,1,1,19,1.05,626.67,0,0,0
2024,41,PR,4118501,Pato Branco,41005240,60034175,2,3,1,1,17,1.32,776.65,1,1,0
2024,35,SP,3545209,Salto,35083816,60028199,2,3,1,1,18,1.0454545,785.7401912,1,1,0
2024,33,RJ,3300308,Barra do Piraí,33004417,60025565,2,3,1,1,9,1.08,723.52,0,0,0
2024,15,PA,1501105,Bagre,15013027,60001707,2,3,1,1,19,1.09,644.38,0,0,0
2024,31,MG,3154606,Ribeirão das Neves,31184765,60022135,2,3,1,1,15,1.0,779.11,1,1,0
2024,22,PI,2202075,Cajazeiras do Piauí,22018013,60006845,2,3,1,1,2,1.0,766.95,1,1,0
2024,35,SP,3550308,São Paulo,35368460,60027279,2,3,1,1,10,1.0357143,731.9592854,0,0,0
2024,35,SP,3550308,São Paulo,35423455,60027710,2,3,1,1,7,1.25,771.8384423,1,1,0
2024,53,DF,5300108,Brasília,53003357,60042408,2,2,0,0,14,,,0,,
2024,13,AM,1303403,Parintins,13019151,60001004,2,3,0,0,19,,,0,,
2024,43,RS,4314902,Porto Alegre,43062899,60038020,2,2,0,0,4,,,0,,
2024,35,SP,3552205,Sorocaba,35211630,60029233,2,3,1,1,6,1.1818182,686.618581,0,0,0
2024,31,MG,3106705,Betim,31112495,60021055,2,3,1,1,1,1.09,766.24,1,1,0
2024,29,BA,2907103,Carinhanha,29048658,60014890,2,3,1,1,16,1.0,759.49,1,1,0
2024,35,SP,3523909,Itu,35082286,60030434,2,3,1,1,14,1.1290323,753.6710103,1,1,0
2024,21,MA,2101707,Barreirinhas,21015238,60005978,2,3,0,0,4,,,0,,
2024,43,RS,4313508,Osório,43051536,60037684,2,3,1,1,15,1.4705882,628.4855814,0,0,0
2024,32,ES,3204807,São José do Calçado,32042587,60022881,2,3,0,0,1,,,0,,
2024,35,SP,3543402,Ribeirão Preto,35158172,60030556,2,3,1,1,11,1.0,692.3162197,0,0,0
2024,51,MT,5107909,Sinop,51029489,60040826,2,3,1,1,6,1.08,787.67,1,1,0
2024,42,SC,4211306,Navegantes,42061577,60036297,2,3,1,1,6,4.26,713.94,0,0,0
2024,35,SP,3509007,Caieiras,35239674,60030764,2,3,1,1,16,1.0,837.4989496,1,1,0
2024,51,MT,5106182,Nova Lacerda,51015933,60040294,2,3,1,1,11,1.09,755.68,1,1,0
2024,29,BA,2912400,Ibipeba,29089561,60017511,2,3,1,1,4,1.0,685.46,0,0,0
2024,35,SP,3508504,Caçapava,35223197,60029613,2,3,1,1,7,1.0952381,685.7450424,0,0,0
2024,13,AM,1302603,Manaus,13054603,60000826,2,3,1,1,10,1.67,700.25,0,0,0
2024,29,BA,2900702,Alagoinhas,29002074,60015594,2,3,1,1,16,1.0,693.58,0,0,0
2024,22,PI,2203701,Esperantina,22004215,60006292,2,3,1,1,15,1.0,761.32,1,1,0
2024,35,SP,3548500,Santos,35168334,60028049,2,3,1,1,6,1.0555556,777.3447354,1,1,0
2024,31,MG,3147105,Pará de Minas,31193957,60018566,2,2,0,0,14,,,0,,
2024,35,SP,3509502,Campinas,35043792,60027585,2,3,1,1,9,1.0333333,823.8792084,1,1,0
2024,23,CE,2306504,Itapiúna,23004467,60007863,2,3,1,1,15,1.0,857.27,1,1,0
2024,43,RS,4314902,Porto Alegre,43060019,60037935,2,3,0,0,18,,,0,,
2024,22,PI,2208650,Queimada Nova,22028367,60007017,2,3,1,1,11,1.0,780.19,1,1,0
2024,26,PE,2611606,Recife,26045146,60012526,2,3,1,1,20,1.71,717.82,0,0,0
2024,29,BA,2910057,Dias d'Ávila,29063853,60017213,2,3,0,0,11,,,0,,
2024,41,PR,4119905,Ponta Grossa,41068853,60032525,2,3,1,1,5,1.06,766.74,1,1,0
2024,31,MG,3136702,Juiz de Fora,31163063,60018997,2,3,0,0,4,,,0,,
2024,35,SP,3505708,Barueri,35236643,60029625,2,3,1,1,15,1.3157895,728.6717988,0,0,0
2024,23,CE,2311108,Porteiras,23004233,60008854,2,3,1,1,2,1.0,869.67,1,1,0
2024,41,PR,4106902,Curitiba,41022244,60033612,2,3,1,1,5,1.03,747.68,1,1,0
2024,41,PR,4108957,Guamiranga,41001121,60033155,2,3,1,1,9,1.06,760.78,1,1,0
2024,35,SP,3550308,São Paulo,35394920,60026546,2,2,1,1,3,1.0769231,820.3126554,1,1,0
2024,23,CE,2304400,Fortaleza,23039427,60008088,2,3,1,1,4,1.0,748.4,1,1,0
2024,26,PE,2609709,Orobó,26076213,60011877,2,3,1,1,20,1.07,771.52,1,1,0
2024,41,PR,4106902,Curitiba,41120400,60033572,2,3,0,0,21,,,0,,
2024,11,RO,1100114,Jaru,11005449,60000318,2,3,1,1,1,1.04,743.5,1,1,0
2024,51,MT,5105259,Lucas do Rio Verde,51026247,60040702,2,3,1,1,6,1.11,798.5,1,1,0
2024,41,PR,4107256,Douradina,41050128,60031883,2,3,1,1,18,1.12,768.66,1,1,0
2024,33,RJ,3300605,Bom Jesus do Itabapoana,33035981,60023144,2,3,1,1,2,1.04,768.67,1,1,0
2024,27,AL,2703403,Jacaré dos Homens,27011056,60013317,2,3,1,1,19,1.07,776.65,1,1,0
2024,35,SP,3550308,São Paulo,35373536,60025842,2,2,1,1,10,1.0,768.2567222,1,1,0
2024,43,RS,4300604,Alvorada,43000887,60036372,2,3,1,1,2,1.3333333,750.2883214,1,1,0
2024,42,SC,4216602,São José,42077185,60036094,2,3,1,1,4,1.07,803.78,1,1,0
2024,35,SP,3510609,Carapicuíba,35249926,60027659,2,3,1,1,4,1.08,766.8764291,1,1,0
2024,23,CE,2306405,Itapipoca,23058071,60007666,2,3,0,0,16,,,0,,
2024,52,GO,5220264,São Miguel do Passa Quatro,52053247,60041740,2,3,1,1,21,1.0,755.34,1,1,0
2024,41,PR,4119905,Ponta Grossa,41102307,60033844,2,3,1,1,9,1.1,758.73,1,1,0
2024,13,AM,1302603,Manaus,13033404,60001476,2,3,1,1,20,1.04,764.85,1,1,0
2024,31,MG,3170206,Uberlândia,31084086,60020807,2,3,1,1,8,1.24,768.86,1,1,0
2024,25,PB,2507507,João Pessoa,25004828,60011237,2,3,1,1,17,1.14,779.29,1,1,0
2024,51,MT,5107925,Sorriso,51049339,60040212,2,3,1,1,20,1.17,840.42,1,1,0
2024,35,SP,3518800,Guarulhos,35272592,60031786,2,2,1,1,20,1.08,775.5986549,1,1,0
2024,35,SP,3550308,São Paulo,35396715,60025752,2,2,1,1,14,1.0344828,802.0724643,1,1,0
2024,35,SP,3550308,São Paulo,35390347,60026627,2,2,1,1,7,1.0322581,652.6972639,0,0,0
2024,35,SP,3530607,Mogi das Cruzes,35296594,60028042,2,3,1,1,1,1.0909091,796.360933,1,1,0
2024,35,SP,3552502,Suzano,35327701,60028040,2,3,1,1,10,1.08,802.2905906,1,1,0
2024,35,SP,3515707,Ferraz de Vasconcelos,35325432,60030704,2,3,1,1,3,1.0689655,839.1520726,1,1,0
2024,29,BA,2927408,Salvador,29197083,60015997,2,3,0,0,1,,,0,,
2024,31,MG,3131703,Itabira,31156909,60019391,2,2,1,1,7,1.38,777.59,1,1,0
2024,27,AL,2700508,Barra de Santo Antônio,27004710,60013608,2,3,1,1,3,1.0,762.98,1,1,0
2024,23,CE,2306306,Itapajé,23049958,60009337,2,3,1,1,1,1.0,863.42,1,1,0
2024,31,MG,3134202,Ituiutaba,31013417,60020429,2,3,1,1,20,1.1,753.16,1,1,0
2024,42,SC,4209102,Joinville,42052947,60034804,2,3,1,1,19,1.1,728.3,0,0,0
2024,52,GO,5201405,Aparecida de Goiânia,52015793,60041074,2,3,1,1,13,1.28,772.91,1,1,0
2024,33,RJ,3300100,Angra dos Reis,33000121,60025616,2,3,1,1,1,1.0,766.22,1,1,0
2024,32,ES,3205101,Viana,32022112,60022652,2,3,1,1,11,1.2,804.64,1,1,0
2024,42,SC,4208401,Itapiranga,42040464,60035193,2,3,1,1,12,1.19,731.5,0,0,0
2024,35,SP,3550308,São Paulo,35442759,60031779,2,2,1,1,8,1.0714286,779.5783273,1,1,0
2024,42,SC,4207304,Imbituba,42057842,60035768,2,3,1,1,12,1.8,746.52,1,1,0
2024,51,MT,5101605,Barão de Melgaço,51035524,60040449,2,2,1,1,14,1.18,723.17,0,0,0
2024,35,SP,3543402,Ribeirão Preto,35159236,60031621,2,2,1,1,6,1.0833333,752.2204112,1,1,0
2024,35,SP,3550308,São Paulo,35378362,60025848,2,2,0,0,2,,,0,,
2024,32,ES,3205002,Serra,32004126,60022965,2,3,1,1,19,1.14,745.87,1,1,0
2024,22,PI,2205458,Joca Marques,22004657,60006313,2,3,1,1,17,1.06,717.45,0,0,0
2024,17,TO,1718907,Santa Rosa do Tocantins,17016764,60004150,2,3,0,0,10,,,0,,
2024,51,MT,5101704,Barra do Bugres,51032204,60040299,2,3,1,1,13,1.04,793.37,1,1,0
2024,50,MS,5001904,Bataguassu,50030359,60039775,2,3,0,0,10,,,0,,
2024,21,MA,2111763,Senador La Rocque,21030154,60004970,2,3,1,1,14,1.2,748.12,1,1,0
2024,41,PR,4124103,Santo Antônio da Platina,41071273,60032388,2,3,1,1,16,1.2,711.83,0,0,0
2024,31,MG,3123809,Engenheiro Navarro,31181334,60019130,2,3,1,1,21,1.07,772.01,1,1,0
2024,23,CE,2301000,Aquiraz,23023100,60009228,2,3,1,1,5,1.0,791.48,1,1,0
2024,28,SE,2801405,Carira,28003450,60014095,2,3,1,1,20,1.0,735.41,0,0,0
2024,51,MT,5103403,Cuiabá,51035885,60040348,2,2,1,1,17,1.19,755.04,1,1,0
2024,35,SP,3545803,Santa Bárbara d'Oeste,35004440,60026290,2,2,1,1,2,1.0689655,775.9854331,1,1,0
2024,33,RJ,3304557,Rio de Janeiro,33104425,60025582,2,3,1,1,9,1.0,781.03,1,1,0
2024,41,PR,4105805,Colombo,41106509,60033922,2,3,1,1,14,1.09,739.54,0,0,0
2024,26,PE,2612208,Salgueiro,26055161,60011444,2,3,1,1,20,1.08,783.0,1,1,0
2024,23,CE,2309607,Pacajus,23018615,60009473,2,3,1,1,1,1.05,840.05,1,1,0
2024,35,SP,3550308,São Paulo,35435854,60031773,2,2,0,0,7,,,0,,
2024,29,BA,2918001,Jequié,29125531,60017134,2,3,1,1,8,1.0,728.27,0,0,0
2024,41,PR,4109609,Guaratuba,41076792,60033836,2,3,1,1,19,1.31,717.41,0,0,0
2024,33,RJ,3304904,São Gonçalo,33082826,60025269,2,3,1,1,12,1.41,742.05,0,0,0
2024,50,MS,5002704,Campo Grande,50004022,60039703,2,3,0,0,18,,,0,,
2024,31,MG,3118601,Contagem,31120179,60020941,2,3,0,0,2,,,0,,
2024,29,BA,2909901,Curaçá,29061812,60014727,2,3,1,1,19,1.0,733.08,0,0,0
2024,31,MG,3106705,Betim,31118376,60021450,2,3,1,1,19,1.21,718.98,0,0,0
2024,31,MG,3154606,Ribeirão das Neves,31166514,60021528,2,3,0,0,5,,,0,,
2024,35,SP,3550308,São Paulo,35357981,60026818,2,3,0,0,13,,,0,,
2024,52,GO,5205109,Catalão,52024392,60042021,2,3,1,1,15,1.1,680.4,0,0,0
2024,32,ES,3203908,Nova Venécia,32032237,60022272,2,3,1,1,11,1.09,779.48,1,1,0
2024,35,SP,3550308,São Paulo,35363485,60030841,2,3,1,1,2,1.0714286,644.1084557,0,0,0
2024,42,SC,4207106,Ilhota,42033096,60035256,2,2,1,1,12,1.71,720.26,0,0,0
2024,15,PA,1501303,Barcarena,15013671,60001910,2,3,0,0,11,,,0,,
2024,11,RO,1100130,Machadinho D'Oeste,11018940,60000078,2,3,1,1,4,1.29,766.05,1,1,0
2024,24,RN,2411205,Santa Cruz,24025965,60010166,2,3,0,0,9,,,0,,
2024,35,SP,3545001,Salesópolis,35294816,60028745,2,3,1,1,11,1.1428571,735.046113,0,0,0
2024,51,MT,5106752,Pontes e Lacerda,51016152,60040297,2,3,1,1,12,1.14,724.59,0,0,0
2024,31,MG,3106705,Betim,31193894,60020713,2,3,1,1,9,1.12,749.93,1,1,0
2024,35,SP,3527207,Lorena,35069748,60027648,2,3,1,1,14,1.0952381,785.4483292,1,1,0
2024,35,SP,3547304,Santana de Parnaíba,35308445,60029333,2,3,1,1,4,1.1818182,719.5598724,0,0,0
2024,35,SP,3550308,São Paulo,35337480,60026811,2,3,1,1,10,1.24,670.5342248,0,0,0
2024,35,SP,3550308,São Paulo,35338074,60027547,2,3,1,1,10,1.1153846,742.4299454,0,0,0
2024,13,AM,1302603,Manaus,13052093,60001505,2,2,1,1,7,1.13,676.71,0,0,0
2024,13,AM,1302603,Manaus,13029015,60000808,2,3,1,1,21,1.1,771.86,1,1,0
2024,29,BA,2923704,Paratinga,29166061,60014905,2,3,1,1,9,1.0,691.85,0,0,0
2024,35,SP,3550308,São Paulo,35438451,60026533,2,2,1,1,2,1.0,837.8810989,1,1,0
2024,29,BA,2919553,Luís Eduardo Magalhães,29142122,60017390,2,3,1,1,6,1.0,771.56,1,1,0
2024,22,PI,2207850,Pavussu,22021401,60007100,2,3,1,1,9,1.0,766.32,1,1,0
2024,35,SP,3550308,São Paulo,35417365,60027028,2,3,1,1,7,1.0344828,786.2120138,1,1,0
2024,35,SP,3531803,Monte Mor,35053784,60027960,2,3,1,1,5,1.2,772.0944165,1,1,0
2024,41,PR,4115358,Maripá,41091762,60032629,2,3,1,1,15,1.08,774.07,1,1,0
2024,35,SP,3550308,São Paulo,35337398,60026809,2,3,1,1,8,1.2173913,780.3255004,1,1,0
2024,42,SC,4210407,Maracajá,42002645,60035378,2,3,1,1,15,1.14,782.71,1,1,0
2024,42,SC,4209102,Joinville,42053619,60035886,2,3,1,1,9,1.5,776.36,1,1,0
2024,31,MG,3123908,Entre Rios de Minas,31077917,60021153,2,3,1,1,20,1.1,814.54,1,1,0
2024,35,SP,3550308,São Paulo,35367996,60027017,2,3,1,1,20,1.1111111,626.7057653,0,0,0
2024,52,GO,5205471,Chapadão do Céu,52040694,60041418,2,3,1,1,18,1.05,815.24,1,1,0
2024,52,GO,5208707,Goiânia,52001424,60041138,2,3,0,0,1,,,0,,
2024,52,GO,5208004,Formosa,52026236,60041922,2,3,1,1,8,1.23,699.28,0,0,0
2024,53,DF,5300108,Brasília,53002358,60042240,2,2,1,1,1,1.34,766.45,1,1,0
2024,35,SP,3518800,Guarulhos,35261717,60027600,2,3,0,0,11,,,0,,
2024,31,MG,3106200,Belo Horizonte,31121578,60018085,2,3,1,1,16,1.12,749.12,1,1,0
2024,35,SP,3510609,Carapicuíba,35247595,60026199,2,2,1,1,15,1.0869565,709.5623111,0,0,0
2024,26,PE,2612208,Salgueiro,26055601,60013199,2,3,1,1,14,1.0,794.23,1,1,0
2024,42,SC,4218954,Urupema,42075437,60034988,2,2,0,0,8,,,0,,
2024,33,RJ,3304904,São Gonçalo,33079798,60025711,2,3,1,1,2,1.47,650.62,0,0,0
2024,32,ES,3200201,Alegre,32040591,60022795,2,3,1,1,12,1.0,783.72,1,1,0
2024,42,SC,4204004,Catanduvas,42045343,60035736,2,3,1,1,8,1.25,743.1,1,1,0
2024,31,MG,3131901,Itabirito,31119335,60020565,2,3,1,1,1,1.0,768.33,1,1,0
2024,31,MG,3168002,Taiobeiras,31184530,60022204,2,3,1,1,20,1.1,764.76,1,1,0
2024,35,SP,3525300,Jaú,35095696,60028625,2,3,1,1,21,1.0,812.2435261,1,1,0
2024,27,AL,2704302,Maceió,27016248,60014005,2,3,1,1,12,1.0,660.78,0,0,0
2024,15,PA,1500602,Altamira,15005634,60002571,2,3,1,1,9,1.09,771.87,1,1,0
2024,31,MG,3129400,Ibertioga,31066766,60021252,2,3,1,1,3,1.13,740.46,0,0,0
2024,29,BA,2909307,Correntina,29059550,60017798,2,3,1,1,11,1.0,659.61,0,0,0
2024,50,MS,5000708,Anastácio,50010519,60039611,2,3,0,0,15,,,0,,
2024,13,AM,1302603,Manaus,13033162,60000887,2,2,1,1,19,1.21,753.08,1,1,0
2024,31,MG,3104205,Arcos,31054608,60018478,2,3,1,1,21,1.3,782.16,1,1,0
2024,26,PE,2610707,Paulista,26032608,60013110,2,3,1,1,13,1.13,781.23,1,1,0
2024,23,CE,2305803,Ipu,23027607,60007582,2,3,1,1,10,1.0,823.9,1,1,0
2024,15,PA,1505536,Parauapebas,15057117,60002564,2,3,1,1,5,1.22,754.55,1,1,0
2024,41,PR,4122404,Rolândia,41110798,60032261,2,3,1,1,7,1.19,774.1,1,1,0
2024,15,PA,1506161,Rio Maria,15065127,60002860,2,3,1,1,7,1.12,768.44,1,1,0
2024,33,RJ,3302403,Macaé,33041230,60023342,2,3,0,0,2,,,0,,
2024,31,MG,3101607,Alfenas,31057496,60020146,2,2,1,1,5,1.0,711.65,0,0,0
2024,32,ES,3200409,Anchieta,32010268,60022754,2,3,1,1,5,1.0,754.75,1,1,0
2024,31,MG,3116100,Chapada do Norte,31007232,60018462,2,3,1,1,12,1.08,767.92,1,1,0
2024,21,MA,2103505,Colinas,21051895,60006232,2,3,1,1,11,1.2,686.53,0,0,0
2024,41,PR,4105508,Cianorte,41080865,60031923,2,3,1,1,4,1.0,715.14,0,0,0
2024,43,RS,4311304,Lagoa Vermelha,43046143,60037499,2,2,0,0,13,,,0,,
2024,31,MG,3157252,Santa Bárbara do Leste,31198143,60021067,2,3,1,1,5,1.08,687.29,0,0,0
2024,31,MG,3118304,Conselheiro Lafaiete,31140080,60021654,2,3,0,0,9,,,0,,
2024,31,MG,3106200,Belo Horizonte,31044857,60018039,2,3,1,1,8,1.09,755.48,1,1,0
2024,31,MG,3106200,Belo Horizonte,31126532,60018050,2,3,0,0,17,,,0,,
2024,42,SC,4206306,Guabiruba,42014803,60035416,2,3,1,1,4,1.12,770.76,1,1,0
2024,26,PE,2615300,Timbaúba,26021291,60012106,2,3,1,1,9,1.07,767.43,1,1,0
2024,31,MG,3118403,Conselheiro Pena,31120613,60018650,2,2,1,1,3,1.1,828.59,1,1,0
2024,35,SP,3521309,Ipuã,35178312,60029948,2,3,1,1,9,1.0869565,788.9589962,1,1,0
2024,51,MT,5107875,Sapezal,51034074,60040851,2,3,0,0,17,,,0,,
2024,26,PE,2615607,Trindade,26062952,60011432,2,3,1,1,1,1.0,761.67,1,1,0
2024,35,SP,3500550,Águas de Santa Bárbara,35018842,60028741,2,3,1,1,11,1.0588235,742.2718166,0,0,0
2024,43,RS,4306056,Cristal,43010551,60036993,2,2,1,1,14,1.0555556,737.147429,0,0,0
2024,43,RS,4318705,São Leopoldo,43087649,60038615,2,3,1,1,12,1.0952381,778.5768379,1,1,0
2024,23,CE,2301000,Aquiraz,23046569,60007971,2,3,1,1,19,1.15,824.1,1,1,0
2024,35,SP,3501608,Americana,35002361,60026288,2,2,1,1,15,1.0952381,794.2186338,1,1,0
2024,31,MG,3158201,Santa Maria do Suaçuí,31003532,60018754,2,3,1,1,14,1.07,748.72,1,1,0
2024,50,MS,5007109,Ribas do Rio Pardo,50013265,60039908,2,3,1,1,3,1.31,646.73,0,0,0
2024,11,RO,1100064,Colorado do Oeste,11003295,60000212,2,3,1,1,1,1.05,775.32,1,1,0
2024,42,SC,4209102,Joinville,42047954,60035990,2,3,1,1,2,1.35,762.2,1,1,0
2024,29,BA,2905701,Camaçari,29038419,60017717,2,3,1,1,4,1.0,736.84,0,0,0
2024,41,PR,4119905,Ponta Grossa,41065635,60033973,2,3,1,1,4,1.2,771.59,1,1,0
2024,13,AM,1303536,Presidente Figueiredo,13019966,60001533,2,3,0,0,3,,,0,,
2024,33,RJ,3304524,Rio das Ostras,33074701,60023467,2,3,1,1,21,1.21,766.25,1,1,0
2024,35,SP,3529401,Mauá,35291771,60030722,2,2,1,1,14,1.24,777.7111935,1,1,0
2024,43,RS,4313656,Palmares do Sul,43051737,60037692,2,3,1,1,19,1.5384615,844.9058298,1,1,0
2024,11,RO,1100098,Espigão D'Oeste,11020957,60000298,2,3,1,1,17,1.26,802.49,1,1,0
2024,33,RJ,3301009,Campos dos Goytacazes,33017756,60023223,2,3,1,1,2,1.0,722.22,0,0,0
2024,29,BA,2916401,Itapetinga,29114364,60016649,2,3,1,1,1,1.0,713.62,0,0,0
2024,42,SC,4203808,Canoinhas,42020008,60035721,2,3,1,1,13,1.31,765.4,1,1,0
2024,31,MG,3169109,Toledo,31170043,60021192,2,3,1,1,13,1.11,786.49,1,1,0
2024,41,PR,4119905,Ponta Grossa,41098378,60032577,2,3,0,0,9,,,0,,
2024,31,MG,3124104,Esmeraldas,31133123,60021906,2,3,1,1,5,1.0,775.86,1,1,0
2024,15,PA,1501782,Breu Branco,15018724,60003152,2,3,1,1,4,1.0,754.59,1,1,0
2024,35,SP,3550308,São Paulo,35355059,60025911,2,2,1,1,17,1.24,784.2140243,1,1,0
2024,50,MS,5006903,Porto Murtinho,50027210,60039609,2,3,1,1,16,1.15,760.39,1,1,0
2024,21,MA,2105104,Icatu,21015966,60004457,2,3,1,1,16,1.0,825.25,1,1,0
2024,52,GO,5205497,Cidade Ocidental,52063548,60041903,2,3,1,1,4,1.12,702.16,0,0,0
2024,23,CE,2308807,Moraújo,23019938,60007479,2,3,1,1,11,1.0,854.36,1,1,0
2024,33,RJ,3304557,Rio de Janeiro,33140757,60025620,2,3,1,1,15,1.2,744.26,1,1,0
2024,41,PR,4109401,Guarapuava,41119048,60033073,2,3,0,0,5,,,0,,
2024,24,RN,2408201,Nísia Floresta,24018928,60009971,2,3,1,1,14,1.63,759.03,1,1,0
2024,15,PA,1506500,Santa Izabel do Pará,15068084,60002100,2,3,1,1,15,1.39,741.68,0,0,0
2024,29,BA,2912202,Ibicoara,29088601,60016251,2,3,1,1,7,1.0,678.92,0,0,0
2024,51,MT,5102686,Campos de Júlio,51015236,60040645,2,3,1,1,3,1.09,807.2,1,1,0
2024,31,MG,3110905,Campanha,31043226,60020580,2,3,1,1,15,1.1,747.59,1,1,0
2024,35,SP,3534401,Osasco,35300313,60027514,2,3,1,1,2,1.0,837.8810989,1,1,0
2024,15,PA,1504505,Melgaço,15046688,60001717,2,3,1,1,11,1.2,747.26,1,1,0
2024,35,SP,3557006,Votorantim,35231278,60027486,2,3,1,1,18,1.0,704.3057264,0,0,0
2024,13,AM,1303403,Parintins,13019282,60001268,2,3,1,1,19,1.13,672.43,0,0,0
2024,27,AL,2704302,Maceió,27013085,60013962,2,3,1,1,16,1.07,696.87,0,0,0
2024,15,PA,1508001,Tomé-Açu,15081483,60002635,2,3,1,1,9,1.24,643.32,0,0,0
2024,33,RJ,3304557,Rio de Janeiro,33136906,60025622,2,3,1,1,13,1.06,768.66,1,1,0
2024,53,DF,5300108,Brasília,53020856,60042300,2,2,1,1,4,1.09,763.08,1,1,0
2024,41,PR,4119905,Ponta Grossa,41103359,60033921,2,3,1,1,11,1.3,760.94,1,1,0
2024,13,AM,1302306,Jutaí,13013127,60000667,2,3,1,1,10,1.11,711.32,0,0,0
2024,33,RJ,3302502,Magé,33043451,60024171,2,3,1,1,6,1.39,748.8,1,1,0
2024,35,SP,3549904,São José dos Campos,35186172,60026279,2,2,1,1,1,1.0322581,751.0467363,1,1,0
2024,15,PA,1505536,Parauapebas,15059918,60003232,2,3,1,1,3,1.35,638.72,0,0,0
2024,35,SP,3550308,São Paulo,35427378,60025969,2,2,1,1,21,1.2083333,739.9418469,0,0,0
2024,50,MS,5007901,Sidrolândia,50014370,60039979,2,3,1,1,13,1.41,755.15,1,1,0
2024,35,SP,3543402,Ribeirão Preto,35155719,60026393,2,2,1,1,3,1.0869565,839.1520726,1,1,0
2024,32,ES,3201209,Cachoeiro de Itapemirim,32037339,60022987,2,3,1,1,7,1.11,795.37,1,1,0
2024,35,SP,3550308,São Paulo,35386304,60031556,2,2,1,1,21,1.1034483,739.9418469,0,0,0
2024,43,RS,4322707,Vera Cruz,43012057,60039053,2,3,1,1,12,1.0,659.0295984,0,0,0
2024,23,CE,2311959,Salitre,23018341,60008702,2,3,1,1,4,1.07,804.72,1,1,0
2024,26,PE,2606606,Ibimirim,26064909,60011551,2,3,1,1,8,1.0,783.92,1,1,0
2024,52,GO,5201108,Anápolis,52010729,60040985,2,3,1,1,8,1.0,740.6,0,0,0
2024,35,SP,3518701,Guarujá,35163404,60026265,2,2,1,1,12,1.0645161,791.1715591,1,1,0
2024,15,PA,1508209,Vigia,15085953,60003616,2,3,1,1,20,1.13,728.74,0,0,0
2024,52,GO,5220454,Senador Canedo,52022353,60041257,2,3,1,1,18,1.09,775.5,1,1,0
2024,21,MA,2103307,Codó,21040923,60005830,2,3,1,1,1,1.04,780.43,1,1,0
2024,41,PR,4109401,Guarapuava,41046815,60033074,2,3,1,1,21,1.42,792.69,1,1,0
2024,52,GO,5200902,Amorinópolis,52037658,60041042,2,3,1,1,11,1.0,785.47,1,1,0
2024,51,MT,5107875,Sapezal,51033783,60040165,2,3,1,1,6,1.59,713.3,0,0,0
2024,52,GO,5208103,Formoso,52047277,60040903,2,3,1,1,4,1.0,761.92,1,1,0
2024,33,RJ,3304110,Porto Real,33073237,60025504,2,3,1,1,5,1.09,765.52,1,1,0
2024,29,BA,2930907,Tabocas do Brejo Velho,29247203,60014659,2,3,1,1,8,1.0,784.12,1,1,0
2024,35,SP,3527306,Louveira,35103829,60031070,2,3,1,1,15,1.2105263,769.2079066,1,1,0
2024,26,PE,2609600,Olinda,26030312,60012857,2,3,1,1,13,1.0,697.44,0,0,0
2024,23,CE,2304400,Fortaleza,23011584,60009305,2,3,1,1,1,1.0,758.03,1,1,0
2024,25,PB,2511103,Pedra Lavrada,25026502,60011304,2,3,1,1,21,1.0,797.66,1,1,0
2024,51,MT,5102637,Campo Novo do Parecis,51032744,60040647,2,3,1,1,14,1.14,789.07,1,1,0
2024,35,SP,3503208,Araraquara,35012556,60029255,2,3,1,1,11,1.1,721.3910178,0,0,0
2024,32,ES,3204104,Pinheiros,32032535,60022350,2,3,1,1,1,1.0,769.34,1,1,0
2024,26,PE,2615102,Terezinha,26013671,60011979,2,3,1,1,2,1.0,760.28,1,1,0
2024,21,MA,2106508,Matinha,21057439,60004579,2,3,1,1,11,1.0,713.62,0,0,0
2024,31,MG,3106200,Belo Horizonte,31052935,60017981,2,2,1,1,8,1.13,746.85,1,1,0
2024,33,RJ,3303005,Miracema,33050683,60023191,2,3,0,0,10,,,0,,
2024,12,AC,1200401,Rio Branco,12010095,60000512,2,3,1,1,13,1.09,781.05,1,1,0
2024,23,CE,2306553,Itarema,23028318,60007321,2,3,1,1,1,1.04,797.38,1,1,0
2024,21,MA,2102325,Buriticupu,21032172,60004828,2,3,1,1,5,1.05,696.26,0,0,0
2024,33,RJ,3305208,São Pedro da Aldeia,33015047,60025221,2,3,0,0,14,,,0,,
2024,41,PR,4106902,Curitiba,41118113,60033576,2,3,1,1,5,1.05,761.35,1,1,0
2024,31,MG,3161908,São Gonçalo do Rio Abaixo,31052680,60021838,2,3,1,1,17,1.0,779.95,1,1,0
2024,23,CE,2310209,Paracuru,23062075,60007715,2,3,1,1,5,1.0,832.54,1,1,0
2024,31,MG,3151800,Poços de Caldas,31074412,60019634,2,3,1,1,14,1.27,753.88,1,1,0
2024,43,RS,4314902,Porto Alegre,43059946,60037934,2,3,1,1,20,1.2777778,771.5620727,1,1,0
2024,17,TO,1721000,Palmas,17001087,60004045,2,3,1,1,15,1.19,797.17,1,1,0
2024,26,PE,2608909,Limoeiro,26075936,60012765,2,3,1,1,11,1.04,758.31,1,1,0
2024,31,MG,3111606,Campos Gerais,31080234,60020160,2,3,1,1,14,1.38,760.82,1,1,0
2024,29,BA,2916609,Itapitanga,29115976,60016866,2,3,1,1,19,1.0,700.39,0,0,0
2024,43,RS,4313300,Nova Prata,43048422,60039247,2,3,1,1,6,1.1428571,763.8003146,1,1,0
2024,17,TO,1705557,Combinado,17017459,60004073,2,3,1,1,19,1.0,783.14,1,1,0
2024,33,RJ,3304557,Rio de Janeiro,33125445,60024995,2,3,1,1,19,1.1,783.65,1,1,0
2024,43,RS,4310207,Ijuí,43040242,60037400,2,2,0,0,4,,,0,,
2024,29,BA,2902252,Arataca,29010543,60016717,2,3,0,0,8,,,0,,
2024,52,GO,5211503,Itumbiara,52039655,60041521,2,3,0,0,16,,,0,,
2024,28,SE,2803500,Lagarto,28007774,60014195,2,2,1,1,19,1.0,758.79,1,1,0
2024,31,MG,3171204,Vespasiano,31116627,60020649,2,3,1,1,7,1.13,734.66,0,0,0
2024,15,PA,1505031,Novo Progresso,15050985,60003372,2,3,1,1,13,1.22,792.92,1,1,0
2024,31,MG,3139409,Manhuaçu,31013138,60019042,2,2,1,1,15,1.1,762.34,1,1,0
2024,42,SC,4208203,Itajaí,42037999,60035254,2,3,0,0,21,,,0,,
2024,52,GO,5217609,Planaltina,52061232,60041386,2,3,1,1,6,1.03,719.26,0,0,0
2024,22,PI,2211001,Teresina,22010424,60006555,2,3,1,1,1,1.0,800.7,1,1,0
2024,26,PE,2602605,Brejo da Madre de Deus,26001416,60013168,2,3,1,1,15,1.0,639.51,0,0,0
2024,52,GO,5214002,Mozarlândia,52028787,60042044,2,3,1,1,2,1.08,784.54,1,1,0
2024,27,AL,2700102,Água Branca,27001448,60013216,2,3,1,1,6,1.03,780.17,1,1,0
2024,31,MG,3136207,João Monlevade,31162825,60019399,2,3,1,1,21,1.32,663.53,0,0,0
2024,21,MA,2104800,Grajaú,21050659,60006060,2,3,1,1,6,1.1,629.09,0,0,0
2024,51,MT,5105259,Lucas do Rio Verde,51026365,60040710,2,3,1,1,13,1.11,846.15,1,1,0
2024,15,PA,1503606,Itaituba,15036638,60002532,2,3,0,0,7,,,0,,
2024,11,RO,1100205,Porto Velho,11013925,60000386,2,2,1,1,8,1.27,766.99,1,1,0
2024,41,PR,4106902,Curitiba,41101148,60034332,2,3,1,1,6,1.57,776.82,1,1,0
2024,32,ES,3205002,Serra,32000798,60022651,2,2,1,1,20,1.03,832.45,1,1,0
2024,33,RJ,3304557,Rio de Janeiro,33125551,60024881,2,3,1,1,21,1.03,757.45,1,1,0
2024,42,SC,4218707,Tubarão,42084281,60034520,2,2,1,1,18,1.1,789.56,1,1,0
2024,13,AM,1302603,Manaus,13057195,60000875,2,3,1,1,17,1.61,748.4,1,1,0
2024,31,MG,3103504,Araguari,31185988,60020977,2,3,1,1,20,1.05,622.36,0,0,0
2024,15,PA,1501402,Belém,15091787,60003590,2,2,1,1,16,1.1,749.07,1,1,0
2024,15,PA,1507102,São Caetano de Odivelas,15074975,60003128,2,3,1,1,8,1.05,734.82,0,0,0
2024,29,BA,2927408,Salvador,29216531,60017470,2,3,0,0,7,,,0,,
2024,43,RS,4314902,Porto Alegre,43069150,60039486,2,3,1,1,13,1.4375,782.2522274,1,1,0
2024,31,MG,3131307,Ipatinga,31083022,60020317,2,2,1,1,3,1.03,827.95,1,1,0
2024,12,AC,1200401,Rio Branco,12009944,60000480,2,2,0,0,12,,,0,,
2024,35,SP,3556701,Vinhedo,35049363,60028570,2,3,1,1,14,1.0,707.4484631,0,0,0
2024,29,BA,2918001,Jequié,29125351,60016337,2,3,1,1,11,1.0,690.93,0,0,0
2024,41,PR,4106902,Curitiba,41076512,60033531,2,3,1,1,9,1.16,733.44,0,0,0
2024,26,PE,2611101,Petrolina,26073543,60013188,2,3,1,1,7,1.0,753.41,1,1,0
2024,52,GO,5200100,Abadiânia,52009444,60041283,2,3,1,1,12,1.17,737.8,0,0,0
2024,31,MG,3143450,Montezuma,31167133,60021409,2,3,0,0,10,,,0,,
2024,31,MG,3132503,Itamarandiba,31043186,60018440,2,2,1,1,11,1.05,774.17,1,1,0
2024,43,RS,4314902,Porto Alegre,43061158,60037969,2,2,1,1,9,1.1363636,718.2235877,0,0,0
2024,31,MG,3151800,Poços de Caldas,31064698,60019635,2,3,0,0,19,,,0,,
2024,29,BA,2927408,Salvador,29948989,60017662,2,3,0,0,11,,,0,,
2024,35,SP,3538204,Pinhalzinho,35036833,60030255,2,3,1,1,9,1.05,758.2989295,1,1,0
2024,15,PA,1508084,Tucumã,15082964,60002686,2,3,1,1,10,1.22,717.48,0,0,0
2024,42,SC,4211900,Palhoça,42064013,60034474,2,2,0,0,5,,,0,,
2024,31,MG,3106200,Belo Horizonte,31127161,60018115,2,3,1,1,10,1.1,766.77,1,1,0
2024,51,MT,5108600,Vila Rica,51008330,60040259,2,3,0,0,14,,,0,,
2024,31,MG,3132404,Itajubá,31031712,60021029,2,3,0,0,17,,,0,,
2024,35,SP,3505708,Barueri,35235865,60029384,2,3,0,0,7,,,0,,
2024,11,RO,1100122,Ji-Paraná,11006693,60000246,2,3,1,1,6,1.1,788.68,1,1,0
2024,42,SC,4204301,Concórdia,42024790,60035925,2,3,1,1,16,1.12,732.4,0,0,0
2024,35,SP,3554300,Teodoro Sampaio,35122216,60029763,2,3,1,1,4,1.0416667,759.852491,1,1,0
2024,33,RJ,3304557,Rio de Janeiro,33122050,60024996,2,3,1,1,8,1.22,740.78,0,0,0
2024,17,TO,1720200,São Miguel do Tocantins,17015081,60003911,2,3,1,1,13,1.19,695.56,0,0,0
2024,43,RS,4314902,Porto Alegre,43063767,60038043,2,2,1,1,2,1.375,776.9289383,1,1,0
2024,25,PB,2516201,Sousa,25007110,60011193,2,3,1,1,12,1.09,735.21,0,0,0
2024,42,SC,4203907,Capinzal,42046023,60035917,2,3,1,1,3,1.3,771.11,1,1,0
2024,43,RS,4303103,Cachoeirinha,43008986,60036621,2,3,1,1,2,1.4705882,688.5422049,0,0,0
2024,13,AM,1303957,São Sebastião do Uatumã,13023400,60001277,2,3,1,1,5,1.0,698.26,0,0,0
2024,35,SP,3525201,Jarinu,35102649,60029059,2,3,1,1,7,1.05,702.7847779,0,0,0
2024,42,SC,4204608,Criciúma,42028553,60036148,2,3,1,1,13,1.16,778.99,1,1,0
2024,42,SC,4217006,São Ludgero,42012565,60036285,2,3,1,1,12,1.2,783.21,1,1,0
2024,23,CE,2304400,Fortaleza,23059483,60009277,2,3,1,1,1,1.0,800.99,1,1,0
2024,31,MG,3104007,Araxá,31118738,60021241,2,3,1,1,2,1.09,690.54,0,0,0
2024,42,SC,4208203,Itajaí,42039340,60035240,2,3,1,1,19,1.54,803.9,1,1,0
2024,32,ES,3200904,Barra de São Francisco,32030986,60022976,2,3,1,1,9,1.06,779.84,1,1,0
2024,31,MG,3104007,Araxá,31118439,60022152,2,3,1,1,6,1.0,805.29,1,1,0
2024,43,RS,4314902,Porto Alegre,43062129,60037996,2,2,1,1,17,1.3571429,744.0719558,1,1,0
2024,31,MG,3106200,Belo Horizonte,31104937,60018059,2,3,0,0,7,,,0,,
2024,35,SP,3513009,Cotia,35251435,60027272,2,3,1,1,14,1.0666667,704.5670167,0,0,0
2024,29,BA,2928406,Santa Rita de Cássia,29225083,60017646,2,3,1,1,16,1.0,694.7,0,0,0
2024,43,RS,4307005,Erechim,43027190,60037099,2,2,1,1,9,1.0,695.8385725,0,0,0
2024,51,MT,5107040,Primavera do Leste,51018335,60040474,2,3,1,1,9,1.41,762.58,1,1,0
2024,16,AP,1600303,Macapá,16006898,60003693,2,2,1,1,15,1.14,723.03,0,0,0
2024,52,GO,5204706,Campinorte,52053805,60040897,2,3,1,1,9,1.0,792.75,1,1,0
2024,41,PR,4114302,Mandirituba,41036649,60033637,2,3,1,1,1,1.13,772.61,1,1,0
2024,15,PA,1505304,Oriximiná,15053579,60001571,2,3,1,1,10,1.0,742.22,0,0,0
2024,43,RS,4302105,Bento Gonçalves,43005401,60036503,2,3,1,1,8,1.6666667,744.9216346,1,1,0
2024,35,SP,3550308,São Paulo,35433008,60026631,2,2,0,0,14,,,0,,
2024,11,RO,1100023,Ariquemes,11000871,60000077,2,3,1,1,10,1.04,776.06,1,1,0
2024,24,RN,2401008,Apodi,24012297,60009583,2,3,1,1,18,1.0,711.54,0,0,0
2024,35,SP,3552502,Suzano,35327356,60027874,2,3,1,1,8,1.16,815.9422982,1,1,0
2024,35,SP,3509502,Campinas,35041814,60026332,2,2,1,1,20,1.1428571,800.0148336,1,1,0
2024,51,MT,5107180,Ribeirão Cascalheira,51004322,60040251,2,3,1,1,2,1.12,748.43,1,1,0
2024,15,PA,1503754,Jacareacanga,15037933,60002553,2,3,1,1,18,1.08,748.16,1,1,0
2024,42,SC,4202404,Blumenau,42007986,60034706,2,2,1,1,20,2.2,794.07,1,1,0
2024,43,RS,4315602,Rio Grande,43070522,60038197,2,2,1,1,4,1.1111111,694.1323894,0,0,0
2024,26,PE,2604700,Correntes,26009939,60012701,2,3,1,1,8,1.0,788.69,1,1,0
2024,21,MA,2110005,Santa Luzia,21020438,60004824,2,3,1,1,18,1.0,726.87,0,0,0
2024,17,TO,1712801,Maurilândia do Tocantins,17018031,60003898,2,3,1,1,3,1.0,718.12,0,0,0
2024,35,SP,3552809,Taboão da Serra,35335847,60030616,2,3,1,1,6,1.1666667,739.8514484,0,0,0
2024,23,CE,2304459,Fortim,23067217,60009342,2,3,1,1,2,1.0,838.18,1,1,0
2024,31,MG,3102001,Alterosa,31090281,60019599,2,3,1,1,12,1.0,804.12,1,1,0
2024,35,SP,3524402,Jacareí,35090866,60030998,2,3,1,1,5,1.1428571,762.9820294,1,1,0
2024,35,SP,3550308,São Paulo,35442109,60031756,2,2,1,1,10,1.0833333,672.6795888,0,0,0
2024,17,TO,1709500,Gurupi,17005818,60004023,2,3,1,1,12,1.18,817.07,1,1,0
2024,35,SP,3550308,São Paulo,35438162,60026498,2,2,1,1,2,1.0344828,801.4834786,1,1,0
2024,35,SP,3509502,Campinas,35045114,60031319,2,2,1,1,8,1.0645161,780.3255004,1,1,0
2024,21,MA,2112852,Vila Nova dos Martírios,21033732,60005808,2,3,1,1,2,1.07,743.05,1,1,0
2024,27,AL,2709004,Tanque d'Arca,27030235,60013388,2,3,1,1,5,1.05,738.93,0,0,0
2024,32,ES,3202009,Dores do Rio Preto,32040886,60022798,2,3,1,1,13,1.0,783.99,1,1,0
2024,35,SP,3525102,Jardinópolis,35204116,60030110,2,3,1,1,18,1.1,781.7915667,1,1,0
2024,26,PE,2611606,Recife,26049719,60012490,2,3,1,1,21,1.04,760.3,1,1,0
2024,21,MA,2112100,Timbiras,21042902,60005330,2,3,1,1,7,1.09,783.82,1,1,0
2024,43,RS,4300604,Alvorada,43002951,60039280,2,2,1,1,7,1.375,643.8106454,0,0,0
2024,16,AP,1600303,Macapá,16001541,60003694,2,3,1,1,15,1.04,694.33,0,0,0
2024,50,MS,5005707,Naviraí,50028655,60039899,2,3,1,1,14,1.14,740.17,0,0,0
2024,35,SP,3539103,Pirapora do Bom Jesus,35278524,60026067,2,3,1,1,17,1.0,758.5277313,1,1,0
2024,26,PE,2607901,Jaboatão dos Guararapes,26039734,60012366,2,3,1,1,19,1.04,759.05,1,1,0
2024,43,RS,4307005,Erechim,43027492,60037105,2,2,1,1,16,1.1304348,707.519099,0,0,0
2024,21,MA,2109452,Raposa,21002022,60004320,2,3,1,1,16,1.03,688.61,0,0,0
2024,15,PA,1505536,Parauapebas,15058177,60002963,2,3,1,1,17,1.15,686.26,0,0,0
2024,29,BA,2930709,Simões Filho,29245323,60017609,2,3,1,1,12,1.0,726.88,0,0,0
2024,27,AL,2700409,Atalaia,27004551,60013537,2,3,1,1,17,1.07,680.41,0,0,0
2024,11,RO,1100189,Pimenta Bueno,11014938,60000198,2,3,1,1,19,1.09,767.89,1,1,0
2024,42,SC,4205001,Dionísio Cerqueira,42078411,60035201,2,2,1,1,16,1.12,757.57,1,1,0
2024,21,MA,2109452,Raposa,21002025,60004320,2,3,1,1,19,1.03,658.18,0,0,0
2024,41,PR,4104204,Campo Largo,41071736,60033409,2,3,1,1,5,1.36,742.27,0,0,0
2024,31,MG,3144706,Nova Era,31002807,60019402,2,3,1,1,6,1.14,778.97,1,1,0
2024,33,RJ,3304557,Rio de Janeiro,33130466,60024867,2,3,0,0,10,,,0,,
2024,31,MG,3127701,Governador Valadares,31189719,60018686,2,2,1,1,7,1.0,748.03,1,1,0
2024,32,ES,3201209,Cachoeiro de Itapemirim,32037123,60022857,2,3,1,1,3,1.19,764.72,1,1,0
2024,26,PE,2607901,Jaboatão dos Guararapes,26040551,60012696,2,3,1,1,3,1.0,762.26,1,1,0
2024,35,SP,3552403,Sumaré,35215224,60026220,2,3,0,0,5,,,0,,
2024,21,MA,2102903,Carutapera,21022179,60005877,2,3,1,1,7,1.0,747.1,1,1,0
2024,41,PR,4115705,Matinhos,41031675,60033757,2,3,1,1,18,1.21,801.71,1,1,0
2024,41,PR,4125506,São José dos Pinhais,41010579,60033696,2,3,1,1,11,1.3,716.29,0,0,0
2024,15,PA,1501303,Barcarena,15014985,60002854,2,3,1,1,8,1.21,729.23,0,0,0
2024,42,SC,4218608,Trombudo Central,42071380,60035764,2,3,1,1,12,1.12,815.64,1,1,0
2024,33,RJ,3304201,Resende,33073386,60025694,2,3,1,1,8,1.04,743.37,1,1,0
2024,21,MA,2106706,Mirador,21052213,60005757,2,3,0,0,20,,,0,,
2024,35,SP,3552809,Taboão da Serra,35333927,60027860,2,3,1,1,19,1.1818182,697.8354565,0,0,0
2024,35,SP,3548500,Santos,35167201,60027071,2,3,1,1,2,1.0,778.6321602,1,1,0
2024,15,PA,1500800,Ananindeua,15010719,60003177,2,2,1,1,5,1.07,758.63,1,1,0
2024,23,CE,2303709,Caucaia,23027778,60009106,2,3,0,0,7,,,0,,
2024,35,SP,3550308,São Paulo,35349636,60025772,2,2,0,0,2,,,0,,
2024,27,AL,2704302,Maceió,27000506,60013674,2,2,0,0,9,,,0,,
2024,43,RS,4314100,Passo Fundo,43055845,60039139,2,2,1,1,8,1.2,718.4416485,0,0,0
2024,42,SC,4205357,Flor do Sertão,42059591,60036044,2,3,1,1,5,1.11,771.88,1,1,0
2024,15,PA,1500800,Ananindeua,15007481,60003110,2,3,1,1,20,1.06,752.55,1,1,0
2024,26,PE,2607901,Jaboatão dos Guararapes,26040385,60012377,2,3,1,1,5,1.09,726.05,0,0,0
2024,42,SC,4216602,São José,42077355,60036232,2,3,1,1,15,1.44,712.44,0,0,0
2024,52,GO,5208608,Goianésia,52073506,60040956,2,3,1,1,19,1.05,689.06,0,0,0
2024,52,GO,5206206,Cristalina,52029650,60041947,2,3,1,1,20,1.09,791.5,1,1,0
2024,15,PA,1500206,Acará,15001606,60002376,2,3,1,1,17,1.13,679.64,0,0,0
2024,35,SP,3550308,São Paulo,35368507,60027279,2,3,1,1,18,1.1071429,683.2261359,0,0,0
2024,42,SC,4202099,Barra Bonita,42079542,60035205,2,3,1,1,4,1.14,757.74,1,1,0
2024,41,PR,4125506,São José dos Pinhais,41077025,60033728,2,3,1,1,17,1.5,772.96,1,1,0
2024,42,SC,4219507,Xanxerê,42089436,60036261,2,3,1,1,10,1.3,791.66,1,1,0
2024,43,RS,4312450,Morro Redondo,43012294,60037570,2,2,1,1,8,1.0555556,768.7368148,1,1,0
2024,29,BA,2904605,Brumado,29026775,60017325,2,3,1,1,11,1.0,683.28,0,0,0
2024,33,RJ,3304557,Rio de Janeiro,33119924,60024660,2,3,1,1,10,1.17,756.63,1,1,0
2024,52,GO,5201108,Anápolis,52012975,60041925,2,3,1,1,10,1.19,703.9,0,0,0
2024,31,MG,3136652,Juatuba,31109346,60021037,2,3,0,0,18,,,0,,
2024,23,CE,2304285,Eusébio,23064278,60009054,2,3,1,1,17,1.19,871.66,1,1,0
2024,35,SP,3517406,Guaíra,35020872,60030066,2,3,1,1,7,1.1538462,782.3877103,1,1,0
2024,51,MT,5100805,Apiacás,51000778,60040133,2,3,1,1,14,1.04,711.83,0,0,0
2024,29,BA,2910800,Feira de Santana,29079398,60017762,2,3,1,1,10,1.0,749.23,1,1,0
2024,42,SC,4209102,Joinville,42047556,60035986,2,3,1,1,15,1.54,791.07,1,1,0
2024,35,SP,3554102,Taubaté,35225277,60029112,2,3,1,1,6,1.0,791.8228781,1,1,0
2024,35,SP,3550308,São Paulo,35341981,60027323,2,3,1,1,5,1.0689655,759.5623536,1,1,0
2024,52,GO,5201405,Aparecida de Goiânia,52076399,60041734,2,3,1,1,10,1.07,784.01,1,1,0
2024,35,SP,3550308,São Paulo,35367724,60027012,2,3,1,1,2,1.1538462,668.7231913,0,0,0
2024,31,MG,3145208,Nova Serrana,31162731,60018625,2,3,1,1,15,1.04,776.93,1,1,0
2024,41,PR,4106902,Curitiba,41078951,60034331,2,3,1,1,5,1.06,790.28,1,1,0
2024,32,ES,3200607,Aracruz,32023513,60022411,2,3,1,1,20,1.04,780.05,1,1,0
2024,53,DF,5300108,Brasília,53008922,60042277,2,2,0,0,15,,,0,,
2024,42,SC,4202404,Blumenau,42010668,60034707,2,3,0,0,7,,,0,,
2024,29,BA,2927408,Salvador,29212985,60017066,2,3,1,1,8,1.0,692.65,0,0,0
2024,35,SP,3516200,Franca,35065495,60031231,2,3,1,1,6,1.0,736.9610848,0,0,0
2024,35,SP,3513801,Diadema,35256918,60030898,2,3,0,0,12,,,0,,
2024,35,SP,3538709,Piracicaba,35136410,60029083,2,3,1,1,11,1.24,807.9928014,1,1,0
2024,29,BA,2909802,Cruz das Almas,29061286,60015765,2,3,1,1,7,1.0,753.61,1,1,0
2024,15,PA,1506807,Santarém,15073589,60001644,2,3,1,1,12,1.18,756.76,1,1,0
2024,29,BA,2932309,Ubatã,29255800,60016890,2,3,1,1,13,1.0,780.68,1,1,0
2024,13,AM,1303700,Santo Antônio do Içá,13021342,60000672,2,3,1,1,20,1.35,706.4,0,0,0
2024,33,RJ,3304557,Rio de Janeiro,33131563,60024671,2,3,1,1,18,1.03,778.95,1,1,0
2024,35,SP,3548708,São Bernardo do Campo,35321137,60030184,2,3,1,1,16,1.12,803.7314012,1,1,0
2024,51,MT,5106224,Nova Mutum,51009778,60040669,2,3,1,1,5,1.15,748.93,1,1,0
2024,43,RS,4314902,Porto Alegre,43065454,60038086,2,2,1,1,17,1.4166667,716.5508663,0,0,0
2024,35,SP,3502200,Angatuba,35071148,60028272,2,3,0,0,1,,,0,,
2024,35,SP,3552809,Taboão da Serra,35334172,60028036,2,3,1,1,1,1.1333333,688.8534402,0,0,0
2024,31,MG,3170107,Uberaba,31104885,60020066,2,3,0,0,10,,,0,,
2024,31,MG,3143302,Montes Claros,31175593,60019180,2,3,0,0,2,,,0,,
2024,52,GO,5220454,Senador Canedo,52022672,60041893,2,3,1,1,5,1.14,751.98,1,1,0
2024,27,AL,2704302,Maceió,27017522,60013997,2,3,1,1,12,1.13,704.76,0,0,0
2024,23,CE,2311207,Potengi,23013466,60009334,2,3,1,1,1,1.0,832.93,1,1,0
2024,43,RS,4314902,Porto Alegre,43062290,60038000,2,2,0,0,14,,,0,,
2024,35,SP,3548906,São Carlos,35172727,60028061,2,3,1,1,16,1.0,699.0535098,0,0,0
2024,33,RJ,3304557,Rio de Janeiro,33104482,60024439,2,3,1,1,1,1.12,751.61,1,1,0
2024,17,TO,1702208,Araguatins,17013830,60003882,2,3,0,0,6,,,0,,
2024,32,ES,3205002,Serra,32003276,60022639,2,3,1,1,9,1.1,688.05,0,0,0
2024,23,CE,2300309,Acopiara,23054225,60008906,2,3,1,1,13,1.0,635.13,0,0,0
2024,32,ES,3203320,Marataízes,32038993,60022893,2,3,1,1,20,1.0,775.13,1,1,0
2024,24,RN,2414308,Timbaúba dos Batistas,24008405,60009770,2,3,1,1,2,1.0,805.92,1,1,0
2024,26,PE,2614105,Sertânia,26066794,60011566,2,3,1,1,15,1.04,739.84,0,0,0
2024,23,CE,2301901,Barbalha,23061695,60008761,2,3,1,1,3,1.0,855.87,1,1,0
2024,41,PR,4114906,Marilândia do Sul,41057386,60032172,2,3,1,1,18,1.18,788.98,1,1,0
2024,35,SP,3509205,Cajamar,35241017,60028561,2,3,1,1,19,1.0645161,737.6962125,0,0,0
2024,35,SP,3550308,São Paulo,35387771,60031731,2,2,1,1,8,1.1,760.8403164,1,1,0
2024,32,ES,3202702,Itaguaçu,32034959,60022520,2,3,1,1,1,1.09,822.28,1,1,0
2024,31,MG,3171204,Vespasiano,31171256,60021996,2,3,1,1,13,1.0,818.06,1,1,0
2024,35,SP,3534302,Orlândia,35179415,60028865,2,3,1,1,2,1.1428571,786.296356,1,1,0
2024,31,MG,3170206,Uberlândia,31127571,60020805,2,3,1,1,1,1.42,781.38,1,1,0
2024,43,RS,4304630,Capão da Canoa,43014673,60036800,2,3,1,1,4,1.1764706,740.2022313,0,0,0
2024,35,SP,3547809,Santo André,35310967,60026144,2,3,1,1,10,1.2,820.3727355,1,1,0
2024,41,PR,4112009,Jaguariaíva,41019539,60032478,2,3,1,1,12,1.19,759.63,1,1,0
2024,24,RN,2408102,Natal,24003166,60010090,2,3,1,1,21,1.25,673.61,0,0,0
2024,15,PA,1503606,Itaituba,15036698,60002528,2,3,1,1,11,1.09,729.98,0,0,0
2024,35,SP,3548708,São Bernardo do Campo,35316166,60027504,2,3,1,1,12,1.1428571,748.7837323,1,1,0
2024,31,MG,3136702,Juiz de Fora,31181143,60019000,2,3,0,0,1,,,0,,
2024,33,RJ,3302700,Maricá,33046552,60025461,2,3,1,1,16,1.46,690.63,0,0,0
2024,35,SP,3518701,Guarujá,35163353,60026265,2,2,1,1,2,1.2222222,708.9261891,0,0,0
2024,12,AC,1200385,Plácido de Castro,12004372,60000467,2,3,1,1,16,1.17,730.75,0,0,0
2024,52,GO,5218805,Rio Verde,52074898,60041455,2,3,1,1,1,1.13,780.03,1,1,0
2024,31,MG,3118601,Contagem,31177950,60021679,2,3,0,0,7,,,0,,
2024,33,RJ,3304557,Rio de Janeiro,33115224,60024844,2,3,1,1,8,1.08,747.65,1,1,0
2024,11,RO,1100288,Rolim de Moura,11016055,60000317,2,3,1,1,17,1.11,765.25,1,1,0
2024,35,SP,3518701,Guarujá,35165710,60029158,2,3,1,1,2,1.0,728.4988426,0,0,0
2024,15,PA,1505536,Parauapebas,15058644,60003005,2,3,1,1,6,1.3,743.88,1,1,0
2024,35,SP,3520004,Igaraçu do Tietê,35095077,60030967,2,3,1,1,2,1.047619,672.4882124,0,0,0
2024,31,MG,3151206,Pirapora,31160260,60021708,2,3,1,1,16,1.04,867.35,1,1,0
2024,23,CE,2300200,Acaraú,23061843,60007246,2,3,1,1,21,1.05,753.88,1,1,0
2024,21,MA,2102036,Bom Jesus das Selvas,21031948,60005617,2,3,1,1,14,1.04,685.36,0,0,0
2024,35,SP,3507803,Brodowski,35153736,60030386,2,3,1,1,21,1.2352941,675.3460953,0,0,0
2024,17,TO,1721208,Tocantinópolis,17018378,60004152,2,3,1,1,13,1.04,751.67,1,1,0
2024,31,MG,3128709,Guaxupé,31190464,60019768,2,3,1,1,16,1.0,762.23,1,1,0
2024,41,PR,4106902,Curitiba,41039257,60033568,2,3,1,1,10,1.17,726.7,0,0,0
2024,25,PB,2506103,Fagundes,25012203,60010813,2,3,1,1,19,1.2,683.3,0,0,0
2024,31,MG,3120870,Curral de Dentro,31104675,60021167,2,3,1,1,11,1.06,756.1,1,1,0
2024,31,MG,3105905,Barroso,31041177,60021785,2,3,1,1,3,1.0,790.86,1,1,0
2024,50,MS,5002209,Bonito,50026098,60039795,2,3,1,1,3,1.07,769.75,1,1,0
2024,31,MG,3106200,Belo Horizonte,31071921,60018099,2,3,1,1,14,1.32,777.18,1,1,0
2024,35,SP,3523305,Itariri,35120872,60028716,2,3,1,1,16,1.0625,730.3051704,0,0,0
2024,32,ES,3203320,Marataízes,32046798,60022900,2,3,1,1,16,1.24,748.11,1,1,0
2024,32,ES,3205200,Vila Velha,32012756,60022671,2,3,1,1,17,1.18,703.06,0,0,0
2024,33,RJ,3301702,Duque de Caxias,33030319,60025686,2,3,1,1,17,1.05,700.56,0,0,0
2024,35,SP,3550308,São Paulo,35418911,60028164,2,3,1,1,3,1.2916667,668.5676446,0,0,0
2024,31,MG,3131703,Itabira,31013024,60019391,2,2,0,0,6,,,0,,
2024,41,PR,4106902,Curitiba,41138788,60033570,2,3,1,1,8,1.21,718.44,0,0,0
2024,21,MA,2106375,Maranhãozinho,21023660,60004722,2,3,1,1,18,1.0,713.16,0,0,0
2024,21,MA,2111300,São Luís,21006142,60004402,2,3,1,1,7,1.0,789.8,1,1,0
2024,29,BA,2933455,Wanderley,29268592,60014664,2,3,1,1,13,1.0,720.7,0,0,0
2024,21,MA,2101707,Barreirinhas,21015024,60004523,2,3,1,1,1,1.0,825.64,1,1,0
2024,21,MA,2112803,Viana,21058853,60004657,2,3,1,1,12,1.04,716.09,0,0,0
2024,33,RJ,3300456,Belford Roxo,33007772,60023988,2,3,0,0,5,,,0,,
2024,41,PR,4106902,Curitiba,41034699,60033554,2,3,1,1,5,1.29,790.92,1,1,0
2024,52,GO,5200258,Águas Lindas de Goiás,52069205,60041837,2,3,1,1,9,1.14,763.04,1,1,0
2024,31,MG,3137205,Lagoa da Prata,31029440,60021556,2,2,1,1,3,1.05,811.39,1,1,0
2024,21,MA,2107001,Montes Altos,21029585,60005883,2,3,1,1,16,1.05,761.72,1,1,0
2024,52,GO,5218508,Quirinópolis,52049752,60042030,2,3,1,1,14,1.11,744.37,1,1,0
2024,35,SP,3504008,Assis,35014969,60027452,2,3,1,1,2,1.2105263,737.5883412,0,0,0
2024,26,PE,2601508,Belém de Maria,26022777,60012176,2,3,1,1,17,1.0,781.13,1,1,0
2024,28,SE,2801207,Canindé de São Francisco,28000376,60014595,2,3,1,1,12,1.0,729.88,0,0,0
2024,13,AM,1303536,Presidente Figueiredo,13019893,60000939,2,3,1,1,5,1.25,683.09,0,0,0
2024,24,RN,2408102,Natal,24028310,60010089,2,3,1,1,17,2.6,652.57,0,0,0
2024,52,GO,5220454,Senador Canedo,52023269,60042070,2,3,1,1,10,1.04,788.11,1,1,0
2024,15,PA,1506807,Santarém,15070125,60003142,2,3,1,1,2,1.35,679.07,0,0,0
2024,42,SC,4216701,São José do Cedro,42078869,60036107,2,3,1,1,1,1.15,765.24,1,1,0
2024,41,PR,4114609,Marechal Cândido Rondon,41004806,60032616,2,3,1,1,19,1.05,744.61,1,1,0
2024,23,CE,2307650,Maracanaú,23019611,60009445,2,3,1,1,17,1.06,799.6,1,1,0
2024,35,SP,3503307,Araras,35140571,60031345,2,3,1,1,16,1.0,782.2425038,1,1,0
2024,52,GO,5212808,Mara Rosa,52053984,60040905,2,3,1,1,1,1.12,804.07,1,1,0
2024,22,PI,2202703,Cocal,22000732,60006371,2,3,1,1,16,1.0,798.36,1,1,0
2024,50,MS,5005608,Miranda,50012184,60039942,2,3,1,1,3,1.0,741.74,0,0,0
2024,23,CE,2314003,Várzea Alegre,23087993,60008656,2,3,1,1,1,1.0,803.49,1,1,0
2024,29,BA,2925204,Pojuca,29175592,60017356,2,3,1,1,11,1.0,748.97,1,1,0
2024,35,SP,3550308,São Paulo,35338237,60027744,2,3,1,1,1,1.1111111,691.1063908,0,0,0
2024,41,PR,4108304,Foz do Iguaçu,41051107,60032812,2,3,1,1,6,1.13,847.1,1,1,0
2024,15,PA,1500800,Ananindeua,15009320,60003178,2,3,1,1,11,1.22,748.24,1,1,0
2024,51,MT,5102637,Campo Novo do Parecis,51033321,60040758,2,3,1,1,13,1.09,776.26,1,1,0
2024,21,MA,2101400,Balsas,21054149,60005523,2,3,1,1,13,1.06,707.58,0,0,0
2024,35,SP,3550308,São Paulo,35425858,60025938,2,2,1,1,6,1.1111111,824.7398442,1,1,0
2024,21,MA,2100501,Alto Parnaíba,21053752,60005513,2,3,1,1,2,1.12,743.61,1,1,0
2024,33,RJ,3303500,Nova Iguaçu,33063265,60024356,2,3,1,1,8,1.17,742.44,0,0,0
2024,43,RS,4306601,Dom Pedrito,43004236,60037053,2,3,1,1,16,1.0,740.1442486,0,0,0
2024,15,PA,1501402,Belém,15090624,60003623,2,2,1,1,6,1.15,681.47,0,0,0
2024,28,SE,2800308,Aracaju,28015057,60014332,2,3,1,1,8,1.25,766.1,1,1,0
2024,51,MT,5107602,Rondonópolis,51021471,60040506,2,3,1,1,14,1.13,769.37,1,1,0
2024,13,AM,1302603,Manaus,13032285,60001522,2,3,1,1,17,1.41,780.58,1,1,0
2024,31,MG,3138203,Lavras,31010456,60020483,2,3,1,1,17,1.06,730.24,0,0,0
2024,42,SC,4217154,São Miguel da Boa Vista,42060478,60036125,2,3,0,0,13,,,0,,
2024,23,CE,2312205,Santa Quitéria,23052543,60007638,2,3,1,1,19,1.0,837.19,1,1,0
2024,43,RS,4319802,São Vicente do Sul,43076679,60038713,2,3,1,1,16,1.1,729.0896126,0,0,0
2024,42,SC,4209102,Joinville,42051816,60034824,2,3,1,1,18,1.4,709.22,0,0,0
2024,15,PA,1500800,Ananindeua,15010335,60003220,2,3,0,0,1,,,0,,
2024,43,RS,4305108,Caxias do Sul,43018233,60036888,2,2,1,1,12,1.3333333,798.6823009,1,1,0
2024,33,RJ,3302502,Magé,33045706,60024195,2,3,1,1,8,1.07,751.98,1,1,0
2024,52,GO,5221551,Turvelândia,52058874,60041492,2,3,1,1,4,1.0,764.87,1,1,0
2024,25,PB,2506301,Guarabira,25019415,60011264,2,3,1,1,21,1.04,725.48,0,0,0
2024,41,PR,4104303,Campo Mourão,41065550,60031977,2,3,1,1,7,1.14,761.18,1,1,0
2024,15,PA,1500404,Alenquer,15003155,60001591,2,3,1,1,9,1.06,740.95,0,0,0
2024,52,GO,5205497,Cidade Ocidental,52063318,60041755,2,3,1,1,19,1.04,740.84,0,0,0
2024,31,MG,3159902,Santo Antônio do Amparo,31035752,60021513,2,3,1,1,2,1.0,733.2,0,0,0
2024,25,PB,2515302,Sapé,25017303,60010965,2,3,1,1,14,1.06,763.04,1,1,0
2024,31,MG,3118601,Contagem,31094665,60021821,2,3,1,1,3,1.11,678.0,0,0,0
2024,25,PB,2501807,Bayeux,25013712,60010992,2,3,0,0,14,,,0,,
2024,26,PE,2606804,Igarassu,26026856,60012256,2,3,1,1,1,1.04,687.71,0,0,0
2024,25,PB,2507507,João Pessoa,25005410,60011301,2,3,0,0,17,,,0,,
2024,15,PA,1507953,Tailândia,15080308,60002402,2,3,1,1,17,1.41,651.03,0,0,0
2024,12,AC,1200807,Porto Acre,12006775,60000551,2,3,1,1,3,1.38,740.07,0,0,0
2024,41,PR,4128203,União da Vitória,41082312,60033254,2,3,1,1,3,1.21,775.28,1,1,0
2024,50,MS,5003801,Fátima do Sul,50023511,60040045,2,3,1,1,19,1.11,792.24,1,1,0
2024,41,PR,4101002,Ampére,41059411,60032873,2,3,1,1,11,1.14,793.07,1,1,0
2024,41,PR,4102000,Assis Chateaubriand,41069651,60032590,2,3,1,1,13,1.09,805.99,1,1,0
2024,24,RN,2403251,Parnamirim,24017064,60010019,2,3,0,0,20,,,0,,
2024,31,MG,3106200,Belo Horizonte,31006778,60018107,2,3,1,1,14,1.17,749.62,1,1,0
2024,33,RJ,3301702,Duque de Caxias,33028897,60024060,2,3,1,1,18,1.21,674.98,0,0,0
2024,29,BA,2927408,Salvador,29211126,60016132,2,3,1,1,21,1.0,745.76,1,1,0
2024,11,RO,1100304,Vilhena,11018129,60000320,2,3,0,0,15,,,0,,
2024,35,SP,3548708,São Bernardo do Campo,35319818,60029408,2,3,1,1,3,1.04,701.7877421,0,0,0
2024,41,PR,4118204,Paranaguá,41040159,60033896,2,3,1,1,8,1.21,761.0,1,1,0
2024,35,SP,3509205,Cajamar,35241130,60031262,2,3,1,1,8,1.1363636,768.6605042,1,1,0
2024,52,GO,5221858,Valparaíso de Goiás,52066394,60041882,2,3,0,0,21,,,0,,
2024,43,RS,4317103,Sant'Ana do Livramento,43080591,60038390,2,2,1,1,12,1.0,764.1227107,1,1,0
2024,52,GO,5221403,Trindade,52034328,60041900,2,3,1,1,14,1.05,747.36,1,1,0
2024,17,TO,1711100,Itaporã do Tocantins,17004475,60004258,2,3,1,1,4,1.2,793.23,1,1,0
2024,35,SP,3543402,Ribeirão Preto,35159950,60031808,2,2,1,1,12,1.125,766.8735832,1,1,0
2024,33,RJ,3302403,Macaé,33040280,60023341,2,3,1,1,11,1.79,786.81,1,1,0
2024,23,CE,2303709,Caucaia,23013068,60008012,2,3,1,1,9,1.04,640.13,0,0,0
2024,35,SP,3515707,Ferraz de Vasconcelos,35325403,60030704,2,3,1,1,6,1.0740741,711.5371867,0,0,0
2024,35,SP,3550308,São Paulo,35357460,60026790,2,3,1,1,4,1.0869565,792.6478126,1,1,0
2024,35,SP,3550308,São Paulo,35411100,60029809,2,3,0,0,15,,,0,,
2024,35,SP,3550308,São Paulo,35347829,60029522,2,3,1,1,12,1.24,711.1608338,0,0,0
2024,31,MG,3139508,Manhumirim,31008851,60019056,2,3,1,1,17,1.07,761.26,1,1,0
2024,33,RJ,3304557,Rio de Janeiro,33110412,60024609,2,3,1,1,11,1.07,738.66,0,0,0
2024,35,SP,3550308,São Paulo,35412953,60026822,2,3,0,0,5,,,0,,
2024,15,PA,1505502,Paragominas,15055608,60002654,2,3,1,1,3,1.0,743.32,1,1,0
2024,31,MG,3106200,Belo Horizonte,31010597,60018054,2,3,1,1,2,1.04,776.89,1,1,0
2024,32,ES,3204955,São Roque do Canaã,32035703,60022555,2,3,1,1,1,1.17,804.28,1,1,0
2024,35,SP,3525300,Jaú,35095981,60028630,2,3,1,1,6,1.0416667,712.0071674,0,0,0
2024,35,SP,3556503,Várzea Paulista,35104850,60030538,2,3,1,1,7,1.0344828,776.4921342,1,1,0
2024,41,PR,4108304,Foz do Iguaçu,41107253,60034068,2,3,1,1,1,1.71,699.07,0,0,0
2024,35,SP,3529401,Mauá,35292100,60031616,2,2,0,0,19,,,0,,
2024,33,RJ,3301900,Itaboraí,33031992,60024137,2,3,0,0,4,,,0,,
2024,52,GO,5211909,Jataí,52041731,60041660,2,3,1,1,9,1.09,731.58,0,0,0
2024,23,CE,2309607,Pacajus,23031193,60008218,2,3,1,1,11,1.07,843.57,1,1,0
2024,26,PE,2606804,Igarassu,26027861,60013097,2,3,1,1,15,1.0,789.76,1,1,0
2024,31,MG,3144805,Nova Lima,31104659,60020706,2,3,1,1,3,1.13,758.68,1,1,0
2024,35,SP,3529609,Meridiano,35062324,60030991,2,3,1,1,2,1.0416667,785.4052255,1,1,0
2024,35,SP,3504107,Atibaia,35033330,60028816,2,3,1,1,10,1.0357143,740.7867395,0,0,0
2024,33,RJ,3303708,Paraíba do Sul,33092083,60023377,2,3,0,0,8,,,0,,
2024,31,MG,3116605,Cláudio,31141100,60018496,2,3,1,1,12,1.0,807.35,1,1,0
2024,43,RS,4314902,Porto Alegre,43060963,60037964,2,2,1,1,10,2.0909091,661.1380294,0,0,0
2024,53,DF,5300108,Brasília,53009109,60042494,2,2,1,1,15,1.26,648.86,0,0,0
2024,28,SE,2800704,Brejo Grande,28008207,60014208,2,3,1,1,19,1.13,683.09,0,0,0
2024,16,AP,1600600,Santana,16009446,60003751,2,3,1,1,3,1.0,803.68,1,1,0
2024,27,AL,2708006,Santana do Ipanema,27027573,60014048,2,3,1,1,12,1.05,780.46,1,1,0
2024,50,MS,5002704,Campo Grande,50000595,60039663,2,3,1,1,13,1.27,801.04,1,1,0
2024,35,SP,3552205,Sorocaba,35207768,60031516,2,2,1,1,20,1.0526316,769.7552714,1,1,0
2024,42,SC,4209102,Joinville,42049507,60034806,2,3,1,1,8,1.54,699.43,0,0,0
2024,22,PI,2211001,Teresina,22012788,60007104,2,3,1,1,8,1.0,665.88,0,0,0
2024,52,GO,5200258,Águas Lindas de Goiás,52067564,60041396,2,3,1,1,21,1.0,769.25,1,1,0
2024,35,SP,3538600,Piracaia,35037127,60030212,2,3,1,1,8,1.1176471,780.3255004,1,1,0
2024,43,RS,4321501,Torres,43094856,60038892,2,2,0,0,15,,,0,,
2024,33,RJ,3304557,Rio de Janeiro,33113151,60024688,2,3,1,1,9,1.16,834.41,1,1,0
2024,35,SP,3522307,Itapetininga,35072085,60028602,2,3,1,1,21,1.0909091,666.4548347,0,0,0
2024,31,MG,3169901,Ubá,31014003,60022184,2,3,1,1,11,1.0,799.66,1,1,0
2024,29,BA,2903201,Barreiras,29017799,60017520,2,3,0,0,9,,,0,,
2024,51,MT,5107040,Primavera do Leste,51018595,60040568,2,3,1,1,16,1.08,668.23,0,0,0
2024,13,AM,1300409,Barcelos,13002190,60000635,2,3,1,1,20,1.18,725.81,0,0,0
2024,35,SP,3523107,Itaquaquecetuba,35288364,60030837,2,3,1,1,15,1.0740741,726.2771996,0,0,0
2024,42,SC,4201901,Aurora,42041730,60034889,2,2,1,1,7,1.16,790.09,1,1,0
2024,27,AL,2704302,Maceió,27015611,60013965,2,3,1,1,12,1.1,726.44,0,0,0
2024,23,CE,2309201,Nova Olinda,23085264,60008845,2,3,1,1,6,1.0,856.64,1,1,0
2024,43,RS,4303004,Cachoeira do Sul,43008247,60036603,2,2,1,1,9,1.047619,678.8719449,0,0,0
2024,35,SP,3516309,Francisco Morato,35242540,60030057,2,3,1,1,6,1.4,729.0702033,0,0,0
2024,33,RJ,3305109,São João de Meriti,33085708,60025439,2,3,1,1,9,1.2,620.12,0,0,0
2024,29,BA,2913408,Igaporã,29092549,60016435,2,3,0,0,10,,,0,,
2024,15,PA,1502400,Castanhal,15027436,60002985,2,3,1,1,6,1.15,697.29,0,0,0
2024,43,RS,4322608,Venâncio Aires,43101372,60039039,2,2,1,1,18,1.0,726.2808816,0,0,0
2024,51,MT,5106224,Nova Mutum,51009762,60040669,2,3,1,1,3,1.15,686.04,0,0,0
2024,21,MA,2107357,Nova Olinda do Maranhão,21023792,60004847,2,3,1,1,17,1.04,769.16,1,1,0
2024,26,PE,2611606,Recife,26078963,60012918,2,3,1,1,12,1.0,723.1,0,0,0
2024,27,AL,2706406,Pão de Açúcar,27022123,60013266,2,3,1,1,2,1.0,746.34,1,1,0
2024,15,PA,1504422,Marituba,15045193,60003450,2,3,1,1,1,1.42,730.67,0,0,0
2024,52,GO,5211503,Itumbiara,52074255,60041525,2,3,1,1,17,1.03,752.89,1,1,0
2024,35,SP,3550308,São Paulo,35371167,60026945,2,3,1,1,7,1.1538462,770.1383812,1,1,0
2024,21,MA,2105906,Lago Verde,21044487,60005733,2,3,1,1,5,1.25,780.6,1,1,0
2024,29,BA,2913200,Ibotirama,29092035,60014856,2,3,1,1,21,1.0,706.76,0,0,0
2024,31,MG,3106200,Belo Horizonte,31034335,60018096,2,3,0,0,2,,,0,,
2024,22,PI,2207801,Paulistana,22028237,60006966,2,3,1,1,1,1.09,769.07,1,1,0
2024,26,PE,2610806,Pedra,26065745,60011670,2,3,1,1,18,1.0,793.91,1,1,0
2024,22,PI,2211100,União,22031155,60006575,2,3,1,1,4,1.06,735.37,0,0,0
2024,24,RN,2408300,Nova Cruz,24021199,60010319,2,3,1,1,10,1.0,774.98,1,1,0
2024,35,SP,3543907,Rio Claro,35114531,60029724,2,3,1,1,9,1.0952381,728.4143792,0,0,0
2024,15,PA,1502152,Canaã dos Carajás,15098869,60003129,2,3,1,1,13,1.22,767.28,1,1,0
2024,42,SC,4208203,Itajaí,42039795,60035947,2,3,0,0,13,,,0,,
2024,35,SP,3550308,São Paulo,35379759,60026554,2,2,1,1,21,1.0769231,713.3668756,0,0,0
2024,41,PR,4125506,São José dos Pinhais,41128467,60033722,2,3,1,1,18,1.14,748.33,1,1,0
2024,41,PR,4107900,Floresta,41102641,60032058,2,3,1,1,18,1.04,775.42,1,1,0
2024,35,SP,3550308,São Paulo,35342086,60027436,2,3,0,0,7,,,0,,
2024,35,SP,3513009,Cotia,35251342,60027272,2,3,1,1,20,1.1034483,817.9763706,1,1,0
2024,43,RS,4313375,Nova Santa Rita,43030170,60039439,2,3,0,0,12,,,0,,
2024,31,MG,3157807,Santa Luzia,31174342,60018317,2,3,1,1,5,1.1,845.03,1,1,0
2024,35,SP,3502101,Andradina,35006310,60029189,2,3,1,1,1,1.1111111,786.1511403,1,1,0
2024,17,TO,1705102,Chapada da Natividade,17015364,60004165,2,3,1,1,19,1.0,803.58,1,1,0
2024,35,SP,3504107,Atibaia,35033159,60027912,2,3,0,0,7,,,0,,
2024,29,BA,2931350,Teixeira de Freitas,29249445,60017014,2,3,1,1,17,1.0,716.63,0,0,0
2024,31,MG,3143104,Monte Carmelo,31034374,60020948,2,3,0,0,16,,,0,,
2024,27,AL,2704302,Maceió,27013484,60013626,2,3,1,1,18,1.33,661.98,0,0,0
2024,29,BA,2929206,São Francisco do Conde,29232950,60016153,2,3,1,1,6,1.0,677.06,0,0,0
2024,23,CE,2304400,Fortaleza,23037508,60008955,2,3,1,1,1,1.0,756.08,1,1,0
2024,31,MG,3106309,Belo Oriente,31063343,60021265,2,3,1,1,6,1.17,745.61,1,1,0
2024,31,MG,3167509,Simão Pereira,31056235,60018990,2,3,1,1,3,1.08,796.27,1,1,0
2024,35,SP,3523404,Itatiba,35101609,60029592,2,3,1,1,3,1.1666667,759.1647579,1,1,0
2024,17,TO,1702109,Araguaína,17008894,60004114,2,3,1,1,17,1.0,835.26,1,1,0
2024,11,RO,1100023,Ariquemes,11000469,60000071,2,3,1,1,8,1.04,777.02,1,1,0
2024,29,BA,2901155,América Dourada,29006021,60017917,2,3,1,1,20,1.0,664.86,0,0,0
2024,21,MA,2106904,Monção,21018600,60004587,2,3,1,1,14,1.11,637.89,0,0,0
2024,51,MT,5107602,Rondonópolis,51022608,60040522,2,3,1,1,19,1.04,730.01,0,0,0
2024,31,MG,3143302,Montes Claros,31112094,60021780,2,3,1,1,6,1.09,754.84,1,1,0
2024,35,SP,3552403,Sumaré,35215558,60026688,2,2,1,1,5,1.2,796.1046288,1,1,0
2024,25,PB,2504009,Campina Grande,25022948,60010785,2,3,1,1,12,1.08,822.52,1,1,0
2024,41,PR,4104808,Cascavel,41133061,60034241,2,3,1,1,3,1.27,762.12,1,1,0
2024,28,SE,2802908,Itabaiana,28004226,60014529,2,3,1,1,17,1.06,667.3,0,0,0
2024,29,BA,2913705,Inhambupe,29097655,60015643,2,3,1,1,18,1.0,742.62,0,0,0
2024,33,RJ,3300159,Aperibé,33050276,60023177,2,3,1,1,10,1.09,755.62,1,1,0
2024,35,SP,3515004,Embu das Artes,35333129,60031812,2,2,1,1,2,1.2,719.2240826,0,0,0
2024,13,AM,1302603,Manaus,13048622,60000881,2,3,1,1,3,1.26,724.01,0,0,0
2024,27,AL,2708600,São Miguel dos Campos,27029268,60014045,2,3,1,1,8,1.13,804.56,1,1,0
2024,31,MG,3106705,Betim,31178318,60018258,2,3,0,0,5,,,0,,
2024,43,RS,4300604,Alvorada,43002654,60036400,2,3,1,1,3,1.35,729.2673553,0,0,0
2024,26,PE,2611101,Petrolina,26073220,60013163,2,3,1,1,21,1.0,689.59,0,0,0
2024,35,SP,3513801,Diadema,35257374,60030979,2,3,1,1,1,1.1034483,742.8364146,0,0,0
2024,35,SP,3555000,Tupã,35228392,60027331,2,3,1,1,21,1.1111111,714.7770118,0,0,0
2024,42,SC,4209102,Joinville,42050304,60034798,2,3,0,0,10,,,0,,
2024,43,RS,4315503,Restinga Sêca,43007787,60038160,2,3,1,1,2,1.5714286,756.6680596,1,1,0
2024,31,MG,3106200,Belo Horizonte,31090808,60018068,2,3,1,1,19,1.22,736.43,0,0,0
2024,50,MS,5004304,Iguatemi,50027674,60039944,2,3,1,1,7,1.04,682.17,0,0,0
2024,35,SP,3550308,São Paulo,35375463,60026507,2,2,1,1,5,1.05,751.3936349,1,1,0
2024,35,SP,3548500,Santos,35168497,60028118,2,3,1,1,2,1.1176471,741.1542259,0,0,0
2024,41,PR,4127106,Telêmaco Borba,41058662,60034356,2,3,1,1,2,1.4,753.38,1,1,0
2024,23,CE,2304400,Fortaleza,23036425,60008948,2,3,1,1,8,1.12,777.48,1,1,0
2024,43,RS,4309209,Gravataí,43034374,60037284,2,2,1,1,16,1.0434783,797.3854612,1,1,0
2024,31,MG,3102852,Angelândia,31088225,60018459,2,3,1,1,12,1.0,825.77,1,1,0
2024,35,SP,3533403,Nova Odessa,35004137,60029282,2,3,1,1,12,1.1111111,761.3632603,1,1,0
2024,15,PA,1501402,Belém,15088771,60003045,2,3,1,1,17,1.16,742.38,0,0,0
2024,13,AM,1301407,Eirunepé,13008019,60001165,2,3,1,1,12,1.0,733.09,0,0,0
2024,51,MT,5102637,Campo Novo do Parecis,51032883,60040647,2,3,1,1,11,1.13,721.35,0,0,0
2024,29,BA,2927408,Salvador,29216807,60017471,2,3,1,1,9,1.0,725.58,0,0,0
2024,42,SC,4217303,Saudades,42060539,60036156,2,3,1,1,17,1.03,754.41,1,1,0
2024,35,SP,3523602,Itirapina,35171246,60028298,2,3,1,1,15,1.1,803.2574229,1,1,0
2024,41,PR,4106902,Curitiba,41018826,60033577,2,3,0,0,20,,,0,,
2024,31,MG,3112307,Capelinha,31180564,60018458,2,3,0,0,1,,,0,,
2024,42,SC,4215000,Rio Negrinho,42071968,60035667,2,3,1,1,13,1.33,773.0,1,1,0
2024,52,GO,5215702,Palmeiras de Goiás,52045588,60041842,2,3,1,1,5,1.25,834.24,1,1,0
2024,23,CE,2304400,Fortaleza,23040039,60009355,2,3,1,1,15,1.0,798.54,1,1,0
2024,35,SP,3550100,São Manuel,35031770,60028300,2,3,1,1,4,1.0,750.0977591,1,1,0
2024,15,PA,1503077,Garrafão do Norte,15031863,60002439,2,3,1,1,21,1.13,692.74,0,0,0
2024,43,RS,4301305,Arroio Grande,43043188,60036434,2,3,1,1,14,2.0,732.6868208,0,0,0
2024,16,AP,1600535,Porto Grande,16011316,60003723,2,3,1,1,12,1.0,768.5,1,1,0
2024,31,MG,3106705,Betim,31016790,60020717,2,3,1,1,3,1.39,756.18,1,1,0
2024,31,MG,3143302,Montes Claros,31072501,60021997,2,3,1,1,20,1.33,795.22,1,1,0
2024,42,SC,4204608,Criciúma,42028271,60034596,2,3,0,0,10,,,0,,
2024,26,PE,2613305,São Joaquim do Monte,26016478,60012021,2,3,1,1,5,1.0,793.88,1,1,0
2024,43,RS,4312377,Monte Alegre dos Campos,43100909,60039497,2,3,1,1,1,1.2222222,648.9929097,0,0,0
2024,43,RS,4318705,São Leopoldo,43087468,60038611,2,3,0,0,17,,,0,,
2024,52,GO,5217609,Planaltina,52061581,60041393,2,3,1,1,16,1.0,775.2,1,1,0
2024,23,CE,2303709,Caucaia,23043599,60008001,2,3,1,1,5,1.0,806.05,1,1,0
2024,41,PR,4118402,Paranavaí,41080251,60031841,2,3,1,1,10,1.08,706.7,0,0,0
2024,23,CE,2304400,Fortaleza,23063725,60009399,2,3,1,1,18,1.0,823.32,1,1,0
2024,32,ES,3202702,Itaguaçu,32034937,60022520,2,3,0,0,20,,,0,,
2024,35,SP,3516200,Franca,35064904,60030450,2,3,1,1,13,1.125,763.0402515,1,1,0
2024,35,SP,3506607,Biritiba Mirim,35294609,60030001,2,3,1,1,9,1.05,665.5401158,0,0,0
2024,31,MG,3154606,Ribeirão das Neves,31166184,60021919,2,3,1,1,4,1.23,692.97,0,0,0
2024,13,AM,1302603,Manaus,13043628,60001095,2,3,0,0,17,,,0,,
2024,31,MG,3134202,Ituiutaba,31203250,60020420,2,2,1,1,11,1.12,716.74,0,0,0
2024,33,RJ,3303500,Nova Iguaçu,33061871,60024284,2,3,1,1,21,1.06,705.42,0,0,0
2024,51,MT,5106703,Ponte Branca,51003832,60040484,2,3,1,1,9,1.0,816.65,1,1,0
2024,29,BA,2926103,Retirolândia,29185860,60017753,2,3,1,1,19,1.0,681.27,0,0,0
2024,35,SP,3550308,São Paulo,35346760,60027103,2,3,1,1,1,1.0740741,729.170097,0,0,0
2024,41,PR,4108403,Francisco Beltrão,41040777,60032933,2,3,1,1,3,1.11,722.2,0,0,0
2024,31,MG,3167202,Sete Lagoas,31182133,60020527,2,3,1,1,19,1.05,765.47,1,1,0
2024,25,PB,2513703,Santa Rita,25016740,60011113,2,3,0,0,9,,,0,,
2024,32,ES,3203205,Linhares,32026298,60022451,2,3,1,1,15,1.04,720.57,0,0,0
2024,16,AP,1600303,Macapá,16001714,60003697,2,3,1,1,12,1.1,736.11,0,0,0
2024,21,MA,2101400,Balsas,21054855,60006039,2,3,1,1,9,1.25,741.48,0,0,0
2024,27,AL,2704005,Junqueiro,27011728,60013748,2,3,1,1,2,1.14,772.29,1,1,0
2024,13,AM,1301407,Eirunepé,13007627,60000704,2,2,1,1,2,1.21,786.82,1,1,0
2024,13,AM,1302603,Manaus,13049151,60001409,2,3,0,0,12,,,0,,
2024,35,SP,3541505,Presidente Venceslau,35161784,60030946,2,3,1,1,2,1.0416667,837.8810989,1,1,0
2024,31,MG,3120904,Curvelo,31163836,60021014,2,3,1,1,15,1.05,765.23,1,1,0
2024,35,SP,3534401,Osasco,35304106,60029179,2,3,1,1,7,1.1428571,724.8029139,0,0,0
2024,41,PR,4101606,Arapoti,41062402,60032477,2,3,1,1,10,1.32,759.9,1,1,0
2024,31,MG,3168606,Teófilo Otoni,31127884,60019926,2,2,0,0,18,,,0,,
2024,42,SC,4210100,Mafra,42059285,60035035,2,2,1,1,8,1.4,791.31,1,1,0
2024,35,SP,3548500,Santos,35169276,60031296,2,3,1,1,14,1.0666667,802.0724643,1,1,0
2024,42,SC,4204806,Curitibanos,42030633,60035010,2,2,0,0,5,,,0,,
2024,41,PR,4108304,Foz do Iguaçu,41071418,60032802,2,3,1,1,17,1.42,757.94,1,1,0
2024,29,BA,2933604,Xique-Xique,29269406,60014871,2,3,1,1,13,1.0,735.74,0,0,0
2024,31,MG,3171303,Viçosa,31088381,60019715,2,2,0,0,21,,,0,,
2024,35,SP,3548807,São Caetano do Sul,35314641,60027820,2,3,1,1,6,1.1304348,761.5265726,1,1,0
2024,11,RO,1100205,Porto Velho,11003638,60000003,2,3,1,1,19,1.24,678.87,0,0,0
2024,41,PR,4111258,Itaperuçu,41096880,60033630,2,3,1,1,7,1.13,765.98,1,1,0
2024,42,SC,4210506,Maravilha,42059665,60035958,2,3,1,1,1,1.29,776.81,1,1,0
2024,16,AP,1600303,Macapá,16001687,60003697,2,3,1,1,4,1.12,722.72,0,0,0
2024,31,MG,3104007,Araxá,31033181,60020885,2,3,1,1,16,1.05,760.37,1,1,0
2024,31,MG,3144805,Nova Lima,31125069,60018201,2,3,1,1,3,1.0,774.11,1,1,0
2024,35,SP,3515004,Embu das Artes,35331663,60029013,2,3,0,0,10,,,0,,
2024,43,RS,4323002,Viamão,43103069,60039078,2,3,0,0,14,,,0,,
2024,25,PB,2506400,Gurinhém,25008020,60011242,2,3,1,1,14,1.08,819.75,1,1,0
2024,33,RJ,3304557,Rio de Janeiro,33100891,60024467,2,3,1,1,18,1.3,822.05,1,1,0
2024,35,SP,3543402,Ribeirão Preto,35155657,60026393,2,2,1,1,9,1.1111111,839.4312324,1,1,0
2024,35,SP,3536505,Paulínia,35214875,60031208,2,3,1,1,2,1.1578947,666.2492923,0,0,0
2024,33,RJ,3303302,Niterói,33053419,60024262,2,3,1,1,15,1.21,729.89,0,0,0
2024,31,MG,3149309,Pedro Leopoldo,31119388,60020950,2,3,1,1,2,1.05,808.43,1,1,0
2024,29,BA,2912400,Ibipeba,29089233,60014996,2,3,1,1,4,1.0,775.46,1,1,0
2024,33,RJ,3300308,Barra do Piraí,33004278,60023683,2,3,1,1,10,1.12,680.6,0,0,0
2024,51,MT,5107602,Rondonópolis,51022013,60040514,2,3,1,1,8,1.13,751.17,1,1,0
2024,26,PE,2616407,Vitória de Santo Antão,26017322,60012690,2,3,1,1,20,1.06,772.7,1,1,0
2024,31,MG,3140704,Mateus Leme,31111325,60021207,2,3,1,1,4,1.25,775.52,1,1,0
2024,17,TO,1721000,Palmas,17000578,60004041,2,3,1,1,19,1.29,732.84,0,0,0
2024,43,RS,4318705,São Leopoldo,43087084,60036316,2,3,1,1,2,1.3157895,744.2693881,1,1,0
2024,26,PE,2609204,Maraial,26023606,60012204,2,3,1,1,15,1.04,762.08,1,1,0
2024,50,MS,5001102,Aquidauana,50011217,60039618,2,3,1,1,7,1.0,751.43,1,1,0
2024,42,SC,4205407,Florianópolis,42092237,60034383,2,3,1,1,12,1.16,842.01,1,1,0
2024,35,SP,3519071,Hortolândia,35220747,60031125,2,3,1,1,1,1.0416667,759.4815938,1,1,0
2024,35,SP,3550308,São Paulo,35350217,60025801,2,2,1,1,21,1.03125,792.9713112,1,1,0
2024,25,PB,2507507,João Pessoa,25001414,60011039,2,3,0,0,4,,,0,,
2024,26,PE,2611606,Recife,26053469,60012901,2,3,1,1,20,1.21,820.48,1,1,0
2024,15,PA,1505809,Portel,15061796,60003533,2,3,1,1,20,1.0,710.23,0,0,0
2024,35,SP,3550308,São Paulo,35387940,60031731,2,2,1,1,17,1.1785714,633.5760581,0,0,0
2024,35,SP,3550308,São Paulo,35390664,60026662,2,2,1,1,3,1.0833333,688.4585519,0,0,0
2024,52,GO,5204508,Caldas Novas,52043900,60042087,2,3,1,1,5,1.0,778.4,1,1,0
2024,42,SC,4217204,São Miguel do Oeste,42080191,60035879,2,3,1,1,18,1.35,759.96,1,1,0
2024,33,RJ,3303401,Nova Friburgo,33055758,60023444,2,3,1,1,20,1.16,713.1,0,0,0
2024,29,BA,2910800,Feira de Santana,29078479,60017342,2,3,0,0,6,,,0,,
2024,35,SP,3504008,Assis,35015345,60029673,2,3,1,1,21,1.0,684.9742846,0,0,0
2024,31,MG,3103504,Araguari,31199185,60021234,2,3,1,1,20,1.08,700.57,0,0,0
2024,35,SP,3532603,Nhandeara,35232737,60030352,2,3,1,1,1,1.0625,737.3585082,0,0,0
2024,31,MG,3101508,Além Paraíba,31051569,60021374,2,3,1,1,3,1.33,712.79,0,0,0
2024,11,RO,1100130,Machadinho D'Oeste,11019142,60000277,2,3,1,1,18,1.0,754.41,1,1,0
2024,31,MG,3167202,Sete Lagoas,31132500,60019819,2,2,1,1,3,1.25,744.19,1,1,0
2024,35,SP,3550308,São Paulo,35410709,60029207,2,3,1,1,7,1.1923077,760.546439,1,1,0
2024,27,AL,2704302,Maceió,27017170,60013833,2,3,1,1,4,1.21,680.68,0,0,0
2024,23,CE,2313500,Trairi,23021023,60009074,2,3,1,1,14,1.0,836.86,1,1,0
2024,41,PR,4107736,Fernandes Pinheiro,41135162,60033196,2,3,0,0,1,,,0,,
2024,33,RJ,3304557,Rio de Janeiro,33144673,60024527,2,3,1,1,18,1.28,774.78,1,1,0
2024,35,SP,3552502,Suzano,35327104,60027796,2,3,1,1,20,1.1578947,786.9276566,1,1,0
2024,31,MG,3139706,Maravilhas,31012035,60020619,2,3,1,1,1,1.06,749.18,1,1,0
2024,35,SP,3523909,Itu,35082151,60030432,2,3,0,0,16,,,0,,
2024,26,PE,2611606,Recife,26046914,60012684,2,3,1,1,13,1.04,755.8,1,1,0
2024,31,MG,3140001,Mariana,31181565,60021824,2,3,0,0,1,,,0,,
2024,51,MT,5106372,Pedra Preta,51020886,60040498,2,3,1,1,6,1.25,738.54,0,0,0
2024,35,SP,3514403,Dracena,35000307,60028381,2,3,1,1,10,1.0,747.9263108,1,1,0
2024,43,RS,4307906,Farroupilha,43031104,60039166,2,3,1,1,18,1.0869565,742.954191,0,0,0
2024,15,PA,1508407,Xinguara,15087460,60003335,2,3,1,1,13,1.17,765.6,1,1,0
2024,51,MT,5103403,Cuiabá,51040082,60040398,2,3,1,1,9,1.08,727.98,0,0,0
2024,42,SC,4208450,Itapoá,42041312,60034848,2,3,0,0,16,,,0,,
2024,13,AM,1304203,Tefé,13026109,60001488,2,3,1,1,20,1.2,744.24,1,1,0
2024,33,RJ,3305000,São João da Barra,33083448,60023308,2,3,1,1,10,1.44,712.9,0,0,0
2024,27,AL,2700300,Arapiraca,27002392,60013811,2,3,1,1,10,1.0,682.58,0,0,0
2024,16,AP,1600303,Macapá,16004020,60003792,2,3,1,1,11,1.0,837.43,1,1,0
2024,41,PR,4106902,Curitiba,41118348,60034371,2,3,1,1,10,1.17,792.28,1,1,0
2024,31,MG,3113404,Caratinga,31169511,60021017,2,3,1,1,1,1.13,742.25,0,0,0
2024,35,SP,3550308,São Paulo,35408056,60026848,2,3,1,1,15,1.1481481,776.6041502,1,1,0
2024,35,SP,3541406,Presidente Prudente,35150506,60030672,2,3,1,1,5,1.0,831.9015386,1,1,0
2024,32,ES,3204708,São Gabriel da Palha,32032792,60022276,2,3,1,1,18,1.0,770.44,1,1,0
2024,32,ES,3204807,São José do Calçado,32042591,60022881,2,3,1,1,5,1.2,741.76,0,0,0
2024,17,TO,1702109,Araguaína,17008144,60003929,2,3,0,0,21,,,0,,
2024,33,RJ,3304557,Rio de Janeiro,33123640,60025614,2,3,1,1,17,1.12,769.52,1,1,0
2024,13,AM,1302603,Manaus,13050836,60001327,2,3,1,1,12,1.33,743.17,1,1,0
2024,31,MG,3150307,Piedade do Rio Grande,31130523,60018366,2,3,1,1,15,1.0,757.21,1,1,0
2024,33,RJ,3304557,Rio de Janeiro,33114039,60024983,2,3,1,1,8,1.13,731.43,0,0,0
2024,35,SP,3546108,Santa Clara d'Oeste,35093050,60028030,2,3,1,1,17,1.1428571,841.5334348,1,1,0
2024,23,CE,2300101,Abaiara,23004785,60008863,2,3,1,1,13,1.0,777.86,1,1,0
2024,51,MT,5107925,Sorriso,51030034,60040204,2,3,1,1,19,1.12,757.29,1,1,0
2024,29,BA,2927408,Salvador,29195099,60015977,2,3,0,0,3,,,0,,
2024,26,PE,2610707,Paulista,26031494,60012429,2,3,1,1,11,1.28,766.06,1,1,0
2024,15,PA,1505536,Parauapebas,15058520,60002711,2,3,1,1,12,1.36,650.91,0,0,0
2024,25,PB,2504009,Campina Grande,25022934,60010785,2,3,1,1,12,1.08,714.19,0,0,0
2024,26,PE,2611606,Recife,26048216,60013205,2,3,1,1,8,1.0,711.15,0,0,0
2024,43,RS,4309308,Guaíba,43036859,60037331,2,2,1,1,17,1.4285714,716.2462618,0,0,0
2024,42,SC,4204608,Criciúma,42028232,60034596,2,3,1,1,5,1.34,769.22,1,1,0
2024,21,MA,2105005,Humberto de Campos,21015616,60005943,2,3,1,1,19,1.14,744.06,1,1,0
2024,22,PI,2207801,Paulistana,22028201,60006904,2,3,1,1,3,1.09,779.32,1,1,0
2024,42,SC,4205456,Forquilhinha,42029215,60034618,2,3,1,1,14,1.12,709.6,0,0,0
2024,21,MA,2103208,Chapadinha,21068700,60005267,2,3,1,1,5,1.0,762.7,1,1,0
2024,31,MG,3166501,Serra Azul de Minas,31179298,60018447,2,2,1,1,1,1.07,762.02,1,1,0
2024,35,SP,3520509,Indaiatuba,35051958,60029992,2,3,1,1,1,1.09375,781.5392356,1,1,0
2024,24,RN,2403251,Parnamirim,24017511,60010282,2,3,0,0,5,,,0,,
2024,53,DF,5300108,Brasília,53001096,60042358,2,2,1,1,15,1.06,698.49,0,0,0
2024,51,MT,5107800,Santo Antônio de Leverger,51043231,60040406,2,2,1,1,3,1.14,698.94,0,0,0
2024,43,RS,4314902,Porto Alegre,43067395,60038127,2,3,1,1,5,1.2105263,746.1815037,1,1,0
2024,17,TO,1703057,Bandeirantes do Tocantins,17019099,60004119,2,3,1,1,15,1.0,776.69,1,1,0
2024,23,CE,2302800,Canindé,23029392,60007809,2,3,1,1,6,1.0,885.54,1,1,0
2024,31,MG,3109303,Buritis,31014762,60019502,2,3,1,1,20,1.15,765.78,1,1,0
2024,41,PR,4114807,Marialva,41033427,60032071,2,3,0,0,12,,,0,,
2024,23,CE,2302404,Boa Viagem,23057093,60008285,2,3,1,1,1,1.0,835.16,1,1,0
2024,35,SP,3552403,Sumaré,35215939,60027138,2,3,1,1,3,1.0416667,702.7338147,0,0,0
2024,26,PE,2612208,Salgueiro,26055334,60012738,2,3,1,1,2,1.0,689.88,0,0,0
2024,33,RJ,3304557,Rio de Janeiro,33134542,60024775,2,3,1,1,7,1.04,688.55,0,0,0
2024,35,SP,3538709,Piracicaba,35138012,60031193,2,3,1,1,5,1.0740741,813.5417546,1,1,0
2024,25,PB,2513703,Santa Rita,25016761,60011113,2,3,1,1,9,1.52,798.74,1,1,0
2024,33,RJ,3302254,Itatiaia,33072818,60023605,2,3,1,1,6,1.67,749.79,1,1,0
2024,28,SE,2803401,Japoatã,28012441,60014263,2,3,1,1,18,1.0,725.24,0,0,0
2024,29,BA,2933307,Vitória da Conquista,29264714,60016608,2,3,1,1,11,1.0,771.54,1,1,0
2024,35,SP,3550308,São Paulo,35410819,60029656,2,3,1,1,5,1.2,702.3743228,0,0,0
2024,23,CE,2303709,Caucaia,23071407,60008022,2,3,1,1,21,1.05,826.71,1,1,0
2024,35,SP,3550308,São Paulo,35401526,60025785,2,2,1,1,10,1.2727273,844.2767466,1,1,0
2024,29,BA,2927705,Santa Cruz Cabrália,29222660,60017011,2,3,1,1,6,1.0,761.3,1,1,0
2024,31,MG,3118304,Conselheiro Lafaiete,31125188,60021654,2,3,1,1,18,1.0,727.43,0,0,0
2024,11,RO,1100205,Porto Velho,11010416,60000034,2,3,1,1,16,1.24,729.02,0,0,0
2024,31,MG,3170206,Uberlândia,31081885,60022185,2,3,1,1,15,1.44,745.54,1,1,0
2024,43,RS,4318903,São Luiz Gonzaga,43090662,60038674,2,3,1,1,15,1.047619,743.1636337,1,1,0
2024,11,RO,1100304,Vilhena,11022131,60000320,2,3,1,1,21,1.22,721.52,0,0,0
2024,29,BA,2927408,Salvador,29221515,60017943,2,3,0,0,8,,,0,,
2024,26,PE,2611606,Recife,26047452,60012882,2,3,1,1,2,1.06,763.59,1,1,0
2024,41,PR,4113908,Mallet,41039569,60033216,2,3,1,1,11,1.0,755.61,1,1,0
2024,15,PA,1501303,Barcarena,15014133,60001914,2,3,1,1,2,1.03,730.91,0,0,0
2024,42,SC,4202404,Blumenau,42009542,60034704,2,3,1,1,13,1.46,744.45,1,1,0
2024,21,MA,2113009,Vitorino Freire,21044842,60004859,2,3,1,1,14,1.18,771.24,1,1,0
2024,17,TO,1703008,Babaçulândia,17009794,60003946,2,3,1,1,10,1.1,662.74,0,0,0
2024,31,MG,3114501,Carmópolis de Minas,31055717,60021300,2,3,1,1,11,1.06,750.1,1,1,0
2024,13,AM,1302603,Manaus,13039008,60000827,2,3,0,0,1,,,0,,
2024,31,MG,3170206,Uberlândia,31177609,60021287,2,3,1,1,9,1.28,770.58,1,1,0
2024,43,RS,4315131,Pouso Novo,43044386,60038142,2,3,1,1,7,1.0588235,748.9990545,1,1,0
2024,33,RJ,3303302,Niterói,33052691,60024249,2,3,1,1,13,1.1,742.68,0,0,0
2024,35,SP,3541000,Praia Grande,35147863,60031312,2,3,1,1,3,1.037037,771.6826129,1,1,0
2024,35,SP,3550308,São Paulo,35442134,60031756,2,2,0,0,17,,,0,,
2024,32,ES,3201308,Cariacica,32021590,60023123,2,3,1,1,19,1.12,706.81,0,0,0
2024,31,MG,3134301,Itumirim,31153263,60019739,2,3,1,1,13,1.0,794.02,1,1,0
2024,41,PR,4105805,Colombo,41048829,60033447,2,3,0,0,21,,,0,,
2024,28,SE,2800308,Aracaju,28015970,60014506,2,3,1,1,19,1.0,631.12,0,0,0
2024,31,MG,3108008,Bom Sucesso,31053962,60021116,2,3,1,1,1,1.05,810.9,1,1,0
2024,25,PB,2516201,Sousa,25007111,60011193,2,3,1,1,13,1.09,786.05,1,1,0
2024,21,MA,2111300,São Luís,21008053,60004425,2,3,1,1,14,1.0,821.22,1,1,0
2024,35,SP,3525300,Jaú,35096101,60030135,2,3,1,1,21,1.0384615,753.6591048,1,1,0
2024,31,MG,3106200,Belo Horizonte,31005504,60020509,2,3,1,1,18,1.17,833.53,1,1,0
2024,35,SP,3552205,Sorocaba,35212716,60030534,2,3,1,1,7,1.0833333,710.1788085,0,0,0
2024,31,MG,3123858,Entre Folhas,31180531,60021161,2,3,0,0,1,,,0,,
2024,33,RJ,3304557,Rio de Janeiro,33112787,60024690,2,3,1,1,9,1.07,727.95,0,0,0
2024,32,ES,3201605,Conceição da Barra,32028045,60022361,2,3,1,1,3,1.11,794.12,1,1,0
2024,35,SP,3556503,Várzea Paulista,35105082,60030856,2,3,1,1,8,1.0714286,733.4621492,0,0,0
2024,28,SE,2807105,Simão Dias,28014055,60014161,2,2,1,1,15,1.13,696.17,0,0,0
2024,35,SP,3549904,São José dos Campos,35187593,60026172,2,3,1,1,1,1.0,781.5392356,1,1,0
2024,41,PR,4101507,Arapongas,41071716,60034224,2,3,1,1,5,1.09,781.47,1,1,0
2024,52,GO,5211909,Jataí,52041806,60041702,2,3,1,1,21,1.04,792.05,1,1,0
2024,15,PA,1506203,Salinópolis,15066099,60002156,2,3,1,1,16,1.06,684.7,0,0,0
2024,32,ES,3204906,São Mateus,32029540,60022392,2,3,1,1,8,1.2,706.45,0,0,0
2024,52,GO,5210406,Itaberaí,52056434,60041975,2,3,0,0,21,,,0,,
2024,35,SP,3519808,Icém,35181020,60028951,2,3,1,1,21,1.25,754.5120887,1,1,0
2024,21,MA,2100055,Açailândia,21031569,60005958,2,3,1,1,10,1.21,725.57,0,0,0
2024,43,RS,4316600,Sananduva,43073389,60038268,2,2,1,1,2,1.0,787.1449448,1,1,0
2024,13,AM,1302603,Manaus,13036990,60000809,2,3,1,1,21,1.39,755.5,1,1,0
2024,35,SP,3510203,Capão Bonito,35075891,60029459,2,3,1,1,5,1.0,755.4010202,1,1,0
2024,21,MA,2107902,Passagem Franca,21052639,60005452,2,3,1,1,16,1.0,698.48,0,0,0
2024,35,SP,3553302,Tambaú,35177110,60030493,2,3,1,1,14,1.0434783,745.3470587,1,1,0
2024,21,MA,2101400,Balsas,21054121,60005522,2,3,1,1,2,1.04,655.35,0,0,0
2024,27,AL,2709301,União dos Palmares,27031195,60013515,2,3,1,1,21,1.03,793.43,1,1,0
2024,42,SC,4210506,Maravilha,42059956,60035198,2,2,0,0,5,,,0,,
2024,33,RJ,3304557,Rio de Janeiro,33103188,60024463,2,3,0,0,6,,,0,,
2024,17,TO,1712454,Luzinópolis,17017985,60003919,2,3,0,0,14,,,0,,
2024,35,SP,3550308,São Paulo,35430921,60025970,2,2,1,1,2,1.0,723.2217516,0,0,0
2024,27,AL,2700300,Arapiraca,27003241,60013403,2,3,1,1,16,1.0,774.64,1,1,0
2024,35,SP,3551009,São Vicente,35203030,60029996,2,3,1,1,5,1.2,772.6508749,1,1,0
2024,27,AL,2704708,Marechal Deodoro,27018809,60013679,2,3,1,1,14,1.0,701.24,0,0,0
2024,25,PB,2510808,Patos,25029457,60011225,2,3,1,1,20,1.13,727.17,0,0,0
2024,13,AM,1303403,Parintins,13018610,60001012,2,2,1,1,5,1.29,831.61,1,1,0
2024,43,RS,4321600,Tramandaí,43096442,60038903,2,2,1,1,12,1.125,780.730242,1,1,0
2024,51,MT,5107925,Sorriso,51049319,60040205,2,3,1,1,21,1.23,827.23,1,1,0
2024,31,MG,3167608,Simonésia,31025841,60019071,2,2,1,1,6,1.08,779.66,1,1,0
2024,41,PR,4104659,Carambeí,41081498,60032503,2,3,1,1,15,1.09,697.78,0,0,0
2024,31,MG,3170206,Uberlândia,31126169,60021716,2,3,1,1,20,1.24,790.18,1,1,0
2024,41,PR,4112751,Jesuítas,41019570,60032609,2,3,1,1,12,1.18,779.17,1,1,0
2024,31,MG,3167806,Soledade de Minas,31014345,60020212,2,3,1,1,15,1.0,761.66,1,1,0
2024,43,RS,4314902,Porto Alegre,43067175,60038124,2,3,0,0,3,,,0,,
2024,51,MT,5103403,Cuiabá,51036181,60040351,2,3,1,1,2,1.17,781.25,1,1,0
2024,25,PB,2512101,Pombal,25009745,60011219,2,3,1,1,15,1.11,738.23,0,0,0
2024,33,RJ,3300308,Barra do Piraí,33004956,60023692,2,3,1,1,18,1.23,739.52,0,0,0
2024,42,SC,4202404,Blumenau,42009265,60034730,2,2,0,0,17,,,0,,
2024,41,PR,4109401,Guarapuava,41030838,60033065,2,3,1,1,12,1.08,754.86,1,1,0
2024,13,AM,1302603,Manaus,13049951,60001229,2,2,1,1,12,1.17,764.14,1,1,0
2024,42,SC,4209102,Joinville,42047305,60036152,2,3,0,0,17,,,0,,
2024,41,PR,4121703,Reserva,41121667,60032437,2,3,1,1,13,1.06,766.87,1,1,0
2024,21,MA,2112233,Trizidela do Vale,21046010,60005045,2,3,1,1,8,1.04,752.02,1,1,0
2024,42,SC,4201307,Araquari,42004817,60036240,2,3,1,1,4,1.54,735.58,0,0,0
2024,35,SP,3522901,Itapuí,35095277,60030585,2,3,1,1,17,1.1428571,695.7227654,0,0,0
2024,33,RJ,3304904,São Gonçalo,33079953,60025270,2,3,1,1,13,1.24,778.89,1,1,0
2024,29,BA,2903904,Bom Jesus da Lapa,29023280,60017636,2,3,1,1,13,1.0,670.64,0,0,0
2024,43,RS,4307906,Farroupilha,43031161,60039218,2,3,1,1,16,1.1304348,760.8792443,1,1,0
2024,29,BA,2932903,Valença,29258926,60016706,2,3,1,1,15,1.0,708.3,0,0,0
2024,21,MA,2103604,Coroatá,21041899,60006054,2,3,1,1,13,1.18,755.94,1,1,0
2024,33,RJ,3302700,Maricá,33047136,60024223,2,3,1,1,9,1.05,641.46,0,0,0
2024,31,MG,3127701,Governador Valadares,31038146,60018684,2,2,1,1,19,1.13,789.15,1,1,0
2024,15,PA,1505502,Paragominas,15056454,60003175,2,3,1,1,3,1.09,670.0,0,0,0
2024,35,SP,3550308,São Paulo,35392930,60025778,2,2,1,1,8,1.0357143,677.6274851,0,0,0
2024,24,RN,2409407,Pau dos Ferros,24014145,60009660,2,2,0,0,16,,,0,,
2024,35,SP,3550308,São Paulo,35374706,60025861,2,2,0,0,2,,,0,,
2024,35,SP,3530607,Mogi das Cruzes,35296053,60027424,2,3,1,1,1,1.1111111,780.5060082,1,1,0
2024,23,CE,2304400,Fortaleza,23066822,60009459,2,3,1,1,17,1.0,809.49,1,1,0
2024,31,MG,3132206,Itaguara,31005502,60018529,2,3,1,1,20,1.04,787.29,1,1,0
2024,29,BA,2920304,Malhada de Pedras,29148030,60017580,2,3,1,1,15,1.0,812.43,1,1,0
2024,15,PA,1506807,Santarém,15099870,60003192,2,3,0,0,7,,,0,,
2024,43,RS,4323002,Viamão,43105101,60039502,2,3,1,1,6,1.0714286,774.8687538,1,1,0
2024,42,SC,4211900,Palhoça,42064835,60034479,2,3,1,1,18,2.53,766.14,1,1,0
2024,32,ES,3205002,Serra,32001585,60022612,2,3,1,1,18,1.18,774.37,1,1,0
2024,33,RJ,3300456,Belford Roxo,33009359,60024004,2,3,1,1,2,1.53,668.17,0,0,0
2024,32,ES,3200607,Aracruz,32023702,60022413,2,3,1,1,19,1.13,721.84,0,0,0
2024,31,MG,3169307,Três Corações,31111852,60020213,2,3,1,1,8,1.08,809.97,1,1,0
2024,25,PB,2504009,Campina Grande,25023035,60010787,2,3,0,0,19,,,0,,
2024,25,PB,2501351,Assunção,25028010,60011299,2,3,1,1,7,1.0,782.54,1,1,0
2024,35,SP,3518800,Guarulhos,35272084,60026724,2,2,1,1,11,1.0645161,722.9880701,0,0,0
2024,35,SP,3525003,Jandira,35278436,60030266,2,3,1,1,21,1.1363636,709.3061537,0,0,0
2024,32,ES,3202405,Guarapari,32012224,60023090,2,3,1,1,15,1.24,719.13,0,0,0
2024,13,AM,1302603,Manaus,13031095,60001303,2,3,0,0,7,,,0,,
2024,22,PI,2211001,Teresina,22011519,60006943,2,3,1,1,9,1.07,712.19,0,0,0
2024,35,SP,3547809,Santo André,35311581,60026152,2,3,1,1,2,1.0,796.711035,1,1,0
2024,21,MA,2103000,Caxias,21038407,60005385,2,3,1,1,15,1.09,756.4,1,1,0
2024,26,PE,2611606,Recife,26048106,60013139,2,3,1,1,9,1.05,792.62,1,1,0
2024,11,RO,1100304,Vilhena,11018056,60000286,2,3,1,1,15,1.14,798.49,1,1,0
2024,52,GO,5201405,Aparecida de Goiânia,52019410,60041876,2,3,1,1,11,1.16,691.54,0,0,0
2024,52,GO,5221551,Turvelândia,52058871,60041492,2,3,1,1,1,1.0,741.32,0,0,0
2024,35,SP,3502101,Andradina,35006278,60029188,2,3,1,1,18,1.05,740.6117923,0,0,0
2024,31,MG,3156908,Sacramento,31154994,60021921,2,3,1,1,14,1.3,784.55,1,1,0
2024,35,SP,3550308,São Paulo,35403187,60026599,2,2,1,1,11,1.0909091,768.7731504,1,1,0
2024,27,AL,2704302,Maceió,27012933,60013670,2,3,1,1,15,1.19,646.04,0,0,0
2024,21,MA,2101608,Barra do Corda,21049255,60005096,2,3,1,1,9,1.14,706.19,0,0,0
2024,35,SP,3522406,Itapeva,35076603,60029306,2,3,1,1,6,1.24,748.4092124,1,1,0
2024,35,SP,3550308,São Paulo,35353005,60025901,2,2,1,1,17,1.0416667,751.9928332,1,1,0
2024,21,MA,2107506,Paço do Lumiar,21000168,60004304,2,3,1,1,8,1.18,779.35,1,1,0
2024,35,SP,3523107,Itaquaquecetuba,35286265,60028465,2,3,1,1,5,1.03125,697.4677244,0,0,0
2024,29,BA,2925006,Planalto,29174012,60017401,2,3,0,0,11,,,0,,
2024,41,PR,4106902,Curitiba,41114007,60033550,2,3,1,1,11,1.28,767.27,1,1,0
2024,25,PB,2507507,João Pessoa,25005738,60011317,2,3,1,1,5,1.42,751.91,1,1,0
2024,25,PB,2504009,Campina Grande,25022850,60010782,2,3,0,0,19,,,0,,
2024,42,SC,4212908,Pinhalzinho,42060139,60035179,2,2,1,1,2,1.18,768.19,1,1,0
2024,24,RN,2413359,Serra do Mel,24012107,60010332,2,3,0,0,8,,,0,,
2024,35,SP,3552403,Sumaré,35215717,60026688,2,2,1,1,9,1.1481481,770.0584024,1,1,0
2024,26,PE,2600500,Águas Belas,26008216,60012678,2,3,1,1,19,1.03,733.67,0,0,0
2024,29,BA,2915601,Itamaraju,29110412,60016947,2,3,1,1,1,1.0,719.19,0,0,0
2024,35,SP,3550308,São Paulo,35397600,60025767,2,2,1,1,4,1.1428571,764.8683452,1,1,0
2024,41,PR,4106803,Cruz Machado,41067484,60033239,2,3,0,0,8,,,0,,
2024,35,SP,3547403,Santa Rita d'Oeste,35093433,60028093,2,3,1,1,9,1.1176471,776.7768844,1,1,0
2024,31,MG,3118601,Contagem,31107977,60018178,2,2,1,1,19,1.13,771.09,1,1,0
2024,33,RJ,3301702,Duque de Caxias,33028638,60025519,2,3,1,1,14,1.19,755.85,1,1,0
2024,22,PI,2201200,Barras,22003450,60006262,2,3,1,1,3,1.09,677.2,0,0,0
2024,13,AM,1302603,Manaus,13042652,60000923,2,2,1,1,20,1.36,758.11,1,1,0
2024,31,MG,3109501,Cabo Verde,31028912,60021049,2,3,1,1,12,1.0,737.84,0,0,0
2024,33,RJ,3302007,Itaguaí,33034643,60025231,2,3,1,1,9,1.21,761.93,1,1,0
2024,41,PR,4118501,Pato Branco,41007286,60033000,2,3,0,0,13,,,0,,
2024,31,MG,3109303,Buritis,31158281,60019498,2,3,1,1,8,1.3,771.72,1,1,0
2024,43,RS,4305108,Caxias do Sul,43018265,60036889,2,2,1,1,5,1.05,706.2055549,0,0,0
2024,51,MT,5108402,Várzea Grande,51044444,60040426,2,3,1,1,18,1.04,756.9,1,1,0
2024,27,AL,2707701,Rio Largo,27026186,60013702,2,3,1,1,2,1.0,687.01,0,0,0
2024,52,GO,5211206,Itapuranga,52038683,60042048,2,3,1,1,21,1.2,677.87,0,0,0
2024,35,SP,3520426,Ilha Comprida,35121666,60029596,2,3,1,1,20,1.0454545,809.8193958,1,1,0
2024,42,SC,4203006,Caçador,42015658,60035312,2,3,0,0,14,,,0,,
2024,35,SP,3532157,Nantes,35017245,60027455,2,3,1,1,13,1.0,790.0880842,1,1,0
2024,43,RS,4307005,Erechim,43027405,60037103,2,3,1,1,8,1.0,789.4447925,1,1,0
2024,31,MG,3120904,Curvelo,31046052,60021016,2,3,1,1,6,1.19,757.7,1,1,0
2024,32,ES,3205002,Serra,32001715,60022615,2,3,1,1,17,1.5,771.22,1,1,0
2024,15,PA,1504208,Marabá,15042232,60002752,2,3,1,1,17,1.28,741.46,0,0,0
2024,35,SP,3548708,São Bernardo do Campo,35318143,60028513,2,3,1,1,17,1.2272727,825.7840386,1,1,0
2024,50,MS,5002803,Caracol,50026245,60039796,2,3,1,1,8,1.0,722.3,0,0,0
2024,35,SP,3548708,São Bernardo do Campo,35321670,60030188,2,3,1,1,20,1.1428571,745.6899791,1,1,0
2024,43,RS,4314407,Pelotas,43058440,60037881,2,2,1,1,15,1.2105263,764.2549769,1,1,0
2024,29,BA,2930808,Souto Soares,29247041,60017811,2,3,1,1,4,1.0,688.8,0,0,0
2024,29,BA,2919207,Lauro de Freitas,29140205,60017905,2,3,1,1,1,1.0,743.73,1,1,0
2024,50,MS,5003702,Dourados,50020021,60039819,2,3,0,0,3,,,0,,
2024,21,MA,2111102,São João dos Patos,21053256,60005473,2,3,1,1,9,1.04,695.16,0,0,0
2024,29,BA,2927408,Salvador,29195642,60015983,2,3,1,1,13,1.0,716.67,0,0,0
2024,15,PA,1502707,Conceição do Araguaia,15028395,60002808,2,3,1,1,7,1.03,768.42,1,1,0
2024,22,PI,2211001,Teresina,22012635,60007065,2,3,1,1,4,1.05,782.19,1,1,0
2024,53,DF,5300108,Brasília,53020015,60042264,2,2,1,1,10,1.55,769.83,1,1,0
2024,15,PA,1508308,Viseu,15086204,60002509,2,3,1,1,7,1.0,755.37,1,1,0
2024,21,MA,2100600,Amarante do Maranhão,21024724,60004904,2,3,1,1,6,1.03,716.39,0,0,0
2024,35,SP,3534401,Osasco,35306393,60030297,2,3,0,0,9,,,0,,
2024,31,MG,3168200,Tapiraí,31184956,60018586,2,3,0,0,1,,,0,,
2024,43,RS,4304606,Canoas,43105648,60036726,2,3,1,1,17,1.3529412,818.2252247,1,1,0
2024,29,BA,2914604,Irecê,29101901,60015025,2,3,1,1,15,1.0,756.52,1,1,0
2024,42,SC,4208203,Itajaí,42037886,60035250,2,3,1,1,1,1.5,729.06,0,0,0
2024,52,GO,5211503,Itumbiara,52039373,60041518,2,3,1,1,15,1.0,761.44,1,1,0
2024,42,SC,4204509,Corupá,42043936,60035580,2,3,1,1,8,1.32,758.94,1,1,0
2024,21,MA,2111201,São José de Ribamar,21002876,60004353,2,3,1,1,17,1.06,790.51,1,1,0
2024,33,RJ,3302007,Itaguaí,33035831,60023950,2,3,1,1,13,1.14,674.8,0,0,0
2024,15,PA,1502152,Canaã dos Carajás,15023171,60002965,2,3,0,0,8,,,0,,
2024,21,MA,2108306,Penalva,21058024,60004603,2,3,0,0,21,,,0,,
2024,29,BA,2925303,Porto Seguro,29179176,60017435,2,3,1,1,19,1.0,791.91,1,1,0
2024,35,SP,3513108,Cravinhos,35154411,60030398,2,3,1,1,8,1.2272727,782.5896032,1,1,0
2024,29,BA,2917508,Jacobina,29121167,60017655,2,3,1,1,14,1.0,732.14,0,0,0
2024,15,PA,1502954,Eldorado do Carajás,15031193,60002828,2,3,0,0,3,,,0,,
2024,42,SC,4205407,Florianópolis,42092052,60034401,2,3,1,1,1,1.2,802.42,1,1,0
2024,13,AM,1304203,Tefé,13025313,60000727,2,2,1,1,13,1.14,697.14,0,0,0
2024,51,MT,5105259,Lucas do Rio Verde,51025890,60040651,2,3,1,1,17,1.33,769.95,1,1,0
2024,33,RJ,3304557,Rio de Janeiro,33119312,60024657,2,3,1,1,21,1.19,766.19,1,1,0
2024,29,BA,2930105,Senhor do Bonfim,29237762,60014957,2,3,1,1,8,1.0,667.47,0,0,0
2024,33,RJ,3303203,Nilópolis,33051960,60025128,2,3,1,1,3,1.1,792.93,1,1,0
2024,35,SP,3548500,Santos,35167856,60027309,2,3,1,1,18,1.15,757.9226075,1,1,0
2024,16,AP,1600303,Macapá,16001794,60003698,2,3,1,1,21,1.08,756.34,1,1,0
2024,41,PR,4106902,Curitiba,41079542,60033578,2,3,1,1,14,1.25,771.49,1,1,0
2024,29,BA,2927408,Salvador,29945082,60016030,2,3,0,0,2,,,0,,
2024,42,SC,4210100,Mafra,42059367,60035039,2,2,1,1,3,1.03,609.16,0,0,0
2024,22,PI,2206696,Murici dos Portelas,22001498,60006963,2,3,1,1,16,1.0,804.76,1,1,0
2024,27,AL,2700508,Barra de Santo Antônio,27004796,60013609,2,3,1,1,4,1.26,768.02,1,1,0
2024,27,AL,2707107,Piranhas,27024433,60013960,2,3,1,1,8,1.0,704.12,0,0,0
2024,23,CE,2306405,Itapipoca,23066957,60007663,2,3,0,0,18,,,0,,
2024,42,SC,4208203,Itajaí,42038243,60035246,2,3,1,1,11,1.19,710.64,0,0,0
2024,29,BA,2903904,Bom Jesus da Lapa,29022990,60017408,2,3,1,1,2,1.0,718.43,0,0,0
2024,33,RJ,3304557,Rio de Janeiro,33116291,60024801,2,3,1,1,13,1.11,736.11,0,0,0
2024,29,BA,2905701,Camaçari,29033664,60015865,2,3,1,1,9,1.0,661.44,0,0,0
2024,50,MS,5002407,Caarapó,50019258,60039814,2,3,1,1,14,1.0,771.59,1,1,0
2024,42,SC,4216602,São José,42078100,60034462,2,2,1,1,12,1.68,772.87,1,1,0
2024,41,PR,4101200,Antonina,41091404,60033743,2,3,1,1,7,1.5,764.05,1,1,0
2024,35,SP,3549904,São José dos Campos,35186308,60026548,2,2,1,1,19,1.4666667,785.7154726,1,1,0
2024,31,MG,3143302,Montes Claros,31067983,60019158,2,2,1,1,2,1.1,695.94,0,0,0
2024,35,SP,3555406,Ubatuba,35058612,60029529,2,3,1,1,18,1.35,696.4146065,0,0,0
2024,43,RS,4306403,Dois Irmãos,43024177,60037025,2,2,1,1,18,1.0434783,766.1449933,1,1,0
2024,33,RJ,3304557,Rio de Janeiro,33135288,60024720,2,3,1,1,16,1.3,676.24,0,0,0
2024,35,SP,3548708,São Bernardo do Campo,35320840,60030183,2,3,1,1,8,1.35,674.6808497,0,0,0
2024,26,PE,2610707,Paulista,26032796,60013115,2,3,1,1,19,1.0,759.3,1,1,0
2024,51,MT,5103403,Cuiabá,51036651,60040358,2,3,1,1,1,1.12,733.11,0,0,0
2024,41,PR,4125506,São José dos Pinhais,41126630,60033699,2,3,0,0,7,,,0,,
2024,41,PR,4104105,Campo do Tenente,41029104,60033794,2,3,1,1,14,1.22,751.75,1,1,0
2024,31,MG,3135209,Januária,31102533,60021946,2,3,1,1,8,1.43,736.28,0,0,0
2024,33,RJ,3304557,Rio de Janeiro,33125721,60025364,2,3,1,1,21,1.08,764.23,1,1,0
2024,27,AL,2706448,Paripueira,27022564,60013896,2,3,1,1,4,1.0,716.13,0,0,0
2024,12,AC,1200179,Capixaba,12001094,60000459,2,3,1,1,17,1.19,742.34,0,0,0
2024,51,MT,5107941,Tabaporã,51031667,60040809,2,3,1,1,10,1.06,713.73,0,0,0
2024,26,PE,2611101,Petrolina,26079830,60013088,2,3,1,1,19,1.16,771.62,1,1,0
2024,35,SP,3548708,São Bernardo do Campo,35322794,60030342,2,3,1,1,2,1.173913,785.4052255,1,1,0
2024,35,SP,3550308,São Paulo,35393082,60025799,2,2,1,1,21,1.0344828,734.1722627,0,0,0
2024,31,MG,3171204,Vespasiano,31194856,60018322,2,3,1,1,3,1.08,671.9,0,0,0
2024,35,SP,3556453,Vargem Grande Paulista,35195705,60028039,2,3,1,1,14,1.0384615,684.2230477,0,0,0
2024,43,RS,4323804,Xangri-lá,43014312,60036795,2,3,1,1,2,1.1176471,742.8553763,0,0,0
2024,12,AC,1200179,Capixaba,12001183,60000624,2,3,1,1,8,1.23,719.69,0,0,0
2024,43,RS,4314902,Porto Alegre,43060693,60037954,2,2,1,1,14,1.0,695.1869298,0,0,0
2024,41,PR,4104659,Carambeí,41001467,60034001,2,3,1,1,17,1.2,746.27,1,1,0
2024,26,PE,2613008,São Bento do Una,26013147,60012796,2,3,1,1,17,1.08,780.24,1,1,0
2024,35,SP,3550308,São Paulo,35434567,60031540,2,2,1,1,4,1.1481481,654.7517729,0,0,0
2024,26,PE,2612505,Santa Cruz do Capibaribe,26006691,60013100,2,3,1,1,20,1.0,744.43,1,1,0
2024,52,GO,5213103,Mineiros,52056874,60041438,2,3,1,1,1,1.04,787.64,1,1,0
2024,31,MG,3104452,Aricanduva,31028394,60021872,2,3,1,1,3,1.31,761.2,1,1,0
2024,31,MG,3106200,Belo Horizonte,31073497,60018052,2,3,1,1,17,1.05,779.45,1,1,0
2024,12,AC,1200054,Assis Brasil,12000259,60000533,2,3,0,0,21,,,0,,
2024,13,AM,1302702,Manicoré,13015948,60001060,2,3,1,1,6,1.0,762.54,1,1,0
2024,35,SP,3513009,Cotia,35253605,60028700,2,3,1,1,9,1.0952381,751.9716197,1,1,0
2024,43,RS,4314902,Porto Alegre,43063602,60038039,2,2,1,1,11,1.375,711.6005585,0,0,0
2024,35,SP,3525201,Jarinu,35102854,60029784,2,3,1,1,20,1.1363636,726.9959956,0,0,0
2024,35,SP,3513702,Descalvado,35170576,60028148,2,3,1,1,19,1.047619,786.0322942,1,1,0
2024,29,BA,2919553,Luís Eduardo Magalhães,29915706,60017902,2,3,1,1,2,1.0,749.46,1,1,0
2024,22,PI,2211001,Teresina,22010083,60006545,2,3,1,1,17,1.05,777.26,1,1,0
2024,52,GO,5220454,Senador Canedo,52022663,60041893,2,3,1,1,15,1.17,678.05,0,0,0
2024,32,ES,3205200,Vila Velha,32016245,60023054,2,3,1,1,14,1.05,729.24,0,0,0
2024,35,SP,3546801,Santa Isabel,35091830,60029878,2,3,1,1,11,1.1111111,756.8822774,1,1,0
2024,17,TO,1711100,Itaporã do Tocantins,17004462,60004258,2,3,1,1,17,1.2,728.26,0,0,0
2024,31,MG,3144805,Nova Lima,31180237,60018305,2,3,1,1,18,1.06,712.53,0,0,0
2024,42,SC,4209102,Joinville,42049426,60034806,2,3,1,1,9,1.4,736.35,0,0,0
2024,35,SP,3528502,Mairiporã,35246582,60031389,2,3,1,1,13,1.1176471,611.6302876,0,0,0
2024,26,PE,2607901,Jaboatão dos Guararapes,26039894,60012370,2,3,1,1,1,1.05,797.81,1,1,0
2024,41,PR,4113700,Londrina,41116861,60033915,2,3,1,1,11,1.3,735.61,0,0,0
2024,23,CE,2304400,Fortaleza,23080790,60008124,2,3,1,1,12,1.0,748.52,1,1,0
2024,51,MT,5103403,Cuiabá,51035962,60040350,2,3,1,1,12,1.04,748.02,1,1,0
2024,26,PE,2611606,Recife,26046117,60012558,2,3,1,1,21,1.0,748.7,1,1,0
2024,35,SP,3548708,São Bernardo do Campo,35320025,60029410,2,3,1,1,5,1.2173913,831.9015386,1,1,0
2024,35,SP,3523602,Itirapina,35171248,60028298,2,3,1,1,17,1.1,740.1933519,0,0,0
2024,35,SP,3550308,São Paulo,35381807,60031594,2,2,1,1,12,1.1071429,767.7686723,1,1,0
2024,29,BA,2916500,Itapicuru,29115846,60017858,2,3,1,1,20,1.0,771.35,1,1,0
2024,25,PB,2504405,Conceição,25030561,60011300,2,3,1,1,7,1.05,756.14,1,1,0
2024,17,TO,1721000,Palmas,17000708,60004042,2,3,0,0,6,,,0,,
2024,21,MA,2109106,Presidente Dutra,21047535,60005186,2,3,0,0,15,,,0,,
2024,27,AL,2701209,Cacimbinhas,27005708,60013347,2,3,1,1,18,1.0,842.63,1,1,0
2024,35,SP,3509502,Campinas,35041363,60026320,2,2,1,1,13,1.0333333,781.4280521,1,1,0
2024,25,PB,2505105,Cuité,25026110,60010603,2,3,1,1,10,1.18,776.02,1,1,0
2024,43,RS,4317202,Santa Rosa,43078831,60038411,2,3,1,1,6,1.047619,739.6699165,0,0,0
2024,33,RJ,3304557,Rio de Janeiro,33103610,60024968,2,3,1,1,13,1.06,771.62,1,1,0
2024,35,SP,3505708,Barueri,35236563,60029625,2,3,1,1,7,1.25,738.6023635,0,0,0
2024,25,PB,2507507,João Pessoa,25033872,60011064,2,3,0,0,1,,,0,,
2024,31,MG,3165537,Sarzedo,31023639,60021743,2,3,1,1,13,1.19,786.77,1,1,0
2024,25,PB,2501807,Bayeux,25013780,60011207,2,3,0,0,9,,,0,,
2024,29,BA,2913606,Ilhéus,29094333,60016800,2,3,0,0,17,,,0,,
2024,22,PI,2211001,Teresina,22012792,60007104,2,3,1,1,12,1.0,748.35,1,1,0
2024,29,BA,2915809,Itambé,29112208,60017287,2,3,1,1,13,1.0,699.01,0,0,0
2024,21,MA,2110005,Santa Luzia,21021024,60006143,2,3,1,1,21,1.08,685.69,0,0,0
2024,24,RN,2408102,Natal,24002605,60010078,2,3,1,1,14,1.4,683.0,0,0,0
2024,25,PB,2507507,João Pessoa,25000285,60011015,2,3,1,1,1,1.2,635.95,0,0,0
2024,31,MG,3163706,São Lourenço,31041075,60021642,2,3,1,1,9,1.09,723.82,0,0,0
2024,35,SP,3544103,Rio Grande da Serra,35293931,60026105,2,2,1,1,7,1.0625,767.8390672,1,1,0
2024,13,AM,1302603,Manaus,13047729,60001215,2,3,1,1,15,1.41,778.78,1,1,0
2024,35,SP,3526803,Lençóis Paulista,35026564,60029327,2,3,1,1,4,1.0588235,754.4608129,1,1,0
2024,31,MG,3158953,Santana do Paraíso,31118419,60021326,2,3,0,0,6,,,0,,
2024,33,RJ,3304557,Rio de Janeiro,33131523,60025106,2,3,1,1,6,1.13,750.93,1,1,0
2024,43,RS,4300604,Alvorada,43001061,60036374,2,3,1,1,16,1.4,743.6239537,1,1,0
2024,13,AM,1301506,Envira,13057980,60001316,2,3,1,1,9,1.22,664.01,0,0,0
2024,31,MG,3101706,Almenara,31108322,60020522,2,3,1,1,11,1.11,771.06,1,1,0
2024,31,MG,3134707,Jacinto,31161392,60021238,2,3,1,1,17,1.06,777.77,1,1,0
2024,31,MG,3104007,Araxá,31118524,60022047,2,3,1,1,20,1.0,772.45,1,1,0
2024,35,SP,3550308,São Paulo,35376080,60026611,2,2,1,1,6,1.0,786.8654161,1,1,0
2024,41,PR,4101804,Araucária,41069983,60033362,2,3,1,1,17,1.28,616.79,0,0,0
2024,35,SP,3524402,Jacareí,35090398,60029394,2,3,1,1,16,1.25,758.4591633,1,1,0
2024,35,SP,3541406,Presidente Prudente,35148990,60026260,2,3,1,1,21,1.0909091,676.0434731,0,0,0
2024,31,MG,3168002,Taiobeiras,31188015,60021305,2,3,1,1,8,1.08,777.34,1,1,0
2024,33,RJ,3304557,Rio de Janeiro,33101455,60024551,2,3,1,1,16,1.07,771.82,1,1,0
2024,23,CE,2304400,Fortaleza,23088438,60008081,2,3,1,1,8,1.0,728.25,0,0,0
2024,41,PR,4106902,Curitiba,41128216,60033508,2,3,1,1,7,1.35,747.2,1,1,0
2024,35,SP,3525904,Jundiaí,35106790,60028137,2,3,1,1,19,1.0,772.3605124,1,1,0
2024,31,MG,3144102,Muzambinho,31177280,60019624,2,3,1,1,20,1.19,713.98,0,0,0
2024,35,SP,3505708,Barueri,35238089,60031024,2,3,1,1,10,1.1538462,768.6994707,1,1,0
2024,33,RJ,3304557,Rio de Janeiro,33133779,60025618,2,3,1,1,5,1.21,747.5,1,1,0
2024,35,SP,3505500,Barretos,35020242,60029251,2,3,0,0,7,,,0,,
2024,26,PE,2611101,Petrolina,26072713,60013089,2,3,1,1,16,1.04,762.96,1,1,0
2024,43,RS,4323002,Viamão,43105228,60039544,2,3,1,1,19,1.4375,747.9187323,1,1,0
2024,23,CE,2306702,Jaguaretama,23085832,60008558,2,3,1,1,20,1.0,806.82,1,1,0
2024,31,MG,3166709,Serra dos Aimorés,31095873,60019914,2,3,0,0,9,,,0,,
2024,31,MG,3115300,Cataguases,31018937,60019315,2,2,1,1,20,1.04,739.98,0,0,0
2024,42,SC,4212502,Penha,42067458,60035270,2,3,0,0,15,,,0,,
2024,27,AL,2704302,Maceió,27013959,60013995,2,3,1,1,3,1.0,665.08,0,0,0
2024,15,PA,1504208,Marabá,15041959,60002741,2,3,1,1,17,1.15,766.01,1,1,0
2024,31,MG,3168804,Tiradentes,31079243,60021353,2,3,1,1,13,1.07,771.15,1,1,0
2024,53,DF,5300108,Brasília,53017102,60042268,2,2,1,1,1,1.15,735.05,0,0,0
2024,35,SP,3550308,São Paulo,35350283,60025801,2,2,1,1,3,1.0645161,738.9760696,0,0,0
2024,29,BA,2927408,Salvador,29193207,60015960,2,3,1,1,6,1.0,782.66,1,1,0
2024,26,PE,2611101,Petrolina,26073883,60013201,2,3,1,1,13,1.0,764.31,1,1,0
2024,33,RJ,3302502,Magé,33043084,60024201,2,3,0,0,1,,,0,,
2024,31,MG,3106705,Betim,31108128,60020717,2,3,1,1,3,1.39,750.25,1,1,0
2024,35,SP,3547304,Santana de Parnaíba,35309068,60030378,2,3,1,1,3,1.2173913,815.8736744,1,1,0
2024,35,SP,3518800,Guarulhos,35273279,60026026,2,2,1,1,14,1.0333333,831.6440295,1,1,0
2024,26,PE,2611606,Recife,26051042,60012518,2,3,1,1,9,1.11,779.74,1,1,0
2024,31,MG,3155801,Rio Pomba,31099144,60022183,2,3,1,1,4,1.08,681.26,0,0,0
2024,23,CE,2303501,Cascavel,23011827,60007943,2,3,1,1,5,1.06,815.88,1,1,0
2024,11,RO,1101401,Monte Negro,11001737,60000232,2,3,1,1,14,1.12,772.43,1,1,0
2024,42,SC,4215059,Rio Rufino,42074914,60035019,2,3,0,0,2,,,0,,
2024,41,PR,4127700,Toledo,41107930,60032684,2,3,1,1,18,1.04,772.11,1,1,0
2024,43,RS,4320909,Tapejara,43033259,60038817,2,2,1,1,4,1.0952381,738.4535922,0,0,0
2024,29,BA,2918407,Juazeiro,29131496,60014765,2,3,1,1,21,1.0,670.35,0,0,0
2024,35,SP,3541000,Praia Grande,35146415,60029972,2,3,0,0,1,,,0,,
2024,27,AL,2700300,Arapiraca,27002815,60013988,2,3,1,1,11,1.15,760.7,1,1,0
2024,35,SP,3549805,São José do Rio Preto,35185701,60031147,2,3,0,0,6,,,0,,
2024,15,PA,1503903,Juruti,15038837,60001551,2,3,1,1,21,1.0,729.54,0,0,0
2024,31,MG,3113404,Caratinga,31169630,60022092,2,3,1,1,16,1.0,791.01,1,1,0
2024,43,RS,4319901,Sapiranga,43090980,60038717,2,3,0,0,9,,,0,,
2024,31,MG,3156908,Sacramento,31041261,60022066,2,3,1,1,21,1.12,775.29,1,1,0
2024,24,RN,2403707,Felipe Guerra,24012589,60009588,2,3,0,0,18,,,0,,
2024,23,CE,2304285,Eusébio,23004737,60008048,2,3,1,1,2,1.04,831.21,1,1,0
2024,35,SP,3547809,Santo André,35312625,60027318,2,3,1,1,9,1.1428571,798.4823746,1,1,0
2024,35,SP,3550308,São Paulo,35368840,60028853,2,3,1,1,5,1.0714286,746.3906748,1,1,0
2024,23,CE,2312205,Santa Quitéria,23028621,60007636,2,3,1,1,11,1.0,860.42,1,1,0
2024,28,SE,2803005,Itabaianinha,28005148,60014420,2,3,1,1,11,1.15,779.35,1,1,0
2024,35,SP,3550308,São Paulo,35411177,60029810,2,3,1,1,15,1.0769231,828.9904186,1,1,0
2024,33,RJ,3303302,Niterói,33054431,60024263,2,3,0,0,20,,,0,,
2024,53,DF,5300108,Brasília,53013948,60042312,2,2,1,1,12,1.16,729.76,0,0,0
2024,33,RJ,3306107,Valença,33093746,60023713,2,3,1,1,10,1.3,750.15,1,1,0
2024,31,MG,3143302,Montes Claros,31165295,60020874,2,3,1,1,12,1.11,771.41,1,1,0
2024,43,RS,4300604,Alvorada,43001901,60036388,2,3,0,0,10,,,0,,
2024,35,SP,3550308,São Paulo,35422869,60027117,2,3,1,1,1,1.1538462,673.7511591,0,0,0
2024,43,RS,4307708,Esteio,43029915,60037146,2,3,0,0,12,,,0,,
2024,32,ES,3203908,Nova Venécia,32046437,60022266,2,3,1,1,6,1.1,772.93,1,1,0
2024,29,BA,2925501,Prado,29181755,60017338,2,3,1,1,9,1.0,750.83,1,1,0
2024,35,SP,3552205,Sorocaba,35207876,60025905,2,3,1,1,18,1.05,814.2617243,1,1,0
2024,11,RO,1101559,Teixeirópolis,11008324,60000123,2,3,1,1,6,1.15,770.48,1,1,0
2024,13,AM,1302108,Japurá,13012675,60001218,2,3,1,1,20,1.3,756.2,1,1,0
2024,25,PB,2507507,João Pessoa,25005365,60011301,2,3,1,1,10,1.04,759.55,1,1,0
2024,31,MG,3138203,Lavras,31082947,60020488,2,3,1,1,9,1.09,768.02,1,1,0
2024,33,RJ,3304557,Rio de Janeiro,33147217,60024616,2,3,1,1,8,1.12,762.65,1,1,0
2024,35,SP,3516408,Franco da Rocha,35243751,60025982,2,3,0,0,11,,,0,,
2024,26,PE,2611101,Petrolina,26071062,60012723,2,3,1,1,11,1.0,770.07,1,1,0
2024,42,SC,4209102,Joinville,42049493,60034806,2,3,1,1,3,1.33,776.25,1,1,0
2024,43,RS,4316907,Santa Maria,43077812,60039355,2,3,1,1,1,1.2,762.976564,1,1,0
2024,33,RJ,3306305,Volta Redonda,33094905,60023653,2,3,0,0,2,,,0,,
2024,21,MA,2102606,Cândido Mendes,21021837,60006085,2,3,1,1,13,1.11,822.57,1,1,0
2024,25,PB,2507507,João Pessoa,25033986,60011350,2,3,1,1,2,1.22,718.64,0,0,0
2024,25,PB,2511202,Pedras de Fogo,25008857,60011136,2,3,1,1,18,1.04,729.14,0,0,0
2024,15,PA,1501303,Barcarena,15013952,60001903,2,3,1,1,2,1.13,664.23,0,0,0
2024,33,RJ,3302700,Maricá,33047976,60024212,2,3,1,1,6,1.0,785.68,1,1,0
2024,26,PE,2613701,São Lourenço da Mata,26043528,60012581,2,3,1,1,1,1.1,626.44,0,0,0
2024,21,MA,2107506,Paço do Lumiar,21001704,60006226,2,3,1,1,4,1.21,793.01,1,1,0
2024,29,BA,2918407,Juazeiro,29128213,60014732,2,3,1,1,13,1.0,789.98,1,1,0
2024,33,RJ,3304557,Rio de Janeiro,33103487,60024391,2,3,1,1,3,1.27,663.67,0,0,0
2024,26,PE,2611606,Recife,26045822,60012540,2,3,1,1,19,1.05,745.76,1,1,0
2024,41,PR,4128203,União da Vitória,41022111,60033274,2,3,1,1,20,1.21,778.42,1,1,0
2024,23,CE,2305357,Icapuí,23069903,60008467,2,3,1,1,11,1.05,820.89,1,1,0
2024,41,PR,4123303,Santa Cruz de Monte Castelo,41000973,60031855,2,3,1,1,4,1.24,699.3,0,0,0
2024,31,MG,3148004,Patos de Minas,31029333,60021090,2,3,0,0,10,,,0,,
2024,35,SP,3509502,Campinas,35046497,60031600,2,2,1,1,13,1.030303,828.7142278,1,1,0
2024,31,MG,3140001,Mariana,31035072,60020644,2,3,1,1,15,1.1,760.12,1,1,0
2024,13,AM,1303908,São Paulo de Olivença,13022490,60001461,2,3,1,1,13,1.0,739.25,0,0,0
2024,35,SP,3518404,Guaratinguetá,35068710,60028175,2,3,1,1,3,1.25,758.1571708,1,1,0
2024,43,RS,4311304,Lagoa Vermelha,43046063,60037497,2,3,1,1,3,1.3,690.5898618,0,0,0
2024,32,ES,3205002,Serra,32005231,60023021,2,3,1,1,18,1.14,681.17,0,0,0
2024,29,BA,2905701,Camaçari,29035855,60015889,2,3,1,1,11,1.0,769.65,1,1,0
2024,42,SC,4205407,Florianópolis,42091644,60034375,2,2,0,0,8,,,0,,
2024,33,RJ,3301702,Duque de Caxias,33028262,60024072,2,3,0,0,6,,,0,,
2024,33,RJ,3305000,São João da Barra,33083462,60023321,2,3,1,1,15,1.5,700.0,0,0,0
2024,33,RJ,3301306,Casimiro de Abreu,33021892,60025584,2,3,1,1,1,1.42,742.46,0,0,0
2024,35,SP,3548708,São Bernardo do Campo,35322714,60030342,2,3,1,1,3,1.2857143,798.9728473,1,1,0
2024,31,MG,3145208,Nova Serrana,31162502,60022068,2,3,1,1,19,1.07,757.35,1,1,0
2024,29,BA,2910800,Feira de Santana,29075718,60015255,2,3,1,1,3,1.0,691.7,0,0,0
2024,33,RJ,3304557,Rio de Janeiro,33102464,60024395,2,3,1,1,1,1.11,788.85,1,1,0
2024,35,SP,3548708,São Bernardo do Campo,35317747,60028508,2,3,1,1,7,1.1818182,686.0902891,0,0,0
2024,35,SP,3543402,Ribeirão Preto,35156991,60028025,2,3,1,1,8,1.0833333,669.3108845,0,0,0
2024,31,MG,3169604,Tupaciguara,31119799,60020090,2,3,1,1,19,1.13,759.5,1,1,0
2024,12,AC,1200179,Capixaba,12001151,60000624,2,3,0,0,7,,,0,,
2024,21,MA,2110005,Santa Luzia,21020860,60005914,2,3,1,1,8,1.26,774.98,1,1,0
2024,52,GO,5211909,Jataí,52042084,60041997,2,3,1,1,17,1.08,762.07,1,1,0
2024,33,RJ,3300407,Barra Mansa,33098379,60025146,2,3,1,1,2,1.23,742.15,0,0,0
2024,22,PI,2211001,Teresina,22011123,60006563,2,3,1,1,16,1.5,755.67,1,1,0
2024,35,SP,3550308,São Paulo,35343532,60029707,2,3,1,1,10,1.0714286,816.3911028,1,1,0
2024,21,MA,2108207,Pedreiras,21045634,60005729,2,3,1,1,8,1.0,747.79,1,1,0
2024,35,SP,3550308,São Paulo,35412964,60026822,2,3,0,0,11,,,0,,
2024,31,MG,3114303,Carmo do Paranaíba,31149551,60019565,2,3,1,1,4,1.05,787.76,1,1,0
2024,25,PB,2507507,João Pessoa,25004470,60011165,2,3,0,0,11,,,0,,
2024,43,RS,4314902,Porto Alegre,43064758,60038070,2,3,1,1,2,1.1818182,701.3558714,0,0,0
2024,31,MG,3118601,Contagem,31186222,60022044,2,3,1,1,1,1.14,835.17,1,1,0
2024,29,BA,2926608,Ribeira do Pombal,29189005,60017914,2,3,1,1,20,1.0,668.4,0,0,0
2024,41,PR,4109401,Guarapuava,41077024,60034022,2,3,1,1,3,1.11,762.34,1,1,0
2024,21,MA,2100204,Alcântara,21000098,60006169,2,3,1,1,7,1.25,657.19,0,0,0
2024,35,SP,3505708,Barueri,35238270,60031047,2,3,1,1,9,1.1481481,758.7751545,1,1,0
2024,41,PR,4106902,Curitiba,41068960,60033599,2,3,1,1,17,1.45,767.47,1,1,0
2024,31,MG,3146107,Ouro Preto,31110004,60019455,2,3,1,1,14,1.13,758.25,1,1,0
2024,29,BA,2922201,Muniz Ferreira,29157870,60015792,2,3,1,1,4,1.0,665.47,0,0,0
2024,27,AL,2705606,Novo Lino,27020664,60013567,2,3,1,1,3,1.0,688.7,0,0,0
2024,43,RS,4305108,Caxias do Sul,43020593,60036936,2,3,1,1,5,1.1304348,744.2976387,1,1,0
2024,50,MS,5002902,Cassilândia,50032326,60040080,2,3,1,1,17,1.17,714.39,0,0,0
2024,52,GO,5217609,Planaltina,52062625,60041915,2,3,1,1,10,1.14,693.88,0,0,0
2024,33,RJ,3306008,Três Rios,33092967,60023397,2,3,1,1,12,1.0,793.98,1,1,0
2024,52,GO,5208707,Goiânia,52004223,60041198,2,3,1,1,5,1.04,690.58,0,0,0
2024,35,SP,3541000,Praia Grande,35144628,60027371,2,3,1,1,12,1.2,786.7196787,1,1,0
2024,42,SC,4207304,Imbituba,42057674,60035602,2,2,1,1,20,1.14,810.28,1,1,0
2024,22,PI,2203271,Curral Novo do Piauí,22027914,60006928,2,3,1,1,14,1.0,766.11,1,1,0
2024,35,SP,3551702,Sertãozinho,35205115,60026063,2,3,1,1,9,1.2272727,634.8325046,0,0,0
2024,21,MA,2109908,Santa Inês,21019586,60004815,2,3,1,1,17,1.05,721.3,0,0,0
2024,29,BA,2910800,Feira de Santana,29073757,60015233,2,3,1,1,4,1.0,746.51,1,1,0
2024,41,PR,4124103,Santo Antônio da Platina,41111348,60032388,2,3,1,1,20,1.19,671.06,0,0,0
2024,33,RJ,3304557,Rio de Janeiro,33109862,60024405,2,3,1,1,8,1.3,662.05,0,0,0
2024,42,SC,4211900,Palhoça,42065929,60034477,2,3,0,0,10,,,0,,
2024,11,RO,1100304,Vilhena,11018608,60000389,2,3,1,1,9,1.2,725.34,0,0,0
2024,23,CE,2307650,Maracanaú,23011847,60009198,2,3,1,1,8,1.0,804.71,1,1,0
2024,35,SP,3550308,São Paulo,35427884,60026480,2,2,1,1,2,1.125,777.8643564,1,1,0
2024,13,AM,1304062,Tabatinga,13024643,60000691,2,3,1,1,1,1.08,752.79,1,1,0
2024,53,DF,5300108,Brasília,53014861,60042441,2,2,0,0,20,,,0,,
2024,35,SP,3506003,Bauru,35024071,60027343,2,2,1,1,2,1.0322581,783.2295772,1,1,0
2024,31,MG,3106200,Belo Horizonte,31076949,60018061,2,3,1,1,8,1.09,768.53,1,1,0
2024,31,MG,3100609,Água Boa,31200446,60018638,2,2,1,1,13,1.23,721.53,0,0,0
2024,31,MG,3139201,Malacacheta,31143708,60019963,2,3,1,1,19,1.0,769.68,1,1,0
2024,26,PE,2614006,Serrita,26056146,60013081,2,3,1,1,8,1.0,726.28,0,0,0
2024,42,SC,4216602,São José,42077338,60036232,2,3,0,0,10,,,0,,
2024,31,MG,3154804,Rio Acima,31032611,60018218,2,3,1,1,7,1.09,777.88,1,1,0
2024,29,BA,2920205,Malhada,29147762,60016448,2,3,1,1,19,1.0,758.87,1,1,0
2024,15,PA,1503606,Itaituba,15037097,60003615,2,3,1,1,15,1.21,746.1,1,1,0
2024,42,SC,4204608,Criciúma,42027884,60034594,2,3,1,1,7,1.26,738.67,0,0,0
2024,26,PE,2611606,Recife,26047997,60012987,2,3,1,1,20,1.0,744.94,1,1,0
2024,31,MG,3145356,Novo Oriente de Minas,31138543,60019978,2,3,1,1,10,1.0,770.16,1,1,0
2024,26,PE,2611101,Petrolina,26073662,60013191,2,3,1,1,9,1.0,799.33,1,1,0
2024,43,RS,4313409,Novo Hamburgo,43048555,60037617,2,3,1,1,12,1.1666667,683.550819,0,0,0
2024,21,MA,2111300,São Luís,21006423,60004406,2,3,1,1,7,1.09,804.76,1,1,0
2024,15,PA,1504208,Marabá,15043615,60003031,2,3,1,1,19,2.33,751.54,1,1,0
2024,52,GO,5212808,Mara Rosa,52054073,60040906,2,3,1,1,5,1.04,776.03,1,1,0
2024,25,PB,2511905,Pitimbu,25015778,60011143,2,3,1,1,12,1.25,703.18,0,0,0
2024,33,RJ,3304557,Rio de Janeiro,33144526,60024522,2,3,1,1,17,1.07,666.09,0,0,0
2024,35,SP,3550308,São Paulo,35441239,60031596,2,2,1,1,3,1.0666667,713.890376,0,0,0
2024,32,ES,3205002,Serra,32000842,60022994,2,2,1,1,18,1.37,745.85,1,1,0
2024,31,MG,3170206,Uberlândia,31182745,60020807,2,3,1,1,16,1.42,781.26,1,1,0
2024,21,MA,2100055,Açailândia,21031143,60004901,2,3,1,1,19,1.0,772.89,1,1,0
2024,51,MT,5103403,Cuiabá,51041356,60040602,2,3,1,1,6,1.32,734.14,0,0,0
2024,23,CE,2306306,Itapajé,23050335,60007743,2,3,0,0,1,,,0,,
2024,35,SP,3504206,Auriflama,35092278,60028773,2,3,1,1,16,1.0,784.0381853,1,1,0
2024,21,MA,2111607,São Raimundo das Mangabeiras,21056649,60005568,2,3,1,1,9,1.08,753.39,1,1,0
2024,22,PI,2211001,Teresina,22009316,60006526,2,3,1,1,18,1.04,784.24,1,1,0
2024,15,PA,1503200,Igarapé-Açu,15033381,60002244,2,3,1,1,6,1.15,791.4,1,1,0
2024,31,MG,3136207,João Monlevade,31128345,60019401,2,2,1,1,2,1.11,770.14,1,1,0
2024,35,SP,3509502,Campinas,35042436,60026693,2,2,1,1,15,1.0689655,691.8537742,0,0,0
2024,35,SP,3552205,Sorocaba,35213345,60031224,2,3,1,1,3,1.0434783,690.4826196,0,0,0
2024,35,SP,3522505,Itapevi,35279439,60028100,2,3,1,1,9,1.1,808.960709,1,1,0
2024,41,PR,4124103,Santo Antônio da Platina,41115897,60032387,2,3,1,1,9,1.0,819.15,1,1,0
2024,43,RS,4314902,Porto Alegre,43062264,60037999,2,2,1,1,5,1.1818182,770.2438745,1,1,0
2024,52,GO,5218300,Posse,52048682,60041873,2,3,1,1,21,1.0,776.49,1,1,0
2024,41,PR,4126306,Sengés,41073527,60032488,2,3,1,1,8,1.0,744.08,1,1,0
2024,52,GO,5221858,Valparaíso de Goiás,52066744,60041992,2,3,1,1,4,1.07,744.37,1,1,0
2024,31,MG,3143302,Montes Claros,31073957,60019244,2,3,1,1,17,1.0,789.12,1,1,0
2024,50,MS,5007109,Ribas do Rio Pardo,50013514,60040023,2,3,1,1,4,1.0,656.08,0,0,0
2024,31,MG,3169406,Três Pontas,31010360,60020215,2,2,1,1,17,1.05,766.97,1,1,0
2024,53,DF,5300108,Brasília,53023314,60042456,2,2,1,1,19,1.35,722.76,0,0,0
2024,35,SP,3524808,Jales,35092492,60027765,2,3,1,1,12,1.0740741,769.3433955,1,1,0
2024,27,AL,2704302,Maceió,27015280,60014014,2,3,1,1,4,1.09,725.58,0,0,0
2024,35,SP,3547809,Santo André,35310781,60026143,2,3,1,1,7,1.0434783,737.5576552,0,0,0
2024,52,GO,5205497,Cidade Ocidental,52063659,60042002,2,3,1,1,21,1.04,820.51,1,1,0
2024,31,MG,3152204,Porteirinha,31139220,60019260,2,3,1,1,7,1.0,790.59,1,1,0
2024,21,MA,2106508,Matinha,21057479,60004581,2,3,1,1,3,1.04,697.23,0,0,0
2024,35,SP,3522208,Itapecerica da Serra,35276803,60031256,2,3,1,1,18,1.28,698.704822,0,0,0
2024,52,GO,5221908,Varjão,52045883,60041813,2,3,1,1,7,1.0,790.85,1,1,0
2024,33,RJ,3306305,Volta Redonda,33094752,60023652,2,3,1,1,4,1.11,766.95,1,1,0
2024,35,SP,3546702,Santa Gertrudes,35115418,60028311,2,3,1,1,8,1.125,780.3255004,1,1,0
2024,41,PR,4112405,Japurá,41038520,60031926,2,3,1,1,15,1.1,706.09,0,0,0
2024,41,PR,4108403,Francisco Beltrão,41103352,60032929,2,3,1,1,18,1.06,722.61,0,0,0
2024,23,CE,2304103,Crateús,23089740,60008228,2,3,1,1,18,1.05,873.43,1,1,0
2024,51,MT,5103403,Cuiabá,51042084,60040793,2,3,1,1,12,1.2,746.44,1,1,0
2024,31,MG,3106200,Belo Horizonte,31076056,60018115,2,3,0,0,20,,,0,,
2024,26,PE,2613404,São José da Coroa Grande,26024881,60012243,2,3,1,1,9,1.22,756.46,1,1,0
2024,43,RS,4323002,Viamão,43103283,60039083,2,3,1,1,6,1.0357143,793.3999902,1,1,0
2024,28,SE,2803708,Macambira,28003097,60014501,2,3,1,1,2,1.13,613.94,0,0,0
2024,31,MG,3122009,Divino,31167865,60022016,2,3,1,1,7,1.13,783.71,1,1,0
2024,52,GO,5205497,Cidade Ocidental,52063339,60041755,2,3,1,1,6,1.05,711.32,0,0,0
2024,43,RS,4309209,Gravataí,43036011,60037319,2,3,1,1,20,1.1111111,782.1239025,1,1,0
2024,31,MG,3134202,Ituiutaba,31018606,60020429,2,3,1,1,9,1.06,795.44,1,1,0
2024,35,SP,3550308,São Paulo,35407283,60029420,2,3,1,1,9,1.1538462,711.946115,0,0,0
2024,15,PA,1502152,Canaã dos Carajás,15023735,60002717,2,3,0,0,21,,,0,,
2024,35,SP,3522604,Itapira,35123763,60026302,2,2,1,1,4,1.0833333,751.9900161,1,1,0
2024,35,SP,3516200,Franca,35062934,60026371,2,2,1,1,20,1.0344828,718.243481,0,0,0
2024,15,PA,1505064,Novo Repartimento,15051360,60002625,2,3,1,1,9,1.47,717.1,0,0,0
2024,31,MG,3130051,Icaraí de Minas,31088089,60021361,2,3,1,1,19,1.0,798.47,1,1,0
2024,21,MA,2111300,São Luís,21009076,60005634,2,3,1,1,10,1.05,694.78,0,0,0
2024,21,MA,2111300,São Luís,21008120,60004426,2,3,1,1,9,1.11,678.35,0,0,0
2024,35,SP,3543402,Ribeirão Preto,35157477,60028703,2,3,0,0,3,,,0,,
2024,35,SP,3501608,Americana,35003152,60027134,2,3,1,1,17,1.12,747.1044691,1,1,0
2024,29,BA,2927408,Salvador,29207012,60016099,2,3,0,0,11,,,0,,
2024,13,AM,1302702,Manicoré,13015726,60001447,2,3,1,1,9,1.14,760.56,1,1,0
2024,15,PA,1503309,Igarapé-Miri,15033792,60002335,2,3,1,1,15,1.25,751.14,1,1,0
2024,41,PR,4119905,Ponta Grossa,41129621,60032544,2,3,1,1,9,1.33,746.81,1,1,0
2024,41,PR,4113700,Londrina,41101182,60032206,2,3,1,1,15,1.39,764.87,1,1,0
2024,41,PR,4109609,Guaratuba,41067246,60033836,2,3,1,1,19,1.31,734.51,0,0,0
2024,31,MG,3168705,Timóteo,31040196,60020335,2,3,1,1,5,1.05,845.03,1,1,0
2024,42,SC,4212502,Penha,42067615,60036004,2,3,0,0,13,,,0,,
2024,23,CE,2303709,Caucaia,23022799,60007991,2,3,1,1,5,1.0,809.89,1,1,0
2024,26,PE,2615300,Timbaúba,26021484,60012111,2,3,1,1,4,1.0,760.63,1,1,0
2024,42,SC,4201406,Araranguá,42000018,60035963,2,3,1,1,17,1.96,757.49,1,1,0
2024,29,BA,2910727,Eunápolis,29068595,60016923,2,3,1,1,8,1.0,764.17,1,1,0
2024,23,CE,2304400,Fortaleza,23088633,60008066,2,3,1,1,16,1.0,670.65,0,0,0
2024,43,RS,4321006,Tapera,43028417,60038821,2,2,0,0,15,,,0,,
2024,52,GO,5208707,Goiânia,52004906,60041208,2,3,1,1,12,1.39,777.95,1,1,0
2024,35,SP,3541000,Praia Grande,35145644,60027950,2,3,1,1,11,1.1578947,778.4169677,1,1,0
2024,50,MS,5002704,Campo Grande,50005194,60039715,2,3,0,0,5,,,0,,
2024,31,MG,3144300,Nanuque,31151516,60019892,2,2,1,1,7,1.12,757.53,1,1,0
2024,51,MT,5106224,Nova Mutum,51009600,60040624,2,3,1,1,17,1.1,733.38,0,0,0
2024,25,PB,2509404,Mogeiro,25008603,60010870,2,3,1,1,7,1.0,756.45,1,1,0
2024,27,AL,2707701,Rio Largo,27026509,60013705,2,3,1,1,18,1.1,793.47,1,1,0
2024,51,MT,5101605,Barão de Melgaço,51035579,60040712,2,3,1,1,3,1.0,718.15,0,0,0
2024,32,ES,3205309,Vitória,32009931,60023073,2,3,1,1,5,1.04,793.69,1,1,0
2024,53,DF,5300108,Brasília,53024698,60042400,2,2,1,1,14,1.34,765.1,1,1,0
2024,35,SP,3543402,Ribeirão Preto,35155988,60026727,2,2,0,0,18,,,0,,
2024,21,MA,2108306,Penalva,21057746,60004595,2,3,1,1,16,1.0,818.56,1,1,0
2024,35,SP,3550308,São Paulo,35402371,60025794,2,2,1,1,7,1.2,670.7392715,0,0,0
2024,31,MG,3143302,Montes Claros,31177858,60019172,2,2,1,1,13,1.14,785.96,1,1,0
2024,26,PE,2611101,Petrolina,26070720,60011622,2,3,1,1,9,1.07,804.73,1,1,0
2024,35,SP,3550308,São Paulo,35356986,60031617,2,2,1,1,4,1.0666667,741.3193705,0,0,0
2024,27,AL,2702306,Coruripe,27007958,60013740,2,3,1,1,17,1.0,796.8,1,1,0
2024,35,SP,3550308,São Paulo,35390692,60026733,2,2,1,1,13,1.0740741,729.4348283,0,0,0
2024,43,RS,4314407,Pelotas,43057603,60037862,2,3,0,0,12,,,0,,
2024,35,SP,3513801,Diadema,35255705,60027250,2,3,1,1,18,1.1851852,692.9022445,0,0,0
2024,50,MS,5003454,Deodápolis,50019488,60040074,2,3,1,1,1,1.09,789.75,1,1,0
2024,15,PA,1502905,Curuçá,15030168,60002126,2,3,1,1,21,1.25,691.58,0,0,0
2024,35,SP,3535507,Paraguaçu Paulista,35016759,60028530,2,3,1,1,1,1.0416667,783.2034378,1,1,0
2024,31,MG,3106002,Bela Vista de Minas,31080478,60019379,2,3,1,1,1,1.0,790.74,1,1,0
2024,53,DF,5300108,Brasília,53000593,60042484,2,2,1,1,18,1.19,768.7,1,1,0
2024,41,PR,4118006,Paraíso do Norte,41083118,60031835,2,3,1,1,7,1.2,732.49,0,0,0
2024,35,SP,3552809,Taboão da Serra,35335903,60030616,2,3,1,1,14,1.2068966,831.6440295,1,1,0
2024,33,RJ,3301702,Duque de Caxias,33025475,60025166,2,3,0,0,21,,,0,,
2024,41,PR,4108304,Foz do Iguaçu,41122578,60032804,2,3,1,1,17,1.3,870.07,1,1,0
2024,43,RS,4302303,Bom Jesus,43099999,60036533,2,3,1,1,4,1.0869565,761.2468541,1,1,0
2024,52,GO,5217609,Planaltina,52062343,60041889,2,3,1,1,1,1.19,770.76,1,1,0
2024,23,CE,2307650,Maracanaú,23050699,60008158,2,3,1,1,4,1.0,790.8,1,1,0
2024,50,MS,5007109,Ribas do Rio Pardo,50013524,60040023,2,3,1,1,7,1.0,757.75,1,1,0
2024,11,RO,1100205,Porto Velho,11010913,60000224,2,3,1,1,1,1.17,755.97,1,1,0
2024,26,PE,2613701,São Lourenço da Mata,26043651,60012890,2,3,1,1,12,1.0,769.12,1,1,0
2024,41,PR,4126256,Sarandi,41041886,60032113,2,3,1,1,16,1.36,729.42,0,0,0
2024,15,PA,1500107,Abaetetuba,15001255,60002281,2,3,1,1,6,1.0,744.63,1,1,0
2024,43,RS,4305454,Cidreira,43096810,60039271,2,3,1,1,12,1.5833333,658.4265249,0,0,0
2024,29,BA,2904605,Brumado,29026187,60016489,2,3,1,1,8,1.0,762.62,1,1,0
2024,15,PA,1500800,Ananindeua,15009319,60003178,2,3,1,1,10,1.22,766.82,1,1,0
2024,29,BA,2906006,Campo Formoso,29041353,60017578,2,3,1,1,7,1.0,687.21,0,0,0
2024,31,MG,3106200,Belo Horizonte,31018068,60018069,2,3,1,1,12,1.11,717.02,0,0,0
2024,15,PA,1503507,Irituia,15035018,60003310,2,3,0,0,1,,,0,,
2024,32,ES,3205002,Serra,32006944,60023111,2,3,1,1,20,1.37,716.13,0,0,0
2024,35,SP,3550308,São Paulo,35376381,60026701,2,2,0,0,2,,,0,,
2024,26,PE,2612208,Salgueiro,26055100,60011443,2,3,1,1,13,1.04,738.85,0,0,0
2024,43,RS,4307906,Farroupilha,43030386,60037160,2,3,1,1,21,1.0909091,733.9013145,0,0,0
2024,13,AM,1300300,Autazes,13001785,60001124,2,2,1,1,1,1.1,773.24,1,1,0
2024,42,SC,4209102,Joinville,42047862,60035810,2,3,0,0,4,,,0,,
2024,42,SC,4216404,São João do Sul,42000896,60035403,2,3,1,1,18,1.35,842.73,1,1,0
2024,35,SP,3528858,Marapoama,35061328,60028089,2,3,1,1,5,1.0555556,799.3268277,1,1,0
2024,35,SP,3541505,Presidente Venceslau,35161772,60030946,2,3,1,1,4,1.0416667,766.8876762,1,1,0
2024,21,MA,2111300,São Luís,21005793,60004395,2,3,1,1,21,1.19,733.36,0,0,0
2024,35,SP,3552809,Taboão da Serra,35335936,60030616,2,3,1,1,16,1.1290323,709.6377557,0,0,0
2024,42,SC,4202156,Belmonte,42079570,60036108,2,3,1,1,5,1.16,702.47,0,0,0
2024,26,PE,2610004,Palmares,26023896,60012215,2,3,1,1,8,1.11,783.56,1,1,0
2024,35,SP,3550308,São Paulo,35437037,60031811,2,2,1,1,5,1.2307692,800.5661579,1,1,0
2024,33,RJ,3304557,Rio de Janeiro,33129793,60024887,2,3,1,1,3,1.21,750.92,1,1,0
2024,35,SP,3547809,Santo André,35311033,60026145,2,3,1,1,7,1.0,815.354407,1,1,0
2024,35,SP,3513504,Cubatão,35162319,60027060,2,3,0,0,6,,,0,,
2024,22,PI,2207009,Oeiras,22018475,60006816,2,3,1,1,10,1.0,780.71,1,1,0
2024,42,SC,4209300,Lages,42054848,60034963,2,3,1,1,19,1.35,726.77,0,0,0
2024,33,RJ,3304904,São Gonçalo,33080479,60025098,2,3,1,1,6,1.25,784.05,1,1,0
2024,35,SP,3505708,Barueri,35236633,60029625,2,3,1,1,19,1.3157895,762.7074125,1,1,0
2024,52,GO,5201108,Anápolis,52012427,60041753,2,3,1,1,12,1.09,750.38,1,1,0
2024,31,MG,3133006,Itamonte,31040114,60020178,2,3,1,1,14,1.6,713.52,0,0,0
2024,23,CE,2310308,Parambu,23052577,60008361,2,3,1,1,13,1.0,718.54,0,0,0
2024,27,AL,2708006,Santana do Ipanema,27027355,60013288,2,3,1,1,16,1.0,653.86,0,0,0
2024,25,PB,2512200,Prata,25027503,60011308,2,3,1,1,18,1.1,840.6,1,1,0
2024,15,PA,1503804,Jacundá,15038272,60002507,2,3,1,1,2,1.13,749.32,1,1,0
2024,31,MG,3103504,Araguari,31191254,60021422,2,3,1,1,19,1.0,766.68,1,1,0
2024,35,SP,3550308,São Paulo,35406218,60026986,2,3,1,1,13,1.0714286,787.3263606,1,1,0
2024,35,SP,3548807,São Caetano do Sul,35314781,60030462,2,3,1,1,17,1.0869565,703.9418926,0,0,0
2024,13,AM,1303809,São Gabriel da Cachoeira,13022414,60000641,2,2,1,1,17,1.09,734.89,0,0,0
2024,35,SP,3550308,São Paulo,35411511,60029813,2,3,0,0,16,,,0,,
2024,52,GO,5217609,Planaltina,52062752,60042056,2,3,1,1,15,1.04,757.51,1,1,0
2024,41,PR,4119509,Piraquara,41017275,60033669,2,3,1,1,21,1.16,765.09,1,1,0
2024,52,GO,5205109,Catalão,52023864,60041577,2,3,1,1,13,1.35,724.69,0,0,0
2024,33,RJ,3300803,Cachoeiras de Macacu,33016006,60025543,2,3,1,1,2,1.42,743.41,1,1,0
2024,21,MA,2105302,Imperatriz,21028992,60006141,2,3,1,1,18,1.09,768.0,1,1,0
2024,13,AM,1301902,Itacoatiara,13011198,60000959,2,2,1,1,11,1.04,778.1,1,1,0
2024,35,SP,3518800,Guarulhos,35270812,60026004,2,2,1,1,17,1.03125,746.4700206,1,1,0
2024,43,RS,4318309,São Gabriel,43086071,60038562,2,3,1,1,2,1.25,648.8018783,0,0,0
2024,35,SP,3550308,São Paulo,35342413,60027753,2,3,1,1,1,1.0344828,781.8094351,1,1,0
2024,29,BA,2916401,Itapetinga,29113855,60016643,2,3,1,1,6,1.0,686.32,0,0,0
2024,17,TO,1721000,Palmas,17003369,60004221,2,3,0,0,10,,,0,,
2024,23,CE,2311801,Russas,23002940,60008539,2,3,1,1,13,1.11,770.46,1,1,0
2024,27,AL,2700300,Arapiraca,27002754,60013931,2,3,1,1,16,1.0,764.28,1,1,0
2024,33,RJ,3300233,Armação dos Búzios,33011603,60025695,2,3,0,0,13,,,0,,
2024,52,GO,5208707,Goiânia,52005518,60041218,2,3,0,0,8,,,0,,
2024,15,PA,1506203,Salinópolis,15066113,60002160,2,3,1,1,2,1.09,764.52,1,1,0
2024,27,AL,2700300,Arapiraca,27002589,60013828,2,3,1,1,9,1.08,709.86,0,0,0
2024,50,MS,5002704,Campo Grande,50000242,60039661,2,3,1,1,17,1.05,789.93,1,1,0
2024,41,PR,4127106,Telêmaco Borba,41091254,60034277,2,3,1,1,2,1.05,776.07,1,1,0
2024,35,SP,3550308,São Paulo,35372919,60025836,2,2,1,1,17,1.1111111,791.6432308,1,1,0
2024,21,MA,2114007,Zé Doca,21069171,60006208,2,3,1,1,19,1.25,768.4,1,1,0
2024,15,PA,1506807,Santarém,15070211,60001641,2,3,1,1,8,1.24,665.15,0,0,0
2024,33,RJ,3302403,Macaé,33039448,60023348,2,3,0,0,5,,,0,,
2024,33,RJ,3302700,Maricá,33047345,60024232,2,3,0,0,19,,,0,,
2024,41,PR,4104204,Campo Largo,41071815,60033405,2,3,1,1,6,1.36,720.83,0,0,0
2024,31,MG,3125002,Ewbank da Câmara,31060024,60021369,2,3,1,1,7,1.0,747.64,1,1,0
2024,13,AM,1302603,Manaus,13050646,60001354,2,3,1,1,2,1.28,743.88,1,1,0
2024,35,SP,3550308,São Paulo,35395748,60025744,2,2,1,1,17,1.15,789.0750484,1,1,0
2024,29,BA,2911600,Governador Mangabeira,29084201,60015774,2,3,1,1,4,1.0,688.57,0,0,0
2024,31,MG,3131158,Ipaba,31161665,60022097,2,3,1,1,17,1.0,822.94,1,1,0
2024,35,SP,3550308,São Paulo,35376490,60031446,2,2,0,0,5,,,0,,
2024,15,PA,1500107,Abaetetuba,15001306,60003307,2,3,0,0,8,,,0,,
2024,29,BA,2916856,Itatim,29116774,60015295,2,3,1,1,21,1.0,751.55,1,1,0
2024,50,MS,5004007,Glória de Dourados,50023524,60039885,2,3,1,1,13,1.08,777.23,1,1,0
2024,33,RJ,3300456,Belford Roxo,33007831,60025118,2,3,1,1,12,1.38,684.06,0,0,0
2024,35,SP,3525003,Jandira,35277921,60028490,2,3,0,0,2,,,0,,
2024,26,PE,2604106,Caruaru,26003416,60012646,2,3,1,1,18,1.24,776.25,1,1,0
2024,32,ES,3205200,Vila Velha,32045410,60022694,2,3,1,1,11,1.21,759.91,1,1,0
2024,26,PE,2611606,Recife,26045159,60012526,2,3,1,1,18,1.71,786.7,1,1,0
2024,15,PA,1506187,Rondon do Pará,15065380,60002874,2,3,0,0,3,,,0,,
2024,42,SC,4208302,Itapema,42068741,60035293,2,3,1,1,18,2.31,756.1,1,1,0
2024,43,RS,4304606,Canoas,43105273,60036322,2,3,0,0,6,,,0,,
2024,33,RJ,3304557,Rio de Janeiro,33135313,60024720,2,3,1,1,3,1.16,739.18,0,0,0
2024,29,BA,2914604,Irecê,29101506,60015020,2,3,1,1,1,1.0,651.2,0,0,0
2024,31,MG,3170107,Uberaba,31068214,60020822,2,3,1,1,14,1.4,748.36,1,1,0
2024,13,AM,1303403,Parintins,13018473,60001011,2,2,1,1,7,1.0,687.55,0,0,0
2024,31,MG,3148004,Patos de Minas,31190926,60019581,2,2,1,1,19,1.04,779.45,1,1,0
2024,51,MT,5103403,Cuiabá,51036689,60040358,2,3,1,1,20,1.19,689.94,0,0,0
2024,50,MS,5006606,Ponta Porã,50036024,60039988,2,3,1,1,10,1.0,760.85,1,1,0
2024,35,SP,3550308,São Paulo,35397644,60025769,2,2,1,1,17,1.0869565,748.624792,1,1,0
2024,35,SP,3543402,Ribeirão Preto,35158630,60031302,2,2,1,1,5,1.0,813.5417546,1,1,0
2024,31,MG,3159803,Santa Vitória,31104541,60021083,2,3,1,1,18,1.08,695.77,0,0,0
2024,35,SP,3550308,São Paulo,35394080,60025825,2,2,1,1,5,1.0689655,831.9015386,1,1,0
2024,50,MS,5007901,Sidrolândia,50014041,60039729,2,3,1,1,19,1.09,707.43,0,0,0
2024,41,PR,4112108,Jandaia do Sul,41051872,60032170,2,3,1,1,3,1.06,765.3,1,1,0
2024,33,RJ,3304557,Rio de Janeiro,33111038,60024963,2,3,0,0,9,,,0,,
2024,23,CE,2307650,Maracanaú,23005310,60009511,2,3,1,1,19,1.04,754.66,1,1,0
2024,35,SP,3518701,Guarujá,35165949,60029635,2,3,1,1,13,1.2222222,673.2096234,0,0,0
2024,31,MG,3122306,Divinópolis,31156726,60018503,2,2,1,1,6,1.05,651.43,0,0,0
2024,26,PE,2605202,Escada,26015425,60012998,2,3,1,1,14,1.13,736.97,0,0,0
2024,23,CE,2304400,Fortaleza,23006961,60009354,2,3,1,1,6,1.0,766.53,1,1,0
2024,35,SP,3550308,São Paulo,35368201,60027022,2,3,0,0,18,,,0,,
2024,41,PR,4109401,Guarapuava,41054089,60034022,2,3,1,1,16,1.22,736.46,0,0,0
2024,51,MT,5106828,Porto Esperidião,51006237,60040636,2,3,1,1,9,1.0,747.02,1,1,0
2024,43,RS,4318705,São Leopoldo,43088842,60038640,2,3,0,0,19,,,0,,
2024,31,MG,3157807,Santa Luzia,31090580,60018232,2,3,1,1,19,1.09,708.6,0,0,0
2024,35,SP,3548708,São Bernardo do Campo,35320190,60029411,2,3,1,1,16,1.25,741.3051645,0,0,0
2024,35,SP,3549904,São José dos Campos,35190745,60027583,2,3,1,1,1,1.0,705.5895041,0,0,0
2024,24,RN,2412005,São Gonçalo do Amarante,24007344,60010343,2,3,1,1,1,1.12,755.6,1,1,0
2024,52,GO,5218805,Rio Verde,52074943,60041887,2,3,1,1,18,1.04,783.04,1,1,0
2024,35,SP,3550308,São Paulo,35348386,60030798,2,3,1,1,6,1.0714286,824.7398442,1,1,0
2024,22,PI,2210805,Simplício Mendes,22023363,60007022,2,3,1,1,20,1.0,768.1,1,1,0
2024,13,AM,1304237,Tonantins,13026583,60001082,2,3,1,1,17,1.05,736.22,0,0,0
2024,31,MG,3106200,Belo Horizonte,31199899,60021455,2,3,1,1,5,1.12,801.97,1,1,0
2024,35,SP,3534401,Osasco,35304039,60029178,2,3,1,1,10,1.16,782.5185084,1,1,0
2024,27,AL,2702108,Colônia Leopoldina,27007419,60013547,2,3,1,1,4,1.0,765.75,1,1,0
2024,42,SC,4204004,Catanduvas,42045397,60035984,2,3,1,1,5,1.26,770.32,1,1,0
2024,35,SP,3550308,São Paulo,35351335,60026543,2,2,1,1,8,1.125,763.4559403,1,1,0
2024,29,BA,2925931,Quixabeira,29184219,60015121,2,3,1,1,1,1.0,697.42,0,0,0
2024,35,SP,3547809,Santo André,35311638,60026153,2,3,1,1,17,1.1111111,627.2751157,0,0,0
2024,43,RS,4313409,Novo Hamburgo,43050723,60037668,2,3,1,1,18,1.4117647,705.2855983,0,0,0
2024,31,MG,3170107,Uberaba,31094334,60020066,2,3,1,1,20,1.04,762.87,1,1,0
2024,35,SP,3510203,Capão Bonito,35076038,60031197,2,3,1,1,4,1.1304348,705.9327696,0,0,0
2024,26,PE,2607901,Jaboatão dos Guararapes,26038711,60012341,2,3,1,1,10,1.1,781.09,1,1,0
2024,35,SP,3548500,Santos,35167358,60027074,2,3,1,1,18,1.037037,726.1946485,0,0,0
2024,29,BA,2912202,Ibicoara,29088781,60017625,2,3,1,1,19,1.0,729.87,0,0,0
2024,35,SP,3543907,Rio Claro,35114036,60027544,2,3,1,1,16,1.0434783,708.0259934,0,0,0
2024,29,BA,2925501,Prado,29939734,60017876,2,3,1,1,19,1.0,735.49,0,0,0
2024,17,TO,1721000,Palmas,17000709,60004042,2,3,1,1,7,1.38,806.27,1,1,0
2024,35,SP,3530607,Mogi das Cruzes,35297585,60029766,2,3,1,1,2,1.1363636,704.537843,0,0,0
2024,53,DF,5300108,Brasília,53011504,60042314,2,2,0,0,16,,,0,,
2024,17,TO,1702109,Araguaína,17007999,60003929,2,3,1,1,15,1.17,686.36,0,0,0
2024,35,SP,3523107,Itaquaquecetuba,35282500,60031496,2,2,1,1,6,1.2272727,750.752952,1,1,0
2024,11,RO,1100114,Jaru,11005291,60000098,2,3,1,1,10,1.16,759.27,1,1,0
2024,31,MG,3143302,Montes Claros,31114225,60021997,2,3,1,1,16,1.17,770.62,1,1,0
2024,35,SP,3504602,Bady Bassitt,35180368,60030219,2,3,1,1,2,1.173913,771.3671613,1,1,0
2024,35,SP,3503307,Araras,35139899,60026348,2,2,0,0,6,,,0,,
2024,33,RJ,3301702,Duque de Caxias,33024530,60024035,2,3,1,1,2,1.29,738.56,0,0,0
2024,41,PR,4121505,Rebouças,41079724,60033221,2,3,1,1,5,1.17,725.28,0,0,0
2024,43,RS,4304606,Canoas,43105970,60036734,2,3,1,1,7,1.3125,690.9279056,0,0,0
2024,15,PA,1505106,Óbidos,15052317,60003557,2,3,1,1,10,1.07,687.27,0,0,0
2024,15,PA,1506807,Santarém,15074232,60001693,2,3,1,1,7,1.0,745.89,1,1,0
2024,31,MG,3167202,Sete Lagoas,31150943,60019820,2,2,1,1,11,1.04,714.58,0,0,0
2024,22,PI,2209203,Santa Filomena,22026510,60007000,2,3,1,1,9,1.04,781.64,1,1,0
2024,26,PE,2609907,Ouricuri,26061885,60011402,2,3,1,1,19,1.0,733.86,0,0,0
2024,35,SP,3550308,São Paulo,35362889,60029210,2,3,0,0,14,,,0,,
2024,43,RS,4302105,Bento Gonçalves,43006731,60039214,2,2,1,1,16,1.0416667,778.5146275,1,1,0
2024,33,RJ,3304557,Rio de Janeiro,33118110,60024569,2,3,1,1,18,1.17,792.93,1,1,0
2024,42,SC,4211900,Palhoça,42063203,60035754,2,3,1,1,18,2.66,705.43,0,0,0
2024,52,GO,5206206,Cristalina,52029157,60041308,2,3,1,1,11,1.13,610.24,0,0,0
2024,29,BA,2919504,Livramento de Nossa Senhora,29927560,60017031,2,3,1,1,1,1.0,763.89,1,1,0
2024,35,SP,3505203,Bariri,35093986,60030584,2,3,1,1,21,1.0,836.8720391,1,1,0
2024,42,SC,4204202,Chapecó,42021848,60035153,2,2,1,1,11,1.32,763.82,1,1,0
2024,52,GO,5208707,Goiânia,52000975,60041131,2,3,0,0,20,,,0,,
2024,35,SP,3506359,Bertioga,35170098,60028867,2,3,1,1,14,1.2727273,753.7666249,1,1,0
2024,35,SP,3530607,Mogi das Cruzes,35298697,60031159,2,3,0,0,4,,,0,,
2024,42,SC,4219705,Xaxim,42090770,60035980,2,3,0,0,10,,,0,,
2024,43,RS,4304606,Canoas,43107085,60036784,2,3,1,1,8,1.2941176,669.9201294,0,0,0
2024,43,RS,4300109,Agudo,43007108,60036329,2,3,1,1,20,1.1,770.885704,1,1,0
2024,17,TO,1717909,Ponte Alta do Tocantins,17015738,60004139,2,3,1,1,21,1.43,691.34,0,0,0
2024,35,SP,3550308,São Paulo,35362583,60027695,2,3,0,0,13,,,0,,
2024,35,SP,3550308,São Paulo,35424520,60030754,2,3,1,1,13,1.0769231,828.7142278,1,1,0
2024,35,SP,3552205,Sorocaba,35208927,60027126,2,3,1,1,6,1.047619,752.2375622,1,1,0
2024,29,BA,2927408,Salvador,29202689,60016060,2,3,1,1,14,1.0,742.8,0,0,0
2024,52,GO,5201405,Aparecida de Goiânia,52015963,60041076,2,3,1,1,15,1.35,735.57,0,0,0
2024,33,RJ,3304557,Rio de Janeiro,33141221,60024815,2,3,1,1,10,1.08,775.29,1,1,0
2024,51,MT,5106281,Novo São Joaquim,51003652,60040274,2,3,1,1,17,1.0,783.08,1,1,0
2024,21,MA,2103505,Colinas,21051779,60005894,2,3,1,1,14,1.04,676.96,0,0,0
2024,35,SP,3518800,Guarulhos,35271655,60026634,2,2,1,1,14,1.0769231,603.3953103,0,0,0
2024,41,PR,4108304,Foz do Iguaçu,41109137,60032801,2,3,1,1,8,1.17,782.34,1,1,0
2024,15,PA,1508100,Tucuruí,15083383,60002626,2,3,1,1,16,1.17,697.64,0,0,0
2024,21,MA,2111300,São Luís,21008810,60005588,2,3,1,1,15,1.08,663.72,0,0,0
2024,31,MG,3170909,Varzelândia,31059073,60021689,2,3,1,1,20,1.11,750.11,1,1,0
2024,35,SP,3550308,São Paulo,35352604,60025894,2,2,1,1,14,1.0,760.5002065,1,1,0
2024,16,AP,1600303,Macapá,16002385,60003703,2,3,1,1,21,1.04,729.61,0,0,0
2024,27,AL,2701704,Capela,27006943,60014026,2,3,1,1,10,1.0,760.73,1,1,0
2024,35,SP,3550308,São Paulo,35377916,60031767,2,2,1,1,2,1.0952381,796.711035,1,1,0
2024,26,PE,2604106,Caruaru,26003760,60012833,2,3,1,1,13,1.09,736.82,0,0,0
2024,26,PE,2616407,Vitória de Santo Antão,26016554,60012142,2,3,1,1,17,1.0,701.37,0,0,0
2024,35,SP,3512704,Corumbataí,35170414,60028244,2,3,0,0,5,,,0,,
2024,33,RJ,3302007,Itaguaí,33035171,60023939,2,3,1,1,5,1.31,661.53,0,0,0
2024,12,AC,1200401,Rio Branco,12009982,60000480,2,2,1,1,18,1.14,782.54,1,1,0
2024,31,MG,3138401,Leopoldina,31055545,60019329,2,2,1,1,5,1.08,731.41,0,0,0
2024,35,SP,3521002,Iperó,35080475,60027256,2,3,0,0,6,,,0,,
2024,35,SP,3548906,São Carlos,35172061,60026398,2,2,1,1,13,1.03125,773.0392741,1,1,0
2024,35,SP,3550308,São Paulo,35424402,60030640,2,3,1,1,7,1.0344828,697.3166956,0,0,0
2024,31,MG,3106200,Belo Horizonte,31008666,60018115,2,3,1,1,17,1.16,719.98,0,0,0
2024,11,RO,1100023,Ariquemes,11000740,60000075,2,3,1,1,15,1.29,793.29,1,1,0
2024,29,BA,2930709,Simões Filho,29243347,60016161,2,3,0,0,1,,,0,,
2024,53,DF,5300108,Brasília,53020023,60042193,2,2,0,0,12,,,0,,
2024,23,CE,2304400,Fortaleza,23078367,60008093,2,3,1,1,19,1.04,812.5,1,1,0
2024,35,SP,3527108,Lins,35116709,60026428,2,2,1,1,1,1.0869565,774.4156938,1,1,0
2024,41,PR,4107603,Faxinal,41044931,60034113,2,3,1,1,1,1.04,799.36,1,1,0
2024,32,ES,3205002,Serra,32006812,60023089,2,3,1,1,6,1.08,687.26,0,0,0
2024,31,MG,3136306,João Pinheiro,31164073,60020924,2,3,1,1,12,1.06,750.13,1,1,0
2024,35,SP,3552205,Sorocaba,35208612,60026056,2,3,1,1,4,1.1176471,765.4645784,1,1,0
2024,32,ES,3200904,Barra de São Francisco,32031014,60023013,2,3,1,1,1,1.0,713.58,0,0,0
2024,42,SC,4218707,Tubarão,42084789,60034531,2,2,0,0,9,,,0,,
2024,31,MG,3139409,Manhuaçu,31142788,60021660,2,3,1,1,5,1.21,769.57,1,1,0
2024,13,AM,1300300,Autazes,13001524,60001431,2,3,1,1,1,4.62,765.87,1,1,0
2024,29,BA,2907905,Cipó,29053330,60015438,2,3,1,1,17,1.0,748.71,1,1,0
2024,32,ES,3202652,Irupi,32041840,60022814,2,3,1,1,15,1.04,793.62,1,1,0
2024,15,PA,1501402,Belém,15093849,60001974,2,3,1,1,17,1.09,795.86,1,1,0
2024,35,SP,3522307,Itapetininga,35073080,60031570,2,2,1,1,2,1.0869565,837.8810989,1,1,0
2024,42,SC,4210209,Major Gercino,42081917,60036049,2,3,0,0,8,,,0,,
2024,29,BA,2902658,Banzaê,29012082,60017751,2,2,1,1,16,1.0,680.03,0,0,0
2024,42,SC,4209102,Joinville,42046858,60035964,2,3,1,1,16,1.45,789.03,1,1,0
2024,35,SP,3538006,Pindamonhangaba,35131877,60026001,2,3,1,1,7,1.4285714,700.1781369,0,0,0
2024,42,SC,4205407,Florianópolis,42095135,60034416,2,2,1,1,1,1.85,717.99,0,0,0
2024,41,PR,4106902,Curitiba,41088889,60033591,2,3,1,1,5,1.11,737.87,0,0,0
2024,32,ES,3201209,Cachoeiro de Itapemirim,32036976,60022855,2,3,1,1,20,1.27,787.67,1,1,0
2024,35,SP,3543907,Rio Claro,35114175,60027699,2,3,1,1,13,1.1111111,668.2263769,0,0,0
2024,42,SC,4216602,São José,42077237,60036119,2,3,1,1,1,1.35,776.31,1,1,0
2024,16,AP,1600303,Macapá,16005733,60003854,2,3,0,0,15,,,0,,
2024,51,MT,5103403,Cuiabá,51042069,60040793,2,3,1,1,1,1.16,766.28,1,1,0
2024,35,SP,3522307,Itapetininga,35072280,60028605,2,3,1,1,4,1.08,734.8273165,0,0,0
2024,33,RJ,3306305,Volta Redonda,33096761,60023661,2,3,1,1,7,1.12,778.18,1,1,0
2024,23,CE,2312304,São Benedito,23010977,60009444,2,3,1,1,14,1.0,824.19,1,1,0
2024,12,AC,1200435,Santa Rosa do Purus,12004724,60000599,2,3,1,1,19,1.3,656.43,0,0,0
2024,15,PA,1506807,Santarém,15073609,60001644,2,3,1,1,11,1.18,676.83,0,0,0
2024,42,SC,4215802,São Bento do Sul,42073725,60036243,2,3,1,1,14,1.35,772.7,1,1,0
2024,42,SC,4211900,Palhoça,42064642,60034480,2,3,0,0,3,,,0,,
2024,27,AL,2704302,Maceió,27000887,60013650,2,2,1,1,18,1.11,653.91,0,0,0
2024,52,GO,5221403,Trindade,52033572,60041263,2,3,1,1,12,1.0,722.22,0,0,0
2024,31,MG,3105103,Bambuí,31128230,60018480,2,3,1,1,18,1.05,840.87,1,1,0
2024,31,MG,3128204,Guaraciaba,31176749,60019677,2,2,1,1,18,1.04,675.33,0,0,0
2024,33,RJ,3300100,Angra dos Reis,33000878,60023735,2,3,1,1,8,1.1,738.13,0,0,0
2024,13,AM,1302405,Lábrea,13013656,60001412,2,3,1,1,7,1.08,746.03,1,1,0
2024,35,SP,3516200,Franca,35063411,60026653,2,2,0,0,9,,,0,,
2024,33,RJ,3302205,Itaperuna,33036815,60023156,2,3,1,1,12,1.0,772.08,1,1,0
2024,26,PE,2608800,Lajedo,26012503,60013023,2,3,1,1,16,1.04,775.79,1,1,0
2024,35,SP,3550308,São Paulo,35424967,60030775,2,3,1,1,1,1.2,711.8704867,0,0,0
2024,26,PE,2602803,Buíque,26064147,60011659,2,3,1,1,2,1.06,724.55,0,0,0
2024,13,AM,1303536,Presidente Figueiredo,13020414,60000942,2,3,0,0,15,,,0,,
2024,22,PI,2201309,Barreiras do Piauí,22032360,60006980,2,3,1,1,18,1.07,713.36,0,0,0
2024,29,BA,2927408,Salvador,29196746,60015994,2,3,1,1,18,1.0,687.99,0,0,0
2024,29,BA,2900355,Adustina,29001213,60015426,2,3,1,1,7,1.0,708.47,0,0,0
2024,43,RS,4315503,Restinga Sêca,43007858,60038162,2,2,0,0,17,,,0,,
2024,15,PA,1504802,Monte Alegre,15048785,60003324,2,3,1,1,9,1.0,632.19,0,0,0
2024,27,AL,2704302,Maceió,27017173,60013833,2,3,1,1,7,1.21,811.69,1,1,0
2024,43,RS,4318002,São Borja,43083588,60038512,2,2,1,1,13,1.1111111,725.968448,0,0,0
2024,31,MG,3139607,Mantena,31187005,60018701,2,3,0,0,4,,,0,,
2024,35,SP,3549904,São José dos Campos,35186423,60026595,2,2,1,1,5,1.0344828,831.9015386,1,1,0
2024,15,PA,1503457,Ipixuna do Pará,15034523,60003376,2,3,1,1,20,1.24,747.1,1,1,0
2024,35,SP,3550308,São Paulo,35385223,60030612,2,2,1,1,20,1.0714286,710.515384,0,0,0
2024,51,MT,5108402,Várzea Grande,51044369,60040424,2,3,1,1,13,1.07,696.2,0,0,0
2024,35,SP,3547809,Santo André,35311185,60026147,2,3,1,1,9,1.0909091,701.468653,0,0,0
2024,35,SP,3550308,São Paulo,35422704,60027055,2,3,1,1,14,1.0689655,796.4010615,1,1,0
2024,29,BA,2907400,Catolândia,29051283,60014626,2,3,1,1,7,1.0,702.64,0,0,0
2024,41,PR,4117503,Paiçandu,41055737,60032111,2,3,1,1,6,1.04,780.84,1,1,0
2024,33,RJ,3300704,Cabo Frio,33010203,60023517,2,3,0,0,19,,,0,,
2024,52,GO,5221403,Trindade,52033622,60041265,2,3,1,1,12,1.09,822.33,1,1,0
2024,31,MG,3108008,Bom Sucesso,31053784,60021116,2,3,1,1,3,1.05,717.54,0,0,0
2024,29,BA,2905701,Camaçari,29033318,60015862,2,3,1,1,16,1.0,648.49,0,0,0
2024,35,SP,3510609,Carapicuíba,35251032,60031704,2,2,1,1,20,1.0,717.5420697,0,0,0
2024,35,SP,3550308,São Paulo,35382509,60031672,2,2,1,1,2,1.0714286,729.4648762,0,0,0
2024,16,AP,1600303,Macapá,16003935,60003791,2,3,1,1,3,1.0,677.37,0,0,0
2024,31,MG,3162906,São João Nepomuceno,31067181,60018988,2,3,1,1,18,1.1,795.62,1,1,0
2024,15,PA,1502400,Castanhal,15027535,60002985,2,3,1,1,4,1.15,753.21,1,1,0
2024,35,SP,3502507,Aparecida,35067303,60030571,2,3,1,1,17,1.05,738.141833,0,0,0
2024,31,MG,3168903,Tiros,31028826,60019597,2,3,1,1,15,1.13,729.93,0,0,0
2024,33,RJ,3306305,Volta Redonda,33096723,60023659,2,3,1,1,16,1.19,750.38,1,1,0
2024,33,RJ,3304557,Rio de Janeiro,33137157,60025416,2,3,1,1,13,1.17,732.5,0,0,0
2024,51,MT,5103403,Cuiabá,51037205,60040365,2,3,1,1,12,1.13,753.83,1,1,0
2024,24,RN,2404200,Goianinha,24018429,60010140,2,3,1,1,4,1.19,696.12,0,0,0
2024,28,SE,2800670,Boquim,28007598,60014405,2,3,1,1,16,1.12,747.15,1,1,0
2024,16,AP,1600535,Porto Grande,16011500,60003834,2,3,1,1,12,1.1,749.84,1,1,0
2024,15,PA,1502152,Canaã dos Carajás,15023002,60003300,2,3,1,1,17,1.16,739.55,0,0,0
2024,17,TO,1721000,Palmas,17002091,60004134,2,3,1,1,13,1.63,786.99,1,1,0
2024,21,MA,2107100,Morros,21016136,60005831,2,3,1,1,3,1.07,756.8,1,1,0
2024,27,AL,2704708,Marechal Deodoro,27018836,60013680,2,3,1,1,9,1.24,677.58,0,0,0
2024,31,MG,3132602,Itamarati de Minas,31033266,60019328,2,3,1,1,16,1.05,770.67,1,1,0
2024,35,SP,3545001,Salesópolis,35294906,60030236,2,3,1,1,21,1.0,754.6445814,1,1,0
2024,31,MG,3169901,Ubá,31079788,60021467,2,3,1,1,15,1.05,765.25,1,1,0
2024,21,MA,2103406,Coelho Neto,21039329,60005338,2,3,1,1,12,1.1,755.2,1,1,0
2024,50,MS,5002704,Campo Grande,50038935,60039696,2,3,1,1,2,1.15,768.32,1,1,0
2024,25,PB,2508208,Lagoa de Dentro,25019598,60011266,2,3,1,1,11,1.04,686.68,0,0,0
2024,15,PA,1508035,Tracuateua,15082387,60002481,2,3,0,0,19,,,0,,
2024,33,RJ,3304557,Rio de Janeiro,33130127,60024901,2,3,1,1,19,1.15,736.46,0,0,0
2024,25,PB,2507507,João Pessoa,25000995,60011033,2,3,1,1,8,1.0,732.11,0,0,0
2024,13,AM,1302603,Manaus,13052988,60001517,2,3,0,0,18,,,0,,
2024,23,CE,2313807,Uruburetama,23059419,60007770,2,3,1,1,21,1.0,786.69,1,1,0
2024,53,DF,5300108,Brasília,53016252,60042445,2,2,1,1,6,1.36,756.85,1,1,0
2024,35,SP,3556453,Vargem Grande Paulista,35195737,60029017,2,3,1,1,6,1.0,766.8614137,1,1,0
2024,26,PE,2611606,Recife,26049443,60012476,2,3,1,1,4,1.0,771.91,1,1,0
2024,41,PR,4118402,Paranavaí,41023245,60034028,2,3,1,1,6,1.17,716.4,0,0,0
2024,35,SP,3527108,Lins,35116547,60026424,2,2,1,1,2,1.0322581,785.4052255,1,1,0
2024,31,MG,3143302,Montes Claros,31076522,60021780,2,3,1,1,7,1.09,725.73,0,0,0
2024,33,RJ,3304557,Rio de Janeiro,33124218,60024878,2,3,1,1,12,1.22,772.49,1,1,0
2024,42,SC,4216008,São Carlos,42066908,60035174,2,2,1,1,10,1.1,758.49,1,1,0
2024,35,SP,3557303,Estiva Gerbi,35127674,60030718,2,3,0,0,3,,,0,,
2024,31,MG,3143708,Morro do Pilar,31178746,60021420,2,3,1,1,17,1.0,812.28,1,1,0
2024,11,RO,1101492,São Francisco do Guaporé,11016893,60000268,2,3,1,1,6,1.22,699.64,0,0,0
2024,23,CE,2307650,Maracanaú,23013882,60008152,2,3,1,1,4,1.0,797.38,1,1,0
2024,29,BA,2927408,Salvador,29201056,60016041,2,3,1,1,1,1.0,692.05,0,0,0
2024,28,SE,2804409,Neópolis,28008584,60014218,2,2,1,1,6,1.09,753.93,1,1,0
2024,33,RJ,3306305,Volta Redonda,33096756,60023661,2,3,1,1,2,1.12,778.63,1,1,0
2024,35,SP,3527207,Lorena,35069995,60028706,2,3,1,1,2,1.3333333,782.7087238,1,1,0
2024,33,RJ,3300100,Angra dos Reis,33001361,60023716,2,3,1,1,1,1.05,755.58,1,1,0
2024,29,BA,2927408,Salvador,29202902,60016062,2,3,0,0,12,,,0,,
2024,15,PA,1500602,Altamira,15004493,60003537,2,3,1,1,9,1.22,755.75,1,1,0
2024,53,DF,5300108,Brasília,53009458,60042392,2,2,1,1,12,1.16,673.93,0,0,0
2024,13,AM,1302603,Manaus,13032984,60000857,2,3,1,1,7,1.42,698.97,0,0,0
2024,31,MG,3170107,Uberaba,31046753,60020071,2,3,1,1,6,1.2,794.84,1,1,0
2024,25,PB,2510808,Patos,25029010,60010463,2,3,1,1,11,1.06,814.1,1,1,0
2024,35,SP,3543402,Ribeirão Preto,35156249,60027193,2,3,1,1,7,1.0434783,737.8149762,0,0,0
2024,29,BA,2906808,Cansanção,29045658,60015371,2,3,1,1,20,1.0,654.55,0,0,0
2024,11,RO,1100205,Porto Velho,11021683,60000030,2,3,1,1,12,1.1,756.76,1,1,0
2024,35,SP,3548906,São Carlos,35172525,60027417,2,3,1,1,15,1.1363636,781.5891614,1,1,0
2024,35,SP,3507605,Bragança Paulista,35034696,60028056,2,3,1,1,7,1.0869565,708.1196512,0,0,0
2024,27,AL,2704708,Marechal Deodoro,27018806,60013679,2,3,1,1,11,1.0,758.06,1,1,0
2024,35,SP,3501707,Américo Brasiliense,35011210,60028898,2,3,1,1,4,1.0869565,808.889965,1,1,0
2024,35,SP,3503307,Araras,35139796,60026346,2,2,1,1,7,1.0,815.354407,1,1,0
2024,21,MA,2105401,Itapecuru Mirim,21011928,60004693,2,3,1,1,18,1.0,739.26,0,0,0
2024,35,SP,3534203,Orindiúva,35181391,60026012,2,3,1,1,6,1.0769231,754.2164972,1,1,0
2024,52,GO,5210208,Iporá,52037934,60041045,2,3,1,1,7,1.0,845.55,1,1,0
2024,35,SP,3550308,São Paulo,35360011,60030723,2,3,1,1,17,1.2608696,685.5157208,0,0,0
2024,41,PR,4127965,Turvo,41025466,60033128,2,3,1,1,1,1.13,757.23,1,1,0
2024,26,PE,2600104,Afogados da Ingazeira,26056799,60013057,2,3,1,1,1,1.0,667.3,0,0,0
2024,41,PR,4107652,Fazenda Rio Grande,41016859,60033623,2,3,1,1,4,1.16,747.04,1,1,0
2024,42,SC,4203204,Camboriú,42017853,60036220,2,3,0,0,9,,,0,,
2024,35,SP,3542206,Rancharia,35227936,60029198,2,3,1,1,7,1.1428571,720.2008817,0,0,0
2024,33,RJ,3302403,Macaé,33040483,60025653,2,3,1,1,13,1.53,651.54,0,0,0
2024,29,BA,2927408,Salvador,29217271,60017528,2,3,1,1,4,1.0,723.36,0,0,0
2024,42,SC,4207684,Ipuaçu,42088949,60035473,2,2,0,0,18,,,0,,
2024,15,PA,1501402,Belém,15091835,60002007,2,2,1,1,19,1.17,791.03,1,1,0
2024,27,AL,2708600,São Miguel dos Campos,27028948,60013758,2,3,1,1,9,1.04,844.46,1,1,0
2024,35,SP,3550407,São Pedro,35135021,60028925,2,3,1,1,13,1.1904762,744.5063604,1,1,0
2024,28,SE,2804508,Nossa Senhora da Glória,28009187,60014069,2,3,1,1,14,1.13,756.13,1,1,0
2024,15,PA,1500701,Anajás,15006581,60003288,2,3,1,1,13,1.32,743.6,1,1,0
2024,35,SP,3553500,Tapiraí,35231056,60028803,2,3,1,1,15,1.0,648.32898,0,0,0
2024,31,MG,3100302,Abre Campo,31168583,60019662,2,2,1,1,14,1.57,789.28,1,1,0
2024,26,PE,2611606,Recife,26047107,60012788,2,3,1,1,11,1.11,752.94,1,1,0
2024,16,AP,1600253,Itaubal,16001348,60003775,2,3,1,1,18,1.0,694.43,0,0,0
2024,42,SC,4216602,São José,42076513,60034468,2,2,1,1,14,2.23,765.66,1,1,0
2024,52,GO,5219753,Santo Antônio do Descoberto,52071210,60041409,2,3,0,0,14,,,0,,
2024,26,PE,2602803,Buíque,26064076,60011657,2,3,1,1,19,1.04,744.25,1,1,0
2024,31,MG,3141603,Mercês,31159377,60018362,2,3,1,1,5,1.13,749.61,1,1,0
2024,23,CE,2305001,Guaraciaba do Norte,23056052,60007383,2,3,1,1,5,1.0,815.57,1,1,0
2024,33,RJ,3303807,Paraty,33066233,60023750,2,3,1,1,12,1.24,746.22,1,1,0
2024,41,PR,4101804,Araucária,41054418,60033375,2,3,1,1,7,1.09,634.43,0,0,0
2024,31,MG,3106200,Belo Horizonte,31191906,60017989,2,2,1,1,6,1.0,764.95,1,1,0
2024,31,MG,3132404,Itajubá,31004052,60018790,2,3,1,1,17,1.0,705.09,0,0,0
2024,26,PE,2609303,Mirandiba,26054710,60012745,2,3,1,1,15,1.03,776.86,1,1,0
2024,35,SP,3502903,Araçoiaba da Serra,35228961,60029099,2,3,1,1,14,1.0909091,742.6166784,0,0,0
2024,31,MG,3151800,Poços de Caldas,31018798,60019652,2,3,1,1,11,1.0,774.78,1,1,0
2024,26,PE,2615003,Taquaritinga do Norte,26007373,60012740,2,3,1,1,17,1.09,782.39,1,1,0
2024,35,SP,3514205,Dolcinópolis,35092322,60029515,2,3,1,1,14,1.0,602.7598712,0,0,0
2024,29,BA,2910800,Feira de Santana,29081010,60017863,2,3,1,1,11,1.0,685.62,0,0,0
2024,50,MS,5005681,Mundo Novo,50040059,60039896,2,3,1,1,20,1.06,647.37,0,0,0
2024,31,MG,3118809,Coração de Jesus,31046497,60019127,2,2,1,1,7,1.04,808.5,1,1,0
2024,31,MG,3130101,Igarapé,31057822,60020770,2,3,1,1,5,1.24,757.09,1,1,0
2024,27,AL,2707305,Porto Calvo,27025110,60013954,2,3,1,1,16,1.0,736.94,0,0,0
2024,43,RS,4300604,Alvorada,43000717,60036369,2,3,1,1,9,1.25,735.8818183,0,0,0
2024,52,GO,5208806,Goianira,52036695,60042117,2,3,1,1,18,1.04,792.9,1,1,0
2024,41,PR,4124509,Santo Inácio,41013596,60032040,2,3,1,1,1,1.0,768.46,1,1,0
2024,13,AM,1302603,Manaus,13038096,60001147,2,3,1,1,10,1.41,766.1,1,1,0
2024,35,SP,3530607,Mogi das Cruzes,35299438,60031268,2,3,1,1,10,1.24,712.5415664,0,0,0
2024,17,TO,1714880,Nova Olinda,17010445,60003959,2,3,1,1,13,1.03,769.77,1,1,0
2024,53,DF,5300108,Brasília,53021671,60042411,2,2,1,1,19,1.0,715.48,0,0,0
2024,23,CE,2310951,Pires Ferreira,23060815,60007602,2,3,1,1,7,1.0,884.22,1,1,0
2024,35,SP,3548500,Santos,35169161,60030867,2,3,1,1,5,1.0833333,721.6927221,0,0,0
2024,33,RJ,3301702,Duque de Caxias,33026472,60024080,2,3,1,1,4,1.14,734.7,0,0,0
2024,52,GO,5208707,Goiânia,52008809,60042023,2,3,1,1,13,1.22,772.79,1,1,0
2024,35,SP,3510609,Carapicuíba,35248682,60026603,2,2,1,1,8,1.0714286,746.45029,1,1,0
2024,33,RJ,3304904,São Gonçalo,33080408,60025631,2,3,1,1,8,1.18,684.65,0,0,0
2024,21,MA,2100055,Açailândia,21031064,60004898,2,3,1,1,15,1.08,731.07,0,0,0
2024,13,AM,1302603,Manaus,13032151,60001538,2,3,1,1,4,1.38,751.56,1,1,0
2024,41,PR,4105508,Cianorte,41105959,60034050,2,3,1,1,2,1.19,764.68,1,1,0
2024,22,PI,2208403,Piripiri,22006967,60006342,2,3,1,1,3,1.05,807.41,1,1,0
2024,26,PE,2603454,Camaragibe,26035555,60012308,2,3,1,1,10,1.0,768.63,1,1,0
2024,31,MG,3168705,Timóteo,31086926,60020331,2,2,1,1,15,1.0,780.1,1,1,0
2024,26,PE,2607901,Jaboatão dos Guararapes,26078786,60013002,2,3,1,1,17,1.1,781.9,1,1,0
2024,41,PR,4100400,Almirante Tamandaré,41093234,60033342,2,3,1,1,1,1.1,756.61,1,1,0
2024,29,BA,2906006,Campo Formoso,29907194,60014925,2,3,1,1,11,1.0,751.38,1,1,0
2024,43,RS,4305108,Caxias do Sul,43017929,60036881,2,2,1,1,4,1.1428571,645.9394979,0,0,0
2024,22,PI,2211001,Teresina,22009426,60006529,2,3,1,1,2,1.0,771.59,1,1,0
2024,41,PR,4118204,Paranaguá,41092401,60033771,2,3,0,0,13,,,0,,
2024,43,RS,4314902,Porto Alegre,43061713,60037985,2,2,1,1,19,1.047619,660.2998375,0,0,0
2024,35,SP,3538709,Piracicaba,35135398,60027221,2,3,1,1,12,1.08,694.3305531,0,0,0
2024,35,SP,3538006,Pindamonhangaba,35132676,60028107,2,3,0,0,6,,,0,,
2024,15,PA,1506807,Santarém,15073796,60003193,2,3,1,1,14,1.38,794.51,1,1,0
2024,31,MG,3158805,Santana do Jacaré,31098124,60020500,2,3,1,1,2,1.07,721.54,0,0,0
2024,43,RS,4322608,Venâncio Aires,43101189,60039031,2,3,1,1,14,1.0454545,812.5527146,1,1,0
2024,33,RJ,3301702,Duque de Caxias,33026059,60024052,2,3,1,1,8,1.14,718.89,0,0,0
2024,52,GO,5212501,Luziânia,52031420,60041374,2,3,1,1,9,1.07,736.45,0,0,0
2024,13,AM,1302603,Manaus,13048224,60001374,2,2,1,1,21,1.15,788.69,1,1,0
2024,43,RS,4320008,Sapucaia do Sul,43091973,60038732,2,3,1,1,12,1.0434783,705.4060637,0,0,0
2024,29,BA,2929354,São José da Vitória,29234448,60016881,2,3,0,0,4,,,0,,
2024,52,GO,5218805,Rio Verde,52051231,60041459,2,3,1,1,12,1.06,798.95,1,1,0
2024,26,PE,2601052,Araçoiaba,26026584,60012726,2,3,0,0,16,,,0,,
2024,35,SP,3523800,Itobi,35174731,60031563,2,2,1,1,19,1.0,745.5248288,1,1,0
2024,50,MS,5001102,Aquidauana,50041272,60039976,2,3,1,1,20,1.0,755.07,1,1,0
2024,33,RJ,3303906,Petrópolis,33068731,60023832,2,3,1,1,12,1.24,767.3,1,1,0
2024,43,RS,4313508,Osório,43051529,60037684,2,3,1,1,15,1.4705882,729.8985358,0,0,0
2024,35,SP,3518800,Guarulhos,35262362,60027809,2,3,1,1,16,1.3913043,701.6050999,0,0,0
2024,33,RJ,3305802,Teresópolis,33090863,60023906,2,3,1,1,10,1.13,755.27,1,1,0
2024,23,CE,2308005,Massapê,23055830,60008894,2,3,1,1,21,1.0,812.53,1,1,0
2024,35,SP,3516309,Francisco Morato,35243080,60030469,2,3,1,1,15,1.0,710.7621656,0,0,0
2024,26,PE,2603454,Camaragibe,26036309,60012321,2,3,1,1,13,1.3,796.35,1,1,0
2024,35,SP,3522703,Itápolis,35221789,60026406,2,2,1,1,4,1.0909091,684.919864,0,0,0
2024,21,MA,2111532,São Pedro da Água Branca,21033463,60004913,2,3,1,1,1,1.11,775.84,1,1,0
2024,31,MG,3127008,Fronteira,31069764,60019989,2,3,1,1,4,1.04,772.35,1,1,0
2024,51,MT,5101803,Barra do Garças,51002569,60040801,2,3,1,1,15,1.26,777.83,1,1,0
2024,21,MA,2104305,Godofredo Viana,21022694,60005928,2,3,1,1,19,1.0,784.0,1,1,0
2024,31,MG,3143302,Montes Claros,31073535,60019154,2,2,1,1,4,1.27,803.45,1,1,0
2024,52,GO,5203500,Bom Jesus de Goiás,52039032,60041888,2,3,1,1,3,1.1,806.89,1,1,0
2024,35,SP,3519600,Ibitinga,35221623,60029581,2,3,1,1,18,1.0357143,763.0360791,1,1,0
2024,21,MA,2106706,Mirador,21052091,60005438,2,3,1,1,19,1.1,738.01,0,0,0
2024,23,CE,2311108,Porteiras,23081406,60008849,2,3,1,1,6,1.0,848.13,1,1,0
2024,24,RN,2401859,Caiçara do Norte,24015031,60009720,2,3,1,1,8,1.47,728.79,0,0,0
2024,35,SP,3516309,Francisco Morato,35241240,60026739,2,2,1,1,20,1.0384615,835.6560742,1,1,0
2024,52,GO,5201306,Anicuns,52032981,60042118,2,3,1,1,17,1.0,793.63,1,1,0
2024,35,SP,3551702,Sertãozinho,35205563,60029369,2,3,1,1,7,1.1428571,786.2120138,1,1,0
2024,13,AM,1300144,Apuí,13001038,60001457,2,3,1,1,6,1.37,726.97,0,0,0
2024,31,MG,3130051,Icaraí de Minas,31039242,60021361,2,3,1,1,18,1.0,819.01,1,1,0
2024,15,PA,1505031,Novo Progresso,15051037,60003372,2,3,1,1,7,1.12,745.11,1,1,0
2024,15,PA,1502301,Capitão Poço,15024930,60003243,2,3,0,0,12,,,0,,
2024,42,SC,4218608,Trombudo Central,42071418,60036113,2,3,1,1,3,1.13,718.31,0,0,0
2024,53,DF,5300108,Brasília,53016064,60042350,2,2,1,1,20,1.09,751.4,1,1,0
2024,29,BA,2914307,Iramaia,29100111,60016304,2,3,0,0,13,,,0,,
2024,23,CE,2307650,Maracanaú,23064828,60009406,2,3,1,1,12,1.0,820.39,1,1,0
2024,35,SP,3550308,São Paulo,35391241,60031462,2,2,1,1,2,1.1818182,801.4834786,1,1,0
2024,24,RN,2407104,Macaíba,24000794,60009949,2,3,1,1,12,1.53,750.7,1,1,0
2024,35,SP,3506508,Birigui,35028389,60031156,2,3,1,1,19,1.0416667,783.9625266,1,1,0
2024,42,SC,4211306,Navegantes,42061970,60035266,2,3,1,1,21,1.39,716.09,0,0,0
2024,43,RS,4314902,Porto Alegre,43060535,60037950,2,2,1,1,7,1.3529412,741.056215,0,0,0
2024,35,SP,3504503,Avaré,35017521,60027232,2,3,0,0,18,,,0,,
2024,43,RS,4315602,Rio Grande,43069749,60038173,2,3,1,1,12,1.2,716.0432966,0,0,0
2024,35,SP,3540804,Potirendaba,35181589,60028455,2,3,1,1,4,1.1111111,739.6211111,0,0,0
2024,52,GO,5218805,Rio Verde,52074938,60041887,2,3,1,1,9,1.1,766.11,1,1,0
2024,33,RJ,3302270,Japeri,33037959,60025214,2,3,1,1,8,1.06,719.32,0,0,0
2024,27,AL,2704302,Maceió,27016144,60014000,2,3,1,1,9,1.0,668.5,0,0,0
2024,31,MG,3140209,Maripá de Minas,31128333,60018972,2,3,1,1,15,1.17,690.52,0,0,0
2024,42,SC,4208807,Jaguaruna,42096782,60034579,2,3,1,1,16,1.12,783.77,1,1,0
2024,31,MG,3139508,Manhumirim,31111931,60019055,2,3,1,1,19,1.14,795.07,1,1,0
2024,35,SP,3550308,São Paulo,35435673,60031752,2,2,1,1,11,1.1,730.767054,0,0,0
2024,53,DF,5300108,Brasília,53016862,60042463,2,2,1,1,6,1.34,766.78,1,1,0
2024,35,SP,3523107,Itaquaquecetuba,35286805,60029241,2,3,1,1,12,1.0740741,791.1715591,1,1,0
2024,23,CE,2314102,Viçosa do Ceará,23027729,60007451,2,3,1,1,7,1.07,750.82,1,1,0
2024,35,SP,3550308,São Paulo,35415913,60026253,2,3,1,1,16,1.2380952,708.8196449,0,0,0
2024,35,SP,3550308,São Paulo,35364937,60026899,2,3,1,1,16,1.1153846,707.396809,0,0,0
2024,26,PE,2611101,Petrolina,26069817,60011601,2,3,1,1,15,1.0,795.25,1,1,0
2024,50,MS,5001102,Aquidauana,50010984,60039615,2,3,1,1,2,1.03,748.28,1,1,0
2024,35,SP,3550308,São Paulo,35357863,60026795,2,3,1,1,1,1.2105263,786.1511403,1,1,0
2024,15,PA,1503903,Juruti,15039155,60001554,2,3,1,1,4,1.06,781.34,1,1,0
2024,35,SP,3550308,São Paulo,35437206,60025983,2,2,1,1,17,1.1538462,819.3329536,1,1,0
2024,26,PE,2604908,Cumaru,26074997,60011851,2,3,1,1,18,1.0,770.39,1,1,0
2024,41,PR,4107207,Dois Vizinhos,41001588,60032918,2,3,1,1,2,1.25,768.11,1,1,0
2024,35,SP,3502705,Apiaí,35007854,60026708,2,2,1,1,2,1.0666667,734.9437525,0,0,0
2024,42,SC,4200804,Anchieta,42078370,60035203,2,2,1,1,13,1.03,797.68,1,1,0
2024,41,PR,4108700,Grandes Rios,41025271,60032286,2,3,1,1,5,1.11,771.12,1,1,0
2024,43,RS,4313508,Osório,43051234,60037672,2,3,0,0,14,,,0,,
2024,25,PB,2512747,Riachão,25019967,60010628,2,3,0,0,8,,,0,,
2024,35,SP,3545100,Salmourão,35001952,60029393,2,3,1,1,17,1.0555556,798.5705429,1,1,0
2024,35,SP,3523305,Itariri,35120775,60026470,2,2,1,1,7,1.1111111,757.1188074,1,1,0
2024,21,MA,2107704,Paraibano,21052487,60005448,2,3,1,1,2,1.0,757.77,1,1,0
2024,29,BA,2926103,Retirolândia,29185900,60017769,2,3,1,1,6,1.0,722.05,0,0,0
2024,35,SP,3550308,São Paulo,35384982,60029753,2,2,1,1,15,1.32,733.6316236,0,0,0
2024,15,PA,1505064,Novo Repartimento,15051406,60002625,2,3,1,1,1,1.43,745.81,1,1,0
2024,35,SP,3511102,Catanduva,35059524,60030044,2,3,1,1,17,1.3529412,760.7403002,1,1,0
2024,35,SP,3550308,São Paulo,35425587,60025927,2,2,1,1,15,1.0,803.2574229,1,1,0
2024,41,PR,4106902,Curitiba,41033147,60033507,2,3,1,1,4,1.4,728.74,0,0,0
2024,21,MA,2108207,Pedreiras,21045619,60005729,2,3,1,1,1,1.09,850.77,1,1,0
2024,31,MG,3170404,Unaí,31074125,60021461,2,3,1,1,14,1.04,717.56,0,0,0
2024,16,AP,1600303,Macapá,16012035,60003698,2,3,1,1,16,1.08,787.98,1,1,0
2024,13,AM,1304237,Tonantins,13026651,60001467,2,3,0,0,8,,,0,,
2024,21,MA,2103208,Chapadinha,21061146,60006031,2,3,1,1,13,1.09,702.56,0,0,0
2024,35,SP,3539806,Poá,35283287,60030247,2,3,1,1,13,1.25,702.7092758,0,0,0
2024,15,PA,1501253,Bannach,15098372,60003265,2,3,1,1,18,1.14,748.98,1,1,0
2024,31,MG,3168705,Timóteo,31017364,60020332,2,2,1,1,4,1.4,683.29,0,0,0
2024,35,SP,3513009,Cotia,35253744,60028701,2,3,1,1,19,1.4,730.5260604,0,0,0
2024,15,PA,1506500,Santa Izabel do Pará,15067779,60002101,2,3,1,1,5,1.08,778.91,1,1,0
2024,35,SP,3510609,Carapicuíba,35247446,60026198,2,2,1,1,12,1.0333333,832.9862333,1,1,0
2024,33,RJ,3306107,Valença,33093785,60023708,2,3,1,1,20,1.13,731.79,0,0,0
2024,35,SP,3506359,Bertioga,35169736,60028116,2,3,1,1,5,1.047619,767.0357,1,1,0
2024,27,AL,2705705,Olho d'Água das Flores,27020776,60013333,2,3,1,1,15,1.04,735.15,0,0,0
2024,41,PR,4125506,São José dos Pinhais,41117622,60033707,2,3,1,1,18,1.15,745.36,1,1,0
2024,42,SC,4212908,Pinhalzinho,42060171,60035179,2,2,1,1,14,1.27,806.21,1,1,0
2024,31,MG,3151404,Pitangui,31018127,60018578,2,2,1,1,1,1.05,719.26,0,0,0
2024,32,ES,3203007,Iúna,32042276,60022822,2,3,1,1,14,1.11,728.62,0,0,0
2024,31,MG,3106705,Betim,31092885,60020993,2,3,1,1,12,1.0,772.69,1,1,0
2024,35,SP,3550308,São Paulo,35341820,60027293,2,3,1,1,11,1.0526316,716.0731793,0,0,0
2024,33,RJ,3301306,Casimiro de Abreu,33021841,60025287,2,3,1,1,14,1.0,755.46,1,1,0
2024,13,AM,1302603,Manaus,13048192,60001374,2,2,1,1,6,1.03,784.1,1,1,0
2024,28,SE,2807600,Umbaúba,28005273,60014436,2,3,0,0,21,,,0,,
2024,50,MS,5002001,Batayporã,50030467,60039776,2,3,1,1,5,1.04,769.81,1,1,0
2024,32,ES,3204906,São Mateus,32029558,60022393,2,3,1,1,13,1.04,761.74,1,1,0
2024,43,RS,4307708,Esteio,43030112,60037150,2,3,1,1,4,1.2307692,732.5966043,0,0,0
2024,33,RJ,3304102,Porciúncula,33037394,60025276,2,3,1,1,9,1.14,741.57,0,0,0
2024,33,RJ,3304557,Rio de Janeiro,33115605,60024813,2,3,0,0,21,,,0,,
2024,33,RJ,3302502,Magé,33044752,60024166,2,3,1,1,10,1.92,758.03,1,1,0
2024,33,RJ,3304557,Rio de Janeiro,33117817,60024554,2,3,1,1,12,1.12,757.97,1,1,0
2024,35,SP,3513009,Cotia,35252830,60028667,2,3,1,1,12,1.1363636,696.2148581,0,0,0
2024,26,PE,2607901,Jaboatão dos Guararapes,26038447,60012336,2,3,0,0,2,,,0,,
2024,51,MT,5103353,Confresa,51047793,60040245,2,3,1,1,2,1.43,759.31,1,1,0
2024,41,PR,4102000,Assis Chateaubriand,41024945,60032590,2,3,1,1,1,1.05,761.82,1,1,0
2024,35,SP,3535606,Paraibuna,35224226,60030330,2,3,1,1,20,1.0,796.9695199,1,1,0
2024,21,MA,2105708,Lago da Pedra,21065495,60004783,2,3,1,1,13,1.18,783.53,1,1,0
2024,35,SP,3521507,Irapuã,35097529,60028092,2,3,1,1,4,1.0,754.5849766,1,1,0
2024,21,MA,2111300,São Luís,21008111,60004426,2,3,1,1,1,1.09,696.62,0,0,0
2024,43,RS,4309308,Guaíba,43037701,60039513,2,3,0,0,18,,,0,,
2024,29,BA,2905008,Caculé,29029360,60016398,2,3,1,1,2,1.0,737.6,0,0,0
2024,25,PB,2500403,Alagoa Nova,25020758,60010672,2,3,1,1,10,1.0,757.32,1,1,0
2024,33,RJ,3300308,Barra do Piraí,33004321,60023684,2,3,1,1,3,1.18,756.67,1,1,0
2024,33,RJ,3300456,Belford Roxo,33005812,60025676,2,3,1,1,3,1.23,638.52,0,0,0
2024,35,SP,3525300,Jaú,35096211,60030969,2,3,1,1,2,1.1666667,837.8810989,1,1,0
2024,33,RJ,3300407,Barra Mansa,33099699,60023596,2,3,0,0,10,,,0,,
2024,31,MG,3150406,Piedade dos Gerais,31145791,60021315,2,3,1,1,14,1.0,814.89,1,1,0
2024,27,AL,2704302,Maceió,27000588,60014003,2,2,0,0,11,,,0,,
2024,50,MS,5003702,Dourados,50022303,60039919,2,3,1,1,10,1.21,760.87,1,1,0
2024,32,ES,3201308,Cariacica,32020547,60022943,2,3,1,1,15,1.21,745.18,1,1,0
2024,28,SE,2800308,Aracaju,28015453,60014327,2,2,1,1,21,1.0,728.49,0,0,0
2024,21,MA,2104628,Governador Luiz Rocha,21047090,60005890,2,3,1,1,12,1.0,736.41,0,0,0
2024,35,SP,3550308,São Paulo,35357295,60026788,2,3,1,1,8,1.3,780.3255004,1,1,0
2024,33,RJ,3300704,Cabo Frio,33011120,60025635,2,3,1,1,14,1.53,716.35,0,0,0
2024,52,GO,5211800,Jaraguá,52027512,60041033,2,3,1,1,9,1.0,763.29,1,1,0
2024,33,RJ,3302601,Mangaratiba,33001626,60025420,2,3,1,1,13,1.79,673.03,0,0,0
2024,31,MG,3161056,São Félix de Minas,31029376,60021392,2,3,1,1,8,1.6,751.1,1,1,0
2024,33,RJ,3301850,Guapimirim,33043885,60024102,2,3,1,1,21,1.26,761.02,1,1,0
2024,29,BA,2929602,Sapeaçu,29235809,60015851,2,3,1,1,19,1.0,761.16,1,1,0
2024,41,PR,4103040,Boa Ventura de São Roque,41137045,60033030,2,3,0,0,1,,,0,,
2024,28,SE,2803401,Japoatã,28012383,60014260,2,3,1,1,2,1.0,770.98,1,1,0
2024,35,SP,3545209,Salto,35083548,60027173,2,3,1,1,2,1.0416667,629.0960036,0,0,0
2024,35,SP,3519402,Ibirá,35180941,60030483,2,3,1,1,17,1.1764706,690.9307045,0,0,0
2024,31,MG,3106200,Belo Horizonte,31123526,60018051,2,3,1,1,9,1.1,733.22,0,0,0
2024,43,RS,4304622,Capão Bonito do Sul,43073701,60039456,2,3,1,1,13,1.4,771.8227757,1,1,0
2024,23,CE,2311801,Russas,23069736,60008547,2,3,1,1,6,1.09,835.78,1,1,0
2024,23,CE,2307304,Juazeiro do Norte,23016392,60008824,2,3,1,1,13,1.0,808.87,1,1,0
2024,31,MG,3132503,Itamarandiba,31147824,60021096,2,3,0,0,21,,,0,,
2024,35,SP,3530300,Mirassol,35098296,60028401,2,3,1,1,3,1.05,734.443802,0,0,0
2024,15,PA,1503705,Itupiranga,15037611,60003277,2,3,0,0,18,,,0,,
2024,25,PB,2504405,Conceição,25030599,60011300,2,3,1,1,16,1.0,765.04,1,1,0
2024,13,AM,1302504,Manacapuru,13014007,60001435,2,2,0,0,20,,,0,,
2024,35,SP,3524709,Jaguariúna,35041229,60030609,2,3,1,1,17,1.1428571,785.6405783,1,1,0
2024,29,BA,2906899,Caraíbas,29931415,60016498,2,3,1,1,3,1.0,670.32,0,0,0
2024,35,SP,3552205,Sorocaba,35211680,60029233,2,3,1,1,12,1.0,766.5589278,1,1,0
2024,50,MS,5006606,Ponta Porã,50036222,60040022,2,3,1,1,13,1.0,768.26,1,1,0
2024,50,MS,5000203,Água Clara,50036829,60040084,2,3,1,1,20,1.19,792.72,1,1,0
2024,22,PI,2211001,Teresina,22013799,60007170,2,3,1,1,17,1.03,803.17,1,1,0
2024,42,SC,4204202,Chapecó,42023663,60035128,2,3,0,0,8,,,0,,
2024,43,RS,4314902,Porto Alegre,43067035,60038122,2,3,1,1,13,1.5882353,674.1517218,0,0,0
2024,35,SP,3551009,São Vicente,35201348,60028320,2,3,1,1,14,1.1,684.2484072,0,0,0
2024,32,ES,3203403,Mimoso do Sul,32039690,60022874,2,3,1,1,16,1.0,809.33,1,1,0
2024,52,GO,5201405,Aparecida de Goiânia,52018361,60041610,2,3,0,0,12,,,0,,
2024,31,MG,3104700,Ataléia,31074935,60019937,2,3,1,1,6,1.11,744.13,1,1,0
2024,13,AM,1301902,Itacoatiara,13010983,60000948,2,3,1,1,9,1.16,682.1,0,0,0
2024,23,CE,2305100,Guaramiranga,23024497,60007861,2,3,1,1,9,1.07,765.5,1,1,0
2024,35,SP,3510708,Cardoso,35232433,60028065,2,3,1,1,6,1.0909091,737.9299498,0,0,0
2024,11,RO,1100304,Vilhena,11018717,60000389,2,3,1,1,4,1.14,766.51,1,1,0
2024,42,SC,4211504,Nova Trento,42082099,60035464,2,3,0,0,13,,,0,,
2024,35,SP,3530607,Mogi das Cruzes,35295332,60026764,2,3,1,1,17,1.0526316,748.85138,1,1,0
2024,41,PR,4125506,São José dos Pinhais,41129294,60033724,2,3,1,1,19,1.3,721.65,0,0,0
2024,42,SC,4204608,Criciúma,42027567,60035928,2,3,0,0,2,,,0,,
2024,35,SP,3523909,Itu,35082605,60030660,2,3,1,1,21,1.12,756.003346,1,1,0
2024,15,PA,1508001,Tomé-Açu,15081307,60002410,2,3,1,1,18,1.2,677.61,0,0,0
2024,29,BA,2916104,Itaparica,29113125,60015928,2,3,1,1,5,1.0,681.77,0,0,0
2024,35,SP,3521101,Ipeúna,35110534,60031057,2,3,1,1,3,1.0454545,678.117918,0,0,0
2024,41,PR,4106902,Curitiba,41123659,60033614,2,3,1,1,15,1.28,773.23,1,1,0
2024,27,AL,2704302,Maceió,27001193,60013842,2,2,1,1,17,1.22,749.51,1,1,0
2024,32,ES,3204351,Rio Bananal,32026809,60022469,2,3,0,0,9,,,0,,
2024,42,SC,4216008,São Carlos,42066910,60035174,2,2,1,1,12,1.1,778.1,1,1,0
2024,33,RJ,3304904,São Gonçalo,33082432,60025272,2,3,1,1,8,1.1,770.83,1,1,0
2024,53,DF,5300108,Brasília,53013644,60042269,2,2,1,1,2,1.21,736.28,0,0,0
2024,41,PR,4114302,Mandirituba,41120904,60033635,2,3,1,1,4,1.0,768.96,1,1,0
2024,31,MG,3136207,João Monlevade,31155151,60019400,2,2,1,1,14,1.08,727.4,0,0,0
2024,26,PE,2602902,Cabo de Santo Agostinho,26034920,60012780,2,3,1,1,10,1.0,746.89,1,1,0
2024,17,TO,1703842,Campos Lindos,17009907,60004054,2,3,1,1,20,1.0,692.75,0,0,0
2024,13,AM,1302603,Manaus,13043316,60000846,2,3,1,1,21,1.34,747.26,1,1,0
2024,17,TO,1721208,Tocantinópolis,17018431,60004152,2,3,1,1,4,1.12,716.07,0,0,0
2024,53,DF,5300108,Brasília,53018778,60042456,2,2,1,1,21,1.39,729.1,0,0,0
2024,26,PE,2609600,Olinda,26029094,60012406,2,3,1,1,10,1.11,783.5,1,1,0
2024,51,MT,5103403,Cuiabá,51049671,60040354,2,3,1,1,19,1.04,699.5,0,0,0
2024,52,GO,5210406,Itaberaí,52056219,60041029,2,3,1,1,5,1.07,832.0,1,1,0
2024,31,MG,3139003,Machado,31035940,60020625,2,3,1,1,3,1.04,755.08,1,1,0
2024,21,MA,2103208,Chapadinha,21061001,60005822,2,3,0,0,20,,,0,,
2024,51,MT,5107909,Sinop,51029613,60040836,2,3,0,0,11,,,0,,
2024,50,MS,5006606,Ponta Porã,50034669,60039859,2,2,1,1,15,1.03,675.45,0,0,0
2024,41,PR,4101101,Andirá,41078091,60032325,2,3,1,1,21,1.04,749.57,1,1,0
2024,21,MA,2105401,Itapecuru Mirim,21012452,60006163,2,3,1,1,15,1.0,768.49,1,1,0
2024,15,PA,1508308,Viseu,15086225,60002500,2,3,1,1,1,1.11,704.2,0,0,0
2024,35,SP,3554102,Taubaté,35226371,60030269,2,3,1,1,19,1.1111111,756.1366605,1,1,0
2024,35,SP,3520400,Ilhabela,35056612,60029875,2,3,1,1,14,1.2631579,713.730251,0,0,0
2024,42,SC,4204608,Criciúma,42026463,60034610,2,3,1,1,21,1.22,813.02,1,1,0
2024,52,GO,5215231,Novo Gama,52064178,60041341,2,3,1,1,9,1.13,762.73,1,1,0
2024,35,SP,3528809,Maracaí,35016283,60028932,2,3,0,0,16,,,0,,
2024,28,SE,2800308,Aracaju,28019027,60014333,2,3,1,1,17,1.13,722.32,0,0,0
2024,35,SP,3502101,Andradina,35006247,60029188,2,3,1,1,6,1.25,742.2282676,0,0,0
2024,35,SP,3550308,São Paulo,35415922,60026253,2,3,1,1,18,1.2380952,651.2192119,0,0,0
2024,24,RN,2406106,Jucurutu,24008064,60009622,2,3,1,1,17,1.0,792.54,1,1,0
2024,27,AL,2700300,Arapiraca,27002544,60013811,2,3,0,0,3,,,0,,
2024,35,SP,3550308,São Paulo,35396422,60025749,2,2,1,1,8,1.0666667,742.5600767,0,0,0
2024,35,SP,3550308,São Paulo,35412514,60031308,2,3,1,1,15,1.2,710.4680049,0,0,0
2024,52,GO,5218904,Rubiataba,52053042,60042097,2,3,1,1,2,1.0,783.79,1,1,0
2024,35,SP,3529203,Martinópolis,35148457,60029218,2,3,1,1,18,1.1428571,794.4973227,1,1,0
2024,33,RJ,3304557,Rio de Janeiro,33129564,60024889,2,3,1,1,14,1.3,859.19,1,1,0
2024,11,RO,1100205,Porto Velho,11012175,60000313,2,3,1,1,7,1.21,744.13,1,1,0
2024,23,CE,2302107,Baturité,23000136,60007855,2,3,1,1,4,1.0,852.11,1,1,0
2024,35,SP,3544103,Rio Grande da Serra,35294164,60026639,2,2,1,1,1,1.04,806.3990448,1,1,0
2024,41,PR,4119152,Pinhais,41131250,60033652,2,3,1,1,12,1.19,775.24,1,1,0
2024,35,SP,3550308,São Paulo,35380212,60026695,2,2,1,1,13,1.1666667,671.2421358,0,0,0
2024,42,SC,4204301,Concórdia,42024722,60035097,2,3,1,1,11,1.18,776.12,1,1,0
2024,29,BA,2917508,Jacobina,29904066,60015080,2,3,0,0,10,,,0,,
2024,13,AM,1302405,Lábrea,13013351,60001034,2,2,1,1,8,1.12,780.6,1,1,0
2024,35,SP,3550308,São Paulo,35393420,60025809,2,2,1,1,5,1.0333333,831.9015386,1,1,0
2024,31,MG,3135803,Jequitinhonha,31078548,60020283,2,2,1,1,14,1.0,760.93,1,1,0
2024,35,SP,3552205,Sorocaba,35209957,60027487,2,3,0,0,6,,,0,,
2024,31,MG,3132503,Itamarandiba,31149888,60021097,2,3,1,1,2,1.0,783.54,1,1,0
2024,31,MG,3136702,Juiz de Fora,31087902,60018950,2,2,1,1,20,1.25,776.19,1,1,0
2024,13,AM,1300409,Barcelos,13002176,60000635,2,3,1,1,20,1.18,668.64,0,0,0
2024,23,CE,2313559,Tururu,23084538,60009020,2,3,1,1,2,1.0,781.34,1,1,0
2024,31,MG,3134202,Ituiutaba,31052454,60020430,2,3,1,1,15,1.06,675.35,0,0,0
2024,31,MG,3118601,Contagem,31052295,60018165,2,2,0,0,1,,,0,,
2024,15,PA,1501303,Barcarena,15014107,60001914,2,3,1,1,20,1.07,756.81,1,1,0
2024,15,PA,1503077,Garrafão do Norte,15032017,60002876,2,3,1,1,7,1.25,782.84,1,1,0
2024,21,MA,2110708,São Domingos do Maranhão,21048011,60005197,2,3,1,1,19,1.0,693.03,0,0,0
2024,23,CE,2310258,Paraipaba,23059521,60009382,2,3,1,1,17,1.0,870.27,1,1,0
2024,35,SP,3528403,Mairinque,35194634,60029931,2,3,1,1,18,1.2,762.8120374,1,1,0
2024,26,PE,2608255,Jucati,26011592,60011947,2,3,1,1,9,1.0,721.25,0,0,0
2024,33,RJ,3303401,Nova Friburgo,33055929,60025383,2,3,1,1,11,1.14,679.7,0,0,0
2024,23,CE,2304400,Fortaleza,23080630,60008122,2,3,1,1,10,1.2,692.69,0,0,0
2024,13,AM,1302603,Manaus,13031455,60001455,2,3,1,1,4,1.08,810.55,1,1,0
2024,15,PA,1501956,Cachoeira do Piriá,15020709,60002510,2,3,1,1,6,1.21,710.08,0,0,0
2024,41,PR,4119509,Piraquara,41117482,60034261,2,3,0,0,10,,,0,,
2024,43,RS,4312153,Mato Leitão,43101259,60039035,2,3,1,1,19,1.047619,723.1264037,0,0,0
2024,31,MG,3127107,Frutal,31033339,60019995,2,3,1,1,7,1.19,733.82,0,0,0
2024,23,CE,2307809,Marco,23037682,60007337,2,3,1,1,6,1.0,828.01,1,1,0
2024,41,PR,4104907,Castro,41026951,60032498,2,3,1,1,14,1.18,799.54,1,1,0
2024,41,PR,4113205,Lapa,41103764,60034348,2,3,1,1,5,1.1,744.75,1,1,0
2024,43,RS,4317608,Santo Antônio da Patrulha,43083176,60038485,2,3,1,1,7,1.1428571,735.6106864,0,0,0
2024,29,BA,2917706,Jaguarari,29122547,60014948,2,3,1,1,9,1.0,753.02,1,1,0
2024,29,BA,2927408,Salvador,29205810,60016086,2,3,1,1,2,1.0,676.41,0,0,0
2024,16,AP,1600279,Laranjal do Jari,16000329,60003809,2,3,1,1,20,1.0,739.58,0,0,0
2024,16,AP,1600709,Tartarugalzinho,16011017,60003844,2,3,1,1,17,1.1,801.9,1,1,0
2024,53,DF,5300108,Brasília,53024716,60042171,2,2,1,1,1,1.11,762.73,1,1,0
2024,35,SP,3550308,São Paulo,35430637,60031648,2,2,1,1,1,1.1153846,710.5017028,0,0,0
2024,41,PR,4104204,Campo Largo,41036604,60033431,2,3,1,1,21,1.13,735.22,0,0,0
2024,41,PR,4108304,Foz do Iguaçu,41134404,60032802,2,3,1,1,1,1.33,768.02,1,1,0
2024,33,RJ,3300704,Cabo Frio,33011238,60023503,2,3,1,1,1,1.22,789.72,1,1,0
2024,29,BA,2925501,Prado,29181983,60017757,2,2,1,1,15,1.0,695.24,0,0,0
2024,43,RS,4314902,Porto Alegre,43068771,60039326,2,3,1,1,7,1.3,670.6160265,0,0,0
2024,27,AL,2704005,Junqueiro,27011781,60013749,2,3,1,1,15,1.0,711.47,0,0,0
2024,31,MG,3150703,Pirajuba,31016632,60020046,2,3,1,1,5,1.06,764.48,1,1,0
2024,31,MG,3136702,Juiz de Fora,31163256,60020834,2,3,1,1,15,1.25,735.48,0,0,0
2024,29,BA,2921104,Medeiros Neto,29152784,60016972,2,3,1,1,10,1.0,786.98,1,1,0
2024,31,MG,3115805,Centralina,31103566,60020556,2,3,0,0,14,,,0,,
2024,29,BA,2910800,Feira de Santana,29075285,60015248,2,3,1,1,21,1.0,743.49,1,1,0
2024,42,SC,4204608,Criciúma,42028657,60034595,2,3,0,0,17,,,0,,
2024,35,SP,3541307,Presidente Epitácio,35161473,60031419,2,2,1,1,14,1.0,831.6440295,1,1,0
2024,31,MG,3167202,Sete Lagoas,31165723,60020795,2,3,0,0,3,,,0,,
2024,43,RS,4302105,Bento Gonçalves,43005527,60036508,2,2,1,1,2,1.1428571,681.3620028,0,0,0
2024,32,ES,3205309,Vitória,32047292,60022722,2,3,1,1,10,1.08,703.26,0,0,0
2024,15,PA,1500800,Ananindeua,15007161,60001874,2,3,1,1,18,1.11,736.67,0,0,0
2024,51,MT,5100250,Alta Floresta,51000116,60040127,2,3,1,1,10,1.0,769.76,1,1,0
2024,42,SC,4204251,Cocal do Sul,42086652,60035898,2,3,0,0,1,,,0,,
2024,27,AL,2708006,Santana do Ipanema,27027156,60013281,2,3,1,1,3,1.0,720.5,0,0,0
2024,51,MT,5104807,Jaciara,51020330,60040493,2,3,1,1,15,1.08,761.3,1,1,0
2024,33,RJ,3302601,Mangaratiba,33001681,60023964,2,3,1,1,18,1.2,765.08,1,1,0
2024,26,PE,2603454,Camaragibe,26036236,60012319,2,3,1,1,7,1.27,764.56,1,1,0
2024,35,SP,3522505,Itapevi,35280571,60028424,2,3,1,1,18,1.12,799.0380067,1,1,0
2024,31,MG,3147402,Paraopeba,31106085,60019809,2,3,1,1,17,1.0,759.25,1,1,0
2024,29,BA,2909208,Coronel João Sá,29058750,60015346,2,3,1,1,20,1.0,746.26,1,1,0
2024,23,CE,2304400,Fortaleza,23078840,60009277,2,3,1,1,4,1.0,769.3,1,1,0
2024,52,GO,5210158,Ipiranga de Goiás,52052788,60042093,2,3,1,1,10,1.08,773.8,1,1,0
2024,35,SP,3538907,Pirajuí,35026847,60031174,2,3,1,1,1,1.0,693.2349946,0,0,0
2024,23,CE,2312908,Sobral,23003155,60008942,2,3,1,1,19,1.07,820.27,1,1,0
2024,29,BA,2930204,Sento Sé,29238913,60014801,2,3,1,1,18,1.0,749.43,1,1,0
2024,31,MG,3171204,Vespasiano,31171459,60018322,2,3,1,1,6,1.08,718.44,0,0,0
2024,21,MA,2101509,Barão de Grajaú,21051123,60005422,2,3,1,1,4,1.08,825.17,1,1,0
2024,21,MA,2109908,Santa Inês,21019519,60004814,2,3,1,1,7,1.06,699.26,0,0,0
2024,29,BA,2925402,Potiraguá,29181029,60016669,2,3,1,1,18,1.0,664.02,0,0,0
2024,35,SP,3550308,São Paulo,35410242,60027690,2,3,0,0,16,,,0,,
2024,33,RJ,3304904,São Gonçalo,33082424,60025272,2,3,1,1,14,1.1,813.98,1,1,0
2024,33,RJ,3304557,Rio de Janeiro,33132998,60025361,2,3,1,1,15,1.2,763.96,1,1,0
2024,35,SP,3521507,Irapuã,35097560,60028092,2,3,1,1,18,1.1176471,720.8719303,0,0,0
2024,33,RJ,3304557,Rio de Janeiro,33124129,60024479,2,3,1,1,8,1.35,764.18,1,1,0
2024,35,SP,3543402,Ribeirão Preto,35156897,60028008,2,3,1,1,9,1.3157895,839.4312324,1,1,0
2024,33,RJ,3304904,São Gonçalo,33080203,60025010,2,3,1,1,7,1.25,681.13,0,0,0
2024,52,GO,5220009,São João d'Aliança,52075582,60041685,2,3,1,1,2,1.09,814.95,1,1,0
2024,35,SP,3509007,Caieiras,35239138,60027925,2,3,1,1,14,1.0,786.6053123,1,1,0
2024,23,CE,2304285,Eusébio,23004751,60008045,2,3,1,1,13,1.0,827.13,1,1,0
2024,41,PR,4115200,Maringá,41099342,60032090,2,3,0,0,1,,,0,,
2024,42,SC,4203956,Capivari de Baixo,42085611,60034536,2,3,1,1,11,1.89,811.72,1,1,0
2024,31,MG,3140704,Mateus Leme,31051102,60018620,2,3,1,1,15,1.1,758.6,1,1,0
2024,43,RS,4318309,São Gabriel,43086372,60038571,2,2,1,1,9,1.1818182,741.5048828,0,0,0
2024,43,RS,4323002,Viamão,43102328,60036311,2,3,1,1,1,1.375,736.6326291,0,0,0
2024,15,PA,1501402,Belém,15093100,60001951,2,2,1,1,17,1.4,757.03,1,1,0
2024,32,ES,3200607,Aracruz,32023222,60022407,2,3,0,0,3,,,0,,
2024,15,PA,1505502,Paragominas,15056120,60002657,2,3,1,1,20,1.5,744.27,1,1,0
2024,21,MA,2108256,Pedro do Rosário,21035209,60004651,2,3,1,1,8,1.24,701.66,0,0,0
2024,35,SP,3552809,Taboão da Serra,35335198,60029498,2,3,1,1,6,1.1923077,727.044971,0,0,0
2024,17,TO,1707108,Divinópolis do Tocantins,17011264,60003973,2,3,1,1,10,1.17,680.27,0,0,0
2024,41,PR,4125605,São Mateus do Sul,41096403,60033298,2,3,1,1,10,1.05,739.45,0,0,0
2024,32,ES,3201308,Cariacica,32017551,60022563,2,3,1,1,10,1.09,771.41,1,1,0
2024,42,SC,4210506,Maravilha,42059755,60035957,2,3,1,1,18,1.08,764.16,1,1,0
2024,42,SC,4204202,Chapecó,42021345,60035757,2,3,1,1,19,1.22,730.02,0,0,0
2024,15,PA,1500347,Água Azul do Norte,15002902,60002689,2,3,1,1,21,1.6,783.55,1,1,0
2024,21,MA,2102325,Buriticupu,21067646,60006203,2,3,1,1,8,1.05,679.86,0,0,0
2024,23,CE,2307304,Juazeiro do Norte,23001826,60009464,2,3,1,1,21,1.0,780.18,1,1,0
2024,52,GO,5218904,Rubiataba,52052913,60042097,2,3,1,1,6,1.13,768.64,1,1,0
2024,15,PA,1501501,Benevides,15016161,60003065,2,3,1,1,11,1.03,698.26,0,0,0
2024,21,MA,2111300,São Luís,21008508,60004435,2,3,0,0,6,,,0,,
2024,35,SP,3555000,Tupã,35228233,60026466,2,2,1,1,18,1.0,794.4973227,1,1,0
2024,41,PR,4107801,Floraí,41017351,60032057,2,3,1,1,8,1.0,736.15,0,0,0
2024,23,CE,2305233,Horizonte,23017149,60008211,2,3,1,1,3,1.05,781.61,1,1,0
2024,15,PA,1500800,Ananindeua,15010246,60001868,2,3,1,1,13,1.32,744.79,1,1,0
2024,43,RS,4300604,Alvorada,43001654,60036384,2,3,0,0,20,,,0,,
2024,29,BA,2914802,Itabuna,29106922,60017299,2,3,1,1,1,1.0,733.81,0,0,0
2024,29,BA,2927408,Salvador,29218468,60017610,2,3,1,1,20,1.0,754.01,1,1,0
2024,23,CE,2307304,Juazeiro do Norte,23047008,60009495,2,3,1,1,13,1.07,663.02,0,0,0
2024,23,CE,2301851,Banabuiú,23049784,60008978,2,3,1,1,11,1.0,668.85,0,0,0
2024,53,DF,5300108,Brasília,53022199,60042363,2,2,1,1,3,1.09,739.8,0,0,0
2024,35,SP,3507407,Borborema,35220859,60027930,2,3,1,1,18,1.0,796.4607088,1,1,0
2024,35,SP,3550308,São Paulo,35340217,60026879,2,3,1,1,15,1.3181818,734.3205767,0,0,0
2024,29,BA,2910727,Eunápolis,29068644,60016923,2,3,0,0,4,,,0,,
2024,13,AM,1302603,Manaus,13038488,60000806,2,3,1,1,12,1.16,758.86,1,1,0
2024,43,RS,4310207,Ijuí,43040546,60037406,2,2,1,1,11,1.1052632,781.7546505,1,1,0
2024,15,PA,1508209,Vigia,15085655,60002176,2,3,1,1,20,1.26,674.17,0,0,0
2024,35,SP,3550308,São Paulo,35378402,60025848,2,2,1,1,11,1.3157895,754.2337208,1,1,0
2024,21,MA,2107100,Morros,21016224,60006042,2,3,1,1,18,1.0,715.82,0,0,0
2024,35,SP,3518107,Guarantã,35116314,60025957,2,3,0,0,19,,,0,,
2024,35,SP,3523404,Itatiba,35101683,60030714,2,3,1,1,2,1.0,685.8800528,0,0,0
2024,35,SP,3525003,Jandira,35278301,60030003,2,3,1,1,7,1.2,771.8384423,1,1,0
2024,35,SP,3550308,São Paulo,35338258,60027745,2,3,1,1,14,1.2727273,717.892403,0,0,0
2024,11,RO,1100106,Guajará-Mirim,11004363,60000059,2,3,1,1,17,1.5,686.88,0,0,0
2024,35,SP,3513009,Cotia,35252304,60027780,2,3,0,0,16,,,0,,
2024,31,MG,3106200,Belo Horizonte,31070201,60018044,2,3,1,1,2,1.47,817.51,1,1,0
2024,35,SP,3534401,Osasco,35304059,60029178,2,3,1,1,9,1.16,745.1382199,1,1,0
2024,16,AP,1600501,Oiapoque,16001159,60003873,2,3,0,0,13,,,0,,
2024,27,AL,2703007,Ibateguara,27010289,60013805,2,3,1,1,8,1.0,771.24,1,1,0
2024,31,MG,3106200,Belo Horizonte,31122288,60018114,2,3,1,1,8,1.22,713.84,0,0,0
2024,15,PA,1503101,Gurupá,15032828,60001711,2,3,0,0,3,,,0,,
2024,31,MG,3147204,Paraguaçu,31171167,60020191,2,3,1,1,20,1.05,831.01,1,1,0
2024,13,AM,1302603,Manaus,13040219,60000893,2,2,1,1,8,1.27,780.17,1,1,0
2024,23,CE,2304657,Graça,23031354,60007511,2,3,1,1,15,1.0,896.58,1,1,0
2024,24,RN,2403400,Equador,24027408,60009787,2,3,1,1,7,1.35,749.2,1,1,0
2024,35,SP,3550308,São Paulo,35368054,60027017,2,3,1,1,12,1.1538462,813.6304086,1,1,0
2024,33,RJ,3304557,Rio de Janeiro,33128355,60024936,2,3,1,1,7,1.14,779.74,1,1,0
2024,27,AL,2704708,Marechal Deodoro,27019306,60013844,2,3,1,1,7,1.0,785.94,1,1,0
2024,42,SC,4208203,Itajaí,42036940,60035215,2,3,0,0,2,,,0,,
2024,41,PR,4109708,Ibaiti,41019456,60032397,2,3,1,1,7,1.05,720.32,0,0,0
2024,42,SC,4202453,Bombinhas,42068065,60036190,2,3,1,1,13,1.85,725.56,0,0,0
2024,33,RJ,3304557,Rio de Janeiro,33113448,60024704,2,3,1,1,16,1.03,639.68,0,0,0
2024,35,SP,3535606,Paraibuna,35224187,60030114,2,3,1,1,4,1.0625,732.6719485,0,0,0
2024,33,RJ,3304557,Rio de Janeiro,33132258,60024668,2,3,1,1,19,1.13,656.33,0,0,0
2024,41,PR,4111407,Ivaí,41107285,60033174,2,3,1,1,19,1.0,751.0,1,1,0
2024,13,AM,1303403,Parintins,13018674,60001013,2,2,1,1,1,1.15,743.7,1,1,0
2024,29,BA,2907558,Caturama,29052058,60017492,2,3,1,1,3,1.0,641.75,0,0,0
2024,33,RJ,3300803,Cachoeiras de Macacu,33015961,60025543,2,3,1,1,1,1.24,730.08,0,0,0
2024,52,GO,5221197,Terezópolis de Goiás,52015250,60041868,2,3,1,1,4,1.0,851.03,1,1,0
2024,35,SP,3529302,Matão,35013678,60026404,2,2,1,1,3,1.04,747.9025716,1,1,0
2024,33,RJ,3302304,Laje do Muriaé,33037228,60023165,2,3,1,1,20,1.19,799.88,1,1,0
2024,23,CE,2305357,Icapuí,23032743,60008466,2,3,1,1,10,1.0,813.69,1,1,0
2024,43,RS,4320909,Tapejara,43033317,60038818,2,3,1,1,3,1.0526316,752.0178257,1,1,0
2024,35,SP,3500709,Agudos,35022281,60028863,2,3,1,1,19,1.2,736.1714092,0,0,0
2024,28,SE,2803401,Japoatã,28012422,60014263,2,3,1,1,13,1.0,753.83,1,1,0
2024,24,RN,2400307,Afonso Bezerra,24029155,60010307,2,3,0,0,1,,,0,,
2024,35,SP,3535408,Panorama,35001651,60029473,2,3,1,1,4,1.0,771.4619633,1,1,0
2024,35,SP,3518701,Guarujá,35166414,60031044,2,3,0,0,11,,,0,,
2024,29,BA,2903201,Barreiras,29016537,60014621,2,3,1,1,2,1.0,662.71,0,0,0
2024,35,SP,3550308,São Paulo,35435304,60031750,2,2,1,1,13,1.2083333,765.0506115,1,1,0
2024,21,MA,2105302,Imperatriz,21027631,60004944,2,3,0,0,5,,,0,,
2024,50,MS,5006606,Ponta Porã,50035166,60039863,2,3,1,1,6,1.04,793.69,1,1,0
2024,35,SP,3511003,Castilho,35006667,60028488,2,3,1,1,1,1.1818182,685.6753812,0,0,0
2024,31,MG,3144607,Nepomuceno,31019746,60020232,2,3,1,1,7,1.04,797.51,1,1,0
2024,33,RJ,3306305,Volta Redonda,33094877,60023653,2,3,1,1,18,1.08,736.3,0,0,0
2024,41,PR,4127502,Tibagi,41093430,60032468,2,3,1,1,8,1.1,762.51,1,1,0
2024,28,SE,2803005,Itabaianinha,28004590,60014416,2,3,1,1,17,1.0,714.61,0,0,0
2024,33,RJ,3304557,Rio de Janeiro,33141889,60024858,2,3,1,1,4,1.43,792.06,1,1,0
2024,31,MG,3118304,Conselheiro Lafaiete,31054975,60021867,2,3,1,1,13,1.04,621.54,0,0,0
2024,29,BA,2903904,Bom Jesus da Lapa,29022723,60014887,2,3,1,1,6,1.0,717.88,0,0,0
2024,35,SP,3534401,Osasco,35305692,60029770,2,3,1,1,21,1.1363636,711.9838708,0,0,0
2024,15,PA,1508100,Tucuruí,15083783,60002632,2,3,1,1,8,1.42,698.7,0,0,0
2024,31,MG,3106200,Belo Horizonte,31074244,60018082,2,3,1,1,6,1.15,680.16,0,0,0
2024,41,PR,4101507,Arapongas,41130913,60034314,2,3,0,0,1,,,0,,
2024,23,CE,2300754,Amontada,23050462,60007657,2,3,1,1,7,1.0,774.35,1,1,0
2024,31,MG,3101003,Águas Vermelhas,31094853,60022078,2,3,1,1,13,1.04,767.76,1,1,0
2024,29,BA,2927408,Salvador,29210267,60016125,2,3,1,1,9,1.0,732.45,0,0,0
2024,43,RS,4313011,Nova Candelária,43097099,60036989,2,3,1,1,1,1.0,734.1093631,0,0,0
2024,13,AM,1301001,Carauari,13058152,60000701,2,2,1,1,6,1.67,783.55,1,1,0
2024,42,SC,4205407,Florianópolis,42091309,60034422,2,2,0,0,19,,,0,,
2024,31,MG,3170107,Uberaba,31007025,60020887,2,3,0,0,21,,,0,,
2024,26,PE,2611606,Recife,26049474,60012476,2,3,1,1,12,1.09,688.04,0,0,0
2024,41,PR,4115408,Marmeleiro,41081960,60032947,2,3,1,1,12,1.29,758.56,1,1,0
2024,25,PB,2504033,Capim,25010050,60011310,2,3,1,1,15,1.1,764.57,1,1,0
2024,43,RS,4322400,Uruguaiana,43098882,60038980,2,3,1,1,2,1.4375,765.5203521,1,1,0
2024,26,PE,2602902,Cabo de Santo Agostinho,26033780,60012598,2,3,1,1,13,1.0,682.24,0,0,0
2024,15,PA,1504976,Nova Ipixuna,15098891,60002612,2,3,1,1,19,1.35,683.56,0,0,0
2024,35,SP,3534708,Ourinhos,35129130,60029539,2,3,1,1,17,1.0666667,695.6884325,0,0,0
2024,15,PA,1501782,Breu Branco,15019123,60002935,2,3,0,0,12,,,0,,
2024,43,RS,4318804,São Lourenço do Sul,43090009,60039249,2,3,1,1,19,1.2857143,767.5102053,1,1,0
2024,23,CE,2301901,Barbalha,23053997,60008748,2,3,1,1,9,1.0,830.05,1,1,0
2024,31,MG,3162500,São João del Rei,31087887,60019747,2,2,1,1,8,1.0,777.04,1,1,0
2024,42,SC,4210100,Mafra,42059317,60035038,2,2,1,1,12,1.1,737.9,0,0,0
2024,17,TO,1703867,Cariri do Tocantins,17004969,60004097,2,3,1,1,11,1.19,826.03,1,1,0
2024,41,PR,4112009,Jaguariaíva,41124317,60032481,2,3,1,1,11,1.27,768.66,1,1,0
2024,31,MG,3113404,Caratinga,31169521,60020801,2,3,1,1,10,1.18,764.63,1,1,0
2024,31,MG,3171303,Viçosa,31038138,60019717,2,3,1,1,15,1.08,789.75,1,1,0
2024,43,RS,4305108,Caxias do Sul,43018939,60036909,2,3,1,1,7,1.125,721.4416543,0,0,0
2024,29,BA,2930709,Simões Filho,29245492,60017630,2,3,1,1,4,1.0,667.75,0,0,0
2024,43,RS,4317301,Santa Vitória do Palmar,43080089,60038439,2,2,0,0,7,,,0,,
2024,23,CE,2306256,Itaitinga,23025125,60008135,2,3,1,1,11,1.0,786.86,1,1,0
2024,52,GO,5214051,Mundo Novo,52059545,60040856,2,3,1,1,10,1.0,774.5,1,1,0
2024,42,SC,4217006,São Ludgero,42012468,60036169,2,3,1,1,20,1.12,714.53,0,0,0
2024,35,SP,3550308,São Paulo,35386013,60031511,2,2,1,1,17,1.1,739.8047246,0,0,0
2024,35,SP,3536505,Paulínia,35214454,60028283,2,3,0,0,17,,,0,,
2024,23,CE,2304657,Graça,23031653,60007511,2,3,1,1,13,1.0,807.41,1,1,0
2024,31,MG,3106200,Belo Horizonte,31036309,60018059,2,3,1,1,15,1.33,719.42,0,0,0
2024,42,SC,4213708,Pouso Redondo,42081117,60036101,2,3,1,1,6,1.19,782.8,1,1,0
2024,15,PA,1508100,Tucuruí,15084584,60003634,2,3,1,1,20,1.13,690.71,0,0,0
2024,52,GO,5208707,Goiânia,52007495,60041791,2,3,0,0,3,,,0,,
2024,15,PA,1501709,Bragança,15017888,60003477,2,3,1,1,13,1.04,775.06,1,1,0
2024,35,SP,3550308,São Paulo,35400195,60031754,2,2,1,1,14,1.1,688.4916523,0,0,0
2024,33,RJ,3304557,Rio de Janeiro,33125465,60024995,2,3,1,1,18,1.1,676.82,0,0,0
2024,35,SP,3550308,São Paulo,35357951,60026817,2,3,1,1,6,1.3043478,669.0645367,0,0,0
2024,31,MG,3102852,Angelândia,31199020,60018459,2,3,0,0,20,,,0,,
2024,25,PB,2509503,Montadas,25024977,60010659,2,3,1,1,17,1.09,817.25,1,1,0
2024,53,DF,5300108,Brasília,53019426,60042487,2,2,1,1,11,1.13,759.57,1,1,0
2024,41,PR,4128104,Umuarama,41043442,60031905,2,3,1,1,11,1.23,688.94,0,0,0
2024,33,RJ,3304557,Rio de Janeiro,33107544,60024572,2,3,1,1,16,1.08,720.21,0,0,0
2024,29,BA,2928109,Santa Maria da Vitória,29224576,60017766,2,3,1,1,14,1.0,685.53,0,0,0
2024,23,CE,2310803,Pereiro,23004039,60009083,2,3,1,1,14,1.0,848.61,1,1,0
2024,35,SP,3517406,Guaíra,35020974,60030067,2,3,1,1,6,1.0,791.8228781,1,1,0
2024,42,SC,4201000,Anita Garibaldi,42054114,60036105,2,3,1,1,15,1.65,731.85,0,0,0
2024,43,RS,4316808,Santa Cruz do Sul,43073951,60038282,2,3,1,1,20,1.0,771.0072351,1,1,0
2024,27,AL,2704302,Maceió,27016542,60013628,2,3,1,1,7,1.04,709.52,0,0,0
2024,12,AC,1200401,Rio Branco,12009871,60000555,2,2,0,0,11,,,0,,
2024,33,RJ,3304557,Rio de Janeiro,33103957,60024440,2,3,1,1,4,1.04,781.55,1,1,0
2024,33,RJ,3303302,Niterói,33052269,60024253,2,3,1,1,16,1.29,759.63,1,1,0
2024,33,RJ,3306107,Valença,33093559,60023703,2,3,1,1,9,1.09,685.19,0,0,0
2024,35,SP,3540507,Porangaba,35031684,60029721,2,3,1,1,1,1.0,806.3990448,1,1,0
2024,52,GO,5218300,Posse,52048438,60041280,2,3,1,1,10,1.04,674.91,0,0,0
2024,23,CE,2300309,Acopiara,23053588,60008906,2,3,1,1,14,1.0,651.23,0,0,0
2024,12,AC,1200138,Bujari,12000918,60000455,2,3,1,1,1,1.14,658.52,0,0,0
2024,52,GO,5221403,Trindade,52034056,60041847,2,3,1,1,15,1.04,756.08,1,1,0
2024,26,PE,2611606,Recife,26047971,60012986,2,3,1,1,4,1.0,778.19,1,1,0
2024,35,SP,3513009,Cotia,35252939,60028668,2,3,1,1,17,1.1538462,679.0214256,0,0,0
2024,42,SC,4201307,Araquari,42004267,60034855,2,3,0,0,11,,,0,,
2024,26,PE,2601607,Belém do São Francisco,26067336,60012669,2,3,1,1,5,1.0,773.69,1,1,0
2024,15,PA,1501709,Bragança,15017778,60002563,2,3,1,1,20,1.9,750.14,1,1,0
2024,52,GO,5216809,Petrolina de Goiás,52014856,60041848,2,3,1,1,20,1.05,779.3,1,1,0
2024,35,SP,3510609,Carapicuíba,35247944,60026476,2,2,1,1,14,1.1538462,742.3263032,0,0,0
2024,29,BA,2928703,Santo Antônio de Jesus,29227955,60015818,2,3,0,0,2,,,0,,
2024,50,MS,5003306,Coxim,50017301,60039639,2,3,1,1,4,1.13,671.87,0,0,0
2024,31,MG,3152501,Pouso Alegre,31143925,60018813,2,3,1,1,11,1.08,747.72,1,1,0
2024,11,RO,1100809,Candeias do Jamari,11014325,60000238,2,3,1,1,19,1.3,794.65,1,1,0
2024,32,ES,3205309,Vitória,32008477,60022731,2,3,1,1,5,1.1,727.93,0,0,0
2024,32,ES,3200169,Água Doce do Norte,32030332,60022229,2,3,1,1,16,1.05,778.29,1,1,0
2024,35,SP,3548708,São Bernardo do Campo,35322384,60030306,2,3,1,1,12,1.1481481,804.5027257,1,1,0
2024,43,RS,4309308,Guaíba,43037013,60037336,2,2,1,1,18,1.15,664.8289876,0,0,0
2024,53,DF,5300108,Brasília,53027102,60042393,2,2,1,1,6,1.29,765.13,1,1,0
2024,52,GO,5200258,Águas Lindas de Goiás,52068580,60041657,2,3,0,0,21,,,0,,
2024,42,SC,4202909,Brusque,42013298,60035433,2,3,0,0,8,,,0,,
2024,27,AL,2704302,Maceió,27016216,60014005,2,3,1,1,1,1.0,713.82,0,0,0
2024,42,SC,4202305,Biguaçu,42006378,60036300,2,3,1,1,17,1.29,719.38,0,0,0
2024,13,AM,1302603,Manaus,13039120,60000804,2,3,1,1,3,1.12,659.45,0,0,0
2024,31,MG,3119401,Coronel Fabriciano,31138580,60020819,2,3,1,1,7,1.27,757.75,1,1,0
2024,35,SP,3504107,Atibaia,35034095,60031257,2,3,1,1,15,1.08,751.0540748,1,1,0
2024,50,MS,5000203,Água Clara,50036678,60040000,2,3,1,1,3,1.06,800.01,1,1,0
2024,41,PR,4105805,Colombo,41117838,60033444,2,3,1,1,18,1.09,758.7,1,1,0
2024,29,BA,2910206,Dom Macedo Costa,29064633,60015772,2,3,1,1,15,1.0,795.89,1,1,0
2024,35,SP,3550308,São Paulo,35339794,60026873,2,3,1,1,19,1.2916667,704.4654449,0,0,0
2024,35,SP,3525904,Jundiaí,35105337,60028096,2,3,1,1,1,1.1666667,806.3990448,1,1,0
2024,35,SP,3510609,Carapicuíba,35249172,60026618,2,2,1,1,1,1.0,806.3990448,1,1,0
2024,33,RJ,3304557,Rio de Janeiro,33112689,60024689,2,3,0,0,19,,,0,,
2024,35,SP,3550308,São Paulo,35371557,60026956,2,3,0,0,18,,,0,,
2024,50,MS,5002704,Campo Grande,50008263,60039982,2,3,1,1,18,1.15,789.48,1,1,0
2024,35,SP,3550308,São Paulo,35346621,60026916,2,3,1,1,16,1.1666667,790.7777766,1,1,0
2024,25,PB,2506905,Itabaiana,25008254,60010862,2,3,1,1,3,1.15,800.69,1,1,0
2024,29,BA,2908200,Conceição da Feira,29054745,60017820,2,3,0,0,10,,,0,,
2024,31,MG,3105608,Barbacena,31100471,60018341,2,3,1,1,9,1.0,771.03,1,1,0
2024,31,MG,3170206,Uberlândia,31074378,60020806,2,3,0,0,21,,,0,,
2024,33,RJ,3304557,Rio de Janeiro,33140689,60025620,2,3,1,1,6,1.04,777.18,1,1,0
2024,35,SP,3538709,Piracicaba,35138300,60031196,2,3,0,0,5,,,0,,
2024,41,PR,4101804,Araucária,41017669,60034188,2,3,1,1,4,1.2,757.91,1,1,0
2024,33,RJ,3304110,Porto Real,33073207,60025504,2,3,1,1,21,1.04,731.09,0,0,0
2024,50,MS,5008305,Três Lagoas,50038739,60040104,2,3,1,1,13,1.0,750.2,1,1,0
2024,42,SC,4212106,Palmitos,42066697,60036255,2,3,1,1,9,1.14,739.67,0,0,0
2024,29,BA,2920205,Malhada,29147860,60017373,2,3,1,1,5,1.0,765.53,1,1,0
2024,33,RJ,3304201,Resende,33073595,60025694,2,3,1,1,10,1.05,732.47,0,0,0
2024,26,PE,2613008,São Bento do Una,26013124,60011792,2,3,1,1,8,1.0,781.45,1,1,0
2024,31,MG,3106200,Belo Horizonte,31042444,60018111,2,3,1,1,1,1.57,731.7,0,0,0
2024,35,SP,3550308,São Paulo,35398589,60026625,2,2,1,1,14,1.1923077,752.0127388,1,1,0
2024,31,MG,3119401,Coronel Fabriciano,31155509,60021827,2,3,1,1,17,1.4,678.49,0,0,0
2024,26,PE,2616308,Vicência,26021737,60012117,2,3,1,1,13,1.0,720.25,0,0,0
2024,23,CE,2304400,Fortaleza,23059857,60008949,2,3,1,1,5,1.06,754.46,1,1,0
2024,53,DF,5300108,Brasília,53006667,60042343,2,2,1,1,9,1.4,687.47,0,0,0
2024,15,PA,1500800,Ananindeua,15011305,60002976,2,3,1,1,2,1.31,739.72,0,0,0
2024,43,RS,4308250,Floriano Peixoto,43027833,60039541,2,3,0,0,8,,,0,,
2024,29,BA,2904852,Cabaceiras do Paraguaçu,29028451,60017061,2,3,0,0,6,,,0,,
2024,35,SP,3509502,Campinas,35040171,60031485,2,2,1,1,2,1.037037,729.2118382,0,0,0
2024,15,PA,1502954,Eldorado do Carajás,15031247,60003222,2,3,0,0,20,,,0,,
2024,43,RS,4305108,Caxias do Sul,43018311,60036891,2,2,1,1,8,1.2,717.1312398,0,0,0
2024,29,BA,2927408,Salvador,29209123,60016117,2,3,1,1,14,1.0,715.81,0,0,0
2024,33,RJ,3303500,Nova Iguaçu,33059161,60024328,2,3,1,1,16,1.08,650.61,0,0,0
2024,51,MT,5102678,Campo Verde,51017445,60040835,2,3,1,1,10,1.04,730.72,0,0,0
2024,41,PR,4105805,Colombo,41042146,60033450,2,3,1,1,15,1.2,766.34,1,1,0
2024,41,PR,4101655,Arapuã,41111173,60032288,2,3,1,1,4,1.0,789.79,1,1,0
2024,21,MA,2101608,Barra do Corda,21049334,60005097,2,3,1,1,4,1.13,745.76,1,1,0
2024,50,MS,5004106,Guia Lopes da Laguna,50026285,60039798,2,3,1,1,19,1.13,808.15,1,1,0
2024,41,PR,4105805,Colombo,41042531,60033445,2,3,1,1,21,1.79,736.57,0,0,0
2024,15,PA,1506401,Santa Cruz do Arari,15067136,60001834,2,3,1,1,12,1.11,799.01,1,1,0
2024,33,RJ,3304557,Rio de Janeiro,33140423,60025488,2,3,1,1,5,1.21,787.9,1,1,0
2024,27,AL,2701100,Branquinha,27005577,60013812,2,3,0,0,16,,,0,,
2024,31,MG,3167202,Sete Lagoas,31159388,60020527,2,3,1,1,19,1.05,694.16,0,0,0
2024,35,SP,3550308,São Paulo,35389434,60025860,2,2,1,1,2,1.25,718.1474013,0,0,0
2024,53,DF,5300108,Brasília,53004501,60042363,2,2,1,1,17,1.22,731.09,0,0,0
2024,15,PA,1502301,Capitão Poço,15024977,60003036,2,3,1,1,20,1.38,740.9,0,0,0
2024,35,SP,3534906,Pacaembu,35001523,60028712,2,3,1,1,2,1.0,767.1472763,1,1,0
2024,33,RJ,3302304,Laje do Muriaé,33037168,60023165,2,3,1,1,15,1.35,767.98,1,1,0
2024,32,ES,3205309,Vitória,32008295,60022727,2,3,1,1,7,1.06,670.27,0,0,0
2024,15,PA,1506187,Rondon do Pará,15065347,60002667,2,3,1,1,13,1.29,717.66,0,0,0
2024,43,RS,4309308,Guaíba,43037097,60037339,2,3,1,1,3,1.3,751.6528012,1,1,0
2024,21,MA,2109452,Raposa,21002137,60005639,2,3,1,1,11,1.06,666.08,0,0,0
2024,35,SP,3519071,Hortolândia,35218415,60027482,2,3,1,1,10,1.0384615,720.9699076,0,0,0
2024,29,BA,2915601,Itamaraju,29110800,60016952,2,3,1,1,16,1.0,746.61,1,1,0
2024,13,AM,1302306,Jutaí,13013224,60000671,2,2,0,0,8,,,0,,
2024,35,SP,3508405,Cabreúva,35079892,60030490,2,3,1,1,13,1.05,766.6390827,1,1,0
2024,43,RS,4305108,Caxias do Sul,43018880,60036908,2,3,1,1,4,1.2,751.9040738,1,1,0
2024,31,MG,3106200,Belo Horizonte,31056967,60020938,2,3,1,1,11,1.18,771.07,1,1,0
2024,15,PA,1505536,Parauapebas,15059095,60003009,2,3,1,1,3,1.35,742.16,0,0,0
2024,35,SP,3550308,São Paulo,35368800,60028853,2,3,1,1,10,1.0714286,705.9523825,0,0,0
2024,31,MG,3106200,Belo Horizonte,31002649,60018066,2,3,1,1,13,1.14,801.1,1,1,0
2024,43,RS,4314902,Porto Alegre,43063344,60038034,2,2,1,1,12,1.5833333,733.0408859,0,0,0
2024,12,AC,1200344,Manoel Urbano,12003992,60000446,2,3,1,1,19,1.08,723.3,0,0,0
2024,35,SP,3504800,Bálsamo,35097491,60029190,2,3,1,1,8,1.2666667,782.5896032,1,1,0
2024,12,AC,1200401,Rio Branco,12011887,60000486,2,2,1,1,10,1.05,673.95,0,0,0
2024,41,PR,4119509,Piraquara,41126836,60034261,2,3,1,1,6,1.35,675.94,0,0,0
2024,35,SP,3550308,São Paulo,35402542,60025795,2,2,1,1,15,1.037037,785.1521365,1,1,0
2024,22,PI,2205003,Itainópolis,22019114,60006876,2,3,1,1,7,1.0,686.41,0,0,0
2024,29,BA,2923001,Nova Viçosa,29162450,60017781,2,3,1,1,7,1.0,750.72,1,1,0
2024,31,MG,3149952,Periquito,31043351,60018633,2,3,1,1,21,1.0,696.13,0,0,0
2024,35,SP,3550308,São Paulo,35381615,60031501,2,2,1,1,20,1.0344828,777.2838475,1,1,0
2024,35,SP,3551702,Sertãozinho,35205856,60029665,2,3,1,1,14,1.0526316,769.9912348,1,1,0
2024,33,RJ,3305802,Teresópolis,33091162,60023889,2,3,1,1,6,1.27,769.35,1,1,0
2024,42,SC,4208906,Jaraguá do Sul,42043026,60035545,2,3,1,1,2,1.35,819.0,1,1,0
2024,31,MG,3157807,Santa Luzia,31155719,60018233,2,3,1,1,11,1.21,719.96,0,0,0
2024,31,MG,3106705,Betim,31120038,60021055,2,3,1,1,3,1.09,759.79,1,1,0
2024,31,MG,3155801,Rio Pomba,31163154,60022183,2,3,1,1,20,1.08,792.71,1,1,0
2024,35,SP,3550308,São Paulo,35405905,60026965,2,3,1,1,10,1.3333333,756.4033459,1,1,0
2024,35,SP,3503208,Araraquara,35012010,60026368,2,2,1,1,15,1.1,740.2216024,0,0,0
2024,35,SP,3555000,Tupã,35228679,60031287,2,3,0,0,1,,,0,,
2024,41,PR,4115200,Maringá,41008088,60033959,2,3,1,1,16,1.17,800.15,1,1,0
2024,43,RS,4314407,Pelotas,43058644,60037888,2,2,1,1,10,1.3571429,773.0597551,1,1,0
2024,43,RS,4320107,Sarandi,43016305,60038761,2,3,1,1,8,1.5454545,682.3120594,0,0,0
2024,22,PI,2203305,Demerval Lobão,22029488,60006462,2,3,1,1,20,1.0,771.62,1,1,0
2024,52,GO,5209705,Hidrolândia,52021272,60041238,2,3,1,1,19,1.0,809.32,1,1,0
2024,41,PR,4100400,Almirante Tamandaré,41113834,60033360,2,3,1,1,17,1.2,710.21,0,0,0
2024,50,MS,5002704,Campo Grande,50002383,60039685,2,3,1,1,8,1.08,723.58,0,0,0
2024,42,SC,4208708,Jacinto Machado,42001330,60035380,2,3,1,1,12,1.17,764.43,1,1,0
2024,35,SP,3523107,Itaquaquecetuba,35288362,60030837,2,3,1,1,20,1.0740741,817.9763706,1,1,0
2024,31,MG,3110004,Caeté,31067767,60021966,2,3,1,1,11,1.58,769.48,1,1,0
2024,22,PI,2201200,Barras,22003340,60006259,2,3,1,1,6,1.0,719.96,0,0,0
2024,35,SP,3533502,Novo Horizonte,35060511,60027354,2,3,0,0,8,,,0,,
2024,35,SP,3550308,São Paulo,35349518,60025768,2,2,1,1,15,1.0,759.8327934,1,1,0
2024,25,PB,2501609,Barra de Santa Rosa,25025955,60010602,2,3,1,1,11,1.14,750.23,1,1,0
2024,33,RJ,3304557,Rio de Janeiro,33110669,60024960,2,3,1,1,5,1.19,682.59,0,0,0
2024,42,SC,4209607,Lauro Müller,42087002,60034672,2,3,1,1,10,1.17,831.01,1,1,0
2024,31,MG,3107307,Bocaiúva,31077591,60020856,2,3,1,1,10,1.13,779.29,1,1,0
2024,41,PR,4114609,Marechal Cândido Rondon,41062262,60032626,2,3,1,1,11,1.2,740.12,0,0,0
2024,29,BA,2924306,Piatã,29170434,60016265,2,3,1,1,11,1.0,666.25,0,0,0
2024,23,CE,2304400,Fortaleza,23089341,60009304,2,3,1,1,5,1.0,854.11,1,1,0
2024,15,PA,1502806,Curralinho,15029613,60001774,2,3,1,1,13,1.45,678.54,0,0,0
2024,35,SP,3509502,Campinas,35038907,60026608,2,2,1,1,18,1.047619,747.0978468,1,1,0
2024,35,SP,3550308,São Paulo,35370855,60026937,2,3,1,1,1,1.1666667,658.4057847,0,0,0
2024,35,SP,3549904,São José dos Campos,35189781,60027100,2,3,1,1,16,1.0,753.1089645,1,1,0
2024,29,BA,2910057,Dias d'Ávila,29063770,60015921,2,3,1,1,5,1.0,802.23,1,1,0
2024,31,MG,3130507,Ilicínea,31039568,60022200,2,3,1,1,6,1.21,721.48,0,0,0
2024,42,SC,4211900,Palhoça,42063959,60034485,2,2,1,1,17,1.3,737.03,0,0,0
2024,15,PA,1504422,Marituba,15044412,60002038,2,3,1,1,17,1.27,805.48,1,1,0
2024,31,MG,3131307,Ipatinga,31183343,60020363,2,3,1,1,14,1.14,762.93,1,1,0
2024,35,SP,3520509,Indaiatuba,35052930,60031266,2,3,1,1,18,1.09375,760.4714535,1,1,0
2024,21,MA,2104206,Fortuna,21046422,60005152,2,3,1,1,6,1.05,782.82,1,1,0
2024,50,MS,5001102,Aquidauana,50011489,60040029,2,3,1,1,7,1.14,790.92,1,1,0
2024,35,SP,3548708,São Bernardo do Campo,35318879,60028521,2,3,1,1,5,1.3125,743.015918,1,1,0
2024,31,MG,3118601,Contagem,31069361,60020851,2,3,0,0,19,,,0,,
2024,41,PR,4106902,Curitiba,41129473,60033527,2,3,1,1,9,1.33,725.1,0,0,0
2024,25,PB,2503209,Cabedelo,25014206,60010994,2,3,1,1,9,1.0,783.1,1,1,0
2024,35,SP,3552502,Suzano,35327348,60027874,2,3,0,0,2,,,0,,
2024,35,SP,3550308,São Paulo,35409282,60027033,2,3,1,1,9,1.2,839.4312324,1,1,0
2024,33,RJ,3304557,Rio de Janeiro,33141175,60024815,2,3,1,1,5,1.14,758.08,1,1,0
2024,35,SP,3504008,Assis,35014811,60027248,2,3,1,1,5,1.0434783,785.4631816,1,1,0
2024,15,PA,1502400,Castanhal,15025495,60003608,2,3,0,0,10,,,0,,
2024,42,SC,4209102,Joinville,42053555,60035886,2,3,1,1,18,1.19,657.42,0,0,0
2024,35,SP,3552502,Suzano,35328389,60029489,2,3,1,1,7,1.0526316,767.5550981,1,1,0
2024,31,MG,3149309,Pedro Leopoldo,31083167,60018306,2,3,1,1,17,1.09,690.93,0,0,0
2024,43,RS,4309555,Harmonia,43024599,60037356,2,3,1,1,14,1.0,771.802426,1,1,0
2024,53,DF,5300108,Brasília,53021133,60042350,2,2,1,1,7,1.08,824.53,1,1,0
2024,41,PR,4105805,Colombo,41060125,60034156,2,3,1,1,12,1.04,784.0,1,1,0
2024,35,SP,3550308,São Paulo,35436142,60031773,2,2,1,1,19,1.2142857,651.3082452,0,0,0
2024,15,PA,1508050,Trairão,15082644,60003622,2,3,1,1,16,1.11,777.86,1,1,0
2024,33,RJ,3300308,Barra do Piraí,33004379,60025237,2,3,1,1,2,1.16,741.86,0,0,0
2024,23,CE,2301851,Banabuiú,23070698,60008283,2,3,1,1,17,1.0,698.01,0,0,0
2024,43,RS,4317400,Santiago,43081130,60038443,2,2,1,1,13,1.05,812.5787987,1,1,0
2024,24,RN,2404606,Ielmo Marinho,24029330,60009853,2,2,1,1,11,1.22,695.32,0,0,0
2024,22,PI,2205508,José de Freitas,22029528,60006464,2,3,1,1,10,1.15,743.41,1,1,0
2024,13,AM,1302603,Manaus,13040730,60000929,2,2,1,1,17,1.3,810.64,1,1,0
2024,35,SP,3556305,Valparaíso,35010648,60028724,2,3,1,1,1,1.0740741,806.3990448,1,1,0
2024,23,CE,2306256,Itaitinga,23040325,60008142,2,3,1,1,17,1.0,762.96,1,1,0
2024,33,RJ,3304557,Rio de Janeiro,33117365,60024706,2,3,1,1,7,1.12,761.73,1,1,0
2024,26,PE,2607901,Jaboatão dos Guararapes,26038305,60012334,2,3,1,1,8,1.18,742.35,0,0,0
2024,33,RJ,3304557,Rio de Janeiro,33135260,60024720,2,3,1,1,8,1.04,767.08,1,1,0
2024,31,MG,3122306,Divinópolis,31188535,60018518,2,2,1,1,9,1.1,682.27,0,0,0
2024,15,PA,1502400,Castanhal,15026657,60002086,2,3,1,1,3,1.22,741.94,0,0,0
2024,22,PI,2207603,Parnaguá,22026295,60006798,2,3,1,1,15,1.17,777.83,1,1,0
2024,35,SP,3527108,Lins,35116729,60026428,2,2,1,1,7,1.0869565,777.8907441,1,1,0
2024,13,AM,1300060,Amaturá,13000325,60000648,2,3,1,1,13,1.11,704.95,0,0,0
2024,35,SP,3550308,São Paulo,35432286,60026529,2,2,0,0,2,,,0,,
2024,43,RS,4307708,Esteio,43029096,60037134,2,3,1,1,19,1.4666667,656.0559765,0,0,0
2024,42,SC,4211306,Navegantes,42061370,60035258,2,3,1,1,10,1.58,723.68,0,0,0
2024,31,MG,3118007,Congonhas,31141004,60020370,2,3,1,1,20,1.06,762.32,1,1,0
2024,41,PR,4106506,Coronel Vivida,41002313,60032983,2,3,1,1,9,1.04,763.62,1,1,0
2024,41,PR,4102901,Bituruna,41069787,60033236,2,3,0,0,5,,,0,,
2024,16,AP,1600600,Santana,16010053,60003835,2,3,1,1,10,1.08,694.29,0,0,0
2024,35,SP,3543105,Ribeirão Corrente,35066953,60028998,2,3,1,1,7,1.047619,815.354407,1,1,0
2024,35,SP,3522109,Itanhaém,35197429,60029612,2,3,1,1,15,1.3333333,698.472622,0,0,0
2024,35,SP,3550308,São Paulo,35410152,60027278,2,3,1,1,4,1.1481481,794.6656453,1,1,0
2024,51,MT,5102637,Campo Novo do Parecis,51033083,60040673,2,3,0,0,21,,,0,,
2024,51,MT,5107958,Tangará da Serra,51034791,60040309,2,3,1,1,7,1.14,766.05,1,1,0
2024,29,BA,2927408,Salvador,29203766,60016070,2,3,1,1,18,1.0,729.95,0,0,0
2024,28,SE,2806107,Rosário do Catete,28006829,60014601,2,3,1,1,6,1.05,795.88,1,1,0
2024,15,PA,1501402,Belém,15092917,60001979,2,2,1,1,19,1.04,772.32,1,1,0
2024,28,SE,2803500,Lagarto,28007540,60014590,2,3,1,1,11,1.04,742.64,0,0,0
2024,41,PR,4103909,Campina da Lagoa,41098650,60031943,2,3,1,1,1,1.0,871.77,1,1,0
2024,15,PA,1506138,Redenção,15064235,60002782,2,3,1,1,16,1.23,653.34,0,0,0
2024,33,RJ,3302403,Macaé,33041721,60023358,2,3,1,1,19,1.0,771.39,1,1,0
2024,52,GO,5218805,Rio Verde,52050966,60041454,2,3,1,1,17,1.0,792.98,1,1,0
2024,50,MS,5006606,Ponta Porã,50035208,60039864,2,3,1,1,14,1.0,805.49,1,1,0
2024,21,MA,2102903,Carutapera,21021985,60004740,2,3,1,1,8,1.07,712.76,0,0,0
2024,43,RS,4320008,Sapucaia do Sul,43092492,60038745,2,3,1,1,7,1.1176471,766.7055087,1,1,0
2024,31,MG,3118007,Congonhas,31097818,60022128,2,3,1,1,10,1.29,808.34,1,1,0
2024,23,CE,2300150,Acarape,23052150,60007834,2,3,1,1,6,1.11,806.71,1,1,0
2024,28,SE,2802908,Itabaiana,28003522,60014129,2,3,1,1,4,1.22,655.64,0,0,0
2024,32,ES,3205309,Vitória,32045172,60023073,2,3,1,1,7,1.04,793.86,1,1,0
2024,43,RS,4310330,Imbé,43095943,60037422,2,3,1,1,21,1.6666667,779.4316408,1,1,0
2024,32,ES,3201308,Cariacica,32019836,60022598,2,3,1,1,8,1.14,811.44,1,1,0
2024,35,SP,3550308,São Paulo,35338562,60029600,2,3,1,1,9,1.25,798.4823746,1,1,0
2024,26,PE,2605103,Custódia,26064755,60012679,2,3,1,1,8,1.04,696.35,0,0,0
2024,24,RN,2408102,Natal,24001903,60010056,2,2,0,0,14,,,0,,
2024,33,RJ,3301702,Duque de Caxias,33025253,60024031,2,3,1,1,11,1.36,779.61,1,1,0
2024,35,SP,3503208,Araraquara,35011524,60026362,2,2,1,1,3,1.1,695.5396014,0,0,0
2024,26,PE,2610004,Palmares,26023818,60012213,2,3,1,1,4,1.05,626.47,0,0,0
2024,50,MS,5004304,Iguatemi,50027664,60039944,2,3,1,1,2,1.04,754.67,1,1,0
2024,52,GO,5201108,Anápolis,52013665,60042105,2,3,1,1,14,1.39,801.64,1,1,0
2024,29,BA,2921609,Morpará,29154984,60014862,2,3,1,1,7,1.0,690.51,0,0,0
2024,31,MG,3170206,Uberlândia,31033993,60020141,2,3,1,1,6,1.21,772.97,1,1,0
2024,26,PE,2611606,Recife,26048828,60012462,2,3,1,1,4,1.2,788.55,1,1,0
2024,50,MS,5002704,Campo Grande,50001481,60039677,2,3,1,1,16,1.27,802.67,1,1,0
2024,42,SC,4205407,Florianópolis,42093811,60034412,2,3,1,1,12,1.34,610.03,0,0,0
2024,35,SP,3554201,Tejupá,35139490,60028229,2,3,1,1,12,1.0,813.6304086,1,1,0
2024,15,PA,1500800,Ananindeua,15009691,60001865,2,3,1,1,21,1.38,674.22,0,0,0
2024,21,MA,2102705,Cantanhede,21011537,60004681,2,3,1,1,15,1.04,767.31,1,1,0
2024,35,SP,3550308,São Paulo,35365757,60026984,2,3,1,1,20,1.1538462,770.0551016,1,1,0
2024,31,MG,3127701,Governador Valadares,31158316,60018673,2,2,1,1,16,1.04,839.08,1,1,0
2024,31,MG,3155603,Rio Pardo de Minas,31039590,60019264,2,3,1,1,6,1.04,729.97,0,0,0
2024,43,RS,4309209,Gravataí,43034242,60037281,2,2,0,0,10,,,0,,
2024,41,PR,4122008,Rio Azul,41080175,60033229,2,3,1,1,5,1.0,736.96,0,0,0
2024,33,RJ,3301702,Duque de Caxias,33025827,60024041,2,3,0,0,18,,,0,,
2024,31,MG,3139904,Maria da Fé,31033726,60018797,2,3,1,1,3,1.0,829.6,1,1,0
2024,50,MS,5007901,Sidrolândia,50014164,60039731,2,3,0,0,12,,,0,,
2024,33,RJ,3304557,Rio de Janeiro,33110543,60024634,2,3,1,1,13,1.33,809.51,1,1,0
2024,31,MG,3106200,Belo Horizonte,31122208,60018044,2,3,1,1,18,1.14,762.46,1,1,0
2024,31,MG,3142106,Miradouro,31107116,60019340,2,3,0,0,17,,,0,,
2024,23,CE,2302305,Bela Cruz,23026319,60007255,2,3,1,1,14,1.0,874.22,1,1,0
2024,21,MA,2112506,Tutóia,21062520,60004558,2,3,1,1,12,1.27,726.44,0,0,0
2024,25,PB,2504009,Campina Grande,25022231,60010760,2,3,0,0,6,,,0,,
2024,35,SP,3550308,São Paulo,35394249,60025827,2,2,1,1,17,1.0,789.7205371,1,1,0
2024,31,MG,3168002,Taiobeiras,31099256,60022203,2,3,1,1,15,1.04,766.76,1,1,0
2024,13,AM,1302603,Manaus,13047608,60001536,2,3,1,1,15,1.7,754.75,1,1,0
2024,35,SP,3550308,São Paulo,35431814,60026502,2,2,0,0,6,,,0,,
2024,35,SP,3547304,Santana de Parnaíba,35307704,60027904,2,3,1,1,6,1.030303,784.294626,1,1,0
2024,35,SP,3550308,São Paulo,35380387,60030365,2,2,1,1,2,1.1481481,775.9854331,1,1,0
2024,42,SC,4202206,Benedito Novo,42083479,60034791,2,2,1,1,4,1.1,750.58,1,1,0
2024,35,SP,3550308,São Paulo,35423450,60027710,2,3,1,1,18,1.2,831.7624227,1,1,0
2024,22,PI,2203602,Eliseu Martins,22025077,60006698,2,3,1,1,4,1.0,758.15,1,1,0
2024,42,SC,4215000,Rio Negrinho,42096593,60035669,2,3,1,1,9,1.19,720.47,0,0,0
2024,35,SP,3501301,Álvares Machado,35148198,60028594,2,3,1,1,18,1.1666667,768.5220739,1,1,0
2024,28,SE,2805505,Poço Verde,28013880,60014155,2,3,1,1,2,1.11,635.36,0,0,0
2024,13,AM,1303908,São Paulo de Olivença,13023190,60001399,2,3,1,1,7,1.11,787.47,1,1,0
2024,29,BA,2917706,Jaguarari,29122746,60014949,2,3,1,1,18,1.0,672.11,0,0,0
2024,15,PA,1506559,Santa Luzia do Pará,15068193,60003299,2,3,1,1,12,1.37,732.75,0,0,0
2024,35,SP,3529302,Matão,35013896,60027441,2,3,1,1,20,1.04,820.1008774,1,1,0
2024,15,PA,1502103,Cametá,15021011,60003436,2,3,0,0,9,,,0,,
2024,31,MG,3131307,Ipatinga,31094815,60020361,2,3,1,1,19,1.35,774.74,1,1,0
2024,51,MT,5103353,Confresa,51006967,60040245,2,3,1,1,3,1.43,755.79,1,1,0
2024,29,BA,2907103,Carinhanha,29049138,60017581,2,3,1,1,2,1.0,753.07,1,1,0
2024,26,PE,2611101,Petrolina,26070014,60011606,2,3,1,1,6,1.08,778.79,1,1,0
2024,26,PE,2611606,Recife,26047082,60012758,2,3,1,1,11,1.05,777.4,1,1,0
2024,52,GO,5208707,Goiânia,52008150,60041943,2,3,1,1,10,1.14,659.11,0,0,0
2024,26,PE,2612604,Santa Maria da Boa Vista,26074357,60011634,2,3,1,1,10,1.0,719.93,0,0,0
2024,28,SE,2802809,Indiaroba,28001732,60014465,2,3,1,1,17,1.08,737.08,0,0,0
2024,29,BA,2932002,Uauá,29254663,60017211,2,3,1,1,18,1.0,719.92,0,0,0
2024,35,SP,3552502,Suzano,35327050,60027637,2,3,1,1,4,1.1052632,749.0987423,1,1,0
2024,16,AP,1600238,Ferreira Gomes,16011279,60003863,2,3,1,1,13,1.19,677.97,0,0,0
2024,33,RJ,3301405,Conceição de Macabu,33071503,60023327,2,3,1,1,16,1.1,776.27,1,1,0
2024,35,SP,3552809,Taboão da Serra,35335504,60030012,2,3,1,1,4,1.09375,712.5946155,0,0,0
2024,43,RS,4305108,Caxias do Sul,43017963,60036882,2,3,1,1,10,1.1052632,820.415519,1,1,0
2024,15,PA,1504604,Mocajuba,15047098,60002364,2,3,1,1,2,1.39,748.34,1,1,0
2024,35,SP,3552205,Sorocaba,35209856,60027312,2,3,1,1,11,1.0833333,730.7359556,0,0,0
2024,21,MA,2104677,Governador Nunes Freire,21022896,60004726,2,3,1,1,16,1.24,776.59,1,1,0
2024,41,PR,4127106,Telêmaco Borba,41015719,60032462,2,3,1,1,13,1.11,775.28,1,1,0
2024,35,SP,3549805,São José do Rio Preto,35182739,60027998,2,3,1,1,14,1.2631579,816.1074947,1,1,0
2024,41,PR,4113700,Londrina,41089318,60034284,2,3,1,1,5,1.04,758.75,1,1,0
2024,35,SP,3556503,Várzea Paulista,35104136,60029437,2,3,1,1,6,1.0909091,792.7973069,1,1,0
2024,43,RS,4314902,Porto Alegre,43069177,60039486,2,3,1,1,17,1.5333333,711.5989159,0,0,0
2024,29,BA,2906105,Canápolis,29041633,60014670,2,3,1,1,3,1.0,689.79,0,0,0
2024,22,PI,2208858,Riacho Frio,22026464,60006797,2,3,1,1,16,1.0,842.48,1,1,0
2024,52,GO,5201405,Aparecida de Goiânia,52018353,60041609,2,3,1,1,4,1.07,748.04,1,1,0
2024,41,PR,4106902,Curitiba,41070899,60033532,2,3,1,1,7,1.0,758.46,1,1,0
2024,33,RJ,3304557,Rio de Janeiro,33131394,60025583,2,3,1,1,8,1.0,736.82,0,0,0
2024,43,RS,4318101,São Francisco de Assis,43081664,60038543,2,3,1,1,18,1.6153846,769.7823865,1,1,0
2024,28,SE,2807303,Telha,28013025,60014237,2,3,1,1,19,1.06,753.65,1,1,0
2024,21,MA,2107803,Parnarama,21063500,60005404,2,3,1,1,13,1.05,746.41,1,1,0
2024,27,AL,2706307,Palmeira dos Índios,27021850,60013384,2,3,1,1,20,1.17,711.01,0,0,0
2024,29,BA,2927408,Salvador,29203049,60016063,2,3,1,1,7,1.0,761.56,1,1,0
2024,35,SP,3548708,São Bernardo do Campo,35321054,60030184,2,3,1,1,16,1.08,762.5283928,1,1,0
2024,15,PA,1506807,Santarém,15073815,60003193,2,3,1,1,12,1.38,735.3,0,0,0
2024,22,PI,2205706,Luís Correia,22001289,60006379,2,3,1,1,4,1.06,707.24,0,0,0
2024,15,PA,1507904,Soure,15079381,60003295,2,3,1,1,21,1.04,746.09,1,1,0
2024,26,PE,2611507,Quipapá,26024102,60012219,2,3,1,1,16,1.0,722.81,0,0,0
2024,41,PR,4121901,Ribeirão do Pinhal,41066855,60032360,2,3,1,1,14,1.29,808.7,1,1,0
2024,35,SP,3518800,Guarulhos,35258807,60026009,2,3,1,1,2,1.3684211,751.3813194,1,1,0
2024,35,SP,3550308,São Paulo,35438200,60026498,2,2,1,1,12,1.1034483,797.1647403,1,1,0
2024,41,PR,4105805,Colombo,41059424,60033453,2,3,1,1,17,1.16,734.13,0,0,0
2024,33,RJ,3306305,Volta Redonda,33095914,60023646,2,3,1,1,14,1.13,689.53,0,0,0
2024,24,RN,2414704,Várzea,24021853,60009890,2,3,1,1,14,1.31,707.28,0,0,0
2024,35,SP,3547809,Santo André,35310158,60026138,2,2,1,1,3,1.0714286,787.5333119,1,1,0
2024,11,RO,1100940,Cujubim,11001649,60000239,2,3,1,1,7,1.0,738.23,0,0,0
2024,15,PA,1501402,Belém,15093687,60002021,2,3,1,1,12,1.53,736.33,0,0,0
2024,31,MG,3170206,Uberlândia,31125763,60021829,2,3,1,1,21,1.3,816.75,1,1,0
2024,31,MG,3162450,São João das Missões,31012082,60018858,2,3,1,1,19,4.09,750.79,1,1,0
2024,35,SP,3503802,Artur Nogueira,35109195,60028353,2,3,1,1,2,1.0869565,640.3654494,0,0,0
2024,27,AL,2704302,Maceió,27017757,60014018,2,3,1,1,3,1.08,781.8,1,1,0
2024,13,AM,1303536,Presidente Figueiredo,13019960,60001533,2,3,1,1,15,1.29,663.07,0,0,0
2024,23,CE,2304400,Fortaleza,23088933,60008124,2,3,1,1,5,1.0,846.61,1,1,0
2024,13,AM,1303809,São Gabriel da Cachoeira,13021788,60001279,2,3,1,1,20,1.09,793.68,1,1,0
2024,50,MS,5002704,Campo Grande,50004749,60039709,2,3,1,1,20,1.16,729.81,0,0,0
2024,31,MG,3135803,Jequitinhonha,31116382,60020283,2,2,1,1,8,1.0,802.49,1,1,0
2024,33,RJ,3304557,Rio de Janeiro,33137616,60024748,2,3,1,1,10,1.4,686.75,0,0,0
2024,31,MG,3156908,Sacramento,31048578,60020049,2,3,1,1,16,1.05,796.52,1,1,0
2024,33,RJ,3305802,Teresópolis,33090628,60023871,2,3,1,1,15,1.14,727.07,0,0,0
2024,41,PR,4110201,Inácio Martins,41068475,60034350,2,3,1,1,16,1.18,743.79,1,1,0
2024,50,MS,5006309,Paranaíba,50033075,60039752,2,3,1,1,20,1.0,673.05,0,0,0
2024,22,PI,2203909,Floriano,22020509,60006707,2,3,1,1,11,1.0,718.65,0,0,0
2024,29,BA,2918506,Jussara,29134376,60015042,2,3,1,1,21,1.0,784.3,1,1,0
2024,31,MG,3118007,Congonhas,31135259,60020375,2,3,1,1,6,1.07,798.91,1,1,0
2024,33,RJ,3304557,Rio de Janeiro,33110230,60024420,2,3,1,1,1,1.07,732.3,0,0,0
2024,35,SP,3543709,Rincão,35014436,60029470,2,3,1,1,2,1.1111111,837.8810989,1,1,0
2024,35,SP,3501608,Americana,35003461,60029037,2,3,1,1,11,1.0689655,705.059618,0,0,0
2024,43,RS,4303905,Campo Bom,43011224,60036671,2,3,1,1,5,1.0,771.4477009,1,1,0
2024,35,SP,3538006,Pindamonhangaba,35133251,60031215,2,3,1,1,5,1.0588235,744.6366925,1,1,0
2024,41,PR,4106902,Curitiba,41028769,60034359,2,3,1,1,20,1.36,735.54,0,0,0
2024,15,PA,1508001,Tomé-Açu,15082049,60002940,2,3,0,0,21,,,0,,
2024,50,MS,5008305,Três Lagoas,50038749,60040104,2,3,1,1,11,1.0,780.87,1,1,0
2024,43,RS,4304606,Canoas,43106618,60036773,2,3,1,1,18,1.1428571,670.7195057,0,0,0
2024,51,MT,5107602,Rondonópolis,51023799,60040692,2,3,1,1,21,1.22,745.06,1,1,0
2024,41,PR,4116802,Nova Cantu,41043319,60031959,2,3,1,1,16,1.33,802.3,1,1,0
2024,35,SP,3530706,Mogi Guaçu,35125689,60030733,2,3,1,1,11,1.0,822.2426004,1,1,0
2024,50,MS,5008305,Três Lagoas,50037418,60039764,2,3,1,1,18,1.0,775.65,1,1,0
2024,33,RJ,3304557,Rio de Janeiro,33140847,60024792,2,3,1,1,4,1.23,688.05,0,0,0
2024,13,AM,1302306,Jutaí,13013101,60000667,2,3,1,1,4,1.04,724.67,0,0,0
2024,31,MG,3106200,Belo Horizonte,31073308,60018140,2,3,1,1,13,1.17,780.0,1,1,0
2024,41,PR,4121703,Reserva,41111376,60032436,2,3,1,1,5,1.2,770.97,1,1,0
2024,25,PB,2512507,Queimadas,25012472,60010832,2,3,0,0,1,,,0,,
2024,41,PR,4106902,Curitiba,41078938,60033553,2,3,1,1,1,1.14,753.51,1,1,0
2024,35,SP,3552403,Sumaré,35215464,60026649,2,2,1,1,5,1.375,719.0545848,0,0,0
2024,28,SE,2800308,Aracaju,28015634,60014308,2,3,1,1,10,1.06,783.13,1,1,0
2024,15,PA,1507300,São Félix do Xingu,15075895,60002948,2,3,1,1,13,1.22,749.55,1,1,0
2024,15,PA,1501303,Barcarena,15014293,60003099,2,3,1,1,5,1.0,772.78,1,1,0
2024,11,RO,1100304,Vilhena,11018632,60000389,2,3,0,0,19,,,0,,
2024,35,SP,3505708,Barueri,35234384,60028177,2,3,1,1,1,1.1538462,748.0014653,1,1,0
2024,26,PE,2600054,Abreu e Lima,26025953,60012297,2,3,1,1,2,1.4,703.6,0,0,0
2024,22,PI,2211001,Teresina,22009895,60006540,2,3,1,1,12,1.11,717.89,0,0,0
2024,23,CE,2310001,Palhano,23036213,60008518,2,3,1,1,14,1.0,799.92,1,1,0
2024,15,PA,1505536,Parauapebas,15058266,60002963,2,3,1,1,2,1.14,757.73,1,1,0
2024,41,PR,4108809,Guaíra,41092012,60032601,2,3,1,1,18,1.04,775.94,1,1,0
2024,35,SP,3518800,Guarulhos,35262952,60027838,2,3,1,1,13,1.2083333,658.8006701,0,0,0
2024,25,PB,2507507,João Pessoa,25001080,60011035,2,3,1,1,3,1.29,776.4,1,1,0
2024,29,BA,2905206,Caetité,29927831,60016402,2,3,1,1,19,1.0,785.29,1,1,0
2024,32,ES,3205002,Serra,32003017,60022637,2,3,1,1,15,1.08,759.05,1,1,0
2024,15,PA,1500800,Ananindeua,15010768,60001851,2,2,0,0,19,,,0,,
2024,31,MG,3118601,Contagem,31132384,60018272,2,3,1,1,13,1.47,757.43,1,1,0
2024,22,PI,2211001,Teresina,22010978,60006560,2,3,0,0,20,,,0,,
2024,51,MT,5107040,Primavera do Leste,51018828,60040570,2,3,1,1,5,1.09,806.66,1,1,0
2024,21,MA,2110856,São Francisco do Brejão,21033283,60004947,2,3,1,1,18,1.0,763.74,1,1,0
2024,41,PR,4125506,São José dos Pinhais,41006304,60033714,2,3,0,0,19,,,0,,
2024,26,PE,2613008,São Bento do Una,26013282,60013041,2,3,1,1,2,1.0,772.45,1,1,0
2024,35,SP,3516408,Franco da Rocha,35245128,60031085,2,3,1,1,21,1.1071429,766.9518005,1,1,0
2024,35,SP,3552809,Taboão da Serra,35335738,60030173,2,3,1,1,4,1.1428571,685.685838,0,0,0
2024,29,BA,2916401,Itapetinga,29114800,60017127,2,3,1,1,18,1.0,770.67,1,1,0
2024,35,SP,3525904,Jundiaí,35106967,60028139,2,3,0,0,11,,,0,,
2024,32,ES,3205002,Serra,32004796,60023014,2,3,0,0,6,,,0,,
2024,35,SP,3520509,Indaiatuba,35051187,60028618,2,3,1,1,13,1.2380952,735.2165523,0,0,0
2024,35,SP,3544301,Roseira,35070500,60029367,2,3,1,1,12,1.0,745.8862991,1,1,0
2024,53,DF,5300108,Brasília,53019249,60042219,2,2,1,1,1,1.42,792.03,1,1,0
2024,51,MT,5103205,Colíder,51024800,60040635,2,3,1,1,7,1.08,742.82,0,0,0
2024,33,RJ,3303203,Nilópolis,33051703,60025634,2,3,1,1,16,1.17,804.06,1,1,0
2024,31,MG,3118304,Conselheiro Lafaiete,31145621,60020383,2,2,1,1,20,1.07,830.56,1,1,0
2024,43,RS,4309209,Gravataí,43036585,60039569,2,3,0,0,1,,,0,,
2024,35,SP,3549805,São José do Rio Preto,35182086,60025936,2,3,1,1,5,1.0769231,779.7525932,1,1,0
2024,52,GO,5217609,Planaltina,52061786,60041690,2,3,1,1,2,1.08,717.74,0,0,0
2024,21,MA,2103000,Caxias,21038942,60005712,2,3,0,0,18,,,0,,
2024,31,MG,3170107,Uberaba,31109710,60020057,2,3,1,1,9,1.0,727.83,0,0,0
2024,27,AL,2704302,Maceió,27014551,60013645,2,3,1,1,9,1.25,756.02,1,1,0
2024,33,RJ,3304557,Rio de Janeiro,33132739,60024710,2,3,0,0,12,,,0,,
2024,41,PR,4110706,Irati,41107515,60034007,2,3,1,1,19,1.08,709.31,0,0,0
2024,41,PR,4119905,Ponta Grossa,41102079,60032562,2,3,1,1,13,1.09,706.86,0,0,0
2024,35,SP,3509502,Campinas,35042460,60026693,2,2,1,1,7,1.16,787.3848695,1,1,0
2024,41,PR,4106902,Curitiba,41079171,60034252,2,3,1,1,18,1.52,727.87,0,0,0
2024,25,PB,2515930,Sertãozinho,25020093,60011201,2,3,1,1,16,1.14,796.34,1,1,0
2024,52,GO,5217609,Planaltina,52061894,60041714,2,3,1,1,19,1.0,805.23,1,1,0
2024,53,DF,5300108,Brasília,53024595,60042410,2,2,1,1,19,1.07,790.11,1,1,0
2024,35,SP,3501707,Américo Brasiliense,35011303,60031314,2,3,0,0,5,,,0,,
2024,31,MG,3107307,Bocaiúva,31065236,60019115,2,2,1,1,6,1.04,838.32,1,1,0
2024,26,PE,2611101,Petrolina,26071076,60012723,2,3,1,1,11,1.0,791.06,1,1,0
2024,21,MA,2100055,Açailândia,21030683,60004886,2,3,1,1,21,1.04,781.36,1,1,0
2024,42,SC,4202404,Blumenau,42007877,60034697,2,3,1,1,18,1.34,666.4,0,0,0
2024,50,MS,5002704,Campo Grande,50004373,60039707,2,3,1,1,8,1.0,722.3,0,0,0
2024,29,BA,2928406,Santa Rita de Cássia,29225228,60017647,2,3,1,1,10,1.0,751.65,1,1,0
2024,33,RJ,3304557,Rio de Janeiro,33148562,60024520,2,3,0,0,19,,,0,,
2024,41,PR,4122008,Rio Azul,41085107,60033225,2,3,1,1,14,1.07,772.07,1,1,0
2024,29,BA,2930105,Senhor do Bonfim,29907907,60014961,2,3,1,1,14,1.0,696.87,0,0,0
2024,33,RJ,3302502,Magé,33042866,60024165,2,3,0,0,19,,,0,,
2024,26,PE,2616100,Verdejante,26056381,60011460,2,3,1,1,17,1.0,773.09,1,1,0
2024,31,MG,3136702,Juiz de Fora,31027774,60019028,2,3,1,1,16,1.04,752.21,1,1,0
2024,51,MT,5107602,Rondonópolis,51022652,60040523,2,3,1,1,16,1.04,652.99,0,0,0
2024,35,SP,3553401,Tanabi,35099314,60029353,2,3,1,1,15,1.0588235,828.9904186,1,1,0
2024,24,RN,2414100,Tenente Ananias,24014851,60009684,2,3,1,1,11,1.0,761.57,1,1,0
2024,29,BA,2905701,Camaçari,29038624,60017790,2,3,1,1,15,1.0,740.11,0,0,0
2024,27,AL,2704302,Maceió,27015292,60014014,2,3,1,1,9,1.0,667.26,0,0,0
2024,31,MG,3170107,Uberaba,31185230,60020031,2,3,0,0,1,,,0,,
2024,41,PR,4113700,Londrina,41108703,60032222,2,3,0,0,1,,,0,,
2024,21,MA,2104206,Fortuna,21068138,60005163,2,3,1,1,20,1.0,744.14,1,1,0
2024,35,SP,3550308,São Paulo,35399559,60031488,2,2,0,0,19,,,0,,
2024,13,AM,1301605,Fonte Boa,13008364,60000666,2,2,1,1,12,1.04,759.62,1,1,0
2024,35,SP,3550308,São Paulo,35376202,60026700,2,2,0,0,5,,,0,,
2024,35,SP,3512407,Cordeirópolis,35109737,60028057,2,3,1,1,6,1.125,720.9004951,0,0,0
2024,41,PR,4104808,Cascavel,41128256,60032739,2,3,0,0,12,,,0,,
2024,42,SC,4202008,Balneário Camboriú,42003221,60036165,2,3,0,0,13,,,0,,
2024,23,CE,2305902,Ipueiras,23067617,60007595,2,3,1,1,21,1.0,892.54,1,1,0
2024,43,RS,4317301,Santa Vitória do Palmar,43079929,60038429,2,3,1,1,3,1.3333333,774.2433909,1,1,0
2024,12,AC,1200401,Rio Branco,12009304,60000475,2,3,1,1,17,1.11,743.35,1,1,0
2024,42,SC,4218004,Tijucas,42083227,60035864,2,3,0,0,6,,,0,,
2024,35,SP,3550308,São Paulo,35402431,60025794,2,2,1,1,14,1.0769231,831.6440295,1,1,0
2024,43,RS,4304200,Candelária,43011562,60036682,2,3,0,0,7,,,0,,
2024,15,PA,1500800,Ananindeua,15009046,60003137,2,3,1,1,11,1.07,747.34,1,1,0
2024,41,PR,4106456,Coronel Domingos Soares,41104073,60033148,2,3,1,1,19,1.2,686.4,0,0,0
2024,50,MS,5005202,Ladário,50016735,60040098,2,3,1,1,7,1.2,792.03,1,1,0
2024,42,SC,4208906,Jaraguá do Sul,42043431,60035829,2,3,1,1,8,1.51,784.96,1,1,0
2024,41,PR,4112009,Jaguariaíva,41093147,60033974,2,3,0,0,6,,,0,,
2024,25,PB,2508901,Mamanguape,25010507,60010908,2,3,1,1,6,1.0,777.83,1,1,0
2024,42,SC,4209102,Joinville,42053033,60034854,2,2,1,1,1,1.46,766.37,1,1,0
2024,29,BA,2924009,Paulo Afonso,29167510,60014829,2,3,1,1,17,1.0,687.83,0,0,0
2024,50,MS,5006275,Paraíso das Águas,50033001,60040079,2,3,1,1,5,1.0,772.12,1,1,0
2024,15,PA,1501402,Belém,15089889,60002895,2,2,1,1,18,1.06,767.21,1,1,0
2024,31,MG,3100906,Águas Formosas,31129169,60019855,2,2,1,1,3,1.13,782.38,1,1,0
2024,52,GO,5215652,Palestina de Goiás,52038351,60041874,2,3,1,1,21,1.0,757.63,1,1,0
2024,16,AP,1600501,Oiapoque,16000838,60003778,2,3,0,0,7,,,0,,
2024,52,GO,5219738,Santo Antônio de Goiás,52037500,60041246,2,3,1,1,4,1.0,784.32,1,1,0
2024,33,RJ,3304557,Rio de Janeiro,33112521,60024680,2,3,1,1,16,1.1,783.26,1,1,0
2024,15,PA,1500347,Água Azul do Norte,15003048,60003114,2,3,1,1,8,1.38,750.01,1,1,0
2024,32,ES,3201209,Cachoeiro de Itapemirim,32037458,60023003,2,3,1,1,11,1.06,770.61,1,1,0
2024,52,GO,5212501,Luziânia,52031610,60041642,2,3,1,1,6,1.0,792.08,1,1,0
2024,35,SP,3522208,Itapecerica da Serra,35275807,60029338,2,3,1,1,1,1.0952381,640.0635814,0,0,0
2024,26,PE,2614808,Tacaratu,26068357,60011653,2,3,1,1,7,1.04,729.52,0,0,0
2024,52,GO,5217401,Pires do Rio,52047046,60041559,2,3,1,1,3,1.15,806.91,1,1,0
2024,35,SP,3552205,Sorocaba,35212959,60031120,2,3,1,1,3,1.0769231,749.2820482,1,1,0
2024,31,MG,3118601,Contagem,31189582,60020668,2,3,1,1,9,2.09,738.78,0,0,0
2024,26,PE,2600203,Afrânio,26068470,60011572,2,3,1,1,11,1.0,769.81,1,1,0
2024,21,MA,2109809,Santa Helena,21036462,60004632,2,3,1,1,10,1.09,775.74,1,1,0
2024,42,SC,4218004,Tijucas,42083005,60035769,2,3,0,0,8,,,0,,
2024,43,RS,4322525,Vale Verde,43101064,60036323,2,3,1,1,6,1.0555556,794.1114489,1,1,0
2024,15,PA,1501402,Belém,15089483,60001973,2,3,0,0,19,,,0,,
2024,31,MG,3136702,Juiz de Fora,31130726,60018961,2,2,1,1,10,1.25,757.36,1,1,0
2024,31,MG,3155801,Rio Pomba,31077578,60022183,2,3,1,1,19,1.08,752.81,1,1,0
2024,31,MG,3157005,Salinas,31149156,60022194,2,3,1,1,15,1.13,779.29,1,1,0
2024,43,RS,4323002,Viamão,43105196,60039544,2,3,1,1,8,1.2,690.4332965,0,0,0
2024,22,PI,2203909,Floriano,22020460,60006705,2,3,1,1,20,1.0,763.89,1,1,0
2024,17,TO,1702554,Augustinópolis,17014228,60003887,2,3,1,1,2,1.1,754.88,1,1,0
2024,42,SC,4209102,Joinville,42053170,60035791,2,2,0,0,1,,,0,,
2024,35,SP,3549805,São José do Rio Preto,35183717,60028649,2,3,1,1,7,1.5,711.8686921,0,0,0
2024,26,PE,2614402,Solidão,26059151,60011514,2,3,1,1,17,1.15,802.65,1,1,0
2024,50,MS,5008305,Três Lagoas,50037527,60039766,2,3,1,1,14,1.04,778.01,1,1,0
2024,52,GO,5208707,Goiânia,52002081,60041150,2,3,1,1,10,1.2,777.89,1,1,0
2024,21,MA,2101202,Bacabal,21043649,60005711,2,3,1,1,17,1.07,711.05,0,0,0
2024,35,SP,3510609,Carapicuíba,35250112,60027665,2,3,1,1,7,1.3913043,764.7753926,1,1,0
2024,26,PE,2602605,Brejo da Madre de Deus,26001424,60013168,2,3,1,1,16,1.0,785.68,1,1,0
2024,35,SP,3515707,Ferraz de Vasconcelos,35325801,60031313,2,3,1,1,4,1.037037,809.628192,1,1,0
2024,35,SP,3552205,Sorocaba,35213855,60031332,2,3,1,1,15,1.0454545,828.9904186,1,1,0
2024,43,RS,4300638,Amaral Ferrador,43009899,60036402,2,2,1,1,7,1.0,672.142023,0,0,0
2024,24,RN,2404200,Goianinha,24018477,60010143,2,3,1,1,21,1.05,800.56,1,1,0
2024,31,MG,3127107,Frutal,31179001,60019996,2,3,1,1,14,1.0,738.0,0,0,0
2024,51,MT,5106109,Nossa Senhora do Livramento,51042593,60040402,2,3,1,1,1,1.0,784.16,1,1,0
2024,35,SP,3509502,Campinas,35043954,60027615,2,3,1,1,14,1.3,743.5951571,1,1,0
2024,33,RJ,3303955,Pinheiral,33097548,60023618,2,3,1,1,11,1.13,747.05,1,1,0
2024,35,SP,3508801,Cafelândia,35116038,60031123,2,3,1,1,9,1.1052632,693.6188608,0,0,0
2024,15,PA,1501402,Belém,15088610,60003101,2,3,1,1,17,1.2,774.02,1,1,0
2024,41,PR,4108650,Goioxim,41001363,60033048,2,3,1,1,8,1.1,792.33,1,1,0
2024,35,SP,3553005,Taguaí,35139424,60029714,2,3,1,1,13,1.0,828.7142278,1,1,0
2024,29,BA,2905701,Camaçari,29035497,60015885,2,3,1,1,17,1.0,675.11,0,0,0
2024,35,SP,3550308,São Paulo,35416075,60026920,2,3,1,1,12,1.0344828,712.9085317,0,0,0
2024,23,CE,2304400,Fortaleza,23007007,60009298,2,3,1,1,10,1.0,803.68,1,1,0
2024,31,MG,3135100,Janaúba,31045771,60020603,2,2,1,1,13,1.16,799.41,1,1,0
2024,15,PA,1501709,Bragança,15017668,60002977,2,3,1,1,13,1.35,735.52,0,0,0
2024,43,RS,4323002,Viamão,43104226,60039108,2,3,1,1,1,1.2666667,730.0053585,0,0,0
2024,15,PA,1505437,Ourilândia do Norte,15054239,60002676,2,3,1,1,5,1.12,758.3,1,1,0
2024,31,MG,3129806,Ibirité,31123375,60018289,2,3,1,1,18,1.41,758.56,1,1,0
2024,13,AM,1302603,Manaus,13045591,60000853,2,3,1,1,15,1.11,748.94,1,1,0
2024,53,DF,5300108,Brasília,53002903,60042321,2,2,1,1,12,1.23,782.44,1,1,0
2024,43,RS,4303905,Campo Bom,43011294,60036673,2,3,1,1,6,1.125,790.906039,1,1,0
2024,35,SP,3509502,Campinas,35046072,60031521,2,2,1,1,2,1.16,837.8810989,1,1,0
2024,15,PA,1502202,Capanema,15024208,60002223,2,3,1,1,12,1.0,771.49,1,1,0
2024,35,SP,3544509,Rubinéia,35092964,60028097,2,3,1,1,9,1.0625,758.7751545,1,1,0
2024,28,SE,2800308,Aracaju,28017698,60014600,2,3,1,1,19,1.2,721.99,0,0,0
2024,31,MG,3130051,Icaraí de Minas,31160025,60018903,2,2,1,1,20,1.07,799.69,1,1,0
2024,35,SP,3509502,Campinas,35041655,60026328,2,2,1,1,2,1.2222222,774.510369,1,1,0
2024,35,SP,3550308,São Paulo,35442836,60031787,2,2,1,1,3,1.0,839.1520726,1,1,0
2024,31,MG,3106200,Belo Horizonte,31061414,60018062,2,3,1,1,9,1.18,750.36,1,1,0
2024,51,MT,5101704,Barra do Bugres,51032490,60040840,2,3,0,0,19,,,0,,
2024,42,SC,4214151,Princesa,42078745,60036032,2,3,1,1,7,1.22,719.64,0,0,0
2024,52,GO,5205513,Cocalzinho de Goiás,52013952,60041862,2,3,1,1,11,1.0,722.08,0,0,0
2024,15,PA,1505536,Parauapebas,15099014,60002708,2,3,1,1,6,1.22,746.43,1,1,0
2024,41,PR,4115804,Medianeira,41118258,60032844,2,3,1,1,18,1.0,768.81,1,1,0
2024,13,AM,1303569,Rio Preto da Eva,13020664,60000947,2,3,1,1,6,1.14,763.11,1,1,0
2024,23,CE,2304400,Fortaleza,23063109,60008053,2,3,1,1,3,1.1,843.31,1,1,0
2024,21,MA,2100832,Apicum-Açu,21033825,60004275,2,3,1,1,5,1.31,787.64,1,1,0
2024,21,MA,2109601,Rosário,21016830,60005837,2,3,1,1,17,1.29,746.71,1,1,0
2024,21,MA,2103554,Conceição do Lago-Açu,21044379,60005607,2,3,1,1,6,1.15,739.0,0,0,0
2024,31,MG,3112604,Capinópolis,31055056,60020411,2,3,1,1,13,1.0,757.0,1,1,0
2024,15,PA,1503309,Igarapé-Miri,15033605,60002350,2,3,0,0,15,,,0,,
2024,42,SC,4202107,Barra Velha,42005432,60034881,2,3,1,1,3,1.91,659.12,0,0,0
2024,23,CE,2312908,Sobral,23031938,60009182,2,3,1,1,15,1.06,879.36,1,1,0
2024,41,PR,4109401,Guarapuava,41025571,60034017,2,3,1,1,7,1.0,770.04,1,1,0
2024,35,SP,3530607,Mogi das Cruzes,35295600,60026951,2,3,0,0,2,,,0,,
2024,23,CE,2304400,Fortaleza,23039009,60008944,2,3,1,1,3,1.0,773.39,1,1,0
2024,50,MS,5004502,Itaporã,50023641,60039848,2,3,1,1,7,1.04,791.5,1,1,0
2024,35,SP,3550308,São Paulo,35364695,60026896,2,3,1,1,3,1.0769231,798.9728473,1,1,0
2024,29,BA,2932309,Ubatã,29255798,60016890,2,3,1,1,11,1.0,738.65,0,0,0
2024,35,SP,3550308,São Paulo,35352130,60025887,2,2,1,1,6,1.0,791.8228781,1,1,0
2024,35,SP,3554102,Taubaté,35225383,60029113,2,3,1,1,10,1.0,702.1919427,0,0,0
2024,31,MG,3104007,Araxá,31119720,60020885,2,3,0,0,9,,,0,,
2024,52,GO,5201108,Anápolis,52013578,60042105,2,3,1,1,7,1.17,684.52,0,0,0
2024,41,PR,4106902,Curitiba,41113342,60034285,2,3,1,1,19,1.4,765.9,1,1,0
2024,42,SC,4207502,Indaial,42036460,60034765,2,2,1,1,7,1.28,820.48,1,1,0
2024,11,RO,1100114,Jaru,11005529,60000328,2,3,1,1,16,1.08,710.8,0,0,0
2024,41,PR,4115200,Maringá,41002092,60032097,2,3,1,1,12,1.11,771.82,1,1,0
2024,31,MG,3118304,Conselheiro Lafaiete,31107921,60020652,2,3,1,1,20,1.08,793.47,1,1,0
2024,43,RS,4307708,Esteio,43030139,60039162,2,3,1,1,2,1.6666667,834.6088838,1,1,0
2024,42,SC,4218004,Tijucas,42082911,60035449,2,3,0,0,12,,,0,,
2024,33,RJ,3303906,Petrópolis,33068991,60025321,2,3,1,1,5,1.38,731.81,0,0,0
2024,33,RJ,3301702,Duque de Caxias,33029184,60024070,2,3,1,1,8,1.15,750.05,1,1,0
2024,26,PE,2609600,Olinda,26029634,60012417,2,3,1,1,1,1.0,817.91,1,1,0
2024,31,MG,3170206,Uberlândia,31193756,60020141,2,3,1,1,2,1.21,780.61,1,1,0
2024,21,MA,2106326,Maracaçumé,21023376,60005875,2,3,1,1,1,1.0,774.91,1,1,0
2024,41,PR,4119509,Piraquara,41054791,60033667,2,3,0,0,13,,,0,,
2024,53,DF,5300108,Brasília,53019917,60042487,2,2,1,1,18,1.39,741.71,0,0,0
2024,29,BA,2917508,Jacobina,29120247,60015087,2,3,1,1,17,1.0,745.08,1,1,0
2024,41,PR,4106902,Curitiba,41052962,60034332,2,3,0,0,5,,,0,,
2024,50,MS,5002704,Campo Grande,50000204,60039659,2,3,1,1,12,1.0,783.84,1,1,0
2024,52,GO,5209101,Goiatuba,52055363,60041499,2,3,1,1,13,1.05,766.5,1,1,0
2024,29,BA,2914653,Itabela,29102820,60016937,2,3,1,1,5,1.0,717.11,0,0,0
2024,29,BA,2927408,Salvador,29217042,60017489,2,3,1,1,5,1.0,779.71,1,1,0
2024,23,CE,2307700,Maranguape,23053419,60008169,2,3,1,1,20,1.21,632.78,0,0,0
2024,25,PB,2507507,João Pessoa,25003296,60011072,2,3,1,1,15,1.1,697.63,0,0,0
2024,33,RJ,3303500,Nova Iguaçu,33058083,60024321,2,3,1,1,9,1.14,728.89,0,0,0
2024,15,PA,1504976,Nova Ipixuna,15050363,60002944,2,3,1,1,20,1.17,746.73,1,1,0
2024,29,BA,2908903,Coração de Maria,29057846,60015206,2,3,1,1,11,1.0,680.63,0,0,0
2024,31,MG,3136306,João Pinheiro,31187863,60019468,2,2,1,1,19,1.03,838.11,1,1,0
2024,13,AM,1301902,Itacoatiara,13012189,60000955,2,3,1,1,16,1.05,697.64,0,0,0
2024,43,RS,4307005,Erechim,43026919,60037091,2,3,1,1,7,1.1,759.6019155,1,1,0
2024,13,AM,1300409,Barcelos,13002044,60001174,2,3,1,1,10,1.06,731.8,0,0,0
2024,35,SP,3550308,São Paulo,35365461,60026976,2,3,1,1,2,1.1111111,774.510369,1,1,0
2024,50,MS,5002704,Campo Grande,50006477,60039946,2,3,1,1,3,1.13,757.09,1,1,0
2024,33,RJ,3305554,Seropédica,33089196,60023952,2,3,0,0,4,,,0,,
2024,33,RJ,3304557,Rio de Janeiro,33106910,60024774,2,3,1,1,19,1.44,763.26,1,1,0
2024,51,MT,5107909,Sinop,51027948,60040538,2,3,1,1,17,1.08,680.61,0,0,0
2024,31,MG,3104007,Araxá,31025622,60022167,2,3,1,1,11,1.12,749.99,1,1,0
2024,21,MA,2112308,Tuntum,21048749,60006199,2,3,1,1,13,1.31,772.56,1,1,0
2024,23,CE,2304400,Fortaleza,23087753,60009358,2,3,1,1,3,1.0,774.19,1,1,0
2024,35,SP,3553708,Taquaritinga,35222792,60029005,2,3,1,1,8,1.4375,723.5696458,0,0,0
2024,31,MG,3102407,Alvorada de Minas,31197269,60018416,2,2,1,1,5,1.04,770.36,1,1,0
2024,31,MG,3166501,Serra Azul de Minas,31029820,60018447,2,2,1,1,15,1.0,758.87,1,1,0
2024,29,BA,2927408,Salvador,29198921,60016018,2,3,1,1,13,1.0,691.12,0,0,0
2024,35,SP,3505708,Barueri,35235087,60028839,2,3,1,1,3,1.0344828,779.57862,1,1,0
2024,11,RO,1100189,Pimenta Bueno,11015216,60000375,2,3,1,1,12,1.13,766.13,1,1,0
2024,43,RS,4314902,Porto Alegre,43066471,60038112,2,2,1,1,21,1.375,746.3743413,1,1,0
2024,35,SP,3550308,São Paulo,35367779,60027014,2,3,1,1,16,1.16,662.6051816,0,0,0
2024,53,DF,5300108,Brasília,53005899,60042293,2,2,1,1,21,1.43,624.67,0,0,0
2024,35,SP,3509502,Campinas,35045315,60031424,2,2,1,1,5,1.3,831.9015386,1,1,0
2024,15,PA,1508001,Tomé-Açu,15081969,60002957,2,3,1,1,15,1.05,676.55,0,0,0
2024,35,SP,3532801,Nova Aliança,35099020,60028596,2,3,1,1,4,1.1052632,797.3074561,1,1,0
2024,33,RJ,3304524,Rio das Ostras,33075420,60025717,2,3,1,1,4,1.17,750.46,1,1,0
2024,35,SP,3550308,São Paulo,35348579,60030845,2,3,1,1,7,1.0714286,758.1850151,1,1,0
2024,15,PA,1505536,Parauapebas,15056973,60003640,2,3,1,1,8,1.18,734.72,0,0,0
2024,35,SP,3522307,Itapetininga,35071522,60026747,2,2,1,1,11,1.0,670.8169099,0,0,0
2024,53,DF,5300108,Brasília,53023400,60042244,2,2,1,1,12,1.76,776.14,1,1,0
2024,52,GO,5209101,Goiatuba,52055636,60041514,2,3,1,1,9,1.0,686.16,0,0,0
2024,29,BA,2917003,Itiúba,29117128,60014933,2,3,1,1,18,1.0,682.16,0,0,0
2024,41,PR,4126678,Tamarana,41066312,60032217,2,3,0,0,20,,,0,,
2024,29,BA,2908903,Coração de Maria,29058055,60017340,2,3,1,1,3,1.0,653.61,0,0,0
2024,41,PR,4119509,Piraquara,41026262,60033657,2,3,1,1,5,1.08,724.78,0,0,0
2024,24,RN,2404309,Governador Dix-Sept Rosado,24009836,60009590,2,3,1,1,9,1.11,780.7,1,1,0
2024,43,RS,4317608,Santo Antônio da Patrulha,43083224,60038486,2,2,1,1,6,1.1,664.8030174,0,0,0
2024,33,RJ,3304524,Rio das Ostras,33074803,60025501,2,3,1,1,19,1.19,747.61,1,1,0
2024,31,MG,3115805,Centralina,31103555,60021159,2,3,1,1,5,1.23,784.62,1,1,0
2024,42,SC,4201901,Aurora,42041715,60034889,2,2,1,1,17,1.41,713.61,0,0,0
2024,22,PI,2211001,Teresina,22009949,60006541,2,3,0,0,4,,,0,,
2024,22,PI,2211001,Teresina,22011088,60006562,2,3,1,1,8,1.03,745.28,1,1,0
2024,21,MA,2111508,São Mateus do Maranhão,21042443,60005073,2,3,1,1,14,1.12,744.63,1,1,0
2024,26,PE,2603454,Camaragibe,26036089,60012317,2,3,1,1,7,1.0,753.27,1,1,0
2024,31,MG,3145208,Nova Serrana,31106572,60021800,2,3,1,1,20,1.15,763.13,1,1,0
2024,23,CE,2303501,Cascavel,23014706,60007949,2,3,1,1,16,1.0,805.83,1,1,0
2024,42,SC,4215802,São Bento do Sul,42073732,60036243,2,3,0,0,14,,,0,,
2024,43,RS,4322707,Vera Cruz,43012072,60039053,2,3,1,1,18,1.0,743.5101284,1,1,0
2024,31,MG,3145208,Nova Serrana,31045696,60021800,2,3,1,1,6,1.08,699.35,0,0,0
2024,41,PR,4106902,Curitiba,41031845,60033575,2,3,1,1,11,1.15,786.8,1,1,0
2024,35,SP,3547809,Santo André,35312786,60027385,2,3,1,1,4,1.25,763.3472563,1,1,0
2024,29,BA,2933059,Várzea da Roça,29259881,60015184,2,3,0,0,19,,,0,,
2024,31,MG,3148103,Patrocínio,31005937,60020451,2,2,1,1,18,1.13,741.81,0,0,0
2024,52,GO,5208707,Goiânia,52003779,60041188,2,3,1,1,19,1.04,788.41,1,1,0
2024,35,SP,3550308,São Paulo,35384926,60029752,2,2,1,1,2,1.1666667,690.3352872,0,0,0
2024,41,PR,4124020,Santa Tereza do Oeste,41046162,60034102,2,3,1,1,6,1.25,760.09,1,1,0
2024,35,SP,3524402,Jacareí,35090367,60029394,2,3,1,1,12,1.0909091,775.5116109,1,1,0
2024,23,CE,2310852,Pindoretama,23062990,60007959,2,3,1,1,1,1.06,708.78,0,0,0
2024,52,GO,5217401,Pires do Rio,52046849,60041554,2,3,1,1,11,1.45,836.73,1,1,0
2024,33,RJ,3305505,Saquarema,33087577,60025492,2,3,1,1,11,1.1,802.45,1,1,0
2024,35,SP,3515707,Ferraz de Vasconcelos,35324381,60029751,2,3,1,1,6,1.2,801.7269563,1,1,0
2024,42,SC,4208906,Jaraguá do Sul,42043612,60035539,2,3,0,0,7,,,0,,
2024,24,RN,2409704,Pedro Avelino,24028171,60009738,2,3,1,1,21,1.0,691.6,0,0,0
2024,35,SP,3504503,Avaré,35017554,60027310,2,3,1,1,6,1.0,792.7973069,1,1,0
2024,35,SP,3502804,Araçatuba,35009779,60029440,2,3,0,0,13,,,0,,
2024,31,MG,3149705,Perdigão,31173587,60018575,2,3,1,1,6,1.0,805.74,1,1,0
2024,43,RS,4313300,Nova Prata,43048063,60037613,2,2,1,1,11,1.0666667,758.4561434,1,1,0
2024,33,RJ,3303609,Paracambi,33065266,60023772,2,3,1,1,3,1.22,671.99,0,0,0
2024,25,PB,2507507,João Pessoa,25002613,60011062,2,3,1,1,7,1.18,793.99,1,1,0
2024,29,BA,2925303,Porto Seguro,29177386,60017001,2,3,1,1,21,1.0,713.22,0,0,0
2024,35,SP,3550308,São Paulo,35414308,60026883,2,3,1,1,10,1.037037,667.8923352,0,0,0
2024,41,PR,4102604,Barracão,41080423,60032902,2,3,1,1,18,1.17,768.0,1,1,0
2024,52,GO,5220454,Senador Canedo,52022749,60041908,2,3,1,1,10,1.09,830.97,1,1,0
2024,23,CE,2303709,Caucaia,23047441,60008017,2,3,1,1,14,1.0,827.27,1,1,0
2024,31,MG,3162104,São Gotardo,31049112,60021981,2,3,0,0,7,,,0,,
2024,35,SP,3550308,São Paulo,35386045,60031511,2,2,1,1,2,1.1428571,652.5632574,0,0,0
2024,15,PA,1507458,São Geraldo do Araguaia,15076702,60003011,2,3,1,1,10,1.15,748.82,1,1,0
2024,50,MS,5007976,Taquarussu,50040208,60040004,2,3,1,1,15,1.0,730.21,0,0,0
2024,41,PR,4116208,Morretes,41052845,60033764,2,3,1,1,5,1.11,750.47,1,1,0
2024,32,ES,3203320,Marataízes,32039099,60022900,2,3,1,1,13,1.05,803.92,1,1,0
2024,35,SP,3531902,Morro Agudo,35179011,60029601,2,3,1,1,9,1.0,765.1897289,1,1,0
2024,29,BA,2933307,Vitória da Conquista,29264053,60016602,2,3,0,0,18,,,0,,
2024,13,AM,1301001,Carauari,13005319,60000697,2,3,1,1,1,1.15,777.67,1,1,0
2024,35,SP,3510609,Carapicuíba,35250623,60031576,2,2,1,1,21,1.0645161,783.5575309,1,1,0
2024,35,SP,3550308,São Paulo,35442204,60031761,2,2,1,1,7,1.24,771.8384423,1,1,0
2024,43,RS,4305108,Caxias do Sul,43018628,60036902,2,3,1,1,14,1.1578947,771.802426,1,1,0
2024,31,MG,3139607,Mantena,31040005,60018702,2,3,1,1,12,1.24,767.06,1,1,0
2024,50,MS,5003207,Corumbá,50015866,60039916,2,3,1,1,15,1.11,773.0,1,1,0
2024,29,BA,2919157,Lapão,29135901,60015046,2,3,1,1,10,1.0,734.87,0,0,0
2024,35,SP,3550308,São Paulo,35402347,60025793,2,2,1,1,17,1.0740741,841.5334348,1,1,0
2024,17,TO,1702109,Araguaína,17008269,60003931,2,3,1,1,7,1.38,822.79,1,1,0
2024,28,SE,2800308,Aracaju,28016642,60014347,2,3,1,1,18,1.0,726.52,0,0,0
2024,31,MG,3106200,Belo Horizonte,31034553,60018097,2,3,1,1,12,1.0,759.84,1,1,0
2024,11,RO,1100205,Porto Velho,11012814,60000346,2,3,1,1,14,1.13,740.76,0,0,0
2024,31,MG,3124203,Espera Feliz,31128242,60019324,2,2,1,1,13,1.0,759.55,1,1,0
2024,51,MT,5101902,Brasnorte,51011277,60040114,2,3,1,1,10,1.12,824.89,1,1,0
2024,35,SP,3517307,Guaimbê,35116250,60029294,2,3,1,1,18,1.0,806.5225986,1,1,0
2024,21,MA,2111300,São Luís,21009697,60005887,2,3,1,1,9,1.07,786.44,1,1,0
2024,42,SC,4209102,Joinville,42054012,60034792,2,3,1,1,8,1.27,779.74,1,1,0
2024,52,GO,5221858,Valparaíso de Goiás,52066860,60042008,2,3,1,1,14,1.06,727.05,0,0,0
2024,35,SP,3537107,Pedreira,35127037,60031180,2,3,1,1,8,1.04,836.0824247,1,1,0
2024,33,RJ,3300100,Angra dos Reis,33000025,60023727,2,3,1,1,12,1.0,779.27,1,1,0
2024,33,RJ,3303500,Nova Iguaçu,33061464,60024323,2,3,1,1,8,1.21,695.89,0,0,0
2024,29,BA,2924678,Piraí do Norte,29172906,60017131,2,3,0,0,14,,,0,,
2024,29,BA,2910727,Eunápolis,29069703,60016931,2,3,0,0,15,,,0,,
2024,35,SP,3522703,Itápolis,35221925,60030038,2,3,1,1,21,1.0,766.1188036,1,1,0
2024,51,MT,5107958,Tangará da Serra,51035335,60040689,2,3,1,1,12,1.18,643.38,0,0,0
2024,43,RS,4318705,São Leopoldo,43088258,60038626,2,3,0,0,15,,,0,,
2024,50,MS,5002704,Campo Grande,50006264,60039929,2,3,1,1,1,1.04,752.22,1,1,0
2024,35,SP,3522208,Itapecerica da Serra,35275565,60028721,2,3,1,1,16,1.0294118,758.7909786,1,1,0
2024,43,RS,4322509,Vacaria,43100122,60039010,2,3,1,1,21,1.1666667,797.8182019,1,1,0
2024,31,MG,3172004,Visconde do Rio Branco,31079026,60020267,2,2,1,1,11,1.0,775.22,1,1,0
2024,35,SP,3530607,Mogi das Cruzes,35295317,60026764,2,3,1,1,10,1.0454545,744.0472101,1,1,0
2024,41,PR,4106902,Curitiba,41076358,60033533,2,3,1,1,10,1.11,744.65,1,1,0
2024,41,PR,4125506,São José dos Pinhais,41125795,60033874,2,3,1,1,2,1.04,747.21,1,1,0
2024,35,SP,3551009,São Vicente,35200816,60028212,2,3,1,1,16,1.3181818,746.7409389,1,1,0
2024,31,MG,3118601,Contagem,31067324,60021499,2,3,1,1,11,1.17,776.09,1,1,0
2024,35,SP,3518800,Guarulhos,35259245,60026137,2,3,1,1,10,1.1923077,732.1020519,0,0,0
2024,21,MA,2103208,Chapadinha,21068698,60005266,2,3,1,1,13,1.04,707.68,0,0,0
2024,26,PE,2606804,Igarassu,26026870,60012256,2,3,1,1,10,1.0,664.55,0,0,0
2024,23,CE,2303709,Caucaia,23071470,60008022,2,3,1,1,13,1.0,759.82,1,1,0
2024,12,AC,1200203,Cruzeiro do Sul,12001452,60000401,2,3,1,1,13,1.28,703.5,0,0,0
2024,43,RS,4315602,Rio Grande,43070319,60038187,2,3,1,1,17,1.0,690.8278612,0,0,0
2024,29,BA,2901908,Aporá,29008322,60015621,2,3,1,1,6,1.0,691.35,0,0,0
2024,43,RS,4304705,Carazinho,43015807,60036830,2,2,1,1,2,1.1111111,750.0855568,1,1,0
2024,31,MG,3144003,Mutum,31152070,60019067,2,2,1,1,20,1.33,770.58,1,1,0
2024,29,BA,2909901,Curaçá,29901948,60014729,2,3,0,0,10,,,0,,
2024,51,MT,5107040,Primavera do Leste,51018558,60040568,2,3,1,1,3,1.0,698.64,0,0,0
2024,43,RS,4311304,Lagoa Vermelha,43046039,60037496,2,2,1,1,17,1.0,768.3798507,1,1,0
2024,23,CE,2304400,Fortaleza,23076693,60008123,2,3,0,0,21,,,0,,
2024,26,PE,2609402,Moreno,26042819,60012385,2,3,1,1,21,1.15,797.9,1,1,0
2024,23,CE,2307106,Jardim,23023527,60008802,2,3,1,1,5,1.0,777.53,1,1,0
2024,35,SP,3550308,São Paulo,35398398,60026540,2,2,1,1,20,1.35,809.8193958,1,1,0
2024,15,PA,1506807,Santarém,15071953,60001640,2,3,1,1,1,1.05,783.08,1,1,0
2024,31,MG,3109006,Brumadinho,31015652,60021636,2,3,1,1,2,1.11,689.4,0,0,0
2024,21,MA,2112803,Viana,21058619,60004646,2,3,1,1,10,1.19,756.23,1,1,0
2024,50,MS,5005400,Maracaju,50024429,60039857,2,3,1,1,1,1.04,753.5,1,1,0
2024,35,SP,3529005,Marília,35118671,60027789,2,3,1,1,15,1.45,789.7424801,1,1,0
2024,53,DF,5300108,Brasília,53002157,60042242,2,2,0,0,6,,,0,,
2024,35,SP,3515186,Espírito Santo do Pinhal,35175399,60026353,2,2,1,1,5,1.0,776.4556082,1,1,0
2024,11,RO,1100023,Ariquemes,11000795,60000076,2,3,1,1,10,1.36,719.36,0,0,0
2024,35,SP,3549409,São Joaquim da Barra,35179815,60025978,2,3,1,1,18,1.0416667,665.059255,0,0,0
2024,29,BA,2925501,Prado,29182050,60017822,2,3,1,1,4,1.0,728.96,0,0,0
2024,15,PA,1502103,Cametá,15022147,60002309,2,3,0,0,16,,,0,,
2024,15,PA,1501402,Belém,15094441,60001920,2,2,1,1,21,1.05,701.65,0,0,0
2024,13,AM,1302603,Manaus,13036611,60001391,2,3,1,1,10,1.14,724.41,0,0,0
2024,35,SP,3550308,São Paulo,35349460,60025766,2,2,0,0,3,,,0,,
2024,31,MG,3124104,Esmeraldas,31146146,60021844,2,3,1,1,8,1.19,680.2,0,0,0
2024,32,ES,3201308,Cariacica,32021102,60023039,2,3,1,1,4,1.0,761.47,1,1,0
2024,35,SP,3520509,Indaiatuba,35050778,60026211,2,3,1,1,8,1.0606061,749.0036467,1,1,0
2024,15,PA,1505650,Placas,15061058,60002922,2,3,1,1,12,2.56,685.16,0,0,0
2024,35,SP,3549805,São José do Rio Preto,35183166,60028643,2,3,1,1,5,1.0,779.158151,1,1,0
2024,35,SP,3516903,General Salgado,35062075,60029314,2,3,1,1,14,1.0,796.4010615,1,1,0
2024,26,PE,2602308,Bonito,26014518,60012707,2,3,1,1,19,1.04,771.92,1,1,0
2024,15,PA,1502202,Capanema,15023941,60002220,2,3,0,0,12,,,0,,
2024,23,CE,2304400,Fortaleza,23031296,60008067,2,3,1,1,3,1.0,762.09,1,1,0
2024,42,SC,4213609,Porto União,42019405,60035531,2,3,1,1,13,1.15,769.53,1,1,0
2024,23,CE,2305506,Iguatu,23060653,60008602,2,3,1,1,19,1.0,767.47,1,1,0
2024,21,MA,2102754,Capinzal do Norte,21046173,60005304,2,3,1,1,10,1.0,872.39,1,1,0
2024,43,RS,4300406,Alegrete,43000568,60036362,2,3,1,1,19,1.7777778,721.1279556,0,0,0
2024,52,GO,5208004,Formosa,52025896,60041721,2,3,1,1,15,1.04,802.65,1,1,0
2024,41,PR,4113205,Lapa,41091852,60034295,2,3,0,0,7,,,0,,
2024,52,GO,5200258,Águas Lindas de Goiás,52067674,60041397,2,3,0,0,17,,,0,,
2024,31,MG,3143302,Montes Claros,31201127,60019176,2,2,1,1,1,1.03,786.12,1,1,0
2024,35,SP,3550308,São Paulo,35365587,60026978,2,3,1,1,7,1.3333333,658.2372447,0,0,0
2024,35,SP,3550308,São Paulo,35364591,60026895,2,3,1,1,2,1.2173913,741.3908485,0,0,0
2024,33,RJ,3301702,Duque de Caxias,33029845,60024075,2,3,0,0,1,,,0,,
2024,43,RS,4320008,Sapucaia do Sul,43092648,60038748,2,3,1,1,16,1.0,707.6366763,0,0,0
2024,43,RS,4314902,Porto Alegre,43064479,60038065,2,2,1,1,14,1.0588235,728.2148001,0,0,0
2024,42,SC,4208302,Itapema,42069406,60035294,2,3,1,1,1,2.47,747.12,1,1,0
2024,35,SP,3514403,Dracena,35000559,60030062,2,3,1,1,20,1.0625,693.3169753,0,0,0
2024,13,AM,1302702,Manicoré,13016079,60001284,2,3,1,1,9,1.13,733.46,0,0,0
2024,31,MG,3153608,Prudente de Morais,31117618,60020629,2,3,1,1,2,1.0,841.84,1,1,0
2024,41,PR,4128625,Alto Paraíso,41085508,60031914,2,3,1,1,6,1.0,773.61,1,1,0
2024,29,BA,2922052,Mulungu do Morro,29157304,60015052,2,3,1,1,11,1.0,672.39,0,0,0
2024,41,PR,4106902,Curitiba,41034903,60034187,2,3,1,1,19,1.35,731.61,0,0,0
2024,31,MG,3122306,Divinópolis,31145003,60018512,2,2,1,1,18,1.0,801.67,1,1,0
2024,21,MA,2104800,Grajaú,21049955,60005111,2,3,0,0,12,,,0,,
2024,41,PR,4108007,Florestópolis,41008704,60032046,2,3,1,1,5,1.29,687.56,0,0,0
2024,35,SP,3547809,Santo André,35312407,60027316,2,3,1,1,6,1.2173913,712.2564994,0,0,0
2024,33,RJ,3301702,Duque de Caxias,33026877,60024048,2,3,1,1,10,1.14,758.67,1,1,0
2024,35,SP,3550308,São Paulo,35431344,60025988,2,2,1,1,18,1.1785714,733.4092398,0,0,0
2024,29,BA,2931053,Tanque Novo,29248017,60016234,2,3,1,1,8,1.0,671.45,0,0,0
2024,35,SP,3556206,Valinhos,35048205,60026043,2,3,1,1,5,1.1764706,730.8892842,0,0,0
2024,33,RJ,3304557,Rio de Janeiro,33125199,60025678,2,3,1,1,6,1.15,690.69,0,0,0
2024,33,RJ,3304557,Rio de Janeiro,33142321,60025621,2,3,1,1,5,1.14,759.33,1,1,0
2024,33,RJ,3305554,Seropédica,33088364,60025369,2,3,1,1,9,1.12,735.81,0,0,0
2024,33,RJ,3302106,Itaocara,33050617,60025185,2,3,1,1,12,1.0,761.17,1,1,0
2024,35,SP,3556008,Urupês,35099496,60028707,2,3,1,1,13,1.0555556,828.7142278,1,1,0
2024,13,AM,1300607,Benjamin Constant,13003223,60001446,2,3,1,1,1,1.0,764.44,1,1,0
2024,33,RJ,3304557,Rio de Janeiro,33146427,60024948,2,3,1,1,6,1.09,765.74,1,1,0
2024,15,PA,1500800,Ananindeua,15010180,60001864,2,3,1,1,19,1.15,750.7,1,1,0
2024,41,PR,4108304,Foz do Iguaçu,41048374,60034177,2,3,1,1,17,1.26,740.42,0,0,0
2024,13,AM,1304062,Tabatinga,13024646,60000691,2,3,1,1,4,1.08,707.81,0,0,0
2024,35,SP,3549904,São José dos Campos,35190126,60027298,2,3,1,1,2,1.0689655,736.0817219,0,0,0
2024,32,ES,3201308,Cariacica,32021414,60023096,2,3,1,1,15,1.16,794.96,1,1,0
2024,35,SP,3545209,Salto,35083876,60028199,2,3,1,1,14,1.0909091,792.2606,1,1,0
2024,21,MA,2104800,Grajaú,21050742,60006112,2,3,1,1,7,1.18,755.41,1,1,0
2024,35,SP,3534401,Osasco,35302220,60028473,2,3,1,1,4,1.4736842,801.5793328,1,1,0
2024,23,CE,2311603,Redenção,23045361,60007883,2,3,1,1,11,1.0,872.86,1,1,0
2024,26,PE,2602407,Brejão,26009000,60011903,2,3,1,1,5,1.04,818.93,1,1,0
2024,51,MT,5106505,Poconé,51043040,60040469,2,3,1,1,3,1.0,768.53,1,1,0
2024,43,RS,4323002,Viamão,43104862,60039312,2,3,1,1,1,1.5,787.647102,1,1,0
2024,33,RJ,3304557,Rio de Janeiro,33102499,60024395,2,3,1,1,9,1.04,689.74,0,0,0
2024,21,MA,2111508,São Mateus do Maranhão,21042574,60005673,2,3,1,1,5,1.1,715.94,0,0,0
2024,31,MG,3162500,São João del Rei,31154585,60021364,2,3,0,0,6,,,0,,
2024,41,PR,4107652,Fazenda Rio Grande,41093171,60034318,2,3,1,1,11,1.09,774.2,1,1,0
2024,35,SP,3550308,São Paulo,35353711,60031539,2,2,1,1,5,1.0689655,670.5302079,0,0,0
2024,35,SP,3510500,Caraguatatuba,35055060,60028183,2,3,1,1,8,1.1818182,770.5029652,1,1,0
2024,21,MA,2104503,Governador Archer,21046883,60005169,2,3,1,1,16,1.08,713.08,0,0,0
2024,15,PA,1502939,Dom Eliseu,15030960,60002644,2,3,1,1,2,1.0,687.18,0,0,0
2024,42,SC,4204459,Coronel Martins,42078940,60036110,2,3,0,0,5,,,0,,
2024,15,PA,1503606,Itaituba,15036047,60002546,2,3,0,0,13,,,0,,
2024,27,AL,2703700,Jaramataia,27011354,60013858,2,3,1,1,20,1.04,694.79,0,0,0
2024,51,MT,5103403,Cuiabá,51037824,60040372,2,3,1,1,16,1.25,700.63,0,0,0
2024,15,PA,1501501,Benevides,15015775,60002033,2,3,1,1,2,1.07,713.51,0,0,0
2024,41,PR,4115200,Maringá,41116449,60032103,2,3,1,1,19,1.22,678.6,0,0,0
2024,15,PA,1500602,Altamira,15004579,60002584,2,3,1,1,11,1.13,651.1,0,0,0
2024,24,RN,2408102,Natal,24028378,60010189,2,3,1,1,19,1.2,774.08,1,1,0
2024,35,SP,3539509,Pitangueiras,35204478,60030111,2,3,1,1,9,1.0,678.6800438,0,0,0
2024,52,GO,5208004,Formosa,52025660,60041329,2,3,1,1,17,1.05,756.6,1,1,0
2024,53,DF,5300108,Brasília,53005085,60042391,2,2,1,1,20,1.06,744.66,1,1,0
2024,32,ES,3201308,Cariacica,32019661,60022595,2,3,1,1,20,1.47,653.9,0,0,0
2024,22,PI,2208403,Piripiri,22006831,60006336,2,3,1,1,13,1.0,772.74,1,1,0
2024,41,PR,4113700,Londrina,41101734,60032194,2,3,1,1,8,1.24,740.16,0,0,0
2024,11,RO,1100338,Nova Mamoré,11004624,60000044,2,3,1,1,5,1.18,769.35,1,1,0
2024,31,MG,3129509,Ibiá,31200545,60020043,2,3,0,0,11,,,0,,
2024,31,MG,3117702,Conceição do Rio Verde,31176496,60021576,2,3,1,1,12,1.08,763.22,1,1,0
2024,35,SP,3539509,Pitangueiras,35204359,60028195,2,3,1,1,5,1.05,622.6107285,0,0,0
2024,35,SP,3519071,Hortolândia,35220505,60030565,2,3,1,1,3,1.1851852,758.2275941,1,1,0
2024,35,SP,3504503,Avaré,35017527,60027232,2,3,0,0,17,,,0,,
2024,22,PI,2211001,Teresina,22011750,60006946,2,3,1,1,7,1.04,816.02,1,1,0
2024,13,AM,1302603,Manaus,13043286,60000883,2,3,1,1,1,1.13,725.51,0,0,0
2024,31,MG,3108503,Botumirim,31082144,60019118,2,2,1,1,19,1.0,778.37,1,1,0
2024,33,RJ,3305554,Seropédica,33088534,60023945,2,3,1,1,8,1.14,784.07,1,1,0
2024,35,SP,3550308,São Paulo,35363701,60030910,2,3,1,1,4,1.1538462,797.3074561,1,1,0
2024,13,AM,1302603,Manaus,13040422,60000927,2,2,1,1,3,1.35,735.66,0,0,0
2024,33,RJ,3302502,Magé,33043446,60024171,2,3,1,1,1,1.39,636.77,0,0,0
2024,43,RS,4318309,São Gabriel,43086374,60038571,2,2,1,1,11,1.1818182,802.5621933,1,1,0
2024,15,PA,1503903,Juruti,15039263,60003552,2,3,1,1,18,1.11,746.16,1,1,0
2024,24,RN,2408102,Natal,24002634,60010078,2,3,1,1,17,1.29,762.78,1,1,0
2024,35,SP,3550308,São Paulo,35425778,60025928,2,2,1,1,10,1.1538462,776.989871,1,1,0
2024,43,RS,4314902,Porto Alegre,43062167,60037997,2,2,1,1,9,1.2,752.8166629,1,1,0
2024,33,RJ,3304557,Rio de Janeiro,33119847,60024697,2,3,1,1,14,1.0,737.66,0,0,0
2024,42,SC,4209102,Joinville,42048029,60035990,2,3,1,1,19,1.34,813.48,1,1,0
2024,15,PA,1501402,Belém,15091390,60003416,2,3,0,0,6,,,0,,
2024,35,SP,3508504,Caçapava,35223086,60029205,2,3,1,1,19,1.2857143,783.9625266,1,1,0
2024,41,PR,4106902,Curitiba,41090382,60033942,2,3,1,1,19,1.11,685.07,0,0,0
2024,35,SP,3515400,Fartura,35138831,60028310,2,3,1,1,3,1.047619,790.4141026,1,1,0
2024,29,BA,2913606,Ilhéus,29096142,60016815,2,3,1,1,9,1.0,729.71,0,0,0
2024,35,SP,3549904,São José dos Campos,35187005,60031670,2,2,1,1,16,1.2692308,737.1562362,0,0,0
2024,31,MG,3139201,Malacacheta,31034203,60019886,2,2,1,1,2,1.14,615.43,0,0,0
2024,41,PR,4115200,Maringá,41052534,60032073,2,3,1,1,21,1.21,739.64,0,0,0
2024,33,RJ,3303609,Paracambi,33065366,60023773,2,3,1,1,11,1.35,631.33,0,0,0
2024,35,SP,3550308,São Paulo,35357700,60026793,2,3,1,1,14,1.2083333,745.3470587,1,1,0
2024,35,SP,3510401,Capivari,35050165,60028808,2,3,0,0,2,,,0,,
2024,21,MA,2105427,Itinga do Maranhão,21033038,60004889,2,3,1,1,21,1.18,775.93,1,1,0
2024,13,AM,1301506,Envira,13008192,60000708,2,2,1,1,5,1.21,775.72,1,1,0
2024,26,PE,2601102,Araripina,26060308,60011378,2,3,1,1,20,1.11,774.85,1,1,0
2024,41,PR,4107652,Fazenda Rio Grande,41095038,60033622,2,3,1,1,8,1.09,752.41,1,1,0
2024,41,PR,4119905,Ponta Grossa,41026756,60034309,2,3,1,1,12,1.14,840.88,1,1,0
2024,31,MG,3104205,Arcos,31138518,60021000,2,3,1,1,12,1.1,800.89,1,1,0
2024,21,MA,2103505,Colinas,21051869,60006232,2,3,1,1,5,1.39,746.53,1,1,0
2024,51,MT,5107909,Sinop,51027465,60040226,2,3,1,1,17,1.04,690.26,0,0,0
2024,26,PE,2602902,Cabo de Santo Agostinho,26034489,60012615,2,3,1,1,17,1.08,726.92,0,0,0
2024,53,DF,5300108,Brasília,53009195,60042241,2,2,1,1,7,1.19,742.4,0,0,0
2024,31,MG,3148004,Patos de Minas,31159075,60019583,2,2,1,1,3,1.04,790.44,1,1,0
2024,31,MG,3147105,Pará de Minas,31158073,60021532,2,2,1,1,17,1.11,789.33,1,1,0
2024,24,RN,2402600,Ceará-Mirim,24023109,60009933,2,3,1,1,13,1.26,789.54,1,1,0
2024,13,AM,1300680,Boa Vista do Ramos,13004028,60001228,2,3,1,1,12,1.18,774.28,1,1,0
2024,43,RS,4320909,Tapejara,43033437,60039526,2,3,1,1,15,1.0,799.8714679,1,1,0
2024,43,RS,4311809,Marau,43046473,60037537,2,2,1,1,11,1.0869565,727.4456759,0,0,0
2024,29,BA,2928000,Santaluz,29225613,60015540,2,3,1,1,5,1.0,738.0,0,0,0
2024,35,SP,3522406,Itapeva,35076890,60029311,2,3,1,1,14,1.125,698.2226401,0,0,0
2024,35,SP,3548906,São Carlos,35171669,60026395,2,2,1,1,21,1.0,745.2257207,1,1,0
2024,23,CE,2312403,São Gonçalo do Amarante,23025436,60007736,2,3,1,1,7,1.0,840.11,1,1,0
2024,35,SP,3550308,São Paulo,35421517,60027043,2,3,1,1,1,1.16,732.8081215,0,0,0
2024,41,PR,4105805,Colombo,41016073,60033455,2,3,1,1,3,1.2,716.23,0,0,0
2024,41,PR,4104204,Campo Largo,41077954,60033409,2,3,1,1,16,1.24,775.65,1,1,0
2024,27,AL,2707602,Quebrangulo,27025596,60013807,2,3,1,1,2,1.04,769.38,1,1,0
2024,31,MG,3156304,Rodeiro,31144649,60021366,2,3,1,1,15,1.0,732.63,0,0,0
2024,33,RJ,3301702,Duque de Caxias,33027742,60025672,2,3,1,1,12,1.05,691.06,0,0,0
2024,33,RJ,3306305,Volta Redonda,33096923,60023666,2,3,1,1,2,1.21,765.83,1,1,0
2024,26,PE,2614857,Tamandaré,26025640,60012965,2,3,1,1,16,1.18,775.01,1,1,0
2024,15,PA,1505635,Piçarra,15060830,60003080,2,3,1,1,16,1.18,798.11,1,1,0
2024,35,SP,3550308,São Paulo,35339462,60026865,2,3,0,0,8,,,0,,
2024,31,MG,3118007,Congonhas,31128624,60022128,2,3,1,1,9,1.29,748.03,1,1,0
2024,35,SP,3554102,Taubaté,35226816,60031305,2,3,1,1,14,1.1363636,802.0724643,1,1,0
2024,53,DF,5300108,Brasília,53026983,60042420,2,2,1,1,7,1.28,782.87,1,1,0
2024,35,SP,3534401,Osasco,35303097,60028481,2,3,1,1,14,1.12,755.1292979,1,1,0
2024,35,SP,3550308,São Paulo,35429600,60031230,2,2,1,1,13,1.12,709.9627489,0,0,0
2024,43,RS,4314902,Porto Alegre,43067800,60038134,2,2,1,1,15,1.0,718.0835658,0,0,0
2024,25,PB,2513703,Santa Rita,25016671,60011111,2,3,1,1,21,1.33,717.85,0,0,0
2024,42,SC,4202404,Blumenau,42009519,60034714,2,3,1,1,20,1.26,796.63,1,1,0
2024,29,BA,2923209,Oliveira dos Brejinhos,29163651,60016226,2,3,1,1,21,1.0,740.51,0,0,0
2024,42,SC,4208203,Itajaí,42039912,60035251,2,3,0,0,17,,,0,,
