ano_avaliacao,codigo_uf,sigla_uf,codigo_municipio,nome_municipio,rede,pct_alfabetizados_2023,pct_alfabetizados_2024,variacao_2023_2024_pp,meta_2024,gap_meta_2024_pp,atingiu_meta_2024,meta_2025,meta_2026,meta_2027,meta_2028,meta_2029,meta_2030,nivel_alfabetizacao,pct_participacao,ranking_amostra_brasil_2024,ranking_amostra_uf_2024
2024.0,29.0,BA,2932705.0,Uruçuca,MUNICIPAL,30.0,26.42,-3.5799999999999983,37.1,-10.68,0,44.8,52.75,60.57,67.88,74.41,80.0,0,82.38341968911918,4844,312
2024.0,42.0,SC,4209854.0,Lindóia do Sul,MUNICIPAL,87.4,84.61,-2.7900000000000063,80.0,4.609999999999999,1,80.0,80.0,80.0,80.0,80.0,80.0,5,85.18518518518519,697,23
2024.0,17.0,TO,1720200.0,São Miguel do Tocantins,MUNICIPAL,27.0,36.9,9.899999999999999,34.18,2.719999999999999,1,42.19,50.63,59.04,66.95,74.0,80.0,0,88.23529411764706,4464,103
2024.0,31.0,MG,3105202.0,Bandeira,MUNICIPAL,62.7,77.5,14.799999999999997,65.57,11.930000000000007,1,68.31,70.92,73.41,75.75,77.95,80.0,4,100.0,1251,340
2024.0,43.0,RS,4307450.0,Esperança do Sul,MUNICIPAL,97.2,80.10000000000001,-17.099999999999994,80.0,0.10000000000000853,1,80.0,80.0,80.0,80.0,80.0,80.0,5,97.2222222222222,1026,22
2024.0,28.0,SE,2801603.0,Cedro de São João,MUNICIPAL,22.2,45.3,23.099999999999998,29.4,15.899999999999999,1,37.78,46.96,56.35,65.3,73.29,80.0,1,88.88888888888889,3974,15
2024.0,24.0,RN,2412559.0,São Miguel do Gostoso,MUNICIPAL,,30.54,,,,,38.85,47.86,57.01,65.71,73.46,80.0,0,75.0,4722,115
2024.0,21.0,MA,2107506.0,Paço do Lumiar,MUNICIPAL,50.7,55.55,4.849999999999994,55.54,0.00999999999999801,1,60.26,64.8,69.09,73.07,76.72,80.0,2,85.24229074889867,3219,135
2024.0,29.0,BA,2905008.0,Caculé,MUNICIPAL,51.8,47.96,-3.8399999999999963,56.48,-8.519999999999996,0,61.02,65.38,69.5,73.32,76.83,80.0,1,92.018779342723,3777,51
2024.0,42.0,SC,4208500.0,Ituporanga,MUNICIPAL,64.2,77.25,13.049999999999997,66.76,10.489999999999995,1,69.26,71.65,73.92,76.07,78.1,80.0,4,83.82352941176471,1282,62
2024.0,29.0,BA,2928950.0,São Domingos,MUNICIPAL,25.3,52.94,27.639999999999997,32.49,20.449999999999996,1,40.65,49.36,58.11,66.38,73.76,80.0,2,91.07142857142856,3425,28
2024.0,24.0,RN,2402501.0,Carnaubais,MUNICIPAL,27.4,42.31,14.910000000000004,34.58,7.730000000000004,1,42.55,50.93,59.25,67.08,74.06,80.0,1,79.36507936507937,4158,62
2024.0,29.0,BA,2921054.0,Matina,MUNICIPAL,41.7,42.52,0.8200000000000003,47.77,-5.25,0,53.91,59.93,65.67,70.98,75.77,80.0,1,96.21212121212122,4142,103
2024.0,31.0,MG,3122405.0,Divisa Nova,MUNICIPAL,64.3,67.64,3.3400000000000034,66.86,0.7800000000000011,1,69.33,71.7,73.96,76.1,78.11,80.0,3,92.6829268292683,2180,574
2024.0,25.0,PB,2503100.0,Cabaceiras,MUNICIPAL,60.9,89.73,28.830000000000005,64.02,25.710000000000008,1,67.06,69.98,72.73,75.33,77.75,80.0,5,82.97872340425532,417,24
2024.0,23.0,CE,2306256.0,Itaitinga,MUNICIPAL,85.8,85.11,-0.6899999999999977,80.0,5.109999999999999,1,80.0,80.0,80.0,80.0,80.0,80.0,5,98.09160305343512,654,130
2024.0,41.0,PR,4109906.0,Icaraíma,MUNICIPAL,73.3,51.76,-21.54,74.31,-22.550000000000004,0,75.32,76.32,77.28,78.21,79.12,80.0,2,91.30434782608695,3510,358
2024.0,21.0,MA,2106755.0,Miranda do Norte,MUNICIPAL,55.2,50.55,-4.650000000000006,59.27,-8.720000000000006,0,63.27,67.09,70.7,74.06,77.17,80.0,2,95.74468085106383,3602,158
2024.0,42.0,SC,4216008.0,São Carlos,MUNICIPAL,,80.35000000000001,,,,,80.0,80.0,80.0,80.0,80.0,80.0,5,90.0,1008,38
2024.0,41.0,PR,4101903.0,Assaí,MUNICIPAL,88.7,80.24,-8.460000000000008,80.0,0.23999999999999488,1,80.0,80.0,80.0,80.0,80.0,80.0,5,90.3954802259887,1015,100
2024.0,27.0,AL,2709004.0,Tanque d'Arca,MUNICIPAL,42.1,53.45,11.350000000000001,48.08,5.3700000000000045,1,54.17,60.13,65.81,71.07,75.81,80.0,2,94.9367088607595,3389,37
2024.0,22.0,PI,2207751.0,Passagem Franca do Piauí,MUNICIPAL,100.0,64.51,-35.489999999999995,80.0,-15.489999999999995,0,80.0,80.0,80.0,80.0,80.0,80.0,3,93.33333333333331,2453,103
2024.0,33.0,RJ,3305802.0,Teresópolis,MUNICIPAL,59.7,64.17,4.469999999999999,63.09,1.0799999999999983,1,66.32,69.41,72.33,75.08,77.64,80.0,3,82.71186440677965,2498,32
2024.0,41.0,PR,4105508.0,Cianorte,MUNICIPAL,79.6,74.95,-4.6499999999999915,79.62,-4.670000000000002,0,79.69,79.75,79.81,79.88,79.94,80.0,4,93.43065693430655,1520,181
2024.0,43.0,RS,4314027.0,Paraíso do Sul,MUNICIPAL,82.3,52.6,-29.699999999999996,80.0,-27.4,0,80.0,80.0,80.0,80.0,80.0,80.0,2,90.47619047619048,3449,195
2024.0,35.0,SP,3556453.0,Vargem Grande Paulista,MUNICIPAL,56.1,64.59,8.490000000000002,60.02,4.57,1,63.87,67.55,71.02,74.26,77.26,80.0,3,92.68707482993196,2444,251
2024.0,29.0,BA,2927705.0,Santa Cruz Cabrália,MUNICIPAL,40.5,37.36,-3.1400000000000006,46.67,-9.310000000000002,0,52.99,59.22,65.17,70.68,75.64,80.0,0,93.573264781491,4438,154
2024.0,41.0,PR,4117255.0,Nova Prata do Iguaçu,MUNICIPAL,80.8,72.83,-7.969999999999999,80.0,-7.170000000000002,0,80.0,80.0,80.0,80.0,80.0,80.0,4,94.28571428571428,1696,222
2024.0,31.0,MG,3112208.0,Capela Nova,MUNICIPAL,83.1,77.37,-5.72999999999999,80.0,-2.6299999999999955,0,80.0,80.0,80.0,80.0,80.0,80.0,4,91.17647058823528,1265,345
2024.0,24.0,RN,2409209.0,Passagem,MUNICIPAL,47.4,50.69,3.289999999999999,52.73,-2.039999999999999,0,57.99,63.07,67.87,72.33,76.38,80.0,2,75.0,3589,36
2024.0,11.0,RO,1100908.0,Castanheiras,MUNICIPAL,70.1,65.42,-4.679999999999993,71.71,-6.289999999999992,0,73.22,74.69,76.1,77.46,78.76,80.0,3,84.7457627118644,2362,32
2024.0,21.0,MA,2104628.0,Governador Luiz Rocha,MUNICIPAL,98.3,91.67,-6.6299999999999955,80.0,11.670000000000002,1,80.0,80.0,80.0,80.0,80.0,80.0,5,100.0,322,10
2024.0,42.0,SC,4215703.0,Santo Amaro da Imperatriz,MUNICIPAL,58.2,60.42,2.219999999999999,61.81,-1.3900000000000006,0,65.3,68.63,71.79,74.74,77.48,80.0,3,73.95833333333334,2803,179
2024.0,17.0,TO,1701309.0,Aragominas,MUNICIPAL,24.6,52.57,27.97,31.83,20.740000000000002,1,40.05,48.86,57.75,66.16,73.66,80.0,2,73.33333333333333,3450,47
2024.0,22.0,PI,2210607.0,São Raimundo Nonato,MUNICIPAL,68.2,73.25,5.049999999999997,70.08,3.1700000000000017,1,71.92,73.68,75.38,76.99,78.53,80.0,4,95.82366589327144,1661,83
2024.0,16.0,AP,1600279.0,Laranjal do Jari,MUNICIPAL,39.3,39.8,0.5,45.64,-5.840000000000003,0,52.13,58.55,64.7,70.39,75.51,80.0,0,93.09153713298792,4295,11
2024.0,15.0,PA,1502608.0,Colares,MUNICIPAL,54.4,37.22,-17.18,58.64,-21.42,0,62.76,66.7,70.43,73.89,77.09,80.0,0,94.1747572815534,4445,107
2024.0,52.0,GO,5204805.0,Campo Alegre de Goiás,MUNICIPAL,79.9,77.60000000000001,-2.299999999999997,79.91,-2.309999999999988,0,79.93,79.94,79.96,79.97,79.99,80.0,4,93.51851851851852,1244,139
2024.0,43.0,RS,4307302.0,Erval Seco,MUNICIPAL,67.4,50.4,-17.000000000000007,69.44,-19.04,0,71.41,73.29,75.09,76.81,78.45,80.0,2,96.96969696969695,3615,213
2024.0,21.0,MA,2100055.0,Açailândia,MUNICIPAL,39.6,62.76,23.159999999999997,45.9,16.86,1,52.35,58.73,64.82,70.46,75.54,80.0,3,93.71605896043444,2610,100
2024.0,43.0,RS,4311122.0,Jaquirana,MUNICIPAL,68.5,25.6,-42.9,70.35,-44.74999999999999,0,72.13,73.85,75.49,77.07,78.57,80.0,0,71.7948717948718,4860,395
2024.0,42.0,SC,4211652.0,Novo Horizonte,MUNICIPAL,91.6,86.57000000000001,-5.029999999999987,80.0,6.570000000000007,1,80.0,80.0,80.0,80.0,80.0,80.0,5,79.3103448275862,572,20
2024.0,41.0,PR,4117800.0,Palmital,MUNICIPAL,74.3,69.5,-4.799999999999997,75.15,-5.650000000000006,0,76.01,76.85,77.67,78.47,79.24,80.0,3,86.18421052631578,2005,263
2024.0,31.0,MG,3171303.0,Viçosa,MUNICIPAL,62.7,72.11,9.409999999999997,65.52,6.590000000000003,1,68.27,70.89,73.38,75.74,77.94,80.0,4,89.43089430894308,1758,478
2024.0,52.0,GO,5205455.0,Cezarina,MUNICIPAL,41.3,69.63,28.33,47.38,22.249999999999993,1,53.59,59.68,65.49,70.87,75.73,80.0,3,96.1904761904762,1988,176
2024.0,35.0,SP,3547601.0,Santa Rosa de Viterbo,MUNICIPAL,74.4,75.32000000000001,0.9200000000000017,75.23,0.09000000000000341,1,76.07,76.9,77.7,78.49,79.25,80.0,4,94.3127962085308,1468,121
2024.0,23.0,CE,2301901.0,Barbalha,MUNICIPAL,85.4,87.92,2.519999999999996,80.0,7.920000000000002,1,80.0,80.0,80.0,80.0,80.0,80.0,5,99.4358251057828,494,123
2024.0,21.0,MA,2102606.0,Cândido Mendes,MUNICIPAL,61.6,49.53,-12.07,64.65,-15.120000000000005,0,67.57,70.36,73.01,75.5,77.83,80.0,1,97.46835443037976,3673,162
2024.0,51.0,MT,5102686.0,Campos de Júlio,MUNICIPAL,48.2,65.76,17.560000000000002,53.38,12.380000000000003,1,58.51,63.47,68.15,72.5,76.46,80.0,3,85.18518518518519,2332,67
2024.0,17.0,TO,1703800.0,Buriti do Tocantins,MUNICIPAL,,50.39,,,,,56.06,61.59,66.84,71.69,76.09,80.0,2,90.4,3616,55
2024.0,15.0,PA,1506609.0,Santa Maria do Pará,MUNICIPAL,,39.79,,,,,47.15,54.63,61.92,68.7,74.77,80.0,0,91.5057915057915,4298,97
2024.0,35.0,SP,3556354.0,Vargem,MUNICIPAL,74.5,65.34,-9.159999999999997,75.3,-9.959999999999994,0,76.13,76.95,77.74,78.51,79.27,80.0,3,85.14851485148515,2376,239
2024.0,29.0,BA,2930808.0,Souto Soares,MUNICIPAL,25.5,31.82,6.32,32.71,-0.8900000000000006,0,40.85,49.53,58.24,66.46,73.79,80.0,0,97.05882352941175,4672,236
2024.0,24.0,RN,2400802.0,Angicos,MUNICIPAL,19.3,51.81,32.510000000000005,26.39,25.42,1,34.89,44.47,54.49,64.16,72.79,80.0,2,78.125,3506,31
2024.0,17.0,TO,1707108.0,Divinópolis do Tocantins,MUNICIPAL,39.1,60.78,21.68,45.46,15.32,1,51.98,58.44,64.61,70.34,75.49,80.0,3,87.62886597938144,2770,22
2024.0,11.0,RO,1100080.0,Costa Marques,MUNICIPAL,80.7,59.63,-21.07,80.0,-20.369999999999997,0,80.0,80.0,80.0,80.0,80.0,80.0,2,91.6279069767442,2886,41
2024.0,33.0,RJ,3302106.0,Itaocara,MUNICIPAL,65.3,70.09,4.790000000000006,67.71,2.3800000000000097,1,70.01,72.23,74.33,76.33,78.22,80.0,4,84.30493273542601,1943,14
2024.0,35.0,SP,3515657.0,Fernão,MUNICIPAL,92.9,44.0,-48.900000000000006,80.0,-36.0,0,80.0,80.0,80.0,80.0,80.0,80.0,1,92.5925925925926,4052,552
2024.0,21.0,MA,2104099.0,Formosa da Serra Negra,MUNICIPAL,85.6,84.29,-1.309999999999988,80.0,4.290000000000006,1,80.0,80.0,80.0,80.0,80.0,80.0,5,98.01980198019804,719,24
2024.0,41.0,PR,4120101.0,Porto Amazonas,MUNICIPAL,69.8,76.84,7.040000000000006,71.41,5.430000000000007,1,72.98,74.5,75.97,77.37,78.71,80.0,4,95.0,1331,154
2024.0,32.0,ES,3200136.0,Águia Branca,MUNICIPAL,92.3,94.55,2.25,80.0,14.549999999999997,1,80.0,80.0,80.0,80.0,80.0,80.0,5,92.9936305732484,215,4
2024.0,24.0,RN,2404309.0,Governador Dix-Sept Rosado,MUNICIPAL,57.9,48.2,-9.699999999999996,61.52,-13.32,0,65.07,68.46,71.66,74.66,77.44,80.0,1,82.53968253968253,3760,41
2024.0,52.0,GO,5210109.0,Ipameri,MUNICIPAL,64.1,74.13,10.030000000000001,66.71,7.420000000000002,1,69.21,71.61,73.9,76.06,78.09,80.0,4,97.08029197080292,1586,156
2024.0,26.0,PE,2608602.0,Lagoa do Ouro,MUNICIPAL,72.6,85.39,12.790000000000006,73.78,11.61,1,74.9,75.98,77.04,78.06,79.05,80.0,5,88.18181818181819,639,20
2024.0,29.0,BA,2924009.0,Paulo Afonso,MUNICIPAL,24.8,30.51,5.710000000000001,32.01,-1.4999999999999964,0,40.21,49.0,57.85,66.22,73.69,80.0,0,84.89208633093526,4724,256
2024.0,21.0,MA,2103505.0,Colinas,MUNICIPAL,59.5,49.9,-9.600000000000001,62.9,-13.0,0,66.17,69.29,72.25,75.03,77.61,80.0,1,92.23529411764706,3651,160
2024.0,29.0,BA,2907301.0,Castro Alves,MUNICIPAL,44.0,30.54,-13.46,49.79,-19.25,0,55.58,61.22,66.57,71.53,76.02,80.0,0,89.03508771929825,4722,255
2024.0,31.0,MG,3107307.0,Bocaiúva,MUNICIPAL,68.8,68.42,-0.37999999999999545,70.61,-2.1899999999999977,0,72.34,74.01,75.61,77.14,78.61,80.0,3,83.62068965517241,2110,558
2024.0,31.0,MG,3148707.0,Pedra Azul,MUNICIPAL,57.0,60.74,3.740000000000002,60.83,-0.0899999999999963,0,64.51,68.04,71.36,74.48,77.36,80.0,3,91.10169491525424,2776,669
2024.0,23.0,CE,2313302.0,Tauá,MUNICIPAL,87.2,92.01,4.810000000000002,80.0,12.010000000000005,1,80.0,80.0,80.0,80.0,80.0,80.0,5,98.87429643527204,312,96
2024.0,13.0,AM,1300680.0,Boa Vista do Ramos,MUNICIPAL,26.2,31.41,5.210000000000001,33.37,-1.9599999999999973,0,41.46,50.03,58.6,66.68,73.89,80.0,0,86.98224852071006,4687,44
2024.0,52.0,GO,5209937.0,Inaciolândia,MUNICIPAL,76.2,87.01,10.810000000000002,76.77,10.240000000000009,1,77.33,77.89,78.43,78.96,79.49,80.0,5,97.1830985915493,548,63
2024.0,29.0,BA,2912806.0,Ibirapuã,MUNICIPAL,60.5,37.84,-22.659999999999997,63.71,-25.869999999999997,0,66.82,69.79,72.6,75.25,77.71,80.0,0,98.01324503311258,4409,149
2024.0,31.0,MG,3151800.0,Poços de Caldas,MUNICIPAL,58.1,79.39,21.29,61.73,17.660000000000004,1,65.24,68.59,71.75,74.72,77.47,80.0,4,85.21367521367522,1094,291
2024.0,31.0,MG,3144201.0,Nacip Raydan,MUNICIPAL,58.7,62.86,4.159999999999997,62.21,0.6499999999999986,1,65.62,68.88,71.96,74.84,77.53,80.0,3,89.28571428571429,2601,647
2024.0,35.0,SP,3552007.0,Silveiras,MUNICIPAL,45.9,47.27,1.3700000000000045,51.4,-4.1299999999999955,0,56.9,62.23,67.29,71.97,76.22,80.0,1,93.33333333333331,3837,515
2024.0,15.0,PA,1506161.0,Rio Maria,MUNICIPAL,41.8,56.31,14.510000000000005,47.85,8.46,1,53.98,59.98,65.7,71.0,75.78,80.0,2,85.546875,3148,28
2024.0,31.0,MG,3131604.0,Iraí de Minas,MUNICIPAL,38.4,77.81,39.410000000000004,44.85,32.96,1,51.47,58.04,64.33,70.17,75.41,80.0,4,97.46835443037976,1216,331
2024.0,52.0,GO,5212303.0,Leopoldo de Bulhões,MUNICIPAL,77.7,75.41,-2.2900000000000063,78.01,-2.6000000000000085,0,78.35,78.69,79.02,79.35,79.68,80.0,4,91.75257731958764,1460,150
2024.0,22.0,PI,2205359.0,João Costa,MUNICIPAL,51.1,97.14,46.04,55.82,41.32,1,60.49,64.98,69.21,73.15,76.75,80.0,5,88.57142857142857,118,14
2024.0,35.0,SP,3510302.0,Capela do Alto,MUNICIPAL,47.5,47.64,0.14000000000000057,52.82,-5.18,0,58.06,63.12,67.91,72.35,76.39,80.0,1,92.2077922077922,3803,510
2024.0,41.0,PR,4105003.0,Catanduvas,MUNICIPAL,66.1,56.16,-9.939999999999998,68.32,-12.159999999999997,0,70.5,72.6,74.6,76.5,78.3,80.0,2,84.17266187050359,3162,345
2024.0,32.0,ES,3203601.0,Mucurici,MUNICIPAL,83.7,84.09,0.39000000000000057,80.0,4.090000000000003,1,80.0,80.0,80.0,80.0,80.0,80.0,5,95.83333333333334,734,17
2024.0,17.0,TO,1721257.0,Tupirama,MUNICIPAL,36.4,66.67,30.270000000000003,43.0,23.67,1,49.91,56.81,63.47,69.64,75.18,80.0,3,88.88888888888889,2265,10
2024.0,51.0,MT,5103106.0,Cocalinho,MUNICIPAL,78.7,52.39,-26.310000000000002,78.9,-26.510000000000005,0,79.08,79.27,79.45,79.64,79.82,80.0,2,93.47826086956522,3466,112
2024.0,42.0,SC,4212254.0,Passo de Torres,MUNICIPAL,,59.86,,,,,63.74,67.45,70.95,74.22,77.24,80.0,2,70.35398230088495,2864,187
2024.0,17.0,TO,1701903.0,Araguacema,MUNICIPAL,38.6,49.27,10.670000000000002,45.04,4.230000000000004,1,51.63,58.16,64.42,70.22,75.44,80.0,1,84.0,3690,61
2024.0,29.0,BA,2927200.0,Ruy Barbosa,MUNICIPAL,38.3,27.94,-10.359999999999996,44.71,-16.77,0,51.35,57.94,64.27,70.13,75.4,80.0,0,98.40637450199203,4807,300
2024.0,33.0,RJ,3301157.0,Cardoso Moreira,MUNICIPAL,31.9,34.97,3.0700000000000003,38.93,-3.960000000000001,0,46.4,54.04,61.49,68.44,74.65,80.0,0,84.89583333333334,4560,83
2024.0,43.0,RS,4304622.0,Capão Bonito do Sul,MUNICIPAL,53.9,60.0,6.100000000000001,58.18,1.8200000000000003,1,62.39,66.43,70.23,73.77,77.04,80.0,3,71.42857142857143,2836,123
2024.0,52.0,GO,5221858.0,Valparaíso de Goiás,MUNICIPAL,56.7,64.23,7.530000000000001,60.56,3.6700000000000017,1,64.3,67.87,71.25,74.41,77.32,80.0,3,88.43881856540085,2488,206
2024.0,52.0,GO,5211404.0,Itauçu,MUNICIPAL,97.0,94.51,-2.489999999999995,80.0,14.510000000000005,1,80.0,80.0,80.0,80.0,80.0,80.0,5,97.87234042553192,219,26
2024.0,26.0,PE,2606309.0,Granito,MUNICIPAL,52.5,68.11,15.61,57.04,11.07,1,61.47,65.73,69.74,73.47,76.9,80.0,3,99.0909090909091,2139,75
2024.0,31.0,MG,3107406.0,Bom Despacho,MUNICIPAL,42.9,65.88,22.979999999999997,48.79,17.089999999999996,1,54.75,60.58,66.13,71.26,75.9,80.0,3,85.28528528528528,2325,604
2024.0,43.0,RS,4306932.0,Entre-Ijuís,MUNICIPAL,,51.0,,,,,56.56,61.97,67.1,71.86,76.17,80.0,2,86.20689655172413,3567,208
2024.0,27.0,AL,2707206.0,Poço das Trincheiras,MUNICIPAL,33.4,48.870000000000005,15.470000000000006,40.27,8.600000000000001,1,47.56,54.96,62.15,68.84,74.83,80.0,1,98.7878787878788,3720,45
2024.0,11.0,RO,1100155.0,Ouro Preto do Oeste,MUNICIPAL,72.4,66.4,-6.0,73.58,-7.179999999999993,0,74.74,75.86,76.95,78.0,79.02,80.0,3,91.87817258883248,2291,29
2024.0,31.0,MG,3124708.0,Estrela do Indaiá,MUNICIPAL,100.0,100.0,0.0,80.0,20.0,1,80.0,80.0,80.0,80.0,80.0,80.0,5,94.73684210526316,1,1
2024.0,13.0,AM,1300144.0,Apuí,MUNICIPAL,56.8,49.25,-7.549999999999997,60.64,-11.39,0,64.37,67.92,71.29,74.43,77.33,80.0,1,77.95698924731182,3693,19
2024.0,41.0,PR,4128633.0,Doutor Ulysses,MUNICIPAL,76.3,69.45,-6.849999999999994,76.87,-7.420000000000002,0,77.42,77.95,78.48,78.99,79.5,80.0,3,92.7536231884058,2011,264
2024.0,26.0,PE,2610707.0,Paulista,MUNICIPAL,51.2,55.54,4.339999999999996,55.98,-0.4399999999999977,0,60.62,65.07,69.28,73.19,76.77,80.0,2,93.34883720930232,3220,131
2024.0,35.0,SP,3522604.0,Itapira,MUNICIPAL,60.5,62.18,1.6799999999999997,63.71,-1.5300000000000011,0,66.82,69.79,72.6,75.25,77.71,80.0,3,91.83266932270917,2663,292
2024.0,15.0,PA,1502707.0,Conceição do Araguaia,MUNICIPAL,38.7,50.69,11.989999999999995,45.08,5.609999999999999,1,51.67,58.19,64.44,70.23,75.44,80.0,2,86.54867256637168,3589,50
2024.0,29.0,BA,2907202.0,Casa Nova,MUNICIPAL,13.1,20.93,7.83,19.44,1.4899999999999984,1,27.82,38.09,49.56,61.07,71.47,80.0,0,87.75510204081633,4931,356
2024.0,43.0,RS,4314175.0,Pedras Altas,MUNICIPAL,64.7,55.9,-8.800000000000004,67.21,-11.309999999999995,0,69.62,71.92,74.12,76.2,78.16,80.0,2,86.95652173913044,3179,162
2024.0,31.0,MG,3148806.0,Pedra do Anta,MUNICIPAL,85.4,85.51,0.10999999999999943,80.0,5.510000000000005,1,80.0,80.0,80.0,80.0,80.0,80.0,5,91.8918918918919,633,155
2024.0,41.0,PR,4127601.0,Tijucas do Sul,MUNICIPAL,78.8,68.4,-10.399999999999991,78.94,-10.539999999999992,0,79.12,79.3,79.48,79.65,79.83,80.0,3,89.2988929889299,2113,272
2024.0,43.0,RS,4322301.0,Tuparendi,MUNICIPAL,88.1,52.7,-35.39999999999999,80.0,-27.299999999999997,0,80.0,80.0,80.0,80.0,80.0,80.0,2,80.72289156626506,3443,194
2024.0,43.0,RS,4309100.0,Gramado,MUNICIPAL,79.1,55.3,-23.799999999999997,79.21,-23.909999999999997,0,79.35,79.48,79.61,79.74,79.87,80.0,2,89.75501113585747,3235,167
2024.0,52.0,GO,5211503.0,Itumbiara,MUNICIPAL,69.8,74.44,4.640000000000001,71.41,3.030000000000001,1,72.98,74.5,75.97,77.37,78.71,80.0,4,92.10526315789474,1560,155
2024.0,21.0,MA,2103802.0,Dom Pedro,MUNICIPAL,40.4,43.95,3.5500000000000043,46.62,-2.6699999999999946,0,52.95,59.19,65.14,70.66,75.63,80.0,1,92.89617486338798,4059,176
2024.0,42.0,SC,4202701.0,Botuverá,MUNICIPAL,69.3,65.2,-4.099999999999994,71.04,-5.840000000000003,0,72.68,74.27,75.8,77.26,78.66,80.0,3,88.37209302325581,2387,161
2024.0,26.0,PE,2609105.0,Machados,MUNICIPAL,86.9,96.75,9.849999999999994,80.0,16.75,1,80.0,80.0,80.0,80.0,80.0,80.0,5,97.61904761904762,130,2
2024.0,43.0,RS,4315750.0,Riozinho,MUNICIPAL,76.0,42.1,-33.9,76.61,-34.51,0,77.2,77.78,78.35,78.91,79.46,80.0,1,100.0,4168,303
2024.0,51.0,MT,5103601.0,Dom Aquino,MUNICIPAL,88.3,71.45,-16.849999999999994,80.0,-8.549999999999997,0,80.0,80.0,80.0,80.0,80.0,80.0,4,95.34883720930232,1806,43
2024.0,52.0,GO,5218003.0,Porangatu,MUNICIPAL,51.7,49.92,-1.7800000000000011,56.34,-6.420000000000002,0,60.91,65.3,69.44,73.29,76.81,80.0,1,93.96325459317583,3649,220
2024.0,31.0,MG,3139607.0,Mantena,MUNICIPAL,49.9,71.17,21.270000000000003,54.88,16.29,1,59.73,64.4,68.81,72.9,76.64,80.0,4,86.71875,1835,499
2024.0,11.0,RO,1100320.0,São Miguel do Guaporé,MUNICIPAL,67.8,69.13,1.3299999999999983,69.73,-0.6000000000000085,0,71.63,73.46,75.22,76.89,78.49,80.0,3,92.07317073170732,2043,25
2024.0,23.0,CE,2304004.0,Coreaú,MUNICIPAL,100.0,100.0,0.0,80.0,20.0,1,80.0,80.0,80.0,80.0,80.0,80.0,5,100.0,1,1
2024.0,50.0,MS,5007901.0,Sidrolândia,MUNICIPAL,36.2,39.84,3.6400000000000006,42.85,-3.009999999999998,0,49.77,56.71,63.39,69.6,75.16,80.0,0,77.98066595059076,4293,69
2024.0,41.0,PR,4128104.0,Umuarama,MUNICIPAL,64.1,63.1,-0.9999999999999929,66.74,-3.6399999999999935,0,69.24,71.63,73.91,76.07,78.1,80.0,3,88.56914468425259,2585,308
2024.0,31.0,MG,3121803.0,Dionísio,MUNICIPAL,82.4,72.13,-10.27000000000001,80.0,-7.8700000000000045,0,80.0,80.0,80.0,80.0,80.0,80.0,4,100.0,1756,477
2024.0,31.0,MG,3116100.0,Chapada do Norte,MUNICIPAL,41.1,66.15,25.050000000000004,47.26,18.890000000000008,1,53.49,59.6,65.44,70.84,75.71,80.0,3,96.0,2304,597
2024.0,35.0,SP,3534104.0,Oriente,MUNICIPAL,59.5,39.53,-19.97,62.91,-23.379999999999995,0,66.18,69.3,72.26,75.03,77.61,80.0,0,100.0,4313,565
2024.0,52.0,GO,5200803.0,Alvorada do Norte,MUNICIPAL,64.6,64.99,0.39000000000000057,67.1,-2.1099999999999994,0,69.53,71.85,74.07,76.16,78.14,80.0,3,98.9247311827957,2405,200
2024.0,29.0,BA,2907905.0,Cipó,MUNICIPAL,27.9,31.09,3.1900000000000013,35.07,-3.9800000000000004,0,42.99,51.29,59.51,67.24,74.13,80.0,0,93.23671497584542,4702,246
2024.0,43.0,RS,4313334.0,Nova Ramada,MUNICIPAL,87.0,28.0,-59.0,80.0,-52.0,0,80.0,80.0,80.0,80.0,80.0,80.0,0,96.15384615384616,4805,389
2024.0,43.0,RS,4305116.0,Centenário,MUNICIPAL,,75.0,,,,,75.89,76.76,77.6,78.42,79.22,80.0,4,100.0,1497,36
2024.0,27.0,AL,2701357.0,Campestre,MUNICIPAL,41.2,62.120000000000005,20.92,47.36,14.760000000000005,1,53.57,59.67,65.48,70.87,75.72,80.0,3,98.9795918367347,2664,23
2024.0,31.0,MG,3126406.0,Fortuna de Minas,MUNICIPAL,59.3,90.83,31.53,62.69,28.14,1,66.0,69.17,72.16,74.97,77.59,80.0,5,84.61538461538461,372,66
2024.0,29.0,BA,2929909.0,Seabra,MUNICIPAL,48.7,34.980000000000004,-13.719999999999999,53.8,-18.819999999999993,0,58.86,63.73,68.34,72.61,76.51,80.0,0,85.65400843881856,4559,193
2024.0,35.0,SP,3525409.0,Jeriquara,MUNICIPAL,45.2,49.55,4.349999999999994,50.82,-1.2700000000000031,0,56.43,61.87,67.03,71.81,76.15,80.0,1,86.95652173913044,3671,491
2024.0,31.0,MG,3109501.0,Cabo Verde,MUNICIPAL,72.0,86.58,14.579999999999998,73.25,13.329999999999998,1,74.47,75.65,76.79,77.9,78.97,80.0,5,84.82142857142857,571,133
2024.0,32.0,ES,3205150.0,Vila Pavão,MUNICIPAL,74.6,61.4,-13.199999999999996,75.41,-14.009999999999998,0,76.22,77.02,77.79,78.55,79.28,80.0,3,91.17647058823528,2721,71
2024.0,50.0,MS,5007406.0,Rio Verde de Mato Grosso,MUNICIPAL,47.3,49.11,1.8100000000000023,52.63,-3.520000000000003,0,57.9,63.0,67.83,72.3,76.37,80.0,1,84.95575221238938,3703,57
2024.0,31.0,MG,3152600.0,Pouso Alto,MUNICIPAL,78.4,79.55,1.1499999999999915,78.67,0.8799999999999955,1,78.89,79.12,79.34,79.56,79.78,80.0,4,92.42424242424242,1079,289
2024.0,43.0,RS,4309050.0,Glorinha,MUNICIPAL,65.1,34.300000000000004,-30.79999999999999,67.53,-33.23,0,69.87,72.11,74.25,76.28,78.2,80.0,0,91.8918918918919,4582,376
2024.0,35.0,SP,3553500.0,Tapiraí,MUNICIPAL,53.7,57.45,3.75,58.05,-0.5999999999999943,0,62.29,66.34,70.17,73.74,77.02,80.0,2,98.09523809523807,3051,372
2024.0,22.0,PI,2208809.0,Regeneração,MUNICIPAL,40.9,31.32,-9.579999999999998,47.06,-15.740000000000002,0,53.32,59.47,65.34,70.78,75.69,80.0,0,96.98795180722892,4691,204
2024.0,41.0,PR,4127700.0,Toledo,MUNICIPAL,79.6,81.69,2.0900000000000034,79.64,2.049999999999997,1,79.7,79.76,79.82,79.88,79.94,80.0,5,86.9327501366867,909,88
2024.0,35.0,SP,3556503.0,Várzea Paulista,MUNICIPAL,48.7,53.24,4.539999999999999,53.85,-0.6099999999999994,0,58.9,63.76,68.36,72.63,76.51,80.0,2,90.7563025210084,3407,452
2024.0,43.0,RS,4313300.0,Nova Prata,MUNICIPAL,78.8,61.1,-17.699999999999996,78.96,-17.859999999999992,0,79.13,79.31,79.48,79.66,79.83,80.0,3,89.01098901098901,2746,116
2024.0,25.0,PB,2510303.0,Nova Palmeira,MUNICIPAL,59.4,76.75,17.35,62.84,13.909999999999997,1,66.12,69.26,72.23,75.01,77.6,80.0,4,88.67924528301887,1338,43
2024.0,22.0,PI,2207306.0,Paes Landim,MUNICIPAL,51.8,45.31,-6.489999999999995,56.42,-11.11,0,60.98,65.35,69.47,73.31,76.82,80.0,1,100.0,3973,173
2024.0,43.0,RS,4320552.0,Sertão Santana,MUNICIPAL,74.8,46.2,-28.599999999999994,75.57,-29.36999999999999,0,76.35,77.12,77.86,78.59,79.31,80.0,1,100.0,3909,257
2024.0,29.0,BA,2910859.0,Filadélfia,MUNICIPAL,18.3,36.76,18.459999999999997,25.25,11.509999999999998,1,33.77,43.5,53.75,63.7,72.6,80.0,0,93.79310344827586,4474,167
2024.0,31.0,MG,3104908.0,Baependi,MUNICIPAL,70.3,77.43,7.13000000000001,71.83,5.6000000000000085,1,73.33,74.77,76.16,77.49,78.77,80.0,4,93.75,1259,343
2024.0,43.0,RS,4310207.0,Ijuí,MUNICIPAL,76.5,61.9,-14.600000000000001,77.0,-15.100000000000001,0,77.52,78.03,78.54,79.03,79.52,80.0,3,92.96875,2675,109
2024.0,21.0,MA,2109601.0,Rosário,MUNICIPAL,56.7,57.6,0.8999999999999986,60.53,-2.9299999999999997,0,64.27,67.85,71.24,74.4,77.32,80.0,2,88.38268792710706,3040,122
2024.0,31.0,MG,3143302.0,Montes Claros,MUNICIPAL,61.6,75.18,13.580000000000005,64.62,10.560000000000002,1,67.55,70.34,72.99,75.49,77.83,80.0,4,87.72901576480614,1481,409
2024.0,29.0,BA,2926806.0,Rio do Antônio,MUNICIPAL,62.5,43.82,-18.68,65.42,-21.6,0,68.18,70.83,73.34,75.71,77.93,80.0,1,97.8021978021978,4065,87
2024.0,24.0,RN,2402402.0,Carnaúba dos Dantas,MUNICIPAL,65.5,29.88,-35.620000000000005,67.88,-38.0,0,70.15,72.33,74.41,76.38,78.24,80.0,0,82.85714285714286,4740,119
2024.0,51.0,MT,5106240.0,Nova Ubiratã,MUNICIPAL,73.2,58.41,-14.790000000000006,74.28,-15.870000000000005,0,75.3,76.3,77.27,78.21,79.12,80.0,2,91.41630901287554,2974,95
2024.0,26.0,PE,2612604.0,Santa Maria da Boa Vista,MUNICIPAL,45.6,64.37,18.770000000000003,51.17,13.200000000000003,1,56.71,62.09,67.18,71.91,76.19,80.0,3,95.65217391304348,2472,92
2024.0,23.0,CE,2309904.0,Pacujá,MUNICIPAL,97.9,100.0,2.0999999999999943,80.0,20.0,1,80.0,80.0,80.0,80.0,80.0,80.0,5,100.0,1,1
2024.0,27.0,AL,2700607.0,Barra de São Miguel,MUNICIPAL,31.8,39.04,7.239999999999998,38.79,0.25,1,46.28,53.94,61.42,68.4,74.63,80.0,0,91.04477611940298,4336,74
2024.0,29.0,BA,2919504.0,Livramento de Nossa Senhora,MUNICIPAL,38.4,38.06,-0.3399999999999963,44.87,-6.809999999999995,0,51.48,58.05,64.34,70.17,75.42,80.0,0,95.260663507109,4398,147
2024.0,31.0,MG,3113404.0,Caratinga,MUNICIPAL,50.3,67.42,17.120000000000005,55.16,12.260000000000005,1,59.95,64.57,68.93,72.97,76.67,80.0,3,88.87733887733887,2204,579
2024.0,13.0,AM,1300201.0,Atalaia do Norte,MUNICIPAL,54.2,84.07000000000001,29.870000000000005,58.48,25.59000000000001,1,62.63,66.6,70.36,73.85,77.07,80.0,5,91.11111111111111,735,2
2024.0,51.0,MT,5107768.0,Santa Rita do Trivelato,MUNICIPAL,64.8,62.63,-2.1699999999999946,67.26,-4.630000000000003,0,69.66,71.95,74.14,76.21,78.16,80.0,3,85.85858585858585,2621,77
2024.0,23.0,CE,2308302.0,Milagres,MUNICIPAL,75.3,79.33,4.030000000000001,76.0,3.3299999999999983,1,76.7,77.39,78.06,78.72,79.37,80.0,4,96.96969696969695,1099,147
2024.0,43.0,RS,4311908.0,Marcelino Ramos,MUNICIPAL,73.2,77.7,4.5,74.28,3.4200000000000017,1,75.3,76.3,77.27,78.21,79.12,80.0,4,91.17647058823528,1233,26
2024.0,27.0,AL,2708204.0,São Brás,MUNICIPAL,67.2,70.72,3.519999999999996,69.26,1.4599999999999937,1,71.26,73.18,75.01,76.76,78.43,80.0,4,98.93617021276596,1878,16
2024.0,42.0,SC,4218756.0,Tunápolis,MUNICIPAL,,73.65,,,,,74.79,75.9,76.98,78.02,79.03,80.0,4,90.47619047619048,1629,96
2024.0,52.0,GO,5214002.0,Mozarlândia,MUNICIPAL,51.2,66.57000000000001,15.370000000000005,55.96,10.610000000000007,1,60.6,65.06,69.27,73.19,76.77,80.0,3,92.6086956521739,2281,191
2024.0,42.0,SC,4212239.0,Paraíso,MUNICIPAL,85.8,83.86,-1.9399999999999977,80.0,3.8599999999999994,1,80.0,80.0,80.0,80.0,80.0,80.0,5,81.57894736842105,744,27
2024.0,28.0,SE,2803807.0,Malhada dos Bois,MUNICIPAL,40.0,37.63,-2.3699999999999974,46.27,-8.64,0,52.66,58.96,64.99,70.57,75.59,80.0,0,97.10144927536231,4424,30
2024.0,17.0,TO,1720853.0,Sucupira,MUNICIPAL,77.6,58.97,-18.629999999999995,77.95,-18.980000000000004,0,78.3,78.65,78.99,79.33,79.67,80.0,2,96.66666666666669,2932,28
2024.0,31.0,MG,3167905.0,Tabuleiro,MUNICIPAL,80.5,74.43,-6.069999999999993,80.0,-5.569999999999993,0,80.0,80.0,80.0,80.0,80.0,80.0,4,91.66666666666666,1563,425
2024.0,25.0,PB,2514701.0,São José do Sabugi,MUNICIPAL,51.5,48.54,-2.960000000000001,56.21,-7.670000000000002,0,60.81,65.22,69.38,73.25,76.8,80.0,1,96.875,3738,139
2024.0,29.0,BA,2925303.0,Porto Seguro,MUNICIPAL,46.7,45.5,-1.2000000000000028,52.13,-6.630000000000003,0,57.5,62.69,67.61,72.17,76.31,80.0,1,94.82758620689656,3948,76
2024.0,26.0,PE,2600203.0,Afrânio,MUNICIPAL,54.6,59.870000000000005,5.270000000000003,58.8,1.0700000000000074,1,62.89,66.8,70.49,73.94,77.11,80.0,2,98.85057471264368,2862,106
2024.0,31.0,MG,3141405.0,Medina,MUNICIPAL,70.3,65.7,-4.599999999999994,71.82,-6.11999999999999,0,73.31,74.76,76.15,77.49,78.77,80.0,3,95.28795811518324,2336,608
2024.0,25.0,PB,2511707.0,Pilõezinhos,MUNICIPAL,98.6,56.06,-42.53999999999999,80.0,-23.939999999999998,0,80.0,80.0,80.0,80.0,80.0,80.0,2,77.55102040816327,3170,102
2024.0,42.0,SC,4211801.0,Ouro,MUNICIPAL,72.6,82.18,9.580000000000013,73.74,8.440000000000012,1,74.86,75.96,77.02,78.05,79.04,80.0,5,77.63157894736842,863,31
2024.0,31.0,MG,3136207.0,João Monlevade,MUNICIPAL,60.9,79.74,18.839999999999996,64.07,15.670000000000002,1,67.1,70.01,72.76,75.34,77.76,80.0,4,91.84652278177458,1065,285
2024.0,42.0,SC,4217600.0,Siderópolis,MUNICIPAL,61.7,53.57,-8.130000000000003,64.7,-11.130000000000003,0,67.61,70.39,73.03,75.51,77.84,80.0,2,86.5079365079365,3381,217
2024.0,50.0,MS,5006408.0,Pedro Gomes,MUNICIPAL,33.7,55.86,22.159999999999997,40.53,15.329999999999998,1,47.79,55.14,62.28,68.92,74.86,80.0,2,85.9375,3183,42
2024.0,29.0,BA,2900504.0,Érico Cardoso,MUNICIPAL,68.1,37.21,-30.889999999999993,69.97,-32.76,0,71.83,73.62,75.33,76.96,78.52,80.0,0,93.47826086956522,4446,159
2024.0,35.0,SP,3520905.0,Ipaussu,MUNICIPAL,55.8,54.96,-0.8399999999999963,59.79,-4.829999999999998,0,63.68,67.41,70.92,74.2,77.23,80.0,2,93.95973154362416,3267,419
2024.0,31.0,MG,3126802.0,Frei Gaspar,MUNICIPAL,51.8,69.89,18.090000000000003,56.48,13.410000000000004,1,61.02,65.38,69.5,73.32,76.83,80.0,3,98.7012987012987,1971,530
2024.0,21.0,MA,2107407.0,Olho d'Água das Cunhãs,MUNICIPAL,53.9,58.91,5.009999999999998,58.25,0.6599999999999966,1,62.45,66.47,70.26,73.79,77.04,80.0,2,91.55844155844156,2937,114
2024.0,31.0,MG,3131802.0,Itabirinha,MUNICIPAL,64.8,83.44,18.64,67.27,16.17,1,69.66,71.96,74.14,76.21,78.16,80.0,5,94.44444444444444,768,194
2024.0,17.0,TO,1709807.0,Ipueiras,MUNICIPAL,27.3,21.43,-5.870000000000001,34.46,-13.030000000000001,0,42.44,50.84,59.19,67.04,74.04,80.0,0,93.33333333333331,4924,123
2024.0,29.0,BA,2909406.0,Cotegipe,MUNICIPAL,40.8,41.9,1.1000000000000014,46.95,-5.050000000000004,0,53.23,59.4,65.3,70.75,75.67,80.0,1,92.92035398230088,4174,110
2024.0,25.0,PB,2509602.0,Monte Horebe,MUNICIPAL,84.3,93.4,9.100000000000009,80.0,13.400000000000006,1,80.0,80.0,80.0,80.0,80.0,80.0,5,95.74468085106383,258,16
2024.0,29.0,BA,2913606.0,Ilhéus,MUNICIPAL,32.3,26.35,-5.949999999999996,39.22,-12.869999999999997,0,46.65,54.24,61.63,68.53,74.69,80.0,0,87.92991563919533,4845,313
2024.0,32.0,ES,3203320.0,Marataízes,MUNICIPAL,73.3,69.4,-3.8999999999999915,74.32,-4.9199999999999875,0,75.34,76.33,77.29,78.22,79.12,80.0,3,86.58536585365853,2014,60
2024.0,17.0,TO,1718840.0,Sandolândia,MUNICIPAL,45.7,53.5,7.799999999999997,51.26,2.240000000000002,1,56.78,62.14,67.22,71.93,76.2,80.0,2,91.83673469387756,3383,44
2024.0,43.0,RS,4311718.0,Maçambará,MUNICIPAL,67.0,42.4,-24.6,69.08,-26.68,0,71.11,73.07,74.93,76.71,78.4,80.0,1,78.18181818181819,4154,299
2024.0,21.0,MA,2111953.0,Sucupira do Riachão,MUNICIPAL,75.4,80.65,5.25,76.09,4.560000000000002,1,76.78,77.45,78.11,78.75,79.38,80.0,5,100.0,988,28
2024.0,31.0,MG,3164704.0,São Sebastião do Paraíso,MUNICIPAL,65.5,81.09,15.590000000000003,67.85,13.240000000000009,1,70.13,72.31,74.39,76.37,78.24,80.0,5,93.29608938547486,955,255
2024.0,17.0,TO,1700350.0,Aliança do Tocantins,MUNICIPAL,95.5,76.09,-19.409999999999997,80.0,-3.9099999999999966,0,80.0,80.0,80.0,80.0,80.0,80.0,4,81.25,1404,3
2024.0,42.0,SC,4210902.0,Modelo,MUNICIPAL,81.6,94.86,13.260000000000005,80.0,14.86,1,80.0,80.0,80.0,80.0,80.0,80.0,5,89.13043478260869,207,7
2024.0,31.0,MG,3131307.0,Ipatinga,MUNICIPAL,64.7,70.92,6.219999999999999,67.17,3.75,1,69.58,71.9,74.1,76.18,78.15,80.0,4,87.67303889255109,1855,505
2024.0,11.0,RO,1100502.0,Novo Horizonte do Oeste,MUNICIPAL,72.5,70.67,-1.8299999999999983,73.7,-3.030000000000001,0,74.83,75.93,77.0,78.03,79.03,80.0,4,93.57798165137616,1886,20
2024.0,35.0,SP,3517208.0,Guaiçara,MUNICIPAL,50.6,60.0,9.399999999999999,55.48,4.520000000000003,1,60.21,64.77,69.06,73.06,76.71,80.0,3,91.97080291970804,2836,335
2024.0,26.0,PE,2601003.0,Angelim,MUNICIPAL,62.1,62.41,0.30999999999999517,65.01,-2.6000000000000085,0,67.86,70.58,73.16,75.6,77.88,80.0,3,96.7032967032967,2640,100
2024.0,31.0,MG,3144003.0,Mutum,MUNICIPAL,61.5,76.73,15.230000000000004,64.53,12.200000000000003,1,67.47,70.29,72.96,75.47,77.82,80.0,4,90.9090909090909,1340,363
2024.0,29.0,BA,2920205.0,Malhada,MUNICIPAL,25.2,33.68,8.48,32.45,1.2299999999999969,1,40.62,49.33,58.09,66.37,73.75,80.0,0,98.44559585492227,4602,205
2024.0,17.0,TO,1720937.0,Taipas do Tocantins,MUNICIPAL,55.9,55.56,-0.3399999999999963,59.86,-4.299999999999997,0,63.74,67.45,70.95,74.22,77.24,80.0,2,100.0,3214,37
2024.0,31.0,MG,3136405.0,Joaquim Felício,MUNICIPAL,52.4,71.38,18.979999999999997,56.95,14.429999999999993,1,61.4,65.67,69.7,73.45,76.89,80.0,4,87.2340425531915,1822,493
2024.0,51.0,MT,5107305.0,São José do Rio Claro,MUNICIPAL,73.2,60.28,-12.920000000000002,74.23,-13.950000000000003,0,75.26,76.27,77.24,78.19,79.11,80.0,3,91.2,2817,87
2024.0,51.0,MT,5107404.0,São Pedro da Cipa,MUNICIPAL,72.9,76.26,3.3599999999999994,74.0,2.260000000000005,1,75.07,76.12,77.14,78.12,79.08,80.0,4,97.10144927536231,1385,30
2024.0,35.0,SP,3536570.0,Paulistânia,MUNICIPAL,38.3,73.68,35.38000000000001,44.71,28.970000000000006,1,51.35,57.94,64.27,70.13,75.4,80.0,4,95.0,1624,141
2024.0,50.0,MS,5002704.0,Campo Grande,MUNICIPAL,41.6,51.76,10.159999999999997,47.69,4.07,1,53.84,59.88,65.63,70.96,75.77,80.0,2,89.34485241180705,3510,54
2024.0,51.0,MT,5105176.0,Juruena,MUNICIPAL,59.7,73.66,13.959999999999994,63.07,10.589999999999996,1,66.31,69.4,72.33,75.07,77.63,80.0,4,88.55421686746988,1628,39
2024.0,31.0,MG,3106408.0,Belo Vale,MUNICIPAL,93.1,97.32,4.219999999999999,80.0,17.319999999999993,1,80.0,80.0,80.0,80.0,80.0,80.0,5,97.5,113,10
2024.0,41.0,PR,4119400.0,Piraí do Sul,MUNICIPAL,73.0,74.06,1.0600000000000023,74.08,-0.01999999999999602,0,75.14,76.17,77.17,78.15,79.09,80.0,4,86.66666666666667,1592,200
2024.0,43.0,RS,4311734.0,Mampituba,MUNICIPAL,66.2,55.2,-11.0,68.47,-13.269999999999996,0,70.62,72.69,74.67,76.54,78.32,80.0,2,94.73684210526316,3245,168
2024.0,35.0,SP,3502200.0,Angatuba,MUNICIPAL,48.3,59.71,11.410000000000004,53.44,6.270000000000003,1,58.57,63.51,68.18,72.52,76.46,80.0,2,88.212927756654,2876,341
2024.0,15.0,PA,1506583.0,Santa Maria das Barreiras,MUNICIPAL,53.6,42.45,-11.149999999999999,58.01,-15.559999999999995,0,62.25,66.32,70.15,73.73,77.01,80.0,1,81.72757475083057,4148,89
2024.0,35.0,SP,3528908.0,Mariápolis,MUNICIPAL,53.0,48.4,-4.600000000000001,57.49,-9.090000000000003,0,61.83,66.0,69.93,73.59,76.95,80.0,1,93.93939393939394,3747,498
2024.0,35.0,SP,3550704.0,São Sebastião,MUNICIPAL,39.2,44.38,5.18,45.57,-1.1899999999999977,0,52.07,58.51,64.66,70.37,75.5,80.0,1,91.6279069767442,4030,545
2024.0,29.0,BA,2915809.0,Itambé,MUNICIPAL,22.2,26.98,4.780000000000001,29.39,-2.41,0,37.77,46.95,56.34,65.3,73.29,80.0,0,91.97080291970804,4830,308
2024.0,31.0,MG,3121308.0,Descoberto,MUNICIPAL,62.7,73.05,10.349999999999994,65.54,7.509999999999991,1,68.28,70.9,73.39,75.74,77.94,80.0,4,86.36363636363636,1682,454
2024.0,29.0,BA,2927101.0,Rodelas,MUNICIPAL,23.3,26.35,3.0500000000000007,30.48,-4.129999999999999,0,38.79,47.81,56.97,65.69,73.45,80.0,0,94.87179487179486,4845,313
2024.0,41.0,PR,4106803.0,Cruz Machado,MUNICIPAL,80.7,84.49,3.789999999999992,80.0,4.489999999999995,1,80.0,80.0,80.0,80.0,80.0,80.0,5,92.42424242424242,709,64
2024.0,42.0,SC,4212304.0,Paulo Lopes,MUNICIPAL,63.1,40.02,-23.08,65.85,-25.82999999999999,0,68.53,71.09,73.52,75.82,77.98,80.0,1,88.7218045112782,4278,236
2024.0,22.0,PI,2205151.0,Jacobina do Piauí,MUNICIPAL,88.5,84.31,-4.189999999999998,80.0,4.310000000000002,1,80.0,80.0,80.0,80.0,80.0,80.0,5,100.0,717,49
2024.0,22.0,PI,2207934.0,Pedro Laurentino,MUNICIPAL,37.8,47.35,9.550000000000004,44.28,3.0700000000000003,1,50.99,57.66,64.06,70.01,75.34,80.0,1,95.83333333333334,3827,167
2024.0,24.0,RN,2411700.0,São Bento do Trairí,MUNICIPAL,33.4,33.62,0.21999999999999886,40.24,-6.6200000000000045,0,47.54,54.95,62.14,68.83,74.83,80.0,0,87.5,4605,98
2024.0,42.0,SC,4215109.0,Rodeio,MUNICIPAL,57.1,68.35000000000001,11.250000000000007,60.87,7.480000000000011,1,64.55,68.06,71.38,74.49,77.36,80.0,3,76.97841726618705,2119,142
2024.0,51.0,MT,5103957.0,Glória D'Oeste,MUNICIPAL,90.6,83.78,-6.819999999999993,80.0,3.780000000000001,1,80.0,80.0,80.0,80.0,80.0,80.0,5,96.07843137254902,748,15
2024.0,28.0,SE,2807501.0,Tomar do Geru,MUNICIPAL,42.9,40.43,-2.469999999999999,48.79,-8.36,0,54.75,60.58,66.13,71.26,75.9,80.0,1,96.63865546218489,4262,22
2024.0,21.0,MA,2102556.0,Campestre do Maranhão,MUNICIPAL,64.7,61.7,-3.0,67.22,-5.519999999999996,0,69.62,71.93,74.12,76.2,78.16,80.0,3,91.75257731958764,2696,102
2024.0,26.0,PE,2601300.0,Barra de Guabiraba,MUNICIPAL,80.8,86.54,5.740000000000009,80.0,6.540000000000006,1,80.0,80.0,80.0,80.0,80.0,80.0,5,100.0,575,15
2024.0,41.0,PR,4126207.0,Sapopema,MUNICIPAL,73.3,83.01,9.710000000000008,74.36,8.650000000000006,1,75.36,76.35,77.3,78.23,79.13,80.0,5,92.70833333333334,800,75
2024.0,35.0,SP,3536109.0,Pardinho,MUNICIPAL,57.7,56.51,-1.1900000000000048,61.43,-4.920000000000002,0,65.0,68.41,71.62,74.64,77.43,80.0,2,88.78504672897196,3135,390
2024.0,22.0,PI,2203701.0,Esperantina,MUNICIPAL,57.0,73.13,16.129999999999995,60.81,12.319999999999993,1,64.5,68.03,71.36,74.47,77.35,80.0,4,98.34123222748816,1673,84
2024.0,24.0,RN,2407609.0,Messias Targino,MUNICIPAL,17.1,26.32,9.219999999999999,23.97,2.3500000000000014,1,32.5,42.37,52.9,63.17,72.37,80.0,0,77.55102040816327,4847,131
2024.0,32.0,ES,3202801.0,Itapemirim,MUNICIPAL,60.9,75.42,14.520000000000003,64.07,11.350000000000009,1,67.11,70.01,72.76,75.34,77.76,80.0,4,92.6923076923077,1458,50
2024.0,42.0,SC,4200754.0,Alto Bela Vista,MUNICIPAL,87.4,85.18,-2.219999999999999,80.0,5.180000000000007,1,80.0,80.0,80.0,80.0,80.0,80.0,5,93.10344827586206,649,22
2024.0,13.0,AM,1302801.0,Maraã,MUNICIPAL,21.0,48.41,27.409999999999997,28.09,20.319999999999997,1,36.53,45.89,55.55,64.81,73.08,80.0,1,81.9672131147541,3745,22
2024.0,22.0,PI,2206670.0,Morro do Chapéu do Piauí,MUNICIPAL,28.8,40.04,11.239999999999998,35.98,4.060000000000002,1,43.81,51.95,59.99,67.53,74.25,80.0,1,97.46835443037976,4277,189
2024.0,17.0,TO,1711506.0,Jaú do Tocantins,MUNICIPAL,61.1,62.32,1.2199999999999989,64.21,-1.8899999999999935,0,67.22,70.1,72.82,75.38,77.78,80.0,3,84.21052631578947,2650,15
2024.0,26.0,PE,2610004.0,Palmares,MUNICIPAL,43.0,64.85,21.849999999999994,48.92,15.929999999999993,1,54.86,60.67,66.19,71.3,75.92,80.0,3,94.16909620991254,2414,90
2024.0,35.0,SP,3548401.0,Santópolis do Aguapeí,MUNICIPAL,73.9,77.36,3.4599999999999937,74.82,2.5400000000000063,1,75.74,76.64,77.51,78.37,79.19,80.0,4,96.875,1269,107
2024.0,15.0,PA,1500206.0,Acará,MUNICIPAL,39.0,41.73,2.729999999999997,45.4,-3.6700000000000017,0,51.93,58.39,64.58,70.32,75.48,80.0,1,84.75409836065573,4187,91
2024.0,52.0,GO,5213509.0,Monte Alegre de Goiás,MUNICIPAL,73.9,81.87,7.969999999999999,74.82,7.050000000000011,1,75.75,76.64,77.52,78.37,79.2,80.0,5,90.14084507042254,894,103
2024.0,41.0,PR,4101606.0,Arapoti,MUNICIPAL,75.4,67.63,-7.77000000000001,76.12,-8.490000000000009,0,76.8,77.47,78.12,78.76,79.39,80.0,3,90.0,2182,277
2024.0,35.0,SP,3522901.0,Itapuí,MUNICIPAL,35.0,53.04,18.04,41.78,11.259999999999998,1,48.86,55.99,62.88,69.29,75.02,80.0,2,89.63414634146342,3422,456
2024.0,31.0,MG,3136652.0,Juatuba,MUNICIPAL,47.6,68.53,20.93,52.87,15.660000000000004,1,58.1,63.15,67.93,72.36,76.39,80.0,3,90.0763358778626,2102,557
2024.0,42.0,SC,4212908.0,Pinhalzinho,MUNICIPAL,78.3,78.35000000000001,0.05000000000001137,78.51,-0.1599999999999966,0,78.76,79.01,79.26,79.51,79.76,80.0,4,80.7017543859649,1167,50
2024.0,24.0,RN,2412302.0,São José do Campestre,MUNICIPAL,18.1,49.42,31.32,25.0,24.42,1,33.52,43.28,53.59,63.6,72.55,80.0,1,73.80952380952381,3682,39
2024.0,41.0,PR,4125308.0,São Jorge do Ivaí,MUNICIPAL,83.0,70.73,-12.269999999999996,80.0,-9.269999999999996,0,80.0,80.0,80.0,80.0,80.0,80.0,4,98.21428571428572,1877,247
2024.0,17.0,TO,1715150.0,Novo Alegre,MUNICIPAL,71.7,70.33,-1.3700000000000045,72.98,-2.6500000000000057,0,74.25,75.48,76.67,77.82,78.93,80.0,4,96.0,1915,6
2024.0,22.0,PI,2208502.0,Porto,MUNICIPAL,40.1,36.04,-4.060000000000002,46.38,-10.340000000000003,0,52.75,59.03,65.03,70.59,75.6,80.0,0,96.27329192546584,4511,196
2024.0,26.0,PE,2608057.0,Jatobá,MUNICIPAL,76.1,68.05,-8.049999999999997,76.72,-8.670000000000002,0,77.29,77.85,78.41,78.95,79.48,80.0,3,92.43697478991596,2148,78
2024.0,25.0,PB,2502409.0,Bonito de Santa Fé,MUNICIPAL,40.9,60.93,20.03,47.04,13.89,1,53.3,59.46,65.34,70.78,75.69,80.0,3,94.31818181818184,2760,88
2024.0,31.0,MG,3102050.0,Alto Caparaó,MUNICIPAL,93.8,87.17,-6.6299999999999955,80.0,7.170000000000002,1,80.0,80.0,80.0,80.0,80.0,80.0,5,93.93939393939394,537,120
2024.0,33.0,RJ,3300803.0,Cachoeiras de Macacu,MUNICIPAL,50.6,49.28,-1.3200000000000003,55.43,-6.149999999999999,0,60.17,64.73,69.04,73.04,76.7,80.0,1,78.7375415282392,3688,68
2024.0,22.0,PI,2203230.0,Currais,MUNICIPAL,93.2,92.5,-0.7000000000000028,80.0,12.5,1,80.0,80.0,80.0,80.0,80.0,80.0,5,97.5,290,29
2024.0,22.0,PI,2208304.0,Piracuruca,MUNICIPAL,75.6,82.48,6.88000000000001,76.3,6.180000000000007,1,76.95,77.58,78.21,78.82,79.41,80.0,5,98.99497487437183,840,53
2024.0,33.0,RJ,3304102.0,Porciúncula,MUNICIPAL,35.4,52.38,16.980000000000004,42.11,10.270000000000003,1,49.15,56.22,63.04,69.38,75.07,80.0,2,88.48920863309353,3468,60
2024.0,29.0,BA,2910206.0,Dom Macedo Costa,MUNICIPAL,85.9,52.38,-33.52,80.0,-27.619999999999997,0,80.0,80.0,80.0,80.0,80.0,80.0,2,91.30434782608695,3468,33
2024.0,35.0,SP,3540002.0,Pompéia,MUNICIPAL,62.1,60.32,-1.7800000000000011,65.04,-4.720000000000006,0,67.88,70.6,73.18,75.61,77.88,80.0,3,89.94708994708994,2813,330
2024.0,31.0,MG,3104452.0,Aricanduva,MUNICIPAL,56.5,84.87,28.370000000000005,60.38,24.490000000000002,1,64.15,67.76,71.17,74.36,77.3,80.0,5,86.66666666666667,676,174
2024.0,15.0,PA,1501808.0,Breves,MUNICIPAL,44.0,55.58,11.579999999999998,49.78,5.799999999999997,1,55.57,61.21,66.57,71.53,76.02,80.0,2,84.83290488431876,3212,31
2024.0,12.0,AC,1200336.0,Mâncio Lima,MUNICIPAL,,38.07,,,,,45.65,53.44,61.06,68.18,74.54,80.0,0,82.6923076923077,4396,16
2024.0,29.0,BA,2926657.0,Ribeirão do Largo,MUNICIPAL,47.3,52.63,5.330000000000005,52.59,0.03999999999999915,1,57.87,62.98,67.81,72.29,76.36,80.0,2,92.6829268292683,3447,29
2024.0,35.0,SP,3551900.0,Severínia,MUNICIPAL,42.1,61.65,19.549999999999997,48.16,13.490000000000002,1,54.23,60.18,65.84,71.09,75.82,80.0,3,89.44444444444444,2704,302
2024.0,42.0,SC,4213104.0,Piratuba,MUNICIPAL,81.4,83.99,2.589999999999989,80.0,3.989999999999995,1,80.0,80.0,80.0,80.0,80.0,80.0,5,79.76190476190477,738,26
2024.0,35.0,SP,3512100.0,Colômbia,MUNICIPAL,90.6,72.63,-17.97,80.0,-7.3700000000000045,0,80.0,80.0,80.0,80.0,80.0,80.0,4,89.91596638655463,1712,152
2024.0,31.0,MG,3148400.0,Paulistas,MUNICIPAL,70.4,90.14,19.739999999999995,71.9,18.239999999999995,1,73.38,74.81,76.19,77.51,78.78,80.0,5,89.58333333333334,396,75
2024.0,23.0,CE,2313708.0,Umari,MUNICIPAL,87.6,88.49,0.8900000000000006,80.0,8.489999999999995,1,80.0,80.0,80.0,80.0,80.0,80.0,5,96.36363636363636,464,120
2024.0,32.0,ES,3202603.0,Iconha,MUNICIPAL,76.3,75.87,-0.4299999999999926,76.89,-1.019999999999996,0,77.43,77.96,78.49,79.0,79.5,80.0,4,95.0354609929078,1427,49
2024.0,35.0,SP,3528601.0,Manduri,MUNICIPAL,62.2,65.64,3.4399999999999977,65.13,0.5100000000000051,1,67.96,70.66,73.22,75.63,77.89,80.0,3,93.33333333333331,2341,228
2024.0,29.0,BA,2922730.0,Nova Fátima,MUNICIPAL,46.8,31.91,-14.889999999999997,52.21,-20.3,0,57.56,62.74,67.64,72.19,76.31,80.0,0,95.91836734693877,4669,233
2024.0,43.0,RS,4321600.0,Tramandaí,MUNICIPAL,54.4,36.7,-17.699999999999996,58.64,-21.939999999999998,0,62.76,66.7,70.43,73.89,77.09,80.0,0,75.89424572317263,4482,360
2024.0,35.0,SP,3546108.0,Santa Clara d'Oeste,MUNICIPAL,90.0,100.0,10.0,80.0,20.0,1,80.0,80.0,80.0,80.0,80.0,80.0,5,92.85714285714286,1,1
2024.0,21.0,MA,2105989.0,Lajeado Novo,MUNICIPAL,60.6,65.92,5.32,63.83,2.0900000000000034,1,66.92,69.86,72.66,75.28,77.73,80.0,3,96.29629629629628,2323,89
2024.0,33.0,RJ,3301504.0,Cordeiro,MUNICIPAL,59.2,64.16,4.959999999999994,62.66,1.5,1,65.98,69.15,72.15,74.96,77.58,80.0,3,93.53233830845772,2500,33
2024.0,29.0,BA,2923407.0,Palmas de Monte Alto,MUNICIPAL,45.5,35.76,-9.740000000000002,51.09,-15.330000000000005,0,56.65,62.04,67.15,71.88,76.18,80.0,0,93.20987654320987,4530,185
2024.0,22.0,PI,2205516.0,Juazeiro do Piauí,MUNICIPAL,68.7,71.43,2.730000000000004,70.51,0.9200000000000017,1,72.26,73.94,75.56,77.11,78.59,80.0,4,95.55555555555556,1807,87
2024.0,41.0,PR,4123709.0,Santa Isabel do Ivaí,MUNICIPAL,84.2,75.13,-9.070000000000007,80.0,-4.8700000000000045,0,80.0,80.0,80.0,80.0,80.0,80.0,4,82.94573643410853,1483,174
2024.0,35.0,SP,3521200.0,Iporanga,MUNICIPAL,52.3,65.63,13.329999999999998,56.89,8.739999999999995,1,61.35,65.63,69.67,73.43,76.88,80.0,3,100.0,2342,229
2024.0,27.0,AL,2700904.0,Belo Monte,MUNICIPAL,83.9,98.82,14.919999999999987,80.0,18.819999999999993,1,80.0,80.0,80.0,80.0,80.0,80.0,5,98.9010989010989,71,1
2024.0,15.0,PA,1501576.0,Bom Jesus do Tocantins,MUNICIPAL,58.1,51.82,-6.280000000000001,61.74,-9.920000000000002,0,65.25,68.59,71.76,74.72,77.47,80.0,2,86.40776699029125,3505,44
2024.0,51.0,MT,5101407.0,Aripuanã,MUNICIPAL,60.2,61.83,1.6299999999999955,63.44,-1.6099999999999994,0,66.61,69.63,72.49,75.17,77.68,80.0,3,86.06741573033709,2683,80
2024.0,31.0,MG,3108404.0,Botelhos,MUNICIPAL,65.5,87.53,22.03,67.86,19.67,1,70.13,72.32,74.4,76.37,78.24,80.0,5,97.5609756097561,514,109
2024.0,31.0,MG,3158102.0,Santa Maria do Salto,MUNICIPAL,47.3,60.65,13.350000000000001,52.64,8.009999999999998,1,57.91,63.01,67.83,72.3,76.37,80.0,3,83.6734693877551,2785,670
2024.0,35.0,SP,3554755.0,Trabiju,MUNICIPAL,100.0,47.37,-52.63,80.0,-32.63,0,80.0,80.0,80.0,80.0,80.0,80.0,1,95.0,3823,513
2024.0,29.0,BA,2922607.0,Nilo Peçanha,MUNICIPAL,36.1,50.52,14.420000000000002,42.73,7.790000000000006,1,49.67,56.63,63.34,69.56,75.15,80.0,2,98.9795918367347,3606,40
2024.0,43.0,RS,4314050.0,Parobé,MUNICIPAL,57.8,37.8,-20.0,61.51,-23.71,0,65.06,68.45,71.66,74.66,77.44,80.0,0,91.24629080118694,4412,348
2024.0,35.0,SP,3503703.0,Ariranha,MUNICIPAL,63.8,87.22,23.42,66.43,20.789999999999992,1,69.0,71.45,73.78,75.98,78.06,80.0,5,91.04477611940298,533,43
2024.0,31.0,MG,3152402.0,Poté,MUNICIPAL,41.7,79.91,38.209999999999994,47.81,32.099999999999994,1,53.94,59.95,65.68,70.99,75.78,80.0,4,93.15068493150685,1053,281
2024.0,25.0,PB,2510808.0,Patos,MUNICIPAL,43.6,67.47,23.869999999999997,49.44,18.03,1,55.29,61.0,66.42,71.44,75.98,80.0,3,92.3529411764706,2197,65
2024.0,31.0,MG,3110608.0,Cambuí,MUNICIPAL,65.2,81.94,16.739999999999995,67.59,14.349999999999994,1,69.92,72.15,74.28,76.3,78.21,80.0,5,90.64748201438849,888,229
2024.0,31.0,MG,3167202.0,Sete Lagoas,MUNICIPAL,53.6,60.35,6.75,57.97,2.3800000000000026,1,62.22,66.29,70.14,73.72,77.01,80.0,3,87.25824800910125,2810,672
2024.0,29.0,BA,2906709.0,Cândido Sales,MUNICIPAL,38.1,30.86,-7.240000000000002,44.57,-13.71,0,51.24,57.85,64.2,70.09,75.38,80.0,0,80.19801980198021,4709,248
2024.0,23.0,CE,2304400.0,Fortaleza,MUNICIPAL,74.0,74.81,0.8100000000000023,74.95,-0.14000000000000057,0,75.85,76.72,77.58,78.41,79.21,80.0,4,97.94894660572956,1529,157
2024.0,43.0,RS,4305306.0,Chapada,MUNICIPAL,75.3,47.5,-27.799999999999997,76.02,-28.519999999999996,0,76.72,77.41,78.08,78.73,79.37,80.0,1,89.39393939393939,3810,240
2024.0,23.0,CE,2309706.0,Pacatuba,MUNICIPAL,76.0,78.36,2.3599999999999994,76.63,1.730000000000004,1,77.22,77.79,78.36,78.92,79.46,80.0,4,98.66342648845686,1165,148
2024.0,25.0,PB,2504405.0,Conceição,MUNICIPAL,77.8,96.17,18.370000000000005,78.15,18.019999999999996,1,78.47,78.78,79.09,79.4,79.7,80.0,5,97.74436090225564,149,10
2024.0,21.0,MA,2109239.0,Presidente Médici,MUNICIPAL,75.5,74.73,-0.769999999999996,76.15,-1.4200000000000017,0,76.82,77.49,78.14,78.77,79.39,80.0,4,94.44444444444444,1533,50
2024.0,31.0,MG,3171071.0,Veredinha,MUNICIPAL,62.1,77.02,14.919999999999995,65.08,11.939999999999998,1,67.91,70.62,73.19,75.61,77.88,80.0,4,95.58823529411764,1305,353
2024.0,41.0,PR,4128203.0,União da Vitória,MUNICIPAL,74.9,73.17,-1.730000000000004,75.71,-2.539999999999992,0,76.47,77.21,77.93,78.64,79.33,80.0,4,86.44338118022328,1670,215
2024.0,26.0,PE,2605905.0,Gameleira,MUNICIPAL,58.5,77.37,18.870000000000005,62.1,15.270000000000003,1,65.53,68.81,71.91,74.82,77.51,80.0,4,96.42857142857144,1265,42
2024.0,41.0,PR,4109658.0,Honório Serpa,MUNICIPAL,56.0,73.2,17.200000000000003,59.97,13.230000000000004,1,63.82,67.51,71.0,74.25,77.25,80.0,4,92.10526315789474,1667,214
2024.0,15.0,PA,1507474.0,São João de Pirabas,MUNICIPAL,29.8,40.76,10.959999999999997,36.94,3.8200000000000003,1,44.66,52.64,60.49,67.83,74.39,80.0,1,92.5,4241,93
2024.0,43.0,RS,4318002.0,São Borja,MUNICIPAL,65.4,46.4,-19.000000000000007,67.78,-21.380000000000003,0,70.07,72.27,74.36,76.35,78.23,80.0,1,75.9493670886076,3899,255
2024.0,24.0,RN,2412500.0,São Miguel,MUNICIPAL,39.8,44.85,5.050000000000004,46.13,-1.2800000000000011,0,52.54,58.87,64.92,70.53,75.57,80.0,1,89.30041152263375,3999,51
2024.0,41.0,PR,4122172.0,Rio Branco do Ivaí,MUNICIPAL,69.8,73.84,4.040000000000006,71.38,2.460000000000008,1,72.96,74.49,75.95,77.36,78.71,80.0,4,89.79591836734694,1609,206
2024.0,42.0,SC,4207205.0,Imaruí,MUNICIPAL,,44.91,,,,,51.51,58.07,64.35,70.18,75.42,80.0,1,80.0,3995,232
2024.0,15.0,PA,1506104.0,Primavera,MUNICIPAL,49.0,49.94,0.9399999999999977,54.05,-4.109999999999999,0,59.06,63.88,68.45,72.68,76.54,80.0,1,91.0958904109589,3646,56
2024.0,31.0,MG,3112000.0,Candeias,MUNICIPAL,88.9,90.37,1.4699999999999989,80.0,10.370000000000005,1,80.0,80.0,80.0,80.0,80.0,80.0,5,96.875,385,70
2024.0,42.0,SC,4203402.0,Campo Belo do Sul,MUNICIPAL,41.8,53.29,11.490000000000002,47.83,5.460000000000001,1,53.96,59.97,65.7,71.0,75.78,80.0,2,83.33333333333334,3405,219
2024.0,43.0,RS,4306759.0,Doutor Ricardo,MUNICIPAL,,80.0,,,,,80.0,80.0,80.0,80.0,80.0,80.0,5,100.0,1035,23
2024.0,17.0,TO,1715002.0,Nova Rosalândia,MUNICIPAL,32.2,55.38,23.18,39.14,16.240000000000002,1,46.59,54.19,61.6,68.5,74.68,80.0,2,96.66666666666669,3229,38
2024.0,21.0,MA,2114007.0,Zé Doca,MUNICIPAL,81.5,72.3,-9.200000000000003,80.0,-7.700000000000003,0,80.0,80.0,80.0,80.0,80.0,80.0,4,90.8685968819599,1736,61
2024.0,31.0,MG,3143401.0,Monte Sião,MUNICIPAL,53.9,74.18,20.28000000000001,58.25,15.930000000000007,1,62.45,66.47,70.26,73.79,77.04,80.0,4,87.55760368663594,1582,427
2024.0,31.0,MG,3171154.0,Vermelho Novo,MUNICIPAL,73.6,81.82000000000001,8.220000000000013,74.55,7.27000000000001,1,75.52,76.47,77.39,78.29,79.16,80.0,5,100.0,897,234
2024.0,42.0,SC,4214003.0,Presidente Getúlio,MUNICIPAL,62.2,55.72,-6.480000000000004,65.13,-9.409999999999997,0,67.96,70.66,73.22,75.63,77.89,80.0,2,70.1863354037267,3197,211
2024.0,41.0,PR,4113304.0,Laranjeiras do Sul,MUNICIPAL,72.1,68.0,-4.099999999999994,73.37,-5.3700000000000045,0,74.57,75.73,76.85,77.94,78.99,80.0,3,83.130081300813,2152,275
2024.0,52.0,GO,5204854.0,Campo Limpo de Goiás,MUNICIPAL,86.9,84.62,-2.280000000000001,80.0,4.6200000000000045,1,80.0,80.0,80.0,80.0,80.0,80.0,5,100.0,691,76
2024.0,35.0,SP,3557105.0,Votuporanga,MUNICIPAL,49.7,61.66,11.959999999999994,54.68,6.979999999999997,1,59.57,64.27,68.72,72.85,76.61,80.0,3,94.0506329113924,2703,301
2024.0,41.0,PR,4110003.0,Iguaraçu,MUNICIPAL,50.9,58.96,8.060000000000002,55.71,3.25,1,60.4,64.91,69.16,73.12,76.74,80.0,2,82.71604938271605,2933,334
2024.0,33.0,RJ,3303500.0,Nova Iguaçu,MUNICIPAL,33.2,33.42,0.21999999999999886,40.13,-6.710000000000001,0,47.44,54.87,62.08,68.8,74.81,80.0,0,81.9103864424188,4612,84
2024.0,17.0,TO,1700707.0,Alvorada,MUNICIPAL,47.9,72.02,24.119999999999997,53.11,18.909999999999997,1,58.3,63.3,68.04,72.43,76.42,80.0,4,86.61417322834646,1764,5
2024.0,31.0,MG,3122470.0,Dom Bosco,MUNICIPAL,55.6,84.62,29.020000000000003,59.62,25.000000000000007,1,63.54,67.3,70.85,74.15,77.21,80.0,5,92.85714285714286,691,181
2024.0,35.0,SP,3529302.0,Matão,MUNICIPAL,64.4,62.33,-2.0700000000000074,66.95,-4.6200000000000045,0,69.41,71.76,74.0,76.12,78.12,80.0,3,89.65517241379311,2649,289
2024.0,52.0,GO,5208004.0,Formosa,MUNICIPAL,63.3,64.02,0.7199999999999989,66.03,-2.010000000000005,0,68.67,71.2,73.6,75.87,78.01,80.0,3,91.57566302652106,2513,208
2024.0,35.0,SP,3542107.0,Rafard,MUNICIPAL,84.1,70.8,-13.299999999999997,80.0,-9.200000000000003,0,80.0,80.0,80.0,80.0,80.0,80.0,4,96.55172413793105,1869,171
2024.0,23.0,CE,2310308.0,Parambu,MUNICIPAL,83.2,88.35000000000001,5.150000000000006,80.0,8.350000000000009,1,80.0,80.0,80.0,80.0,80.0,80.0,5,98.84169884169884,471,121
2024.0,35.0,SP,3543006.0,Ribeirão Branco,MUNICIPAL,53.1,64.79,11.690000000000005,57.56,7.230000000000004,1,61.89,66.05,69.96,73.61,76.96,80.0,3,96.63865546218489,2422,246
2024.0,21.0,MA,2100832.0,Apicum-Açu,MUNICIPAL,31.5,39.08,7.579999999999998,38.52,0.5599999999999952,1,46.05,53.75,61.29,68.32,74.6,80.0,0,80.09708737864078,4333,190
2024.0,25.0,PB,2500775.0,Aparecida,MUNICIPAL,42.5,62.41,19.909999999999997,48.47,13.939999999999998,1,54.49,60.38,65.98,71.17,75.86,80.0,3,93.87755102040816,2640,82
2024.0,22.0,PI,2204550.0,Guaribas,MUNICIPAL,58.1,75.0,16.9,61.72,13.280000000000001,1,65.23,68.58,71.75,74.71,77.47,80.0,4,96.66666666666669,1497,77
2024.0,35.0,SP,3507902.0,Brotas,MUNICIPAL,61.9,56.01,-5.890000000000001,64.89,-8.880000000000003,0,67.77,70.51,73.11,75.57,77.86,80.0,2,98.1818181818182,3172,401
2024.0,31.0,MG,3162948.0,São José da Barra,MUNICIPAL,85.6,75.22,-10.379999999999995,80.0,-4.780000000000001,0,80.0,80.0,80.0,80.0,80.0,80.0,4,79.13043478260869,1477,408
2024.0,26.0,PE,2601052.0,Araçoiaba,MUNICIPAL,45.7,53.49,7.789999999999999,51.26,2.230000000000004,1,56.79,62.15,67.23,71.93,76.2,80.0,2,93.64406779661016,3385,140
2024.0,41.0,PR,4120333.0,Prado Ferreira,MUNICIPAL,76.6,73.85000000000001,-2.749999999999986,77.14,-3.289999999999992,0,77.64,78.13,78.61,79.08,79.54,80.0,4,92.98245614035088,1608,205
2024.0,28.0,SE,2807303.0,Telha,MUNICIPAL,17.4,42.47,25.07,24.28,18.189999999999998,1,32.81,42.65,53.1,63.3,72.43,80.0,1,100.0,4145,18
2024.0,23.0,CE,2312809.0,Senador Sá,MUNICIPAL,99.1,99.12,0.020000000000010232,80.0,19.120000000000005,1,80.0,80.0,80.0,80.0,80.0,80.0,5,100.0,62,20
2024.0,27.0,AL,2704005.0,Junqueiro,MUNICIPAL,53.3,56.66,3.3599999999999994,57.72,-1.0600000000000023,0,62.02,66.14,70.03,73.65,76.98,80.0,2,90.06622516556291,3122,29
2024.0,43.0,RS,4314159.0,Paverama,MUNICIPAL,63.6,40.7,-22.9,66.28,-25.58,0,68.87,71.35,73.71,75.94,78.04,80.0,1,97.91666666666666,4246,317
2024.0,26.0,PE,2607653.0,Itambé,MUNICIPAL,48.6,43.31,-5.289999999999999,53.71,-10.399999999999999,0,58.78,63.67,68.3,72.59,76.5,80.0,1,84.01360544217688,4093,161
2024.0,23.0,CE,2314003.0,Várzea Alegre,MUNICIPAL,95.2,90.9,-4.299999999999997,80.0,10.900000000000006,1,80.0,80.0,80.0,80.0,80.0,80.0,5,99.05660377358492,368,107
2024.0,41.0,PR,4100103.0,Abatiá,MUNICIPAL,56.1,57.74,1.6400000000000006,60.05,-2.309999999999995,0,63.89,67.56,71.03,74.27,77.26,80.0,2,82.79569892473118,3028,338
2024.0,35.0,SP,3527009.0,Lindóia,MUNICIPAL,77.1,61.13,-15.969999999999992,77.54,-16.410000000000004,0,77.96,78.38,78.8,79.2,79.6,80.0,3,91.66666666666666,2742,316
2024.0,43.0,RS,4300455.0,Alegria,MUNICIPAL,100.0,55.6,-44.4,80.0,-24.4,0,80.0,80.0,80.0,80.0,80.0,80.0,2,85.71428571428571,3209,164
2024.0,43.0,RS,4314803.0,Portão,MUNICIPAL,56.0,39.7,-16.299999999999997,60.02,-20.32,0,63.86,67.54,71.02,74.26,77.26,80.0,0,84.84848484848484,4304,328
2024.0,31.0,MG,3110707.0,Cambuquira,MUNICIPAL,69.3,85.08,15.780000000000001,71.0,14.079999999999998,1,72.66,74.25,75.78,77.25,78.66,80.0,5,92.0,659,165
2024.0,42.0,SC,4215752.0,São Bernardino,MUNICIPAL,83.0,69.54,-13.459999999999994,80.0,-10.459999999999994,0,80.0,80.0,80.0,80.0,80.0,80.0,3,86.95652173913044,2000,131
2024.0,43.0,RS,4322004.0,Triunfo,MUNICIPAL,66.8,68.5,1.7000000000000028,68.96,-0.45999999999999375,0,71.02,72.99,74.88,76.68,78.39,80.0,3,94.5945945945946,2107,65
2024.0,25.0,PB,2501005.0,Araruna,MUNICIPAL,35.2,40.53,5.329999999999998,41.93,-1.3999999999999986,0,48.99,56.09,62.95,69.33,75.04,80.0,1,88.66666666666667,4257,178
2024.0,23.0,CE,2303501.0,Cascavel,MUNICIPAL,87.6,82.60000000000001,-4.999999999999986,80.0,2.6000000000000085,1,80.0,80.0,80.0,80.0,80.0,80.0,5,97.95291709314228,835,137
2024.0,41.0,PR,4119202.0,Pinhalão,MUNICIPAL,74.0,76.88,2.8799999999999955,74.89,1.9899999999999949,1,75.8,76.69,77.55,78.39,79.21,80.0,4,89.79591836734694,1326,153
2024.0,33.0,RJ,3303104.0,Natividade,MUNICIPAL,60.3,56.91,-3.3900000000000006,63.56,-6.650000000000006,0,66.7,69.7,72.54,75.21,77.69,80.0,2,80.88235294117648,3106,52
2024.0,35.0,SP,3554904.0,Três Fronteiras,MUNICIPAL,89.5,69.58,-19.92,80.0,-10.420000000000002,0,80.0,80.0,80.0,80.0,80.0,80.0,3,96.20253164556962,1993,187
2024.0,13.0,AM,1302702.0,Manicoré,MUNICIPAL,51.8,57.02,5.220000000000006,56.43,0.5900000000000034,1,60.98,65.35,69.48,73.31,76.82,80.0,2,91.644908616188,3093,12
2024.0,29.0,BA,2913101.0,Ibititá,MUNICIPAL,26.1,28.0,1.8999999999999986,33.31,-5.310000000000002,0,41.4,49.98,58.57,66.66,73.88,80.0,0,97.0873786407767,4805,299
2024.0,31.0,MG,3118700.0,Coqueiral,MUNICIPAL,71.3,82.47,11.170000000000002,72.67,9.799999999999997,1,74.0,75.29,76.53,77.73,78.89,80.0,5,88.09523809523809,841,214
2024.0,31.0,MG,3149101.0,Pedralva,MUNICIPAL,50.1,85.5,35.4,55.01,30.490000000000002,1,59.84,64.48,68.86,72.93,76.65,80.0,5,89.10891089108911,634,156
2024.0,32.0,ES,3201407.0,Castelo,MUNICIPAL,72.2,82.7,10.5,73.43,9.269999999999996,1,74.61,75.76,76.88,77.95,79.0,80.0,5,92.3780487804878,822,21
2024.0,41.0,PR,4115309.0,Mariópolis,MUNICIPAL,76.4,66.98,-9.420000000000002,76.94,-9.959999999999994,0,77.47,78.0,78.51,79.02,79.51,80.0,3,91.95402298850574,2235,281
2024.0,21.0,MA,2102374.0,Cachoeira Grande,MUNICIPAL,41.1,56.05,14.949999999999996,47.28,8.769999999999996,1,53.5,59.62,65.45,70.85,75.71,80.0,2,92.92929292929291,3171,131
2024.0,29.0,BA,2916856.0,Itatim,MUNICIPAL,51.6,54.22,2.6199999999999974,56.29,-2.0700000000000003,0,60.87,65.27,69.42,73.27,76.81,80.0,2,100.0,3333,24
2024.0,43.0,RS,4311700.0,Machadinho,MUNICIPAL,67.8,64.3,-3.5,69.73,-5.430000000000007,0,71.64,73.47,75.22,76.9,78.49,80.0,3,89.13043478260869,2478,95
2024.0,31.0,MG,3159506.0,Santa Rita do Itueto,MUNICIPAL,83.4,87.19,3.789999999999992,80.0,7.189999999999998,1,80.0,80.0,80.0,80.0,80.0,80.0,5,70.96774193548387,536,119
2024.0,41.0,PR,4113205.0,Lapa,MUNICIPAL,81.1,74.83,-6.269999999999996,80.0,-5.170000000000002,0,80.0,80.0,80.0,80.0,80.0,80.0,4,89.53900709219859,1527,184
2024.0,21.0,MA,2102309.0,Buriti Bravo,MUNICIPAL,31.4,57.18,25.78,38.42,18.759999999999998,1,45.96,53.68,61.24,68.29,74.59,80.0,2,96.07843137254902,3073,125
2024.0,27.0,AL,2703403.0,Jacaré dos Homens,MUNICIPAL,38.2,54.66,16.459999999999994,44.64,10.019999999999996,1,51.3,57.9,64.24,70.11,75.39,80.0,2,97.4025974025974,3291,33
2024.0,51.0,MT,5106703.0,Ponte Branca,MUNICIPAL,76.8,96.88,20.08,77.25,19.629999999999995,1,77.73,78.2,78.66,79.11,79.56,80.0,5,100.0,127,4
2024.0,31.0,MG,3129509.0,Ibiá,MUNICIPAL,52.5,78.10000000000001,25.60000000000001,57.07,21.03000000000001,1,61.49,65.74,69.75,73.48,76.9,80.0,4,79.6875,1187,320
2024.0,41.0,PR,4114351.0,Manfrinópolis,MUNICIPAL,91.0,70.91,-20.090000000000003,80.0,-9.090000000000003,0,80.0,80.0,80.0,80.0,80.0,80.0,4,91.17647058823528,1859,245
2024.0,31.0,MG,3171808.0,Virginópolis,MUNICIPAL,44.1,65.62,21.520000000000003,49.9,15.720000000000006,1,55.67,61.29,66.62,71.56,76.03,80.0,3,93.23308270676692,2343,610
2024.0,31.0,MG,3160603.0,Santo Hipólito,MUNICIPAL,58.8,93.33,34.53,62.33,31.0,1,65.72,68.95,72.01,74.88,77.54,80.0,5,100.0,259,33
2024.0,29.0,BA,2902807.0,Barra da Estiva,MUNICIPAL,47.6,47.17,-0.4299999999999997,52.87,-5.699999999999996,0,58.1,63.15,67.93,72.36,76.39,80.0,1,93.63957597173145,3845,62
2024.0,35.0,SP,3525102.0,Jardinópolis,MUNICIPAL,58.3,45.42,-12.879999999999995,61.9,-16.479999999999997,0,65.37,68.69,71.82,74.76,77.49,80.0,1,84.98942917547568,3959,533
2024.0,31.0,MG,3111101.0,Campina Verde,MUNICIPAL,77.3,75.03,-2.269999999999996,77.67,-2.6400000000000006,0,78.07,78.47,78.86,79.24,79.62,80.0,4,89.55223880597015,1492,413
2024.0,35.0,SP,3552106.0,Socorro,MUNICIPAL,50.8,59.71,8.910000000000004,55.63,4.079999999999998,1,60.34,64.86,69.13,73.1,76.73,80.0,2,87.09677419354838,2876,341
2024.0,22.0,PI,2205953.0,Marcolândia,MUNICIPAL,98.9,89.66,-9.240000000000009,80.0,9.659999999999997,1,80.0,80.0,80.0,80.0,80.0,80.0,5,95.86206896551724,419,33
2024.0,41.0,PR,4110409.0,Indianópolis,MUNICIPAL,80.0,69.81,-10.189999999999998,80.0,-10.189999999999998,0,80.0,80.0,80.0,80.0,80.0,80.0,3,92.98245614035088,1981,261
2024.0,22.0,PI,2205854.0,Madeiro,MUNICIPAL,62.1,55.88,-6.219999999999999,65.01,-9.130000000000003,0,67.86,70.58,73.16,75.6,77.88,80.0,2,100.0,3181,133
2024.0,31.0,MG,3117876.0,Confins,MUNICIPAL,52.5,69.15,16.650000000000006,57.07,12.080000000000005,1,61.49,65.74,69.75,73.48,76.9,80.0,3,70.47619047619048,2040,548
2024.0,15.0,PA,1503077.0,Garrafão do Norte,MUNICIPAL,38.0,32.89,-5.109999999999999,44.45,-11.560000000000002,0,51.13,57.77,64.14,70.05,75.36,80.0,0,84.5771144278607,4639,119
2024.0,24.0,RN,2413805.0,Taboleiro Grande,MUNICIPAL,45.5,73.08,27.58,51.04,22.04,1,56.6,62.01,67.13,71.87,76.17,80.0,4,89.28571428571429,1678,4
2024.0,35.0,SP,3553906.0,Tarabai,MUNICIPAL,78.5,67.98,-10.519999999999996,78.69,-10.709999999999994,0,78.91,79.13,79.35,79.57,79.79,80.0,3,97.5,2155,206
2024.0,35.0,SP,3553708.0,Taquaritinga,MUNICIPAL,62.1,72.83,10.729999999999997,65.07,7.760000000000005,1,67.9,70.62,73.19,75.61,77.88,80.0,4,88.26086956521739,1696,150
2024.0,43.0,RS,4312658.0,Não-Me-Toque,MUNICIPAL,66.1,58.2,-7.8999999999999915,68.38,-10.179999999999993,0,70.55,72.64,74.63,76.52,78.31,80.0,2,86.42857142857143,2999,144
2024.0,27.0,AL,2708956.0,Senador Rui Palmeira,MUNICIPAL,51.9,57.08,5.18,56.54,0.5399999999999991,1,61.07,65.42,69.52,73.34,76.84,80.0,2,98.14814814814817,3092,28
2024.0,35.0,SP,3543709.0,Rincão,MUNICIPAL,58.9,74.83,15.93,62.42,12.409999999999997,1,65.79,69.01,72.05,74.9,77.55,80.0,4,89.8989898989899,1527,127
2024.0,32.0,ES,3203304.0,Mantenópolis,MUNICIPAL,91.7,95.06,3.3599999999999994,80.0,15.060000000000002,1,80.0,80.0,80.0,80.0,80.0,80.0,5,94.21965317919076,199,2
2024.0,26.0,PE,2614600.0,Tabira,MUNICIPAL,72.9,69.10000000000001,-3.799999999999997,74.03,-4.929999999999993,0,75.1,76.14,77.15,78.13,79.08,80.0,3,99.33333333333331,2047,67
2024.0,35.0,SP,3515905.0,Floreal,MUNICIPAL,100.0,96.19,-3.8100000000000023,80.0,16.189999999999998,1,80.0,80.0,80.0,80.0,80.0,80.0,5,90.0,148,12
2024.0,22.0,PI,2205409.0,Joaquim Pires,MUNICIPAL,55.5,81.27,25.769999999999996,59.6,21.669999999999995,1,63.53,67.29,70.84,74.15,77.21,80.0,5,98.94179894179894,941,61
2024.0,35.0,SP,3518503.0,Guareí,MUNICIPAL,62.3,68.52,6.219999999999999,65.19,3.3299999999999983,1,68.0,70.69,73.24,75.65,77.9,80.0,3,92.07317073170732,2104,198
2024.0,21.0,MA,2111904.0,Sucupira do Norte,MUNICIPAL,50.0,60.0,10.0,54.91,5.090000000000003,1,59.75,64.42,68.82,72.91,76.64,80.0,3,100.0,2836,109
2024.0,29.0,BA,2903904.0,Bom Jesus da Lapa,MUNICIPAL,33.9,34.550000000000004,0.6500000000000057,40.73,-6.179999999999993,0,47.96,55.28,62.38,68.98,74.89,80.0,0,94.99304589707928,4573,195
2024.0,31.0,MG,3154507.0,Riacho dos Machados,MUNICIPAL,67.5,70.0,2.5,69.55,0.45000000000000284,1,71.49,73.36,75.14,76.84,78.46,80.0,4,100.0,1958,527
2024.0,51.0,MT,5103437.0,Curvelândia,MUNICIPAL,33.2,92.97,59.769999999999996,40.14,52.83,1,47.45,54.88,62.09,68.8,74.81,80.0,5,98.61111111111111,276,7
2024.0,31.0,MG,3146107.0,Ouro Preto,MUNICIPAL,55.5,71.36,15.86,59.55,11.810000000000002,1,63.49,67.26,70.82,74.14,77.2,80.0,4,86.17511520737328,1825,495
2024.0,29.0,BA,2928208.0,Santana,MUNICIPAL,29.9,38.7,8.800000000000004,37.01,1.6900000000000048,1,44.72,52.69,60.52,67.85,74.39,80.0,0,93.4959349593496,4358,141
2024.0,31.0,MG,3118106.0,Congonhas do Norte,MUNICIPAL,92.0,60.49,-31.509999999999998,80.0,-19.509999999999998,0,80.0,80.0,80.0,80.0,80.0,80.0,3,97.2222222222222,2796,671
2024.0,26.0,PE,2616506.0,Xexéu,MUNICIPAL,62.7,81.33,18.629999999999995,65.51,15.819999999999993,1,68.26,70.88,73.38,75.73,77.94,80.0,5,98.76543209876544,937,31
2024.0,35.0,SP,3504008.0,Assis,MUNICIPAL,43.4,54.85,11.450000000000003,49.23,5.6200000000000045,1,55.12,60.87,66.33,71.38,75.95,80.0,2,90.61522419186652,3283,424
2024.0,35.0,SP,3515194.0,Espírito Santo do Turvo,MUNICIPAL,58.6,56.14,-2.460000000000001,62.12,-5.979999999999997,0,65.55,68.82,71.92,74.82,77.52,80.0,2,92.3076923076923,3165,399
2024.0,26.0,PE,2605004.0,Cupira,MUNICIPAL,78.0,88.96000000000001,10.960000000000008,78.27,10.690000000000012,1,78.56,78.86,79.15,79.43,79.72,80.0,5,97.33333333333334,447,12
2024.0,26.0,PE,2611606.0,Recife,MUNICIPAL,62.4,54.36,-8.04,65.29,-10.930000000000007,0,68.08,70.75,73.28,75.67,77.91,80.0,2,92.7309908905001,3320,138
2024.0,26.0,PE,2604908.0,Cumaru,MUNICIPAL,76.4,95.06,18.659999999999997,76.97,18.090000000000003,1,77.49,78.01,78.52,79.02,79.52,80.0,5,100.0,199,3
2024.0,42.0,SC,4203006.0,Caçador,MUNICIPAL,69.9,65.51,-4.390000000000001,71.48,-5.969999999999999,0,73.04,74.55,76.0,77.39,78.72,80.0,3,72.41830065359477,2352,159
2024.0,21.0,MA,2110005.0,Santa Luzia,MUNICIPAL,54.4,58.7,4.300000000000004,58.67,0.030000000000001137,1,62.78,66.72,70.44,73.9,77.09,80.0,2,90.61277705345502,2950,115
2024.0,42.0,SC,4207502.0,Indaial,MUNICIPAL,55.2,67.83,12.629999999999995,59.31,8.519999999999996,1,63.3,67.12,70.72,74.07,77.17,80.0,3,84.64467005076142,2164,146
2024.0,33.0,RJ,3304144.0,Queimados,MUNICIPAL,38.1,37.63,-0.46999999999999886,44.56,-6.93,0,51.22,57.84,64.19,70.08,75.38,80.0,0,80.56265984654732,4424,81
2024.0,35.0,SP,3503901.0,Arujá,MUNICIPAL,50.9,60.67,9.770000000000003,55.66,5.010000000000005,1,60.36,64.88,69.14,73.1,76.73,80.0,3,92.4476797088262,2782,324
2024.0,50.0,MS,5005152.0,Juti,MUNICIPAL,22.6,47.67,25.07,29.82,17.85,1,38.18,47.29,56.59,65.45,73.35,80.0,1,88.39779005524862,3802,60
2024.0,21.0,MA,2110609.0,São Bernardo,MUNICIPAL,74.4,67.87,-6.530000000000001,75.28,-7.409999999999997,0,76.12,76.94,77.73,78.51,79.26,80.0,3,97.86585365853658,2162,79
2024.0,35.0,SP,3508603.0,Cachoeira Paulista,MUNICIPAL,50.1,41.8,-8.300000000000004,55.01,-13.21,0,59.84,64.48,68.86,72.93,76.65,80.0,1,92.71255060728744,4182,559
2024.0,31.0,MG,3122900.0,Dona Euzébia,MUNICIPAL,47.1,95.71,48.60999999999999,52.47,43.239999999999995,1,57.77,62.9,67.76,72.25,76.35,80.0,5,93.24324324324324,170,17
2024.0,41.0,PR,4107124.0,Diamante do Sul,MUNICIPAL,69.4,83.28,13.879999999999995,71.09,12.189999999999998,1,72.73,74.31,75.83,77.28,78.67,80.0,5,94.73684210526316,789,71
2024.0,29.0,BA,2933158.0,Várzea Nova,MUNICIPAL,32.8,17.95,-14.849999999999998,39.73,-21.779999999999998,0,47.1,54.59,61.89,68.68,74.76,80.0,0,96.8944099378882,4954,364
2024.0,25.0,PB,2501351.0,Assunção,MUNICIPAL,48.4,93.96,45.559999999999995,53.55,40.41,1,58.65,63.57,68.23,72.54,76.48,80.0,5,98.50746268656717,242,14
2024.0,42.0,SC,4211751.0,Otacílio Costa,MUNICIPAL,55.1,70.95,15.850000000000001,59.2,11.75,1,63.21,67.04,70.67,74.04,77.16,80.0,4,88.17733990147784,1853,112
2024.0,35.0,SP,3503406.0,Arealva,MUNICIPAL,72.6,79.38,6.780000000000001,73.77,5.609999999999999,1,74.89,75.98,77.03,78.06,79.04,80.0,4,90.52631578947368,1096,90
2024.0,31.0,MG,3136579.0,Josenópolis,MUNICIPAL,90.3,90.91,0.6099999999999994,80.0,10.909999999999997,1,80.0,80.0,80.0,80.0,80.0,80.0,5,100.0,362,63
2024.0,16.0,AP,1600055.0,Serra do Navio,MUNICIPAL,32.9,73.61,40.71,39.84,33.769999999999996,1,47.19,54.67,61.94,68.72,74.77,80.0,4,92.45283018867924,1633,3
2024.0,31.0,MG,3150802.0,Piranga,MUNICIPAL,60.1,75.27,15.169999999999995,63.43,11.839999999999996,1,66.59,69.62,72.48,75.17,77.68,80.0,4,90.17857142857144,1474,406
2024.0,43.0,RS,4315172.0,Protásio Alves,MUNICIPAL,80.0,75.0,-5.0,79.98,-4.980000000000004,0,79.99,79.99,79.99,79.99,80.0,80.0,4,84.21052631578947,1497,36
2024.0,35.0,SP,3513603.0,Cunha,MUNICIPAL,49.9,58.09,8.190000000000005,54.88,3.210000000000001,1,59.73,64.4,68.81,72.9,76.64,80.0,2,93.10344827586206,3009,365
2024.0,29.0,BA,2913903.0,Ipiaú,MUNICIPAL,33.6,25.15,-8.450000000000003,40.51,-15.36,0,47.77,55.13,62.27,68.91,74.86,80.0,0,96.44970414201184,4867,327
2024.0,51.0,MT,5108808.0,Nova Guarita,MUNICIPAL,68.0,67.3,-0.7000000000000028,69.95,-2.6500000000000057,0,71.81,73.6,75.32,76.96,78.52,80.0,3,92.5,2212,63
2024.0,35.0,SP,3501301.0,Álvares Machado,MUNICIPAL,53.9,72.19,18.29,58.23,13.96,1,62.43,66.46,70.25,73.79,77.04,80.0,4,92.1641791044776,1748,159
2024.0,52.0,GO,5215231.0,Novo Gama,MUNICIPAL,52.3,57.35,5.050000000000004,56.87,0.480000000000004,1,61.34,65.62,69.67,73.43,76.88,80.0,2,86.8189806678383,3059,216
2024.0,41.0,PR,4115457.0,Marquinho,MUNICIPAL,74.0,82.18,8.180000000000007,74.92,7.260000000000005,1,75.82,76.7,77.56,78.4,79.21,80.0,5,94.8051948051948,863,84
2024.0,42.0,SC,4210704.0,Matos Costa,MUNICIPAL,,37.3,,,,,45.04,52.95,60.71,67.97,74.45,80.0,0,75.0,4440,238
2024.0,41.0,PR,4103024.0,Boa Esperança do Iguaçu,MUNICIPAL,75.0,93.1,18.099999999999994,75.76,17.33999999999999,1,76.51,77.24,77.95,78.65,79.33,80.0,5,96.55172413793105,270,9
2024.0,31.0,MG,3152170.0,Ponto dos Volantes,MUNICIPAL,72.6,67.71000000000001,-4.889999999999986,73.78,-6.069999999999993,0,74.9,75.98,77.04,78.06,79.05,80.0,3,93.75,2175,571
2024.0,43.0,RS,4312377.0,Monte Alegre dos Campos,MUNICIPAL,63.3,36.2,-27.099999999999994,66.01,-29.810000000000002,0,68.66,71.19,73.6,75.87,78.0,80.0,0,78.57142857142857,4501,363
2024.0,26.0,PE,2607505.0,Itaíba,MUNICIPAL,59.5,58.6,-0.8999999999999986,62.9,-4.299999999999997,0,66.17,69.29,72.25,75.03,77.61,80.0,2,98.5576923076923,2960,115
2024.0,23.0,CE,2301109.0,Aracati,MUNICIPAL,89.1,91.16,2.0600000000000023,80.0,11.159999999999997,1,80.0,80.0,80.0,80.0,80.0,80.0,5,98.83449883449885,353,104
2024.0,31.0,MG,3142205.0,Miraí,MUNICIPAL,96.2,79.2,-17.0,80.0,-0.7999999999999972,0,80.0,80.0,80.0,80.0,80.0,80.0,4,87.77777777777777,1106,293
2024.0,29.0,BA,2925253.0,Ponto Novo,MUNICIPAL,23.2,36.99,13.790000000000003,30.38,6.610000000000003,1,38.69,47.73,56.92,65.65,73.44,80.0,0,95.58011049723756,4459,162
2024.0,29.0,BA,2915601.0,Itamaraju,MUNICIPAL,44.1,37.41,-6.690000000000005,49.84,-12.430000000000007,0,55.62,61.25,66.6,71.55,76.03,80.0,0,90.40650406504064,4434,153
2024.0,25.0,PB,2513406.0,Santa Luzia,MUNICIPAL,54.8,54.05,-0.75,59.0,-4.950000000000003,0,63.05,66.92,70.58,73.99,77.13,80.0,2,95.51282051282053,3349,114
2024.0,21.0,MA,2106409.0,Mata Roma,MUNICIPAL,69.7,76.86,7.159999999999997,71.33,5.530000000000001,1,72.92,74.45,75.93,77.35,78.7,80.0,4,95.21531100478468,1329,43
2024.0,22.0,PI,2200707.0,Anísio de Abreu,MUNICIPAL,46.6,57.02,10.420000000000002,51.99,5.030000000000001,1,57.38,62.6,67.54,72.13,76.29,80.0,2,99.21259842519686,3093,132
2024.0,23.0,CE,2310407.0,Paramoti,MUNICIPAL,98.9,94.2,-4.700000000000003,80.0,14.200000000000003,1,80.0,80.0,80.0,80.0,80.0,80.0,5,100.0,234,81
2024.0,22.0,PI,2202802.0,Conceição do Canindé,MUNICIPAL,47.3,70.98,23.680000000000007,52.61,18.370000000000005,1,57.89,62.99,67.82,72.29,76.36,80.0,4,98.4126984126984,1847,88
,,,,,,,,,,,,,,,,,,,,,
2024.0,51.0,MT,5106299.0,Paranaíta,MUNICIPAL,60.7,79.7,19.0,63.88,15.82,1,66.96,69.89,72.68,75.29,77.74,80.0,4,92.94117647058825,1068,23
2024.0,35.0,SP,3533700.0,Ocauçu,MUNICIPAL,83.7,90.38,6.679999999999993,80.0,10.379999999999995,1,80.0,80.0,80.0,80.0,80.0,80.0,5,86.66666666666667,383,33
2024.0,15.0,PA,1507706.0,São Sebastião da Boa Vista,MUNICIPAL,48.1,47.41,-0.6900000000000048,53.3,-5.890000000000001,0,58.45,63.42,68.12,72.48,76.45,80.0,1,85.68181818181819,3820,71
2024.0,26.0,PE,2608206.0,Joaquim Nabuco,MUNICIPAL,49.6,47.34,-2.259999999999998,54.58,-7.239999999999995,0,59.49,64.21,68.67,72.82,76.6,80.0,1,97.87234042553192,3829,154
2024.0,16.0,AP,1600709.0,Tartarugalzinho,MUNICIPAL,32.1,94.21,62.10999999999999,39.04,55.169999999999995,1,46.5,54.12,61.55,68.47,74.67,80.0,5,91.49659863945578,233,1
2024.0,29.0,BA,2926608.0,Ribeira do Pombal,MUNICIPAL,34.4,40.72,6.32,41.2,-0.480000000000004,0,48.37,55.6,62.61,69.12,74.95,80.0,1,90.27027027027027,4244,123
2024.0,31.0,MG,3158607.0,Santana do Deserto,MUNICIPAL,58.3,80.09,21.790000000000006,61.92,18.17,1,65.39,68.7,71.83,74.77,77.49,80.0,5,73.46938775510205,1027,273
2024.0,26.0,PE,2612505.0,Santa Cruz do Capibaribe,MUNICIPAL,52.8,55.94,3.1400000000000006,57.31,-1.3700000000000045,0,61.69,65.89,69.85,73.54,76.93,80.0,2,92.98085688240656,3178,129
2024.0,43.0,RS,4302402.0,Bom Retiro do Sul,MUNICIPAL,78.2,64.6,-13.600000000000009,78.46,-13.86,0,78.72,78.98,79.24,79.49,79.75,80.0,3,83.94160583941606,2441,92
2024.0,41.0,PR,4100806.0,Alvorada do Sul,MUNICIPAL,69.4,72.48,3.0799999999999983,71.09,1.3900000000000006,1,72.72,74.3,75.82,77.28,78.67,80.0,4,84.8,1720,225
2024.0,41.0,PR,4122107.0,Rio Bom,MUNICIPAL,94.5,69.55,-24.950000000000003,80.0,-10.450000000000003,0,80.0,80.0,80.0,80.0,80.0,80.0,3,92.3076923076923,1999,262
2024.0,17.0,TO,1718402.0,Presidente Kennedy,MUNICIPAL,69.5,57.83,-11.670000000000002,71.14,-13.310000000000002,0,72.77,74.34,75.85,77.29,78.68,80.0,2,88.23529411764706,3027,31
2024.0,41.0,PR,4120150.0,Porto Barreiro,MUNICIPAL,100.0,86.29,-13.709999999999994,80.0,6.290000000000006,1,80.0,80.0,80.0,80.0,80.0,80.0,5,90.32258064516128,587,42
2024.0,31.0,MG,3162005.0,São Gonçalo do Sapucaí,MUNICIPAL,76.3,76.14,-0.1599999999999966,76.83,-0.6899999999999977,0,77.38,77.92,78.46,78.98,79.5,80.0,4,93.24894514767934,1399,388
2024.0,35.0,SP,3530508.0,Mococa,MUNICIPAL,46.4,61.52,15.120000000000005,51.87,9.650000000000006,1,57.28,62.53,67.49,72.09,76.27,80.0,3,90.39735099337749,2712,307
2024.0,43.0,RS,4307005.0,Erechim,MUNICIPAL,61.2,45.9,-15.300000000000004,64.31,-18.410000000000004,0,67.3,70.16,72.86,75.41,77.79,80.0,1,93.69863013698632,3928,261
2024.0,31.0,MG,3104304.0,Areado,MUNICIPAL,70.8,88.09,17.290000000000006,72.21,15.88000000000001,1,73.63,75.0,76.33,77.6,78.83,80.0,5,92.21556886227546,485,103
2024.0,26.0,PE,2604403.0,Chã de Alegria,MUNICIPAL,63.0,63.28,0.28000000000000114,65.79,-2.510000000000005,0,68.48,71.05,73.5,75.81,77.98,80.0,3,100.0,2570,97
2024.0,52.0,GO,5220686.0,Simolândia,MUNICIPAL,86.3,77.79,-8.509999999999991,80.0,-2.2099999999999937,0,80.0,80.0,80.0,80.0,80.0,80.0,4,98.46153846153848,1218,135
2024.0,21.0,MA,2106300.0,Magalhães de Almeida,MUNICIPAL,51.6,82.04,30.440000000000005,56.28,25.760000000000005,1,60.86,65.26,69.41,73.27,76.81,80.0,5,98.63013698630137,879,26
2024.0,15.0,PA,1504505.0,Melgaço,MUNICIPAL,38.0,28.64,-9.36,44.48,-15.839999999999996,0,51.16,57.8,64.16,70.06,75.37,80.0,0,72.68993839835728,4778,125
2024.0,25.0,PB,2511103.0,Pedra Lavrada,MUNICIPAL,75.6,83.68,8.080000000000013,76.28,7.400000000000006,1,76.93,77.57,78.19,78.81,79.41,80.0,5,98.52941176470588,756,33
2024.0,42.0,SC,4212056.0,Palmeira,MUNICIPAL,67.2,57.22,-9.980000000000004,69.23,-12.010000000000005,0,71.23,73.16,75.0,76.75,78.42,80.0,2,93.33333333333331,3069,200
2024.0,22.0,PI,2200905.0,Aroazes,MUNICIPAL,57.7,30.0,-27.700000000000003,61.39,-31.39,0,64.97,68.38,71.61,74.63,77.43,80.0,0,93.75,4736,206
2024.0,22.0,PI,2202307.0,Canto do Buriti,MUNICIPAL,13.7,36.45,22.750000000000004,20.06,16.390000000000004,1,28.48,38.71,50.05,61.38,71.6,80.0,0,95.70815450643777,4491,195
2024.0,23.0,CE,2305605.0,Independência,MUNICIPAL,98.8,98.62,-0.1799999999999926,80.0,18.620000000000005,1,80.0,80.0,80.0,80.0,80.0,80.0,5,98.6206896551724,78,32
2024.0,15.0,PA,1507102.0,São Caetano de Odivelas,MUNICIPAL,33.4,69.85000000000001,36.45000000000001,40.26,29.59000000000001,1,47.56,54.96,62.15,68.84,74.83,80.0,3,80.92485549132948,1976,8
2024.0,42.0,SC,4209706.0,Lebon Régis,MUNICIPAL,40.9,56.41,15.509999999999998,47.04,9.369999999999997,1,53.3,59.46,65.34,70.78,75.69,80.0,2,72.35294117647058,3142,205
2024.0,41.0,PR,4127965.0,Turvo,MUNICIPAL,82.6,84.81,2.210000000000008,80.0,4.810000000000002,1,80.0,80.0,80.0,80.0,80.0,80.0,5,86.93877551020408,682,58
2024.0,31.0,MG,3109907.0,Caetanópolis,MUNICIPAL,55.1,72.48,17.380000000000003,59.24,13.240000000000002,1,63.24,67.07,70.68,74.05,77.16,80.0,4,94.28571428571428,1720,467
2024.0,24.0,RN,2410702.0,Riacho da Cruz,MUNICIPAL,25.0,37.5,12.5,32.22,5.280000000000001,1,40.4,49.16,57.96,66.29,73.72,80.0,0,80.0,4426,84
2024.0,27.0,AL,2704807.0,Maribondo,MUNICIPAL,46.6,41.5,-5.100000000000001,52.02,-10.520000000000003,0,57.41,62.62,67.56,72.14,76.29,80.0,1,96.90721649484536,4200,69
2024.0,29.0,BA,2902401.0,Aurelino Leal,MUNICIPAL,42.7,33.61,-9.090000000000003,48.61,-15.0,0,54.6,60.47,66.04,71.21,75.88,80.0,0,94.57364341085272,4606,206
2024.0,31.0,MG,3113800.0,Carmésia,MUNICIPAL,29.8,62.5,32.7,36.86,25.64,1,44.58,52.58,60.44,67.8,74.37,80.0,3,96.7741935483871,2630,655
2024.0,35.0,SP,3546702.0,Santa Gertrudes,MUNICIPAL,59.7,64.05,4.349999999999994,63.03,1.019999999999996,1,66.28,69.38,72.31,75.06,77.63,80.0,3,88.95705521472392,2508,262
2024.0,28.0,SE,2803906.0,Malhador,MUNICIPAL,34.3,36.75,2.450000000000003,41.11,-4.359999999999999,0,48.29,55.54,62.56,69.09,74.94,80.0,0,92.0863309352518,4477,32
2024.0,23.0,CE,2313005.0,Solonópole,MUNICIPAL,98.1,98.96,0.8599999999999994,80.0,18.959999999999994,1,80.0,80.0,80.0,80.0,80.0,80.0,5,100.0,66,24
2024.0,21.0,MA,2104404.0,Gonçalves Dias,MUNICIPAL,45.2,66.96000000000001,21.760000000000005,50.85,16.110000000000007,1,56.45,61.89,67.04,71.82,76.15,80.0,3,86.23853211009175,2238,83
2024.0,33.0,RJ,3304904.0,São Gonçalo,MUNICIPAL,45.7,43.71,-1.990000000000002,51.23,-7.519999999999996,0,56.76,62.13,67.21,71.92,76.2,80.0,1,78.02120141342756,4075,76
2024.0,24.0,RN,2400604.0,Almino Afonso,MUNICIPAL,11.1,21.43,10.33,17.02,4.41,1,25.17,35.57,47.53,59.77,70.91,80.0,0,100.0,4924,137
2024.0,35.0,SP,3519006.0,Herculândia,MUNICIPAL,85.2,81.08,-4.1200000000000045,80.0,1.0799999999999983,1,80.0,80.0,80.0,80.0,80.0,80.0,5,94.5054945054945,956,73
2024.0,41.0,PR,4101309.0,Antônio Olinto,MUNICIPAL,91.4,88.26,-3.1400000000000006,80.0,8.260000000000005,1,80.0,80.0,80.0,80.0,80.0,80.0,5,91.17647058823528,476,30
2024.0,35.0,SP,3545159.0,Saltinho,MUNICIPAL,65.6,64.45,-1.1499999999999915,67.95,-3.5,0,70.21,72.37,74.44,76.4,78.25,80.0,3,91.81818181818184,2464,255
2024.0,42.0,SC,4215356.0,Saltinho,MUNICIPAL,95.1,75.29,-19.809999999999988,80.0,-4.709999999999994,0,80.0,80.0,80.0,80.0,80.0,80.0,4,96.0,1472,86
2024.0,25.0,PB,2515971.0,Sobrado,MUNICIPAL,60.0,40.74,-19.259999999999998,63.31,-22.57,0,66.5,69.55,72.43,75.14,77.66,80.0,1,100.0,4242,175
2024.0,35.0,SP,3512308.0,Conchas,MUNICIPAL,47.3,69.48,22.180000000000007,52.67,16.810000000000002,1,57.93,63.02,67.84,72.31,76.37,80.0,3,84.70588235294117,2007,190
2024.0,31.0,MG,3120102.0,Couto de Magalhães de Minas,MUNICIPAL,48.5,77.52,29.019999999999996,53.63,23.889999999999993,1,58.72,63.63,68.26,72.57,76.49,80.0,4,98.0392156862745,1250,339
2024.0,42.0,SC,4219853.0,Zortéa,MUNICIPAL,65.1,57.58,-7.519999999999996,67.5,-9.920000000000002,0,69.85,72.1,74.24,76.28,78.19,80.0,2,83.33333333333334,3042,199
2024.0,52.0,GO,5216304.0,Paranaiguara,MUNICIPAL,85.7,97.01,11.310000000000002,80.0,17.010000000000005,1,80.0,80.0,80.0,80.0,80.0,80.0,5,98.07692307692308,125,15
2024.0,41.0,PR,4128559.0,Vera Cruz do Oeste,MUNICIPAL,52.4,76.11,23.71,56.94,19.17,1,61.39,65.66,69.7,73.44,76.88,80.0,4,88.8,1402,164
2024.0,27.0,AL,2700508.0,Barra de Santo Antônio,MUNICIPAL,30.6,32.980000000000004,2.3800000000000026,37.63,-4.649999999999999,0,45.27,53.13,60.84,68.04,74.48,80.0,0,94.0,4634,86
2024.0,15.0,PA,1506112.0,Quatipuru,MUNICIPAL,48.9,47.3,-1.6000000000000014,53.99,-6.690000000000005,0,59.01,63.85,68.42,72.66,76.53,80.0,1,91.0828025477707,3834,72
2024.0,31.0,MG,3155900.0,Rio Preto,MUNICIPAL,71.2,62.04,-9.160000000000004,72.56,-10.520000000000003,0,73.91,75.22,76.48,77.7,78.87,80.0,3,94.44444444444444,2670,659
2024.0,43.0,RS,4314506.0,Pinheiro Machado,MUNICIPAL,67.1,50.2,-16.89999999999999,69.19,-18.989999999999995,0,71.2,73.13,74.98,76.74,78.42,80.0,2,90.625,3623,215
2024.0,29.0,BA,2900405.0,Água Fria,MUNICIPAL,21.0,30.43,9.43,28.14,2.289999999999999,1,36.58,45.93,55.59,64.83,73.09,80.0,0,93.24324324324324,4726,257
2024.0,26.0,PE,2616001.0,Venturosa,MUNICIPAL,53.3,59.29,5.990000000000002,57.68,1.6099999999999994,1,61.99,66.12,70.01,73.64,76.97,80.0,2,96.46017699115043,2912,112
2024.0,31.0,MG,3111606.0,Campos Gerais,MUNICIPAL,65.6,71.94,6.340000000000003,67.91,4.030000000000001,1,70.18,72.35,74.42,76.39,78.25,80.0,4,82.92682926829268,1769,480
2024.0,43.0,RS,4315552.0,Rio dos Índios,MUNICIPAL,88.9,85.7,-3.200000000000003,80.0,5.700000000000003,1,80.0,80.0,80.0,80.0,80.0,80.0,5,100.0,622,9
2024.0,35.0,SP,3527108.0,Lins,MUNICIPAL,74.3,92.23,17.930000000000007,75.13,17.10000000000001,1,76.0,76.84,77.66,78.46,79.24,80.0,5,91.93548387096774,307,24
2024.0,26.0,PE,2609808.0,Orocó,MUNICIPAL,45.9,50.86,4.960000000000001,51.44,-0.5799999999999983,0,56.93,62.26,67.3,71.98,76.22,80.0,2,100.0,3576,147
2024.0,24.0,RN,2402105.0,Campo Redondo,MUNICIPAL,24.0,39.72,15.719999999999999,31.26,8.459999999999997,1,39.52,48.42,57.42,65.96,73.57,80.0,0,83.87096774193549,4303,72
2024.0,24.0,RN,2402303.0,Caraúbas,MUNICIPAL,25.2,39.56,14.360000000000003,32.45,7.109999999999999,1,40.62,49.33,58.09,66.37,73.75,80.0,0,80.0,4311,74
2024.0,29.0,BA,2902609.0,Baixa Grande,MUNICIPAL,36.3,36.78,0.480000000000004,42.94,-6.159999999999997,0,49.85,56.77,63.44,69.62,75.17,80.0,0,89.69072164948454,4471,165
2024.0,43.0,RS,4304630.0,Capão da Canoa,MUNICIPAL,,34.4,,,,,42.44,50.84,59.19,67.04,74.04,80.0,0,75.69659442724458,4580,375
2024.0,11.0,RO,1100205.0,Porto Velho,MUNICIPAL,65.1,50.84,-14.259999999999991,67.5,-16.659999999999997,0,69.85,72.1,74.24,76.28,78.19,80.0,2,85.04950495049505,3580,46
2024.0,35.0,SP,3507159.0,Bom Sucesso de Itararé,MUNICIPAL,56.3,55.46,-0.8399999999999963,60.25,-4.789999999999999,0,64.05,67.69,71.12,74.32,77.29,80.0,2,96.42857142857144,3225,409
2024.0,28.0,SE,2804805.0,Nossa Senhora do Socorro,MUNICIPAL,19.9,29.8,9.900000000000002,26.93,2.870000000000001,1,35.42,44.93,54.84,64.37,72.89,80.0,0,89.36986301369862,4744,46
2024.0,15.0,PA,1507300.0,São Félix do Xingu,MUNICIPAL,,30.95,,,,,39.2,48.15,57.23,65.84,73.52,80.0,0,75.37473233404711,4706,123
2024.0,43.0,RS,4302378.0,Bom Progresso,MUNICIPAL,56.3,71.4,15.100000000000009,60.19,11.210000000000008,1,64.01,67.65,71.09,74.31,77.28,80.0,4,87.5,1815,48
2024.0,21.0,MA,2101004.0,Arari,MUNICIPAL,67.5,72.37,4.8700000000000045,69.51,2.8599999999999994,1,71.46,73.33,75.12,76.83,78.46,80.0,4,97.2560975609756,1732,60
2024.0,50.0,MS,5001243.0,Aral Moreira,MUNICIPAL,73.9,73.43,-0.46999999999999886,74.85,-1.4199999999999875,0,75.77,76.66,77.53,78.38,79.2,80.0,4,93.28859060402684,1643,10
2024.0,41.0,PR,4120002.0,Porecatu,MUNICIPAL,74.3,87.25,12.950000000000003,75.21,12.040000000000006,1,76.06,76.89,77.7,78.48,79.25,80.0,5,95.6043956043956,531,38
2024.0,35.0,SP,3542305.0,Redenção da Serra,MUNICIPAL,83.3,84.33,1.0300000000000011,80.0,4.329999999999998,1,80.0,80.0,80.0,80.0,80.0,80.0,5,94.44444444444444,715,57
2024.0,31.0,MG,3133758.0,Itaú de Minas,MUNICIPAL,74.3,89.46000000000001,15.16000000000001,75.2,14.260000000000005,1,76.05,76.88,77.69,78.48,79.25,80.0,5,97.63779527559056,430,85
2024.0,35.0,SP,3521309.0,Ipuã,MUNICIPAL,77.1,63.8,-13.299999999999997,77.52,-13.719999999999999,0,77.95,78.37,78.79,79.2,79.6,80.0,3,96.62162162162164,2530,266
2024.0,26.0,PE,2607901.0,Jaboatão dos Guararapes,MUNICIPAL,57.3,54.98,-2.3200000000000003,61.03,-6.050000000000004,0,64.67,68.16,71.45,74.53,77.38,80.0,2,93.08426073131956,3266,135
2024.0,31.0,MG,3170008.0,Ubaí,MUNICIPAL,70.3,58.55,-11.75,71.8,-13.25,0,73.3,74.75,76.14,77.48,78.77,80.0,2,94.9367088607595,2965,691
2024.0,51.0,MT,5102850.0,Castanheira,MUNICIPAL,63.1,64.87,1.7700000000000031,65.88,-1.009999999999991,0,68.55,71.11,73.54,75.83,77.99,80.0,3,87.09677419354838,2413,73
2024.0,31.0,MG,3119104.0,Corinto,MUNICIPAL,40.0,85.75,45.75,46.3,39.45,1,52.68,58.98,65.0,70.57,75.59,80.0,5,94.67213114754098,614,149
2024.0,25.0,PB,2513703.0,Santa Rita,MUNICIPAL,40.8,35.79,-5.009999999999998,47.0,-11.21,0,53.27,59.44,65.32,70.77,75.68,80.0,0,75.0,4526,194
2024.0,52.0,GO,5213905.0,Mossâmedes,MUNICIPAL,85.2,100.0,14.799999999999997,80.0,20.0,1,80.0,80.0,80.0,80.0,80.0,80.0,5,97.36842105263158,1,1
2024.0,29.0,BA,2902708.0,Barra,MUNICIPAL,26.8,28.48,1.6799999999999997,34.04,-5.559999999999999,0,42.06,50.53,58.96,66.9,73.98,80.0,0,88.26815642458101,4785,287
2024.0,31.0,MG,3140530.0,Martins Soares,MUNICIPAL,76.6,83.69,7.090000000000003,77.07,6.6200000000000045,1,77.58,78.08,78.57,79.05,79.53,80.0,5,91.17647058823528,754,192
2024.0,31.0,MG,3153004.0,Pratinha,MUNICIPAL,85.4,52.8,-32.60000000000001,80.0,-27.200000000000003,0,80.0,80.0,80.0,80.0,80.0,80.0,2,89.0909090909091,3433,722
2024.0,43.0,RS,4300109.0,Agudo,MUNICIPAL,56.1,56.9,0.7999999999999972,60.08,-3.1799999999999997,0,63.92,67.58,71.05,74.28,77.27,80.0,2,91.25,3107,156
2024.0,13.0,AM,1301001.0,Carauari,MUNICIPAL,47.4,49.19,1.7899999999999991,52.7,-3.510000000000005,0,57.96,63.05,67.86,72.32,76.37,80.0,1,85.8974358974359,3697,20
2024.0,51.0,MT,5107883.0,Serra Nova Dourada,MUNICIPAL,65.3,94.74,29.439999999999998,67.73,27.00999999999999,1,70.03,72.24,74.34,76.34,78.22,80.0,5,82.6086956521739,210,5
2024.0,52.0,GO,5213772.0,Montividiu do Norte,MUNICIPAL,59.4,65.74,6.339999999999996,62.79,2.9499999999999957,1,66.08,69.23,72.21,75.0,77.6,80.0,3,89.74358974358975,2333,196
2024.0,31.0,MG,3112109.0,Caparaó,MUNICIPAL,60.2,67.92,7.719999999999999,63.44,4.480000000000004,1,66.6,69.62,72.48,75.17,77.68,80.0,3,89.1891891891892,2159,568
2024.0,52.0,GO,5203906.0,Buriti Alegre,MUNICIPAL,69.0,64.95,-4.049999999999997,70.78,-5.829999999999998,0,72.48,74.11,75.68,77.19,78.63,80.0,3,90.08264462809916,2408,201
2024.0,25.0,PB,2503308.0,Cachoeira dos Índios,MUNICIPAL,42.1,52.23,10.129999999999995,48.08,4.149999999999999,1,54.17,60.13,65.81,71.07,75.81,80.0,2,85.5072463768116,3483,121
2024.0,22.0,PI,2208700.0,Redenção do Gurguéia,MUNICIPAL,99.0,80.52,-18.480000000000004,80.0,0.519999999999996,1,80.0,80.0,80.0,80.0,80.0,80.0,5,100.0,995,64
2024.0,43.0,RS,4321352.0,Tavares,MUNICIPAL,65.7,37.0,-28.700000000000003,68.03,-31.03,0,70.27,72.42,74.47,76.42,78.26,80.0,0,100.0,4455,356
2024.0,35.0,SP,3529708.0,Miguelópolis,MUNICIPAL,64.3,29.09,-35.209999999999994,66.88,-37.78999999999999,0,69.35,71.72,73.97,76.11,78.11,80.0,0,79.48717948717949,4766,575
2024.0,15.0,PA,1501105.0,Bagre,MUNICIPAL,46.7,53.31,6.609999999999999,52.12,1.1900000000000048,1,57.48,62.68,67.6,72.16,76.3,80.0,2,92.61744966442951,3404,37
2024.0,43.0,RS,4304713.0,Caraá,MUNICIPAL,90.8,62.4,-28.4,80.0,-17.6,0,80.0,80.0,80.0,80.0,80.0,80.0,3,96.0,2642,108
2024.0,41.0,PR,4122156.0,Rio Bonito do Iguaçu,MUNICIPAL,81.4,80.25,-1.1500000000000057,80.0,0.25,1,80.0,80.0,80.0,80.0,80.0,80.0,5,86.51162790697674,1013,99
2024.0,52.0,GO,5201504.0,Aporé,MUNICIPAL,62.0,65.8,3.799999999999997,64.94,0.8599999999999994,1,67.8,70.53,73.13,75.58,77.87,80.0,3,93.84615384615384,2330,195
2024.0,24.0,RN,2407302.0,Marcelino Vieira,MUNICIPAL,26.9,22.73,-4.169999999999998,34.1,-11.370000000000001,0,42.12,50.57,58.99,66.92,73.99,80.0,0,100.0,4910,135
2024.0,33.0,RJ,3300902.0,Cambuci,MUNICIPAL,69.0,64.38,-4.6200000000000045,70.76,-6.38000000000001,0,72.46,74.1,75.68,77.19,78.63,80.0,3,93.16239316239316,2470,31
2024.0,35.0,SP,3541307.0,Presidente Epitácio,MUNICIPAL,48.4,69.12,20.720000000000006,53.56,15.560000000000002,1,58.66,63.58,68.23,72.55,76.48,80.0,3,94.73684210526316,2045,193
2024.0,31.0,MG,3120151.0,Crisólita,MUNICIPAL,53.0,48.66,-4.340000000000003,57.46,-8.800000000000004,0,61.81,65.98,69.92,73.58,76.95,80.0,1,90.0,3734,736
2024.0,24.0,RN,2414308.0,Timbaúba dos Batistas,MUNICIPAL,20.8,40.0,19.2,27.96,12.04,1,36.41,45.79,55.48,64.76,73.06,80.0,1,100.0,4280,71
2024.0,21.0,MA,2103406.0,Coelho Neto,MUNICIPAL,60.5,76.13,15.629999999999995,63.75,12.379999999999995,1,66.85,69.81,72.62,75.26,77.72,80.0,4,89.21161825726142,1400,46
2024.0,24.0,RN,2405108.0,Jandaíra,MUNICIPAL,30.4,29.91,-0.48999999999999844,37.5,-7.59,0,45.15,53.04,60.77,68.0,74.46,80.0,0,81.13207547169812,4739,118
2024.0,31.0,MG,3162559.0,São João do Manhuaçu,MUNICIPAL,76.7,71.72,-4.980000000000004,77.22,-5.5,0,77.7,78.18,78.64,79.1,79.55,80.0,4,95.0,1790,484
2024.0,31.0,MG,3126109.0,Formiga,MUNICIPAL,66.9,86.89,19.989999999999995,69.05,17.840000000000003,1,71.09,73.05,74.92,76.7,78.4,80.0,5,87.32106339468302,556,127
2024.0,22.0,PI,2210953.0,Tamboril do Piauí,MUNICIPAL,68.8,65.11,-3.6899999999999977,70.55,-5.439999999999998,0,72.3,73.98,75.59,77.13,78.6,80.0,3,95.55555555555556,2392,102
2024.0,29.0,BA,2931400.0,Teodoro Sampaio,MUNICIPAL,41.0,30.56,-10.440000000000001,47.18,-16.62,0,53.42,59.55,65.4,70.82,75.7,80.0,0,94.73684210526316,4721,254
2024.0,41.0,PR,4124608.0,São Carlos do Ivaí,MUNICIPAL,78.3,73.36,-4.939999999999998,78.54,-5.180000000000007,0,78.79,79.04,79.28,79.52,79.76,80.0,4,94.9367088607595,1649,211
2024.0,29.0,BA,2925501.0,Prado,MUNICIPAL,34.9,28.97,-5.93,41.65,-12.68,0,48.75,55.91,62.82,69.25,75.01,80.0,0,80.85642317380352,4768,278
2024.0,29.0,BA,2900306.0,Acajutiba,MUNICIPAL,19.7,59.14,39.44,26.77,32.370000000000005,1,35.26,44.8,54.73,64.31,72.86,80.0,2,91.17647058823528,2923,13
2024.0,23.0,CE,2303808.0,Cedro,MUNICIPAL,96.6,98.77,2.1700000000000017,80.0,18.769999999999996,1,80.0,80.0,80.0,80.0,80.0,80.0,5,100.0,74,28
2024.0,41.0,PR,4125506.0,São José dos Pinhais,MUNICIPAL,67.2,64.3,-2.9000000000000057,69.26,-4.960000000000008,0,71.26,73.18,75.01,76.76,78.43,80.0,3,83.3479596314173,2478,300
2024.0,22.0,PI,2202083.0,Cajueiro da Praia,MUNICIPAL,47.4,62.75,15.350000000000001,52.75,10.0,1,58.0,63.08,67.88,72.33,76.38,80.0,3,99.3006993006993,2612,113
2024.0,41.0,PR,4123824.0,Santa Lúcia,MUNICIPAL,79.5,85.71000000000001,6.210000000000008,79.57,6.140000000000015,1,79.64,79.72,79.79,79.86,79.93,80.0,5,85.71428571428571,615,44
2024.0,33.0,RJ,3301009.0,Campos dos Goytacazes,MUNICIPAL,38.7,38.33,-0.37000000000000455,45.1,-6.770000000000003,0,51.68,58.2,64.45,70.24,75.44,80.0,0,82.45019075879611,4379,80
2024.0,21.0,MA,2110658.0,São Domingos do Azeitão,MUNICIPAL,22.3,36.83,14.529999999999998,29.51,7.319999999999997,1,37.88,47.04,56.41,65.34,73.3,80.0,0,93.5483870967742,4469,195
2024.0,29.0,BA,2908606.0,Conde,MUNICIPAL,40.6,28.14,-12.46,46.79,-18.65,0,53.1,59.3,65.22,70.71,75.65,80.0,0,89.78494623655914,4800,297
2024.0,43.0,RS,4307104.0,Herval,MUNICIPAL,52.8,64.4,11.600000000000009,57.32,7.080000000000005,1,61.7,65.9,69.86,73.55,76.93,80.0,3,95.65217391304348,2469,94
2024.0,13.0,AM,1302207.0,Juruá,MUNICIPAL,40.6,44.2,3.6000000000000014,46.8,-2.5999999999999943,0,53.1,59.31,65.23,70.71,75.66,80.0,1,80.95238095238095,4041,27
2024.0,35.0,SP,3506003.0,Bauru,MUNICIPAL,43.8,50.56,6.760000000000005,49.57,0.990000000000002,1,55.39,61.08,66.47,71.47,75.99,80.0,2,85.84131326949385,3601,481
2024.0,21.0,MA,2111805.0,Sítio Novo,MUNICIPAL,42.4,54.44,12.04,48.38,6.059999999999995,1,54.41,60.32,65.94,71.15,75.85,80.0,2,95.41984732824427,3311,143
2024.0,35.0,SP,3548500.0,Santos,MUNICIPAL,55.9,52.77,-3.1299999999999955,59.92,-7.149999999999999,0,63.79,67.49,70.98,74.24,77.25,80.0,2,88.50437549721559,3435,460
2024.0,41.0,PR,4124020.0,Santa Tereza do Oeste,MUNICIPAL,73.3,77.75,4.450000000000003,74.35,3.4000000000000057,1,75.36,76.34,77.3,78.23,79.13,80.0,4,86.53846153846155,1223,137
2024.0,35.0,SP,3509106.0,Caiuá,MUNICIPAL,54.7,81.48,26.78,58.9,22.580000000000005,1,62.97,66.87,70.54,73.97,77.12,80.0,5,100.0,923,71
2024.0,25.0,PB,2509404.0,Mogeiro,MUNICIPAL,73.2,60.61,-12.590000000000003,74.26,-13.650000000000006,0,75.29,76.29,77.26,78.2,79.11,80.0,3,100.0,2788,91
2024.0,35.0,SP,3532306.0,Natividade da Serra,MUNICIPAL,40.3,57.89,17.590000000000003,46.55,11.340000000000003,1,52.9,59.15,65.12,70.64,75.63,80.0,2,87.67123287671232,3023,368
2024.0,41.0,PR,4121356.0,Rancho Alegre D'Oeste,MUNICIPAL,78.0,56.92,-21.08,78.33,-21.409999999999997,0,78.61,78.9,79.18,79.45,79.73,80.0,2,82.14285714285714,3104,343
2024.0,25.0,PB,2509503.0,Montadas,MUNICIPAL,65.9,82.33,16.429999999999993,68.18,14.149999999999991,1,70.39,72.51,74.54,76.46,78.28,80.0,5,97.1830985915493,848,35
2024.0,43.0,RS,4303905.0,Campo Bom,MUNICIPAL,77.3,45.4,-31.9,77.73,-32.330000000000005,0,78.12,78.51,78.89,79.26,79.63,80.0,1,87.46268656716418,3965,268
2024.0,13.0,AM,1303007.0,Nhamundá,MUNICIPAL,64.7,57.1,-7.600000000000001,67.18,-10.080000000000005,0,69.59,71.9,74.1,76.19,78.15,80.0,2,97.67441860465117,3087,10
2024.0,31.0,MG,3128105.0,Guapé,MUNICIPAL,58.6,80.4,21.800000000000004,62.11,18.290000000000006,1,65.54,68.82,71.91,74.82,77.51,80.0,5,92.25806451612904,1004,268
2024.0,31.0,MG,3104403.0,Argirita,MUNICIPAL,55.1,89.33,34.23,59.26,30.07,1,63.26,67.08,70.69,74.06,77.17,80.0,5,77.77777777777779,433,86
2024.0,43.0,RS,4304903.0,Casca,MUNICIPAL,83.0,76.0,-7.0,80.0,-4.0,0,80.0,80.0,80.0,80.0,80.0,80.0,4,84.375,1411,34
2024.0,28.0,SE,2805802.0,Riachão do Dantas,MUNICIPAL,38.0,34.65,-3.3500000000000014,44.45,-9.800000000000004,0,51.13,57.77,64.14,70.05,75.36,80.0,0,92.5925925925926,4569,37
2024.0,51.0,MT,5107743.0,Santa Cruz do Xingu,MUNICIPAL,53.5,73.81,20.310000000000002,57.91,15.900000000000006,1,62.17,66.26,70.11,73.7,77.0,80.0,4,100.0,1614,38
2024.0,22.0,PI,2208650.0,Queimada Nova,MUNICIPAL,60.2,67.42,7.219999999999999,63.49,3.9299999999999997,1,66.65,69.66,72.51,75.19,77.69,80.0,3,100.0,2204,96
2024.0,27.0,AL,2701902.0,Chã Preta,MUNICIPAL,43.9,51.71,7.810000000000002,49.65,2.0600000000000023,1,55.46,61.13,66.51,71.5,76.0,80.0,2,94.91525423728814,3515,39
2024.0,42.0,SC,4213153.0,Planalto Alegre,MUNICIPAL,79.6,90.38,10.780000000000001,79.63,10.75,1,79.69,79.76,79.82,79.88,79.94,80.0,5,82.05128205128204,383,14
2024.0,31.0,MG,3151503.0,Piumhi,MUNICIPAL,57.3,73.46000000000001,16.16000000000001,61.04,12.420000000000009,1,64.69,68.17,71.46,74.53,77.38,80.0,4,87.28813559322035,1642,446
2024.0,52.0,GO,5203807.0,Britânia,MUNICIPAL,82.0,92.82,10.819999999999993,80.0,12.819999999999993,1,80.0,80.0,80.0,80.0,80.0,80.0,5,93.25842696629212,280,34
2024.0,41.0,PR,4105904.0,Colorado,MUNICIPAL,84.0,78.22,-5.780000000000001,80.0,-1.7800000000000011,0,80.0,80.0,80.0,80.0,80.0,80.0,4,86.07594936708861,1178,127
2024.0,50.0,MS,5008404.0,Vicentina,MUNICIPAL,65.4,53.73,-11.670000000000009,67.77,-14.04,0,70.06,72.26,74.36,76.35,78.23,80.0,2,97.5,3371,47
2024.0,31.0,MG,3125101.0,Extrema,MUNICIPAL,57.7,69.33,11.629999999999995,61.38,7.949999999999996,1,64.96,68.38,71.6,74.62,77.43,80.0,3,86.20689655172413,2021,541
2024.0,52.0,GO,5220504.0,Serranópolis,MUNICIPAL,54.5,66.65,12.150000000000006,58.7,7.950000000000003,1,62.81,66.74,70.45,73.91,77.1,80.0,3,98.9010989010989,2277,190
2024.0,29.0,BA,2903201.0,Barreiras,MUNICIPAL,38.0,36.09,-1.9099999999999966,44.47,-8.379999999999995,0,51.14,57.78,64.15,70.06,75.37,80.0,0,83.95939086294416,4509,181
2024.0,24.0,RN,2406908.0,Lucrécia,MUNICIPAL,4.4,42.86,38.46,7.94,34.92,1,14.05,23.65,37.0,52.68,67.85,80.0,1,84.0,4123,61
2024.0,42.0,SC,4212601.0,Peritiba,MUNICIPAL,85.8,87.5,1.7000000000000028,80.0,7.5,1,80.0,80.0,80.0,80.0,80.0,80.0,5,85.71428571428571,518,18
2024.0,25.0,PB,2512200.0,Prata,MUNICIPAL,47.5,63.28,15.780000000000001,52.77,10.509999999999998,1,58.02,63.09,67.89,72.34,76.38,80.0,3,93.18181818181816,2570,79
2024.0,31.0,MG,3126307.0,Fortaleza de Minas,MUNICIPAL,,62.75,,,,,66.05,69.2,72.19,74.99,77.59,80.0,3,72.91666666666666,2612,650
2024.0,17.0,TO,1703057.0,Bandeirantes do Tocantins,MUNICIPAL,35.6,36.96,1.3599999999999994,42.34,-5.380000000000003,0,49.34,56.37,63.15,69.45,75.1,80.0,0,97.82608695652172,4460,101
2024.0,24.0,RN,2414704.0,Várzea,MUNICIPAL,17.3,45.68,28.38,24.12,21.56,1,32.65,42.51,53.0,63.23,72.4,80.0,1,77.77777777777779,3942,49
2024.0,31.0,MG,3145406.0,Olaria,MUNICIPAL,,89.13,,,,,80.0,80.0,80.0,80.0,80.0,80.0,5,73.91304347826086,442,89
2024.0,41.0,PR,4127106.0,Telêmaco Borba,MUNICIPAL,63.2,61.71,-1.490000000000002,65.96,-4.249999999999993,0,68.62,71.16,73.57,75.85,78.0,80.0,3,87.63082778306375,2693,320
2024.0,35.0,SP,3522208.0,Itapecerica da Serra,MUNICIPAL,53.4,54.9,1.5,57.76,-2.8599999999999994,0,62.06,66.17,70.05,73.66,76.98,80.0,2,90.43478260869566,3274,422
2024.0,42.0,SC,4208906.0,Jaraguá do Sul,MUNICIPAL,72.8,75.11,2.3100000000000023,73.91,1.2000000000000028,1,75.01,76.07,77.1,78.1,79.06,80.0,4,75.68208778173191,1485,88
2024.0,31.0,MG,3101607.0,Alfenas,MUNICIPAL,59.1,76.61,17.509999999999998,62.52,14.089999999999996,1,65.87,69.07,72.09,74.93,77.57,80.0,4,90.5982905982906,1353,367
2024.0,43.0,RS,4314100.0,Passo Fundo,MUNICIPAL,58.5,38.5,-20.0,62.1,-23.6,0,65.53,68.81,71.91,74.82,77.51,80.0,0,82.72214386459802,4367,338
2024.0,31.0,MG,3170107.0,Uberaba,MUNICIPAL,45.8,57.68,11.880000000000003,51.32,6.359999999999999,1,56.83,62.18,67.25,71.95,76.21,80.0,2,81.24746861077358,3032,699
2024.0,52.0,GO,5200050.0,Abadia de Goiás,MUNICIPAL,59.8,64.46000000000001,4.660000000000011,63.18,1.2800000000000082,1,66.39,69.47,72.37,75.1,77.65,80.0,3,90.625,2462,204
2024.0,31.0,MG,3116209.0,Chiador,MUNICIPAL,77.5,76.01,-1.4899999999999949,77.9,-1.8900000000000006,0,78.26,78.61,78.97,79.32,79.66,80.0,4,86.79245283018868,1410,389
2024.0,43.0,RS,4315800.0,Roca Sales,MUNICIPAL,75.6,45.0,-30.599999999999994,76.28,-31.28,0,76.93,77.57,78.19,78.81,79.41,80.0,1,84.6938775510204,3991,273
2024.0,31.0,MG,3124500.0,Estiva,MUNICIPAL,72.5,91.03,18.53,73.63,17.400000000000006,1,74.78,75.89,76.97,78.01,79.02,80.0,5,87.17948717948718,357,60
2024.0,35.0,SP,3556206.0,Valinhos,MUNICIPAL,50.7,48.21,-2.490000000000002,55.55,-7.339999999999996,0,60.28,64.81,69.1,73.08,76.72,80.0,1,91.40022050716648,3759,501
2024.0,43.0,RS,4300034.0,Aceguá,MUNICIPAL,70.0,52.5,-17.5,71.55,-19.049999999999997,0,73.1,74.59,76.03,77.41,78.73,80.0,2,86.79245283018868,3454,196
2024.0,43.0,RS,4302659.0,Brochier,MUNICIPAL,64.8,57.5,-7.299999999999997,67.29,-9.790000000000006,0,69.68,71.97,74.15,76.22,78.17,80.0,2,100.0,3046,150
2024.0,25.0,PB,2516409.0,Tacima,MUNICIPAL,55.9,77.72,21.82,59.92,17.799999999999997,1,63.79,67.49,70.98,74.24,77.25,80.0,4,90.0,1228,42
2024.0,41.0,PR,4127882.0,Tunas do Paraná,MUNICIPAL,63.5,75.01,11.510000000000005,66.18,8.829999999999998,1,68.79,71.29,73.67,75.91,78.02,80.0,4,89.20863309352518,1496,177
2024.0,31.0,MG,3132909.0,Itamogi,MUNICIPAL,61.1,80.11,19.009999999999998,64.25,15.86,1,67.25,70.12,72.83,75.39,77.78,80.0,5,92.03539823008848,1025,272
2024.0,41.0,PR,4106407.0,Cornélio Procópio,MUNICIPAL,76.8,73.21000000000001,-3.589999999999989,77.26,-4.049999999999997,0,77.74,78.2,78.66,79.12,79.56,80.0,4,88.18181818181819,1664,213
2024.0,41.0,PR,4117404.0,Ourizona,MUNICIPAL,88.8,57.5,-31.299999999999997,80.0,-22.5,0,80.0,80.0,80.0,80.0,80.0,80.0,2,83.33333333333334,3046,339
2024.0,23.0,CE,2304905.0,Groaíras,MUNICIPAL,83.1,96.95,13.850000000000009,80.0,16.950000000000003,1,80.0,80.0,80.0,80.0,80.0,80.0,5,95.41984732824427,126,54
2024.0,21.0,MA,2100808.0,Anapurus,MUNICIPAL,91.1,34.63,-56.46999999999999,80.0,-45.37,0,80.0,80.0,80.0,80.0,80.0,80.0,0,76.76056338028168,4570,199
2024.0,31.0,MG,3161106.0,São Francisco,MUNICIPAL,46.2,58.24,12.04,51.71,6.530000000000001,1,57.15,62.43,67.42,72.05,76.25,80.0,2,93.05912596401028,2995,694
2024.0,29.0,BA,2907707.0,Chorrochó,MUNICIPAL,34.6,36.19,1.5899999999999963,41.36,-5.170000000000002,0,48.5,55.71,62.68,69.16,74.97,80.0,0,97.2222222222222,4502,180
2024.0,41.0,PR,4109203.0,Guaraci,MUNICIPAL,72.8,72.67,-0.12999999999999545,73.88,-1.2099999999999937,0,74.98,76.05,77.08,78.09,79.06,80.0,4,91.83673469387756,1710,224
2024.0,43.0,RS,4321501.0,Torres,MUNICIPAL,62.9,44.0,-18.9,65.68,-21.680000000000007,0,68.39,70.99,73.45,75.78,77.96,80.0,1,80.87774294670847,4052,282
2024.0,15.0,PA,1501451.0,Belterra,MUNICIPAL,60.6,57.61,-2.990000000000002,63.83,-6.219999999999999,0,66.91,69.86,72.65,75.28,77.73,80.0,2,87.55555555555556,3038,23
2024.0,21.0,MA,2109759.0,Santa Filomena do Maranhão,MUNICIPAL,36.5,40.91,4.409999999999997,43.08,-2.1700000000000017,0,49.98,56.87,63.5,69.66,75.19,80.0,1,100.0,4230,185
2024.0,51.0,MT,5106109.0,Nossa Senhora do Livramento,MUNICIPAL,68.5,82.05,13.549999999999997,70.38,11.670000000000002,1,72.16,73.87,75.51,77.08,78.58,80.0,5,95.37037037037037,878,18
2024.0,21.0,MA,2100709.0,Anajatuba,MUNICIPAL,72.8,41.33,-31.47,73.92,-32.59,0,75.01,76.07,77.1,78.1,79.07,80.0,1,91.55844155844156,4210,183
2024.0,11.0,RO,1100122.0,Ji-Paraná,MUNICIPAL,81.8,72.81,-8.989999999999995,80.0,-7.189999999999998,0,80.0,80.0,80.0,80.0,80.0,80.0,4,87.20173535791757,1698,10
2024.0,13.0,AM,1301654.0,Guajará,MUNICIPAL,61.9,54.66,-7.240000000000002,64.85,-10.189999999999998,0,67.73,70.48,73.09,75.55,77.86,80.0,2,80.20304568527918,3291,13
2024.0,35.0,SP,3554102.0,Taubaté,MUNICIPAL,44.4,53.88,9.480000000000004,50.1,3.780000000000001,1,55.84,61.42,66.71,71.62,76.06,80.0,2,84.83300589390963,3361,441
2024.0,31.0,MG,3144706.0,Nova Era,MUNICIPAL,60.3,72.22,11.920000000000002,63.58,8.64,1,66.71,69.71,72.55,75.21,77.7,80.0,4,90.3061224489796,1742,473
2024.0,25.0,PB,2513505.0,Santana de Mangueira,MUNICIPAL,81.6,100.0,18.400000000000006,80.0,20.0,1,80.0,80.0,80.0,80.0,80.0,80.0,5,90.9090909090909,1,1
2024.0,52.0,GO,5216007.0,Panamá,MUNICIPAL,75.3,84.18,8.88000000000001,76.04,8.14,1,76.74,77.42,78.08,78.74,79.38,80.0,5,91.42857142857144,730,81
2024.0,31.0,MG,3103207.0,Araçaí,MUNICIPAL,84.6,72.22,-12.379999999999995,80.0,-7.780000000000001,0,80.0,80.0,80.0,80.0,80.0,80.0,4,94.73684210526316,1742,473
2024.0,23.0,CE,2300903.0,Apuiarés,MUNICIPAL,80.8,74.45,-6.349999999999994,80.0,-5.549999999999997,0,80.0,80.0,80.0,80.0,80.0,80.0,4,100.0,1558,159
2024.0,35.0,SP,3523701.0,Itirapuã,MUNICIPAL,73.9,82.38,8.47999999999999,74.86,7.519999999999996,1,75.77,76.66,77.53,78.38,79.2,80.0,5,78.68852459016394,843,69
2024.0,51.0,MT,5107008.0,Poxoréu,MUNICIPAL,47.1,46.03,-1.0700000000000003,52.47,-6.439999999999998,0,57.77,62.9,67.76,72.25,76.35,80.0,1,86.36363636363636,3922,124
2024.0,22.0,PI,2202554.0,Caridade do Piauí,MUNICIPAL,61.4,58.14,-3.259999999999998,64.49,-6.349999999999994,0,67.44,70.26,72.94,75.46,77.81,80.0,2,96.61016949152544,3006,129
2024.0,35.0,SP,3519709.0,Ibiúna,MUNICIPAL,44.7,53.06,8.36,50.42,2.6400000000000006,1,56.09,61.61,66.85,71.7,76.1,80.0,2,92.507204610951,3419,455
2024.0,22.0,PI,2207850.0,Pavussu,MUNICIPAL,66.3,90.0,23.700000000000003,68.54,21.459999999999994,1,70.68,72.74,74.7,76.56,78.33,80.0,5,100.0,400,32
2024.0,29.0,BA,2918506.0,Jussara,MUNICIPAL,23.2,43.44,20.24,30.4,13.04,1,38.71,47.75,56.93,65.66,73.44,80.0,1,93.84615384615384,4090,92
2024.0,51.0,MT,5105622.0,Mirassol d'Oeste,MUNICIPAL,51.7,60.120000000000005,8.420000000000002,56.36,3.760000000000005,1,60.92,65.31,69.44,73.29,76.81,80.0,3,93.24324324324324,2829,88
2024.0,42.0,SC,4211454.0,Nova Itaberaba,MUNICIPAL,67.4,71.17,3.769999999999996,69.44,1.730000000000004,1,71.4,73.29,75.09,76.81,78.45,80.0,4,86.53846153846155,1835,111
2024.0,31.0,MG,3160504.0,Santo Antônio do Rio Abaixo,MUNICIPAL,60.0,91.67,31.67,63.31,28.36,1,66.5,69.55,72.43,75.14,77.66,80.0,5,100.0,322,52
2024.0,41.0,PR,4110102.0,Imbituva,MUNICIPAL,80.4,78.04,-2.3599999999999994,80.0,-1.9599999999999937,0,80.0,80.0,80.0,80.0,80.0,80.0,4,87.96992481203007,1193,130
2024.0,21.0,MA,2100204.0,Alcântara,MUNICIPAL,73.5,70.97,-2.530000000000001,74.47,-3.5,0,75.46,76.42,77.36,78.26,79.15,80.0,4,90.1639344262295,1850,65
2024.0,23.0,CE,2307254.0,Jijoca de Jericoacoara,MUNICIPAL,99.8,98.03,-1.769999999999996,80.0,18.03,1,80.0,80.0,80.0,80.0,80.0,80.0,5,98.90590809628009,96,43
2024.0,42.0,SC,4219507.0,Xanxerê,MUNICIPAL,66.6,72.14,5.540000000000006,68.79,3.3499999999999943,1,70.88,72.89,74.81,76.63,78.36,80.0,4,78.98936170212765,1755,102
2024.0,33.0,RJ,3305554.0,Seropédica,MUNICIPAL,46.5,50.53,4.030000000000001,51.95,-1.4200000000000017,0,57.34,62.57,67.53,72.11,76.28,80.0,2,80.5921052631579,3605,65
2024.0,42.0,SC,4202404.0,Blumenau,MUNICIPAL,63.9,64.77,0.8699999999999974,66.53,-1.7600000000000051,0,69.08,71.51,73.82,76.01,78.07,80.0,3,76.68413173652695,2424,165
2024.0,43.0,RS,4316733.0,Santa Cecília do Sul,MUNICIPAL,75.0,40.9,-34.1,75.76,-34.86000000000001,0,76.51,77.24,77.95,78.65,79.33,80.0,1,95.65217391304348,4233,315
2024.0,12.0,AC,1200351.0,Marechal Thaumaturgo,MUNICIPAL,,62.82,,,,,66.11,69.25,72.22,75.01,77.6,80.0,3,83.9506172839506,2606,2
2024.0,31.0,MG,3121506.0,Desterro do Melo,MUNICIPAL,68.2,96.43,28.230000000000004,70.08,26.35000000000001,1,71.92,73.68,75.38,76.99,78.53,80.0,5,85.29411764705883,140,12
2024.0,35.0,SP,3513801.0,Diadema,MUNICIPAL,40.9,48.02,7.1200000000000045,47.05,0.970000000000006,1,53.31,59.47,65.34,70.78,75.69,80.0,1,88.03986710963456,3771,505
2024.0,43.0,RS,4315206.0,Putinga,MUNICIPAL,87.7,82.8,-4.900000000000006,80.0,2.799999999999997,1,80.0,80.0,80.0,80.0,80.0,80.0,5,93.5483870967742,814,17
2024.0,23.0,CE,2304459.0,Fortim,MUNICIPAL,97.5,93.28,-4.219999999999999,80.0,13.280000000000001,1,80.0,80.0,80.0,80.0,80.0,80.0,5,90.0,264,89
2024.0,41.0,PR,4113254.0,Laranjal,MUNICIPAL,,46.64,,,,,52.96,59.2,65.15,70.67,75.63,80.0,1,85.3211009174312,3882,366
2024.0,31.0,MG,3114501.0,Carmópolis de Minas,MUNICIPAL,76.9,81.68,4.780000000000001,77.39,4.290000000000006,1,77.84,78.28,78.72,79.16,79.58,80.0,5,94.41340782122904,910,239
2024.0,32.0,ES,3204609.0,Santa Teresa,MUNICIPAL,84.1,82.16,-1.9399999999999977,80.0,2.1599999999999966,1,80.0,80.0,80.0,80.0,80.0,80.0,5,91.8103448275862,865,26
2024.0,50.0,MS,5004106.0,Guia Lopes da Laguna,MUNICIPAL,46.9,64.58,17.68,52.3,12.280000000000001,1,57.63,62.79,67.68,72.21,76.32,80.0,3,82.4468085106383,2445,21
2024.0,35.0,SP,3505401.0,Barra do Turvo,MUNICIPAL,87.5,34.89,-52.61,80.0,-45.11,0,80.0,80.0,80.0,80.0,80.0,80.0,0,93.22033898305084,4562,571
2024.0,23.0,CE,2313500.0,Trairi,MUNICIPAL,89.9,91.78,1.8799999999999955,80.0,11.780000000000001,1,80.0,80.0,80.0,80.0,80.0,80.0,5,98.42615012106538,320,97
2024.0,24.0,RN,2403509.0,Espírito Santo,MUNICIPAL,,47.13,,,,,53.38,59.52,65.38,70.8,75.7,80.0,1,80.89887640449437,3848,46
2024.0,51.0,MT,5106232.0,Nova Olímpia,MUNICIPAL,50.7,57.29,6.589999999999996,55.56,1.7299999999999969,1,60.28,64.82,69.1,73.08,76.72,80.0,2,94.86166007905138,3063,98
2024.0,52.0,GO,5221080.0,Teresina de Goiás,MUNICIPAL,56.8,62.3,5.5,60.67,1.6299999999999955,1,64.39,67.94,71.3,74.43,77.34,80.0,3,100.0,2651,211
2024.0,16.0,AP,1600808.0,Vitória do Jari,MUNICIPAL,28.7,35.39,6.690000000000001,35.85,-0.46000000000000085,0,43.69,51.85,59.92,67.49,74.24,80.0,0,94.44444444444444,4541,13
2024.0,35.0,SP,3539707.0,Platina,MUNICIPAL,71.4,84.61,13.209999999999994,72.78,11.829999999999998,1,74.09,75.36,76.58,77.77,78.9,80.0,5,90.69767441860463,697,55
2024.0,31.0,MG,3131109.0,Inimutaba,MUNICIPAL,40.7,77.8,37.099999999999994,46.85,30.949999999999996,1,53.14,59.34,65.25,70.73,75.66,80.0,4,92.6829268292683,1217,332
2024.0,35.0,SP,3503307.0,Araras,MUNICIPAL,58.1,59.68,1.5799999999999983,61.73,-2.049999999999997,0,65.24,68.59,71.75,74.72,77.47,80.0,2,91.77897574123988,2883,344
2024.0,43.0,RS,4307807.0,Estrela,MUNICIPAL,67.6,49.4,-18.199999999999996,69.6,-20.199999999999996,0,71.53,73.39,75.16,76.86,78.47,80.0,1,82.10116731517509,3683,228
2024.0,21.0,MA,2108058.0,Paulino Neves,MUNICIPAL,64.9,68.89,3.989999999999995,67.34,1.5499999999999972,1,69.72,72.0,74.17,76.23,78.17,80.0,3,99.44444444444444,2066,77
2024.0,25.0,PB,2513943.0,São Domingos do Cariri,MUNICIPAL,95.5,100.0,4.5,80.0,20.0,1,80.0,80.0,80.0,80.0,80.0,80.0,5,100.0,1,1
2024.0,50.0,MS,5004700.0,Ivinhema,MUNICIPAL,61.8,68.78,6.980000000000004,64.82,3.960000000000008,1,67.71,70.46,73.08,75.55,77.85,80.0,3,94.73684210526316,2076,14
2024.0,26.0,PE,2605202.0,Escada,MUNICIPAL,54.5,30.48,-24.02,58.74,-28.26,0,62.84,66.76,70.47,73.92,77.1,80.0,0,95.30516431924885,4725,172
2024.0,41.0,PR,4116307.0,Munhoz de Melo,MUNICIPAL,53.2,80.0,26.799999999999997,57.66,22.340000000000003,1,61.98,66.11,70.01,73.64,76.97,80.0,5,95.23809523809524,1035,107
2024.0,35.0,SP,3542800.0,Ribeira,MUNICIPAL,62.9,53.85,-9.049999999999997,65.71,-11.859999999999992,0,68.42,71.01,73.47,75.79,77.97,80.0,2,92.3076923076923,3363,442
2024.0,41.0,PR,4110607.0,Iporã,MUNICIPAL,64.2,68.95,4.75,66.75,2.200000000000003,1,69.25,71.64,73.91,76.07,78.1,80.0,3,88.35616438356165,2063,270
2024.0,29.0,BA,2911501.0,Gongogi,MUNICIPAL,27.7,50.0,22.3,34.92,15.079999999999998,1,42.85,51.18,59.43,67.19,74.11,80.0,2,91.8918918918919,3631,41
2024.0,42.0,SC,4219101.0,Vargeão,MUNICIPAL,80.9,52.72,-28.180000000000007,80.0,-27.28,0,80.0,80.0,80.0,80.0,80.0,80.0,2,81.63265306122449,3441,221
2024.0,31.0,MG,3164001.0,São Pedro dos Ferros,MUNICIPAL,81.5,68.34,-13.159999999999997,80.0,-11.659999999999997,0,80.0,80.0,80.0,80.0,80.0,80.0,3,96.25,2120,560
2024.0,22.0,PI,2203859.0,Floresta do Piauí,MUNICIPAL,100.0,54.55,-45.45,80.0,-25.450000000000003,0,80.0,80.0,80.0,80.0,80.0,80.0,2,100.0,3300,143
2024.0,52.0,GO,5206503.0,Cromínia,MUNICIPAL,55.9,72.38,16.479999999999997,59.88,12.499999999999993,1,63.76,67.46,70.96,74.23,77.24,80.0,4,89.79591836734694,1731,164
2024.0,27.0,AL,2701209.0,Cacimbinhas,MUNICIPAL,30.6,54.19,23.589999999999996,37.62,16.57,1,45.25,53.12,60.83,68.04,74.48,80.0,2,97.51552795031056,3337,35
2024.0,31.0,MG,3108909.0,Brazópolis,MUNICIPAL,50.9,79.14,28.240000000000002,55.66,23.480000000000004,1,60.36,64.88,69.15,73.11,76.73,80.0,4,88.69047619047619,1109,294
2024.0,31.0,MG,3114550.0,Carneirinho,MUNICIPAL,52.2,64.51,12.310000000000002,56.8,7.710000000000008,1,61.28,65.58,69.64,73.41,76.87,80.0,3,90.08264462809916,2453,626
2024.0,29.0,BA,2907806.0,Cícero Dantas,MUNICIPAL,30.9,36.31,5.410000000000004,37.98,-1.6699999999999946,0,45.57,53.37,61.01,68.15,74.53,80.0,0,87.22222222222223,4496,179
2024.0,29.0,BA,2928703.0,Santo Antônio de Jesus,MUNICIPAL,33.5,40.9,7.399999999999999,40.35,0.5499999999999972,1,47.64,55.02,62.19,68.87,74.84,80.0,1,82.21830985915493,4233,120
2024.0,26.0,PE,2612406.0,Sanharó,MUNICIPAL,41.8,65.85,24.049999999999997,47.86,17.989999999999995,1,53.98,59.99,65.71,71.01,75.79,80.0,3,95.0,2327,87
2024.0,52.0,GO,5202353.0,Arenópolis,MUNICIPAL,91.5,83.64,-7.859999999999999,80.0,3.6400000000000006,1,80.0,80.0,80.0,80.0,80.0,80.0,5,93.93939393939394,759,86
2024.0,41.0,PR,4102000.0,Assis Chateaubriand,MUNICIPAL,80.2,80.31,0.10999999999999943,80.0,0.3100000000000023,1,80.0,80.0,80.0,80.0,80.0,80.0,5,91.3953488372093,1009,98
2024.0,41.0,PR,4125704.0,São Miguel do Iguaçu,MUNICIPAL,73.6,77.84,4.240000000000009,74.57,3.2700000000000102,1,75.54,76.48,77.4,78.29,79.16,80.0,4,94.35028248587572,1212,134
2024.0,41.0,PR,4125001.0,São João do Ivaí,MUNICIPAL,61.5,73.17,11.670000000000002,64.52,8.650000000000006,1,67.47,70.28,72.95,75.46,77.82,80.0,4,88.69565217391305,1670,215
2024.0,31.0,MG,3145851.0,Oratórios,MUNICIPAL,73.9,82.24,8.33999999999999,74.81,7.429999999999993,1,75.73,76.63,77.51,78.36,79.19,80.0,5,76.92307692307693,857,218
2024.0,26.0,PE,2611705.0,Riacho das Almas,MUNICIPAL,64.0,68.11,4.109999999999999,66.6,1.5100000000000051,1,69.13,71.55,73.85,76.03,78.08,80.0,3,98.71794871794872,2139,75
2024.0,50.0,MS,5007802.0,Selvíria,MUNICIPAL,26.7,59.83,33.129999999999995,33.87,25.96,1,41.91,50.4,58.87,66.85,73.96,80.0,2,98.9795918367347,2866,30
2024.0,31.0,MG,3156106.0,Ritápolis,MUNICIPAL,64.3,81.94,17.64,66.87,15.069999999999993,1,69.35,71.71,73.97,76.1,78.11,80.0,5,91.8918918918919,888,229
2024.0,26.0,PE,2601201.0,Arcoverde,MUNICIPAL,59.5,70.04,10.540000000000006,62.92,7.1200000000000045,1,66.19,69.31,72.26,75.03,77.62,80.0,4,96.96092619392184,1955,62
2024.0,43.0,RS,4313953.0,Pantano Grande,MUNICIPAL,72.5,25.7,-46.8,73.69,-47.989999999999995,0,74.82,75.93,77.0,78.03,79.03,80.0,0,82.14285714285714,4855,393
2024.0,41.0,PR,4126108.0,São Tomé,MUNICIPAL,89.0,69.88,-19.120000000000005,80.0,-10.120000000000005,0,80.0,80.0,80.0,80.0,80.0,80.0,3,92.40506329113924,1973,259
2024.0,29.0,BA,2928901.0,São Desidério,MUNICIPAL,44.7,54.07,9.369999999999997,50.38,3.6899999999999977,1,56.06,61.59,66.84,71.69,76.09,80.0,2,96.84542586750788,3348,25
2024.0,51.0,MT,5107156.0,Reserva do Cabaçal,MUNICIPAL,76.3,83.86,7.560000000000002,76.82,7.040000000000006,1,77.38,77.92,78.45,78.98,79.49,80.0,5,89.28571428571429,744,14
2024.0,31.0,MG,3159357.0,Santa Rita de Minas,MUNICIPAL,61.3,58.94,-2.3599999999999994,64.4,-5.460000000000008,0,67.37,70.21,72.9,75.43,77.8,80.0,2,93.33333333333331,2936,686
2024.0,35.0,SP,3508108.0,Buritama,MUNICIPAL,64.0,67.83,3.8299999999999983,66.64,1.1899999999999977,1,69.16,71.57,73.87,76.04,78.08,80.0,3,90.96045197740112,2164,208
2024.0,26.0,PE,2605707.0,Floresta,MUNICIPAL,33.4,51.67,18.270000000000003,40.31,11.36,1,47.6,54.99,62.17,68.85,74.83,80.0,2,95.0,3522,146
2024.0,41.0,PR,4108403.0,Francisco Beltrão,MUNICIPAL,79.7,76.41,-3.2900000000000063,79.72,-3.3100000000000023,0,79.76,79.81,79.86,79.91,79.95,80.0,4,87.84810126582279,1368,160
2024.0,17.0,TO,1720655.0,Silvanópolis,MUNICIPAL,34.7,37.39,2.6899999999999977,41.52,-4.130000000000003,0,48.64,55.82,62.76,69.21,74.99,80.0,0,85.22727272727273,4437,100
2024.0,25.0,PB,2501534.0,Baraúna,MUNICIPAL,59.4,89.76,30.360000000000007,62.78,26.980000000000004,1,66.08,69.22,72.2,75.0,77.6,80.0,5,85.5072463768116,415,23
2024.0,42.0,SC,4205605.0,Galvão,MUNICIPAL,80.8,70.47,-10.329999999999998,80.0,-9.530000000000001,0,80.0,80.0,80.0,80.0,80.0,80.0,4,90.3846153846154,1901,117
2024.0,43.0,RS,4311239.0,Lagoa Bonita do Sul,MUNICIPAL,70.8,54.2,-16.599999999999994,72.28,-18.08,0,73.69,75.05,76.36,77.62,78.83,80.0,2,91.66666666666666,3335,176
2024.0,41.0,PR,4107157.0,Diamante D'Oeste,MUNICIPAL,67.2,74.32000000000001,7.1200000000000045,69.28,5.040000000000006,1,71.27,73.19,75.02,76.77,78.43,80.0,4,88.09523809523809,1571,194
2024.0,24.0,RN,2414902.0,Viçosa,MUNICIPAL,58.9,61.9,3.0,62.42,-0.5200000000000031,0,65.79,69.01,72.05,74.9,77.55,80.0,3,95.45454545454544,2675,15
2024.0,43.0,RS,4307054.0,Ernestina,MUNICIPAL,61.9,64.7,2.8000000000000043,64.9,-0.20000000000000284,0,67.77,70.51,73.12,75.57,77.86,80.0,3,85.0,2436,90
2024.0,41.0,PR,4108320.0,Francisco Alves,MUNICIPAL,68.7,80.22,11.519999999999996,70.52,9.700000000000003,1,72.27,73.95,75.57,77.12,78.59,80.0,5,84.7457627118644,1017,101
2024.0,31.0,MG,3163508.0,São José do Jacuri,MUNICIPAL,55.3,81.45,26.150000000000006,59.37,22.080000000000005,1,63.35,67.15,70.74,74.09,77.18,80.0,5,96.49122807017544,928,243
2024.0,15.0,PA,1507508.0,São João do Araguaia,MUNICIPAL,33.6,35.42,1.8200000000000003,40.49,-5.07,0,47.76,55.12,62.26,68.91,74.86,80.0,0,89.54545454545455,4540,110
2024.0,29.0,BA,2903953.0,Bom Jesus da Serra,MUNICIPAL,41.9,24.44,-17.459999999999997,47.9,-23.459999999999997,0,54.02,60.02,65.73,71.02,75.79,80.0,0,92.78350515463916,4884,335
2024.0,22.0,PI,2200806.0,Antônio Almeida,MUNICIPAL,95.6,73.81,-21.789999999999992,80.0,-6.189999999999998,0,80.0,80.0,80.0,80.0,80.0,80.0,4,100.0,1614,80
2024.0,17.0,TO,1711100.0,Itaporã do Tocantins,MUNICIPAL,64.2,24.0,-40.2,66.76,-42.760000000000005,0,69.25,71.64,73.92,76.07,78.1,80.0,0,83.33333333333334,4892,121
2024.0,22.0,PI,2205300.0,Jerumenha,MUNICIPAL,26.3,75.31,49.010000000000005,33.53,41.78,1,41.6,50.15,58.69,66.73,73.91,80.0,4,98.27586206896552,1469,76
2024.0,41.0,PR,4100509.0,Altônia,MUNICIPAL,70.4,78.17,7.769999999999996,71.92,6.25,1,73.4,74.82,76.2,77.52,78.79,80.0,4,91.6,1181,128
2024.0,43.0,RS,4321667.0,Três Cachoeiras,MUNICIPAL,87.9,53.5,-34.400000000000006,80.0,-26.5,0,80.0,80.0,80.0,80.0,80.0,80.0,2,91.3793103448276,3383,186
2024.0,21.0,MA,2101939.0,Bernardo do Mearim,MUNICIPAL,12.8,87.88,75.08,19.1,68.78,1,27.45,37.75,49.28,60.9,71.4,80.0,5,100.0,497,17
2024.0,43.0,RS,4307401.0,Esmeralda,MUNICIPAL,84.4,48.4,-36.00000000000001,80.0,-31.6,0,80.0,80.0,80.0,80.0,80.0,80.0,1,84.0909090909091,3747,234
2024.0,26.0,PE,2615300.0,Timbaúba,MUNICIPAL,74.1,77.57000000000001,3.470000000000013,75.02,2.5500000000000114,1,75.9,76.77,77.61,78.43,79.22,80.0,4,97.74011299435028,1247,41
2024.0,13.0,AM,1301209.0,Coari,MUNICIPAL,38.8,32.72,-6.079999999999998,45.17,-12.450000000000003,0,51.74,58.25,64.48,70.26,75.45,80.0,0,89.6694214876033,4645,41
2024.0,35.0,SP,3528106.0,Macaubal,MUNICIPAL,81.5,96.3,14.799999999999997,80.0,16.299999999999997,1,80.0,80.0,80.0,80.0,80.0,80.0,5,94.73684210526316,143,11
2024.0,31.0,MG,3162708.0,São João do Paraíso,MUNICIPAL,70.5,87.33,16.83,71.98,15.349999999999994,1,73.45,74.86,76.22,77.53,78.79,80.0,5,91.41630901287554,527,113
2024.0,41.0,PR,4127304.0,Terra Rica,MUNICIPAL,69.0,81.46000000000001,12.460000000000008,70.78,10.680000000000007,1,72.48,74.11,75.68,77.19,78.63,80.0,5,90.625,927,89
2024.0,11.0,RO,1100379.0,Alto Alegre dos Parecis,MUNICIPAL,69.5,79.54,10.040000000000006,71.19,8.350000000000009,1,72.81,74.37,75.87,77.31,78.69,80.0,4,92.07920792079209,1082,2
2024.0,29.0,BA,2909208.0,Coronel João Sá,MUNICIPAL,28.7,36.04,7.34,35.85,0.18999999999999773,1,43.69,51.85,59.92,67.49,74.24,80.0,0,93.27731092436974,4511,182
2024.0,21.0,MA,2107209.0,Nina Rodrigues,MUNICIPAL,53.1,46.83,-6.270000000000003,57.54,-10.71,0,61.87,66.03,69.95,73.6,76.96,80.0,1,89.5104895104895,3865,169
2024.0,15.0,PA,1503200.0,Igarapé-Açu,MUNICIPAL,32.8,40.43,7.630000000000003,39.7,0.7299999999999969,1,47.07,54.57,61.87,68.67,74.76,80.0,1,79.41176470588235,4262,95
2024.0,41.0,PR,4103040.0,Boa Ventura de São Roque,MUNICIPAL,74.8,60.49,-14.309999999999995,75.58,-15.089999999999996,0,76.36,77.12,77.87,78.6,79.31,80.0,3,87.67123287671232,2796,332
2024.0,31.0,MG,3100708.0,Água Comprida,MUNICIPAL,96.8,55.3,-41.5,80.0,-24.700000000000003,0,80.0,80.0,80.0,80.0,80.0,80.0,2,90.9090909090909,3235,714
2024.0,52.0,GO,5200175.0,Água Fria de Goiás,MUNICIPAL,55.8,87.44,31.64,59.82,27.619999999999997,1,63.71,67.43,70.93,74.21,77.23,80.0,5,94.44444444444444,524,60
2024.0,41.0,PR,4121109.0,Quinta do Sol,MUNICIPAL,76.8,74.15,-2.6499999999999915,77.24,-3.089999999999989,0,77.71,78.19,78.65,79.11,79.56,80.0,4,86.53846153846155,1584,197
2024.0,29.0,BA,2929750.0,Saubara,MUNICIPAL,43.2,52.63,9.43,49.07,3.5600000000000023,1,54.98,60.76,66.25,71.34,75.93,80.0,2,93.82716049382717,3447,29
2024.0,29.0,BA,2918100.0,Jeremoabo,MUNICIPAL,27.0,29.53,2.530000000000001,34.24,-4.710000000000001,0,42.24,50.67,59.07,66.97,74.01,80.0,0,89.35185185185185,4756,271
2024.0,31.0,MG,3150604.0,Piracema,MUNICIPAL,67.0,76.35000000000001,9.350000000000009,69.08,7.27000000000001,1,71.11,73.07,74.93,76.71,78.4,80.0,4,94.02985074626866,1373,377
2024.0,27.0,AL,2701100.0,Branquinha,MUNICIPAL,76.4,79.89,3.489999999999995,76.97,2.9200000000000017,1,77.5,78.02,78.53,79.03,79.52,80.0,4,92.1875,1055,11
2024.0,43.0,RS,4323002.0,Viamão,MUNICIPAL,58.9,38.9,-20.0,62.36,-23.46,0,65.74,68.97,72.02,74.89,77.55,80.0,0,83.3399602385686,4346,334
2024.0,31.0,MG,3165909.0,Senador Modestino Gonçalves,MUNICIPAL,75.4,90.34,14.939999999999998,76.11,14.230000000000004,1,76.79,77.46,78.12,78.76,79.39,80.0,5,96.96969696969695,387,71
2024.0,43.0,RS,4310751.0,Ivorá,MUNICIPAL,,60.0,,,,,63.85,67.53,71.01,74.26,77.26,80.0,3,93.75,2836,123
2024.0,31.0,MG,3163201.0,São José do Alegre,MUNICIPAL,77.4,86.26,8.86,77.75,8.510000000000005,1,78.14,78.52,78.9,79.27,79.64,80.0,5,92.5925925925926,590,140
2024.0,32.0,ES,3201100.0,Bom Jesus do Norte,MUNICIPAL,67.1,67.33,0.23000000000000398,69.22,-1.8900000000000006,0,71.23,73.15,75.0,76.75,78.42,80.0,3,87.8048780487805,2209,65
2024.0,35.0,SP,3538303.0,Piquerobi,MUNICIPAL,56.3,45.2,-11.099999999999994,60.19,-14.989999999999995,0,64.01,67.65,71.09,74.31,77.28,80.0,1,97.2972972972973,3980,537
2024.0,51.0,MT,5102793.0,Carlinda,MUNICIPAL,42.5,98.95,56.45,48.49,50.46,1,54.51,60.39,65.99,71.18,75.86,80.0,5,96.8,67,2
2024.0,52.0,GO,5221452.0,Trombas,MUNICIPAL,90.9,94.47,3.569999999999993,80.0,14.469999999999999,1,80.0,80.0,80.0,80.0,80.0,80.0,5,92.5,222,28
2024.0,52.0,GO,5217609.0,Planaltina,MUNICIPAL,65.5,75.11,9.61,67.87,7.239999999999995,1,70.15,72.33,74.4,76.38,78.24,80.0,4,91.4641375222288,1485,152
2024.0,35.0,SP,3546603.0,Santa Fé do Sul,MUNICIPAL,59.2,54.03,-5.170000000000002,62.66,-8.629999999999995,0,65.98,69.15,72.15,74.96,77.58,80.0,2,95.2112676056338,3351,438
2024.0,27.0,AL,2704708.0,Marechal Deodoro,MUNICIPAL,40.6,46.23,5.6299999999999955,46.8,-0.5700000000000003,0,53.1,59.31,65.23,70.71,75.66,80.0,1,93.44086021505376,3907,49
2024.0,26.0,PE,2603009.0,Cabrobó,MUNICIPAL,68.3,61.21,-7.089999999999996,70.14,-8.93,0,71.96,73.72,75.4,77.01,78.54,80.0,3,90.67055393586006,2734,103
2024.0,12.0,AC,1200203.0,Cruzeiro do Sul,MUNICIPAL,,42.18,,,,,49.2,56.26,63.07,69.4,75.08,80.0,1,72.8,4164,12
2024.0,33.0,RJ,3300233.0,Armação dos Búzios,MUNICIPAL,67.2,68.56,1.3599999999999994,69.27,-0.7099999999999937,0,71.27,73.18,75.02,76.77,78.43,80.0,3,80.55908513341804,2098,19
2024.0,35.0,SP,3501608.0,Americana,MUNICIPAL,58.6,64.36,5.759999999999998,62.11,2.25,1,65.54,68.82,71.91,74.82,77.51,80.0,3,90.16990291262135,2474,256
2024.0,22.0,PI,2201945.0,Boqueirão do Piauí,MUNICIPAL,96.5,77.10000000000001,-19.39999999999999,80.0,-2.8999999999999915,0,80.0,80.0,80.0,80.0,80.0,80.0,4,95.45454545454544,1295,69
2024.0,52.0,GO,5215603.0,Padre Bernardo,MUNICIPAL,58.2,69.56,11.36,61.84,7.719999999999999,1,65.33,68.65,71.8,74.75,77.48,80.0,3,93.55670103092784,1997,177
2024.0,42.0,SC,4218202.0,Timbó,MUNICIPAL,69.9,77.99,8.08999999999999,71.48,6.509999999999991,1,73.04,74.55,76.0,77.39,78.72,80.0,4,85.66775244299674,1199,53
2024.0,31.0,MG,3160009.0,Santo Antônio do Aventureiro,MUNICIPAL,80.0,45.65,-34.35,80.0,-34.35,0,80.0,80.0,80.0,80.0,80.0,80.0,1,88.57142857142857,3943,747
2024.0,15.0,PA,1504802.0,Monte Alegre,MUNICIPAL,54.0,46.69,-7.310000000000002,58.27,-11.580000000000005,0,62.46,66.48,70.27,73.8,77.05,80.0,1,88.94289185905225,3877,74
2024.0,31.0,MG,3162252.0,São João da Lagoa,MUNICIPAL,50.0,77.83,27.83,54.91,22.92,1,59.75,64.42,68.82,72.91,76.64,80.0,4,96.22641509433964,1214,330
2024.0,17.0,TO,1707702.0,Filadélfia,MUNICIPAL,12.0,12.63,0.6300000000000008,18.04,-5.409999999999998,0,26.3,36.65,48.41,60.34,71.16,80.0,0,84.61538461538461,4969,132
2024.0,23.0,CE,2301257.0,Ararendá,MUNICIPAL,98.9,99.34,0.4399999999999977,80.0,19.340000000000003,1,80.0,80.0,80.0,80.0,80.0,80.0,5,97.46835443037976,58,16
2024.0,17.0,TO,1717503.0,Pium,MUNICIPAL,21.9,43.07,21.17,29.05,14.02,1,37.45,46.68,56.14,65.17,73.23,80.0,1,87.67123287671232,4112,79
2024.0,42.0,SC,4220000.0,Balneário Rincão,MUNICIPAL,50.3,54.65,4.350000000000001,55.22,-0.5700000000000003,0,60.01,64.61,68.95,72.99,76.68,80.0,2,74.88584474885845,3293,213
2024.0,41.0,PR,4121901.0,Ribeirão do Pinhal,MUNICIPAL,86.7,84.51,-2.1899999999999977,80.0,4.510000000000005,1,80.0,80.0,80.0,80.0,80.0,80.0,5,86.1878453038674,704,62
2024.0,25.0,PB,2501575.0,Barra de Santana,MUNICIPAL,28.0,49.18,21.18,35.21,13.969999999999999,1,43.12,51.39,59.59,67.28,74.15,80.0,1,95.3125,3698,132
2024.0,51.0,MT,5107248.0,Santa Carmem,MUNICIPAL,71.5,93.91,22.409999999999997,72.84,21.069999999999993,1,74.14,75.39,76.61,77.78,78.91,80.0,5,95.0,245,6
2024.0,31.0,MG,3163102.0,São José da Varginha,MUNICIPAL,55.1,82.68,27.580000000000005,59.26,23.42000000000001,1,63.26,67.08,70.69,74.06,77.17,80.0,5,93.87755102040816,824,210
2024.0,31.0,MG,3123858.0,Entre Folhas,MUNICIPAL,78.6,77.45,-1.1499999999999915,78.84,-1.3900000000000006,0,79.04,79.23,79.43,79.62,79.81,80.0,4,93.93939393939394,1256,342
2024.0,29.0,BA,2930105.0,Senhor do Bonfim,MUNICIPAL,19.9,24.02,4.120000000000001,27.01,-2.990000000000002,0,35.5,45.0,54.89,64.4,72.9,80.0,0,95.86614173228348,4891,338
2024.0,26.0,PE,2607604.0,Ilha de Itamaracá,MUNICIPAL,53.2,50.6,-2.6000000000000014,57.61,-7.009999999999998,0,61.93,66.08,69.99,73.62,76.97,80.0,2,90.30837004405286,3598,150
2024.0,43.0,RS,4303707.0,Campina das Missões,MUNICIPAL,92.0,50.3,-41.7,80.0,-29.700000000000003,0,80.0,80.0,80.0,80.0,80.0,80.0,2,97.77777777777776,3619,214
2024.0,15.0,PA,1505635.0,Piçarra,MUNICIPAL,58.3,57.18,-1.1199999999999974,61.89,-4.710000000000001,0,65.37,68.68,71.82,74.76,77.49,80.0,2,91.61676646706589,3073,24
2024.0,22.0,PI,2201960.0,Brasileira,MUNICIPAL,33.2,42.58,9.379999999999995,40.07,2.509999999999998,1,47.4,54.83,62.06,68.78,74.8,80.0,1,95.91836734693877,4138,182
2024.0,35.0,SP,3527256.0,Lourdes,MUNICIPAL,74.0,72.22,-1.7800000000000011,74.94,-2.719999999999999,0,75.84,76.72,77.57,78.4,79.21,80.0,4,94.73684210526316,1742,157
2024.0,51.0,MT,5105101.0,Juara,MUNICIPAL,53.3,64.06,10.760000000000005,57.76,6.300000000000004,1,62.05,66.16,70.05,73.66,76.98,80.0,3,87.60330578512396,2506,75
2024.0,26.0,PE,2601409.0,Barreiros,MUNICIPAL,61.8,53.05,-8.75,64.79,-11.740000000000009,0,67.68,70.44,73.07,75.54,77.85,80.0,2,97.00460829493088,3420,144
2024.0,51.0,MT,5104559.0,Itaúba,MUNICIPAL,58.0,67.42,9.420000000000002,61.64,5.780000000000001,1,65.17,68.53,71.71,74.69,77.46,80.0,3,90.9090909090909,2204,62
2024.0,31.0,MG,3172103.0,Volta Grande,MUNICIPAL,50.8,76.28,25.480000000000004,55.59,20.689999999999998,1,60.3,64.83,69.11,73.09,76.72,80.0,4,84.44444444444444,1382,382
2024.0,24.0,RN,2411205.0,Santa Cruz,MUNICIPAL,21.4,32.730000000000004,11.330000000000005,28.5,4.230000000000004,1,36.93,46.23,55.81,64.97,73.14,80.0,0,81.4385150812065,4644,103
2024.0,42.0,SC,4204178.0,Cerro Negro,MUNICIPAL,28.9,49.84,20.940000000000005,36.07,13.770000000000003,1,43.88,52.01,60.04,67.56,74.27,80.0,1,86.66666666666667,3654,224
2024.0,31.0,MG,3121209.0,Delfinópolis,MUNICIPAL,79.2,68.3,-10.900000000000006,79.34,-11.040000000000006,0,79.45,79.56,79.67,79.78,79.89,80.0,3,83.80952380952381,2125,562
2024.0,29.0,BA,2923605.0,Paramirim,MUNICIPAL,46.9,48.94,2.039999999999999,52.28,-3.3400000000000034,0,57.62,62.78,67.67,72.2,76.32,80.0,1,93.3774834437086,3715,49
2024.0,35.0,SP,3513108.0,Cravinhos,MUNICIPAL,41.9,59.0,17.1,47.95,11.049999999999997,1,54.06,60.04,65.75,71.03,75.8,80.0,2,85.6777493606138,2929,350
2024.0,43.0,RS,4322905.0,Viadutos,MUNICIPAL,86.7,86.9,0.20000000000000284,80.0,6.900000000000006,1,80.0,80.0,80.0,80.0,80.0,80.0,5,96.0,554,8
2024.0,15.0,PA,1503002.0,Faro,MUNICIPAL,51.1,51.79,0.6899999999999977,55.82,-4.030000000000001,0,60.49,64.98,69.21,73.15,76.75,80.0,2,80.43478260869566,3509,45
2024.0,42.0,SC,4210035.0,Luzerna,MUNICIPAL,72.9,79.74,6.839999999999989,74.01,5.72999999999999,1,75.09,76.13,77.14,78.13,79.08,80.0,4,81.94444444444444,1065,41
2024.0,43.0,RS,4311403.0,Lajeado,MUNICIPAL,74.7,47.5,-27.200000000000003,75.49,-27.989999999999995,0,76.28,77.06,77.82,78.57,79.29,80.0,1,88.12785388127854,3810,240
2024.0,35.0,SP,3543303.0,Ribeirão Pires,MUNICIPAL,64.4,66.4,2.0,66.91,-0.5099999999999909,0,69.38,71.74,73.99,76.11,78.12,80.0,3,90.80717488789236,2291,224
2024.0,41.0,PR,4111209.0,Itapejara d'Oeste,MUNICIPAL,75.5,75.37,-0.12999999999999545,76.17,-0.7999999999999972,0,76.84,77.5,78.14,78.78,79.39,80.0,4,94.05940594059405,1463,170
2024.0,43.0,RS,4323804.0,Xangri-lá,MUNICIPAL,56.8,37.9,-18.9,60.68,-22.78,0,64.4,67.95,71.3,74.44,77.34,80.0,0,84.01639344262296,4405,346
2024.0,41.0,PR,4101655.0,Arapuã,MUNICIPAL,54.4,76.31,21.910000000000004,58.64,17.67,1,62.76,66.7,70.43,73.89,77.09,80.0,4,89.0909090909091,1381,162
2024.0,31.0,MG,3172004.0,Visconde do Rio Branco,MUNICIPAL,56.3,65.77,9.469999999999999,60.26,5.509999999999998,1,64.06,67.69,71.12,74.33,77.29,80.0,3,91.50943396226415,2331,606
2024.0,26.0,PE,2612901.0,São Benedito do Sul,MUNICIPAL,34.6,71.07000000000001,36.470000000000006,41.36,29.710000000000008,1,48.5,55.71,62.68,69.16,74.97,80.0,4,93.42105263157896,1841,54
2024.0,23.0,CE,2302107.0,Baturité,MUNICIPAL,77.9,86.78,8.879999999999995,78.18,8.599999999999994,1,78.49,78.8,79.1,79.4,79.7,80.0,5,99.08256880733946,561,126
2024.0,22.0,PI,2204501.0,Guadalupe,MUNICIPAL,48.9,68.54,19.640000000000008,54.0,14.540000000000006,1,59.02,63.85,68.42,72.66,76.53,80.0,3,97.70992366412212,2099,90
2024.0,21.0,MA,2111029.0,São João do Carú,MUNICIPAL,65.2,70.68,5.480000000000004,67.59,3.0900000000000034,1,69.92,72.15,74.28,76.3,78.21,80.0,4,95.05494505494504,1883,67
2024.0,32.0,ES,3200508.0,Apiacá,MUNICIPAL,58.4,62.88,4.480000000000004,61.98,0.9000000000000057,1,65.44,68.74,71.86,74.78,77.5,80.0,3,92.10526315789474,2600,68
2024.0,51.0,MT,5106182.0,Nova Lacerda,MUNICIPAL,55.2,67.64,12.439999999999998,59.29,8.350000000000001,1,63.28,67.1,70.71,74.07,77.17,80.0,3,91.66666666666666,2180,60
2024.0,35.0,SP,3509601.0,Campo Limpo Paulista,MUNICIPAL,49.9,48.77,-1.1299999999999955,54.81,-6.039999999999999,0,59.67,64.35,68.77,72.88,76.63,80.0,1,86.3265306122449,3726,497
2024.0,22.0,PI,2211605.0,Vila Nova do Piauí,MUNICIPAL,100.0,100.0,0.0,80.0,20.0,1,80.0,80.0,80.0,80.0,80.0,80.0,5,100.0,1,1
2024.0,29.0,BA,2906402.0,Candeal,MUNICIPAL,30.9,30.77,-0.129999999999999,37.97,-7.199999999999999,0,45.56,53.36,61.01,68.15,74.52,80.0,0,98.1132075471698,4711,249
2024.0,26.0,PE,2610905.0,Pesqueira,MUNICIPAL,59.7,64.38,4.679999999999993,63.02,1.3599999999999923,1,66.27,69.37,72.31,75.06,77.63,80.0,3,95.23809523809524,2470,91
2024.0,21.0,MA,2105922.0,Lagoa do Mato,MUNICIPAL,86.0,78.44,-7.560000000000002,80.0,-1.5600000000000023,0,80.0,80.0,80.0,80.0,80.0,80.0,4,98.75,1159,34
2024.0,41.0,PR,4125555.0,São Manoel do Paraná,MUNICIPAL,95.4,73.08,-22.320000000000007,80.0,-6.920000000000002,0,80.0,80.0,80.0,80.0,80.0,80.0,4,100.0,1678,218
2024.0,42.0,SC,4209003.0,Joaçaba,MUNICIPAL,59.2,70.42,11.219999999999999,62.61,7.810000000000002,1,65.94,69.12,72.13,74.95,77.58,80.0,4,71.86147186147186,1906,118
2024.0,31.0,MG,3103900.0,Araújos,MUNICIPAL,74.0,88.5,14.5,74.92,13.579999999999998,1,75.83,76.71,77.56,78.4,79.21,80.0,5,93.0,463,95
2024.0,41.0,PR,4113759.0,Lunardelli,MUNICIPAL,57.5,70.4,12.900000000000006,61.2,9.200000000000003,1,64.81,68.26,71.52,74.58,77.4,80.0,4,94.73684210526316,1908,248
2024.0,22.0,PI,2202059.0,Cabeceiras do Piauí,MUNICIPAL,19.9,52.34,32.440000000000005,26.93,25.410000000000004,1,35.42,44.93,54.84,64.37,72.89,80.0,2,96.55172413793105,3475,149
2024.0,52.0,GO,5211800.0,Jaraguá,MUNICIPAL,82.9,83.96000000000001,1.0600000000000023,80.0,3.960000000000008,1,80.0,80.0,80.0,80.0,80.0,80.0,5,96.84873949579833,739,84
2024.0,35.0,SP,3516853.0,Gavião Peixoto,MUNICIPAL,66.9,73.65,6.75,68.99,4.660000000000011,1,71.04,73.01,74.89,76.69,78.39,80.0,4,95.3125,1629,143
2024.0,25.0,PB,2505303.0,Curral Velho,MUNICIPAL,38.1,62.5,24.4,44.57,17.93,1,51.24,57.85,64.2,70.09,75.38,80.0,3,100.0,2630,81
2024.0,29.0,BA,2931509.0,Teofilândia,MUNICIPAL,28.1,29.57,1.4699999999999989,35.23,-5.659999999999997,0,43.13,51.4,59.6,67.29,74.15,80.0,0,88.57142857142857,4754,269
2024.0,25.0,PB,2505105.0,Cuité,MUNICIPAL,50.7,62.2,11.5,55.49,6.710000000000001,1,60.23,64.78,69.07,73.06,76.71,80.0,3,86.28571428571429,2661,83
2024.0,22.0,PI,2208106.0,Pimenteiras,MUNICIPAL,60.5,61.41,0.9099999999999966,63.73,-2.3200000000000003,0,66.84,69.8,72.61,75.25,77.72,80.0,3,93.15068493150685,2720,117
2024.0,52.0,GO,5213103.0,Mineiros,MUNICIPAL,80.3,84.01,3.710000000000008,80.0,4.010000000000005,1,80.0,80.0,80.0,80.0,80.0,80.0,5,96.63512092534174,737,83
2024.0,31.0,MG,3168507.0,Teixeiras,MUNICIPAL,75.5,75.97,0.46999999999999886,76.18,-0.21000000000000796,0,76.85,77.51,78.15,78.78,79.4,80.0,4,97.2972972972973,1415,390
2024.0,31.0,MG,3105608.0,Barbacena,MUNICIPAL,59.3,81.97,22.67,62.71,19.259999999999998,1,66.02,69.18,72.17,74.98,77.59,80.0,5,90.08695652173913,883,227
2024.0,43.0,RS,4314001.0,Paraí,MUNICIPAL,93.0,60.0,-33.0,80.0,-20.0,0,80.0,80.0,80.0,80.0,80.0,80.0,3,89.65517241379311,2836,123
2024.0,29.0,BA,2904506.0,Brotas de Macaúbas,MUNICIPAL,,60.98,,,,,64.62,68.12,71.42,74.51,77.37,80.0,3,100.0,2755,9
2024.0,31.0,MG,3122702.0,Dom Silvério,MUNICIPAL,66.8,92.48,25.680000000000007,68.96,23.52000000000001,1,71.02,73.0,74.88,76.68,78.39,80.0,5,88.63636363636364,294,45
2024.0,15.0,PA,1505551.0,Pau D'Arco,MUNICIPAL,50.7,48.91,-1.7900000000000063,55.49,-6.580000000000005,0,60.22,64.77,69.07,73.06,76.71,80.0,1,86.48648648648648,3717,64
2024.0,31.0,MG,3118007.0,Congonhas,MUNICIPAL,56.2,74.01,17.810000000000002,60.11,13.900000000000006,1,63.94,67.6,71.06,74.29,77.27,80.0,4,87.73885350318471,1595,431
2024.0,24.0,RN,2404903.0,Itaú,MUNICIPAL,52.9,51.63,-1.269999999999996,57.42,-5.789999999999999,0,61.78,65.96,69.9,73.57,76.94,80.0,2,93.93939393939394,3526,33
2024.0,21.0,MA,2109502.0,Riachão,MUNICIPAL,,51.85,,,,,57.28,62.53,67.49,72.09,76.27,80.0,2,91.58576051779936,3502,150
2024.0,52.0,GO,5204904.0,Campos Belos,MUNICIPAL,65.2,75.75,10.549999999999997,67.62,8.129999999999995,1,69.95,72.17,74.3,76.31,78.21,80.0,4,94.51476793248943,1438,149
2024.0,23.0,CE,2311702.0,Reriutaba,MUNICIPAL,99.5,98.5,-1.0,80.0,18.5,1,80.0,80.0,80.0,80.0,80.0,80.0,5,99.5,80,34
2024.0,11.0,RO,1101468.0,Pimenteiras do Oeste,MUNICIPAL,54.8,57.63,2.8300000000000054,58.95,-1.3200000000000003,0,63.01,66.9,70.56,73.98,77.13,80.0,2,83.72093023255815,3035,42
2024.0,29.0,BA,2924405.0,Pilão Arcado,MUNICIPAL,23.9,22.51,-1.389999999999997,31.12,-8.61,0,39.38,48.31,57.34,65.91,73.55,80.0,0,85.0,4912,350
2024.0,15.0,PA,1505106.0,Óbidos,MUNICIPAL,48.8,53.98,5.18,53.94,0.03999999999999915,1,58.97,63.82,68.4,72.65,76.52,80.0,2,88.19672131147541,3355,36
2024.0,50.0,MS,5002209.0,Bonito,MUNICIPAL,53.4,58.78,5.380000000000003,57.78,1.0,1,62.07,66.18,70.06,73.67,76.99,80.0,2,92.77389277389275,2947,32
2024.0,17.0,TO,1711951.0,Lagoa do Tocantins,MUNICIPAL,20.8,15.09,-5.710000000000001,27.88,-12.79,0,36.33,45.72,55.42,64.73,73.04,80.0,0,98.1132075471698,4964,131
2024.0,29.0,BA,2923050.0,Novo Triunfo,MUNICIPAL,21.8,39.06,17.26,28.92,10.14,1,37.32,46.57,56.06,65.12,73.21,80.0,0,94.11764705882352,4334,137
2024.0,43.0,RS,4321469.0,Tio Hugo,MUNICIPAL,87.5,69.10000000000001,-18.39999999999999,80.0,-10.899999999999991,0,80.0,80.0,80.0,80.0,80.0,80.0,3,97.05882352941175,2047,62
2024.0,22.0,PI,2210052.0,São José do Divino,MUNICIPAL,100.0,92.65,-7.349999999999994,80.0,12.650000000000006,1,80.0,80.0,80.0,80.0,80.0,80.0,5,100.0,285,28
2024.0,52.0,GO,5222005.0,Vianópolis,MUNICIPAL,89.0,89.5,0.5,80.0,9.5,1,80.0,80.0,80.0,80.0,80.0,80.0,5,95.1219512195122,428,50
2024.0,31.0,MG,3114907.0,Casa Grande,MUNICIPAL,68.8,94.12,25.320000000000007,70.55,23.570000000000007,1,72.3,73.98,75.59,77.13,78.6,80.0,5,100.0,236,29
2024.0,22.0,PI,2209708.0,São Francisco do Piauí,MUNICIPAL,58.1,64.27,6.169999999999995,61.76,2.509999999999998,1,65.26,68.6,71.76,74.72,77.47,80.0,3,98.48484848484848,2487,108
2024.0,35.0,SP,3544251.0,Rosana,MUNICIPAL,59.5,78.64,19.14,62.92,15.719999999999999,1,66.19,69.31,72.26,75.03,77.62,80.0,4,93.12977099236642,1147,97
2024.0,17.0,TO,1713957.0,Muricilândia,MUNICIPAL,17.9,49.28,31.380000000000003,24.82,24.46,1,33.35,43.13,53.47,63.53,72.52,80.0,1,80.0,3688,60
2024.0,28.0,SE,2807204.0,Siriri,MUNICIPAL,47.1,52.4,5.299999999999997,52.43,-0.030000000000001137,0,57.74,62.87,67.74,72.24,76.34,80.0,2,87.65432098765432,3464,10
2024.0,43.0,RS,4314308.0,Pejuçara,MUNICIPAL,61.5,62.5,1.0,64.52,-2.019999999999996,0,67.47,70.28,72.95,75.46,77.82,80.0,3,100.0,2630,106
2024.0,41.0,PR,4108106.0,Flórida,MUNICIPAL,62.8,78.57000000000001,15.77000000000001,65.64,12.930000000000007,1,68.36,70.96,73.43,75.77,77.96,80.0,4,85.71428571428571,1151,123
2024.0,15.0,PA,1500404.0,Alenquer,MUNICIPAL,36.4,34.75,-1.6499999999999986,43.05,-8.299999999999997,0,49.94,56.84,63.49,69.65,75.19,80.0,0,83.42922899884925,4566,111
2024.0,31.0,MG,3107604.0,Bom Jesus da Penha,MUNICIPAL,51.3,87.21000000000001,35.91000000000001,55.99,31.220000000000006,1,60.63,65.08,69.29,73.19,76.77,80.0,5,85.45454545454545,534,117
2024.0,11.0,RO,1101500.0,Seringueiras,MUNICIPAL,63.0,66.06,3.0600000000000023,65.81,0.25,1,68.5,71.07,73.51,75.81,77.98,80.0,3,93.46733668341707,2312,30
2024.0,22.0,PI,2203453.0,Dom Inocêncio,MUNICIPAL,97.4,87.27,-10.13000000000001,80.0,7.269999999999996,1,80.0,80.0,80.0,80.0,80.0,80.0,5,100.0,528,41
2024.0,24.0,RN,2407500.0,Maxaranguape,MUNICIPAL,,35.11,,,,,42.99,51.29,59.51,67.24,74.13,80.0,0,83.76068376068376,4552,94
2024.0,41.0,PR,4115507.0,Marumbi,MUNICIPAL,57.7,75.85000000000001,18.150000000000006,61.37,14.480000000000011,1,64.95,68.37,71.6,74.62,77.42,80.0,4,85.71428571428571,1430,167
2024.0,31.0,MG,3119401.0,Coronel Fabriciano,MUNICIPAL,47.4,64.1,16.699999999999996,52.71,11.389999999999993,1,57.97,63.05,67.86,72.32,76.37,80.0,3,83.91959798994975,2504,632
2024.0,35.0,SP,3540259.0,Pontalinda,MUNICIPAL,44.6,51.66,7.059999999999995,50.33,1.3299999999999983,1,56.02,61.56,66.81,71.68,76.09,80.0,2,90.47619047619048,3524,467
2024.0,22.0,PI,2201739.0,Betânia do Piauí,MUNICIPAL,42.5,82.76,40.260000000000005,48.5,34.260000000000005,1,54.51,60.4,66.0,71.18,75.86,80.0,5,98.29059829059828,818,51
2024.0,52.0,GO,5200258.0,Águas Lindas de Goiás,MUNICIPAL,48.9,53.9,5.0,54.0,-0.10000000000000142,0,59.02,63.85,68.42,72.66,76.53,80.0,2,90.41754280564734,3359,218
2024.0,35.0,SP,3556305.0,Valparaíso,MUNICIPAL,64.4,70.44,6.039999999999992,66.97,3.469999999999999,1,69.43,71.78,74.01,76.13,78.13,80.0,4,95.0530035335689,1903,177
2024.0,29.0,BA,2911402.0,Glória,MUNICIPAL,35.9,29.69,-6.209999999999997,42.59,-12.900000000000002,0,49.56,56.54,63.27,69.52,75.13,80.0,0,98.46153846153848,4749,267
2024.0,12.0,AC,1200393.0,Porto Walter,MUNICIPAL,,39.79,,,,,47.15,54.63,61.92,68.7,74.77,80.0,0,94.56521739130434,4298,13
2024.0,23.0,CE,2311900.0,Saboeiro,MUNICIPAL,75.4,81.55,6.1499999999999915,76.08,5.469999999999999,1,76.77,77.44,78.1,78.75,79.38,80.0,5,97.91666666666666,919,141
2024.0,43.0,RS,4304002.0,Campo Novo,MUNICIPAL,62.9,46.8,-16.1,65.72,-18.92,0,68.43,71.01,73.47,75.79,77.97,80.0,1,92.3076923076923,3871,251
2024.0,13.0,AM,1301803.0,Ipixuna,MUNICIPAL,,63.28,,,,,66.47,69.53,72.42,75.13,77.66,80.0,3,80.859375,2570,7
2024.0,35.0,SP,3554003.0,Tatuí,MUNICIPAL,51.1,53.92,2.8200000000000003,55.87,-1.9499999999999957,0,60.53,65.01,69.23,73.16,76.76,80.0,2,94.64012251148544,3356,439
2024.0,21.0,MA,2103109.0,Cedral,MUNICIPAL,69.8,66.85,-2.950000000000003,71.43,-4.5800000000000125,0,73.0,74.51,75.97,77.37,78.72,80.0,3,97.77777777777776,2243,84
2024.0,13.0,AM,1303957.0,São Sebastião do Uatumã,MUNICIPAL,51.8,29.46,-22.339999999999996,56.43,-26.97,0,60.98,65.35,69.48,73.31,76.82,80.0,0,92.04545454545456,4757,47
2024.0,22.0,PI,2210359.0,São Lourenço do Piauí,MUNICIPAL,100.0,73.08,-26.92,80.0,-6.920000000000002,0,80.0,80.0,80.0,80.0,80.0,80.0,4,89.65517241379311,1678,85
2024.0,35.0,SP,3514908.0,Elias Fausto,MUNICIPAL,55.1,56.28,1.1799999999999997,59.26,-2.979999999999997,0,63.26,67.08,70.69,74.06,77.17,80.0,2,93.66515837104072,3152,395
2024.0,43.0,RS,4306056.0,Cristal,MUNICIPAL,66.3,78.4,12.100000000000009,68.53,9.870000000000005,1,70.67,72.73,74.69,76.56,78.33,80.0,4,86.48648648648648,1162,25
2024.0,28.0,SE,2803203.0,Itaporanga d'Ajuda,MUNICIPAL,24.3,39.49,15.190000000000001,31.53,7.960000000000001,1,39.77,48.63,57.58,66.05,73.61,80.0,0,88.41309823677582,4315,24
2024.0,52.0,GO,5214861.0,Nova Glória,MUNICIPAL,81.8,87.68,5.88000000000001,80.0,7.680000000000007,1,80.0,80.0,80.0,80.0,80.0,80.0,5,98.0,509,55
2024.0,32.0,ES,3203346.0,Marechal Floriano,MUNICIPAL,78.2,86.57000000000001,8.370000000000005,78.47,8.100000000000009,1,78.73,78.99,79.25,79.5,79.75,80.0,5,93.3649289099526,572,12
2024.0,32.0,ES,3203056.0,Jaguaré,MUNICIPAL,72.2,80.31,8.11,73.41,6.900000000000006,1,74.6,75.75,76.87,77.95,78.99,80.0,5,90.18789144050103,1009,36
2024.0,42.0,SC,4215307.0,Salete,MUNICIPAL,78.0,68.23,-9.769999999999996,78.29,-10.060000000000002,0,78.59,78.87,79.16,79.44,79.72,80.0,3,88.42105263157895,2130,144
2024.0,41.0,PR,4106605.0,Cruzeiro do Oeste,MUNICIPAL,74.1,73.47,-0.6299999999999955,74.97,-1.5,0,75.87,76.74,77.59,78.41,79.22,80.0,4,94.140625,1640,209
2024.0,22.0,PI,2202455.0,Capitão Gervásio Oliveira,MUNICIPAL,65.3,77.36,12.060000000000002,67.7,9.659999999999997,1,70.01,72.22,74.33,76.33,78.22,80.0,4,100.0,1269,68
2024.0,35.0,SP,3541059.0,Pratânia,MUNICIPAL,56.1,56.48,0.37999999999999545,60.03,-3.5500000000000043,0,63.88,67.55,71.02,74.27,77.26,80.0,2,90.10989010989012,3138,392
2024.0,25.0,PB,2509370.0,Mato Grosso,MUNICIPAL,40.0,18.18,-21.82,46.27,-28.090000000000003,0,52.66,58.96,64.99,70.57,75.59,80.0,0,78.57142857142857,4952,210
2024.0,17.0,TO,1704105.0,Centenário,MUNICIPAL,23.3,66.67,43.370000000000005,30.54,36.13,1,38.85,47.86,57.01,65.71,73.46,80.0,3,88.23529411764706,2265,10
2024.0,35.0,SP,3538006.0,Pindamonhangaba,MUNICIPAL,54.5,63.8,9.299999999999997,58.74,5.059999999999995,1,62.84,66.76,70.47,73.92,77.1,80.0,3,86.41370869033048,2530,266
2024.0,43.0,RS,4311643.0,Linha Nova,MUNICIPAL,100.0,41.2,-58.8,80.0,-38.8,0,80.0,80.0,80.0,80.0,80.0,80.0,1,100.0,4212,311
2024.0,35.0,SP,3553104.0,Taiaçu,MUNICIPAL,67.2,38.71,-28.490000000000002,69.26,-30.550000000000004,0,71.26,73.18,75.01,76.76,78.43,80.0,0,88.46153846153845,4357,566
2024.0,29.0,BA,2917300.0,Ituberá,MUNICIPAL,44.1,29.17,-14.93,49.86,-20.689999999999998,0,55.64,61.26,66.61,71.55,76.03,80.0,0,93.75,4763,275
2024.0,35.0,SP,3533304.0,Nova Luzitânia,MUNICIPAL,77.9,73.33,-4.570000000000007,78.23,-4.900000000000006,0,78.53,78.83,79.13,79.42,79.71,80.0,4,97.61904761904762,1652,147
2024.0,31.0,MG,3145703.0,Oliveira Fortes,MUNICIPAL,71.4,83.33,11.929999999999993,72.78,10.549999999999997,1,74.09,75.36,76.58,77.77,78.9,80.0,5,94.73684210526316,777,197
2024.0,35.0,SP,3541406.0,Presidente Prudente,MUNICIPAL,54.1,61.120000000000005,7.020000000000003,58.37,2.750000000000007,1,62.54,66.54,70.31,73.82,77.06,80.0,3,89.42408376963351,2743,317
2024.0,33.0,RJ,3302502.0,Magé,MUNICIPAL,46.3,46.66,0.35999999999999943,51.74,-5.080000000000005,0,57.18,62.45,67.44,72.06,76.26,80.0,1,85.19368723098995,3881,74
2024.0,22.0,PI,2209872.0,São João da Fronteira,MUNICIPAL,26.9,43.37,16.47,34.14,9.229999999999997,1,42.15,50.6,59.02,66.93,74.0,80.0,1,86.53846153846155,4092,178
2024.0,41.0,PR,4113601.0,Lobato,MUNICIPAL,61.9,54.92,-6.979999999999997,64.86,-9.939999999999998,0,67.74,70.49,73.1,75.56,77.86,80.0,2,86.66666666666667,3272,351
2024.0,43.0,RS,4309001.0,Giruá,MUNICIPAL,76.3,46.3,-30.0,76.85,-30.549999999999997,0,77.4,77.94,78.47,78.99,79.5,80.0,1,97.67441860465117,3904,256
2024.0,43.0,RS,4300505.0,Alpestre,MUNICIPAL,74.9,66.5,-8.400000000000006,75.71,-9.209999999999994,0,76.47,77.21,77.93,78.64,79.33,80.0,3,92.42424242424242,2286,83
2024.0,23.0,CE,2313351.0,Tejuçuoca,MUNICIPAL,85.4,80.16,-5.240000000000009,80.0,0.1599999999999966,1,80.0,80.0,80.0,80.0,80.0,80.0,5,99.12280701754386,1023,145
2024.0,42.0,SC,4203501.0,Campo Erê,MUNICIPAL,60.9,48.28,-12.619999999999997,64.05,-15.769999999999996,0,67.09,70.0,72.75,75.34,77.76,80.0,1,86.52482269503547,3755,227
2024.0,22.0,PI,2204352.0,Geminiano,MUNICIPAL,19.5,53.59,34.09,26.56,27.030000000000005,1,35.05,44.62,54.6,64.22,72.82,80.0,2,91.48936170212764,3380,147
2024.0,17.0,TO,1707207.0,Dois Irmãos do Tocantins,MUNICIPAL,48.7,52.81,4.109999999999999,53.8,-0.9899999999999949,0,58.86,63.73,68.34,72.61,76.51,80.0,2,92.53731343283582,3432,46
2024.0,17.0,TO,1700400.0,Almas,MUNICIPAL,15.9,48.18,32.28,22.65,25.53,1,31.16,41.17,51.97,62.59,72.12,80.0,1,96.18320610687024,3761,65
2024.0,43.0,RS,4320230.0,Sede Nova,MUNICIPAL,85.3,36.1,-49.199999999999996,80.0,-43.9,0,80.0,80.0,80.0,80.0,80.0,80.0,0,90.47619047619048,4507,364
2024.0,15.0,PA,1503457.0,Ipixuna do Pará,MUNICIPAL,39.7,42.95,3.25,46.0,-3.049999999999997,0,52.44,58.79,64.86,70.49,75.56,80.0,1,78.0952380952381,4117,87
2024.0,31.0,MG,3127388.0,Goianá,MUNICIPAL,75.0,80.51,5.510000000000005,75.76,4.75,1,76.51,77.24,77.95,78.65,79.33,80.0,5,83.78378378378379,996,264
2024.0,31.0,MG,3130606.0,Inconfidentes,MUNICIPAL,81.4,86.18,4.780000000000001,80.0,6.180000000000007,1,80.0,80.0,80.0,80.0,80.0,80.0,5,89.0909090909091,593,142
2024.0,31.0,MG,3165560.0,Sem-Peixe,MUNICIPAL,76.5,84.62,8.120000000000005,77.0,7.6200000000000045,1,77.52,78.03,78.54,79.03,79.52,80.0,5,100.0,691,181
2024.0,21.0,MA,2106201.0,Luís Domingues,MUNICIPAL,76.9,84.97,8.069999999999993,77.39,7.579999999999998,1,77.84,78.28,78.72,79.16,79.58,80.0,5,94.16666666666669,668,21
2024.0,29.0,BA,2919405.0,Licínio de Almeida,MUNICIPAL,75.0,65.48,-9.519999999999996,75.76,-10.280000000000001,0,76.51,77.24,77.95,78.65,79.33,80.0,3,88.42105263157895,2356,4
2024.0,42.0,SC,4209102.0,Joinville,MUNICIPAL,65.9,68.79,2.8900000000000006,68.23,0.5600000000000023,1,70.43,72.54,74.56,76.48,78.29,80.0,3,71.60965180207697,2074,136
2024.0,29.0,BA,2918704.0,Lafaiete Coutinho,MUNICIPAL,67.7,56.52,-11.18,69.64,-13.119999999999997,0,71.57,73.41,75.18,76.87,78.48,80.0,2,100.0,3132,16
2024.0,23.0,CE,2307635.0,Madalena,MUNICIPAL,97.7,95.31,-2.3900000000000006,80.0,15.310000000000002,1,80.0,80.0,80.0,80.0,80.0,80.0,5,97.39583333333334,182,70
2024.0,25.0,PB,2515500.0,Serra Branca,MUNICIPAL,57.6,54.35,-3.25,61.29,-6.939999999999998,0,64.89,68.32,71.56,74.6,77.41,80.0,2,85.47008547008546,3321,110
2024.0,43.0,RS,4312500.0,Mostardas,MUNICIPAL,51.4,40.8,-10.600000000000001,56.1,-15.300000000000004,0,60.72,65.15,69.34,73.22,76.78,80.0,1,88.11881188118812,4238,316
2024.0,22.0,PI,2201002.0,Arraial,MUNICIPAL,83.8,98.15,14.350000000000009,80.0,18.150000000000006,1,80.0,80.0,80.0,80.0,80.0,80.0,5,100.0,90,11
2024.0,31.0,MG,3166105.0,Senhora do Porto,MUNICIPAL,46.6,56.52,9.920000000000002,52.0,4.520000000000003,1,57.39,62.61,67.55,72.13,76.29,80.0,2,100.0,3132,706
2024.0,52.0,GO,5215900.0,Palminópolis,MUNICIPAL,89.2,82.81,-6.390000000000001,80.0,2.8100000000000023,1,80.0,80.0,80.0,80.0,80.0,80.0,5,94.73684210526316,813,95
2024.0,29.0,BA,2920304.0,Malhada de Pedras,MUNICIPAL,70.4,70.27,-0.13000000000000966,71.89,-1.6200000000000045,0,73.37,74.8,76.18,77.51,78.78,80.0,4,92.5,1922,3
2024.0,51.0,MT,5100300.0,Alto Araguaia,MUNICIPAL,73.8,75.59,1.7900000000000063,74.79,0.7999999999999972,1,75.72,76.62,77.5,78.36,79.19,80.0,4,88.95348837209302,1452,32
2024.0,29.0,BA,2928307.0,Santanópolis,MUNICIPAL,,22.95,,,,,31.5,41.48,52.21,62.74,72.19,80.0,0,82.43243243243244,4906,346
2024.0,23.0,CE,2302602.0,Camocim,MUNICIPAL,94.5,94.08,-0.4200000000000017,80.0,14.079999999999998,1,80.0,80.0,80.0,80.0,80.0,80.0,5,99.0691489361702,237,83
2024.0,31.0,MG,3161908.0,São Gonçalo do Rio Abaixo,MUNICIPAL,80.5,91.6,11.099999999999994,80.0,11.599999999999994,1,80.0,80.0,80.0,80.0,80.0,80.0,5,97.0414201183432,332,54
2024.0,21.0,MA,2100154.0,Água Doce do Maranhão,MUNICIPAL,67.3,63.75,-3.549999999999997,69.35,-5.599999999999994,0,71.33,73.23,75.05,76.79,78.44,80.0,3,85.61151079136691,2536,97
2024.0,25.0,PB,2507606.0,Juarez Távora,MUNICIPAL,28.9,35.79,6.890000000000001,36.0,-0.21000000000000085,0,43.82,51.96,60.0,67.53,74.26,80.0,0,94.33962264150944,4526,194
2024.0,29.0,BA,2912004.0,Ibiassucê,MUNICIPAL,65.0,61.19,-3.8100000000000023,67.46,-6.269999999999996,0,69.82,72.07,74.22,76.26,78.19,80.0,3,100.0,2738,8
2024.0,35.0,SP,3528403.0,Mairinque,MUNICIPAL,,49.33,,,,,55.2,60.93,66.37,71.41,75.97,80.0,1,83.06595365418895,3685,493
2024.0,42.0,SC,4217709.0,Sombrio,MUNICIPAL,64.9,49.72,-15.180000000000007,67.39,-17.67,0,69.76,72.03,74.2,76.25,78.18,80.0,1,76.58862876254182,3660,225
2024.0,43.0,RS,4320107.0,Sarandi,MUNICIPAL,71.5,47.7,-23.799999999999997,72.81,-25.11,0,74.12,75.38,76.6,77.77,78.91,80.0,1,81.21827411167513,3800,239
2024.0,33.0,RJ,3304128.0,Quatis,MUNICIPAL,48.9,60.05,11.149999999999999,54.03,6.019999999999996,1,59.04,63.87,68.43,72.67,76.53,80.0,3,85.07462686567165,2830,44
2024.0,29.0,BA,2911659.0,Guajeru,MUNICIPAL,29.2,36.78,7.580000000000002,36.33,0.45000000000000284,1,44.11,52.2,60.17,67.64,74.3,80.0,0,97.75280898876404,4471,165
2024.0,33.0,RJ,3306206.0,Vassouras,MUNICIPAL,65.4,60.33,-5.070000000000007,67.8,-7.469999999999999,0,70.09,72.28,74.37,76.36,78.23,80.0,3,85.5036855036855,2812,43
2024.0,31.0,MG,3132800.0,Itambé do Mato Dentro,MUNICIPAL,77.8,83.33,5.530000000000001,78.11,5.219999999999999,1,78.43,78.75,79.07,79.38,79.69,80.0,5,85.71428571428571,777,197
2024.0,23.0,CE,2313906.0,Uruoca,MUNICIPAL,95.5,99.01,3.510000000000005,80.0,19.010000000000005,1,80.0,80.0,80.0,80.0,80.0,80.0,5,99.009900990099,65,23
2024.0,52.0,GO,5221908.0,Varjão,MUNICIPAL,97.7,84.78,-12.920000000000002,80.0,4.780000000000001,1,80.0,80.0,80.0,80.0,80.0,80.0,5,100.0,685,75
2024.0,26.0,PE,2615805.0,Tupanatinga,MUNICIPAL,68.6,68.38,-0.21999999999999886,70.41,-2.030000000000001,0,72.18,73.88,75.52,77.08,78.58,80.0,3,95.5665024630542,2116,73
2024.0,31.0,MG,3154200.0,Resende Costa,MUNICIPAL,57.9,82.11,24.21,61.52,20.589999999999996,1,65.07,68.46,71.66,74.66,77.44,80.0,5,95.45454545454544,873,222
2024.0,31.0,MG,3156205.0,Rochedo de Minas,MUNICIPAL,56.6,58.33,1.7299999999999969,60.44,-2.1099999999999994,0,64.21,67.8,71.2,74.37,77.31,80.0,2,82.75862068965517,2982,693
2024.0,43.0,RS,4313060.0,Nova Hartz,MUNICIPAL,72.1,45.3,-26.799999999999997,73.32,-28.019999999999996,0,74.53,75.7,76.83,77.92,78.98,80.0,1,90.1185770750988,3974,271
2024.0,26.0,PE,2604155.0,Casinhas,MUNICIPAL,79.5,84.85000000000001,5.3500000000000085,79.54,5.310000000000002,1,79.62,79.69,79.77,79.85,79.92,80.0,5,97.4025974025974,677,21
2024.0,50.0,MS,5007703.0,Sete Quedas,MUNICIPAL,54.3,53.09,-1.2099999999999937,58.52,-5.43,0,62.66,66.63,70.37,73.86,77.08,80.0,2,100.0,3418,49
2024.0,31.0,MG,3109451.0,Cabeceira Grande,MUNICIPAL,40.5,54.59,14.090000000000003,46.7,7.890000000000001,1,53.02,59.24,65.18,70.69,75.64,80.0,2,89.90825688073394,3297,719
2024.0,29.0,BA,2906501.0,Candeias,MUNICIPAL,32.7,36.67,3.969999999999999,39.6,-2.9299999999999997,0,46.98,54.5,61.82,68.64,74.74,80.0,0,89.47368421052632,4483,172
2024.0,24.0,RN,2404200.0,Goianinha,MUNICIPAL,22.5,35.33,12.829999999999998,29.73,5.599999999999998,1,38.09,47.22,56.54,65.42,73.34,80.0,0,82.88888888888889,4544,92
2024.0,24.0,RN,2413409.0,Serra Negra do Norte,MUNICIPAL,25.8,31.59,5.789999999999999,33.05,-1.4599999999999973,0,41.16,49.78,58.42,66.57,73.84,80.0,0,85.71428571428571,4675,109
2024.0,43.0,RS,4322525.0,Vale Verde,MUNICIPAL,85.5,47.1,-38.4,80.0,-32.9,0,80.0,80.0,80.0,80.0,80.0,80.0,1,83.33333333333334,3850,248
2024.0,52.0,GO,5217203.0,Piranhas,MUNICIPAL,78.1,68.65,-9.449999999999989,78.38,-9.72999999999999,0,78.66,78.93,79.2,79.47,79.74,80.0,3,94.44444444444444,2087,182
2024.0,52.0,GO,5204953.0,Campos Verdes,MUNICIPAL,63.7,82.8,19.099999999999994,66.38,16.42,1,68.96,71.42,73.76,75.97,78.05,80.0,5,96.15384615384616,814,96
2024.0,52.0,GO,5219506.0,Santa Rosa de Goiás,MUNICIPAL,80.2,100.0,19.799999999999997,80.0,20.0,1,80.0,80.0,80.0,80.0,80.0,80.0,5,100.0,1,1
2024.0,26.0,PE,2607000.0,Inajá,MUNICIPAL,54.4,79.7,25.300000000000004,58.6,21.1,1,62.73,66.68,70.41,73.89,77.09,80.0,4,97.43589743589745,1068,34
2024.0,28.0,SE,2802304.0,Frei Paulo,MUNICIPAL,19.2,37.21,18.01,26.27,10.940000000000001,1,34.77,44.38,54.42,64.11,72.77,80.0,0,93.0,4446,31
2024.0,52.0,GO,5213756.0,Montividiu,MUNICIPAL,66.0,78.69,12.689999999999998,68.25,10.439999999999998,1,70.45,72.56,74.57,76.48,78.29,80.0,4,99.33774834437084,1142,130
2024.0,35.0,SP,3511508.0,Cerquilho,MUNICIPAL,60.9,69.15,8.250000000000007,64.08,5.070000000000007,1,67.12,70.02,72.76,75.35,77.76,80.0,3,91.45496535796768,2040,192
2024.0,22.0,PI,2205904.0,Manoel Emídio,MUNICIPAL,100.0,82.38,-17.620000000000005,80.0,2.3799999999999955,1,80.0,80.0,80.0,80.0,80.0,80.0,5,94.44444444444444,843,55
2024.0,35.0,SP,3551306.0,Sebastianópolis do Sul,MUNICIPAL,83.8,75.86,-7.939999999999998,80.0,-4.140000000000001,0,80.0,80.0,80.0,80.0,80.0,80.0,4,91.8918918918919,1428,117
2024.0,41.0,PR,4101002.0,Ampére,MUNICIPAL,65.5,70.06,4.560000000000002,67.87,2.1899999999999977,1,70.15,72.33,74.4,76.38,78.24,80.0,4,88.84615384615384,1950,255
2024.0,31.0,MG,3110103.0,Caiana,MUNICIPAL,58.5,76.5,18.0,62.1,14.399999999999999,1,65.53,68.81,71.91,74.82,77.51,80.0,4,96.7741935483871,1358,369
2024.0,31.0,MG,3137403.0,Lagoa Dourada,MUNICIPAL,63.9,87.23,23.330000000000005,66.55,20.680000000000007,1,69.09,71.52,73.83,76.01,78.07,80.0,5,91.66666666666666,532,116
2024.0,35.0,SP,3530300.0,Mirassol,MUNICIPAL,67.6,61.57,-6.029999999999994,69.6,-8.029999999999994,0,71.53,73.39,75.16,76.86,78.47,80.0,3,94.03846153846152,2710,305
2024.0,35.0,SP,3516606.0,Gália,MUNICIPAL,78.9,66.68,-12.219999999999999,79.07,-12.389999999999986,0,79.23,79.38,79.54,79.69,79.85,80.0,3,93.15068493150685,2264,221
2024.0,31.0,MG,3101508.0,Além Paraíba,MUNICIPAL,68.9,55.1,-13.800000000000004,70.71,-15.609999999999992,0,72.42,74.07,75.66,77.17,78.62,80.0,2,87.79661016949153,3255,716
2024.0,41.0,PR,4116505.0,Nova Aliança do Ivaí,MUNICIPAL,38.1,43.75,5.649999999999999,44.57,-0.8200000000000003,0,51.24,57.85,64.2,70.09,75.38,80.0,1,94.11764705882352,4071,368
2024.0,13.0,AM,1302405.0,Lábrea,MUNICIPAL,64.3,66.7,2.4000000000000057,66.9,-0.20000000000000284,0,69.37,71.74,73.98,76.11,78.12,80.0,3,84.61538461538461,2253,5
2024.0,35.0,SP,3503158.0,Arapeí,MUNICIPAL,48.0,37.41,-10.590000000000003,53.27,-15.860000000000007,0,58.42,63.4,68.1,72.47,76.44,80.0,0,92.3076923076923,4434,568
2024.0,52.0,GO,5212600.0,Mairipotaba,MUNICIPAL,97.3,71.43,-25.86999999999999,80.0,-8.569999999999993,0,80.0,80.0,80.0,80.0,80.0,80.0,4,100.0,1807,170
2024.0,31.0,MG,3146404.0,Paineiras,MUNICIPAL,79.0,82.34,3.3400000000000034,79.1,3.240000000000009,1,79.25,79.4,79.55,79.7,79.85,80.0,5,92.15686274509804,847,215
2024.0,52.0,GO,5210208.0,Iporá,MUNICIPAL,78.4,83.04,4.640000000000001,78.6,4.440000000000012,1,78.84,79.07,79.31,79.54,79.77,80.0,5,93.573264781491,798,93
2024.0,41.0,PR,4124202.0,Santo Antônio do Caiuá,MUNICIPAL,82.8,88.04,5.240000000000009,80.0,8.040000000000006,1,80.0,80.0,80.0,80.0,80.0,80.0,5,97.14285714285714,486,33
2024.0,27.0,AL,2701001.0,Boca da Mata,MUNICIPAL,73.6,88.19,14.590000000000003,74.59,13.599999999999994,1,75.55,76.49,77.41,78.3,79.16,80.0,5,98.7551867219917,482,5
2024.0,43.0,RS,4317301.0,Santa Vitória do Palmar,MUNICIPAL,56.0,45.4,-10.600000000000001,59.99,-14.590000000000003,0,63.84,67.53,71.01,74.25,77.25,80.0,1,81.55339805825243,3965,268
2024.0,31.0,MG,3165305.0,São Vicente de Minas,MUNICIPAL,60.1,81.64,21.54,63.39,18.25,1,66.57,69.6,72.47,75.16,77.67,80.0,5,89.87341772151899,916,242
2024.0,12.0,AC,1200179.0,Capixaba,MUNICIPAL,,34.97,,,,,42.9,51.21,59.46,67.2,74.11,80.0,0,76.6497461928934,4560,17
2024.0,35.0,SP,3511201.0,Catiguá,MUNICIPAL,54.3,84.7,30.400000000000006,58.54,26.160000000000004,1,62.68,66.65,70.39,73.87,77.08,80.0,5,95.65217391304348,688,53
2024.0,43.0,RS,4309209.0,Gravataí,MUNICIPAL,63.6,41.0,-22.6,66.33,-25.33,0,68.91,71.38,73.73,75.95,78.04,80.0,1,77.25190839694656,4225,314
2024.0,31.0,MG,3108107.0,Bonfim,MUNICIPAL,69.3,85.95,16.650000000000006,70.99,14.960000000000008,1,72.64,74.24,75.78,77.25,78.66,80.0,5,89.85507246376811,606,147
2024.0,31.0,MG,3134400.0,Iturama,MUNICIPAL,55.8,69.61,13.810000000000002,59.85,9.759999999999998,1,63.73,67.44,70.95,74.22,77.24,80.0,3,89.02743142144638,1989,534
2024.0,24.0,RN,2406304.0,Lagoa de Pedras,MUNICIPAL,47.7,28.89,-18.810000000000002,52.99,-24.1,0,58.2,63.23,67.98,72.39,76.41,80.0,0,77.77777777777779,4771,122
2024.0,31.0,MG,3126901.0,Frei Inocêncio,MUNICIPAL,53.1,64.71000000000001,11.610000000000007,57.56,7.150000000000006,1,61.89,66.05,69.96,73.61,76.96,80.0,3,86.91588785046729,2432,625
2024.0,41.0,PR,4109757.0,Ibema,MUNICIPAL,72.8,70.35000000000001,-2.4499999999999886,73.95,-3.5999999999999943,0,75.04,76.09,77.12,78.11,79.07,80.0,4,83.01886792452831,1912,249
2024.0,22.0,PI,2209807.0,São Gonçalo do Piauí,MUNICIPAL,94.2,64.04,-30.159999999999997,80.0,-15.959999999999994,0,80.0,80.0,80.0,80.0,80.0,80.0,3,96.36363636363636,2511,109
2024.0,42.0,SC,4217006.0,São Ludgero,MUNICIPAL,65.9,68.64,2.739999999999995,68.15,0.4899999999999949,1,70.37,72.5,74.53,76.46,78.28,80.0,3,87.5,2089,139
2024.0,26.0,PE,2602407.0,Brejão,MUNICIPAL,67.0,86.18,19.180000000000007,69.12,17.060000000000002,1,71.15,73.09,74.95,76.72,78.41,80.0,5,91.76470588235294,593,17
2024.0,31.0,MG,3129707.0,Ibiraci,MUNICIPAL,32.8,73.86,41.06,39.73,34.13,1,47.1,54.59,61.89,68.68,74.76,80.0,4,89.76377952755905,1606,434
2024.0,43.0,RS,4312708.0,Nonoai,MUNICIPAL,42.1,52.4,10.299999999999997,48.14,4.259999999999998,1,54.22,60.17,65.83,71.08,75.82,80.0,2,94.66666666666669,3464,197
2024.0,15.0,PA,1506559.0,Santa Luzia do Pará,MUNICIPAL,56.5,39.77,-16.729999999999997,60.36,-20.589999999999996,0,64.14,67.75,71.16,74.35,77.3,80.0,0,72.81105990783409,4300,98
2024.0,43.0,RS,4313102.0,Nova Palma,MUNICIPAL,81.1,35.9,-45.199999999999996,80.0,-44.1,0,80.0,80.0,80.0,80.0,80.0,80.0,0,82.35294117647058,4519,368
2024.0,26.0,PE,2609600.0,Olinda,MUNICIPAL,59.6,62.29,2.6899999999999977,62.95,-0.6600000000000037,0,66.22,69.33,72.28,75.04,77.62,80.0,3,96.4501242456514,2652,101
2024.0,31.0,MG,3167400.0,Silvianópolis,MUNICIPAL,54.1,87.91,33.809999999999995,58.35,29.559999999999995,1,62.53,66.53,70.3,73.82,77.06,80.0,5,91.54929577464787,495,105
2024.0,23.0,CE,2302404.0,Boa Viagem,MUNICIPAL,80.0,90.36,10.36,80.0,10.36,1,80.0,80.0,80.0,80.0,80.0,80.0,5,97.53694581280789,386,110
2024.0,29.0,BA,2928604.0,Santo Amaro,MUNICIPAL,43.8,36.96,-6.839999999999996,49.62,-12.659999999999997,0,55.44,61.11,66.5,71.49,76.0,80.0,0,92.07459207459208,4460,163
2024.0,35.0,SP,3533007.0,Nova Granada,MUNICIPAL,61.2,59.94,-1.2600000000000051,64.31,-4.3700000000000045,0,67.3,70.16,72.86,75.41,77.79,80.0,2,95.26315789473684,2856,336
2024.0,41.0,PR,4112306.0,Japira,MUNICIPAL,75.7,64.46000000000001,-11.239999999999995,76.34,-11.879999999999995,0,76.98,77.61,78.23,78.83,79.42,80.0,3,90.0,2462,299
2024.0,26.0,PE,2608107.0,João Alfredo,MUNICIPAL,57.0,75.79,18.790000000000006,60.81,14.980000000000004,1,64.5,68.03,71.36,74.47,77.35,80.0,4,98.83040935672514,1435,46
2024.0,31.0,MG,3104502.0,Arinos,MUNICIPAL,45.3,46.89,1.5900000000000034,50.89,-4.0,0,56.48,61.91,67.06,71.83,76.16,80.0,1,86.77685950413223,3861,745
2024.0,24.0,RN,2403301.0,Encanto,MUNICIPAL,47.5,67.02,19.519999999999996,52.83,14.189999999999998,1,58.07,63.13,67.91,72.35,76.39,80.0,3,90.0,2232,8
2024.0,31.0,MG,3156007.0,Rio Vermelho,MUNICIPAL,43.9,59.95,16.050000000000004,49.66,10.290000000000006,1,55.47,61.14,66.52,71.5,76.01,80.0,2,87.17948717948718,2854,678
2024.0,31.0,MG,3164431.0,São Sebastião da Vargem Alegre,MUNICIPAL,53.4,93.1,39.699999999999996,57.79,35.309999999999995,1,62.08,66.18,70.06,73.67,76.99,80.0,5,89.65517241379311,270,37
2024.0,50.0,MS,5004403.0,Inocência,MUNICIPAL,33.6,51.7,18.1,40.51,11.190000000000005,1,47.77,55.13,62.27,68.91,74.86,80.0,2,99.1869918699187,3518,55
2024.0,42.0,SC,4202131.0,Bela Vista do Toldo,MUNICIPAL,86.2,81.95,-4.25,80.0,1.9500000000000028,1,80.0,80.0,80.0,80.0,80.0,80.0,5,94.20289855072464,885,32
2024.0,29.0,BA,2907400.0,Catolândia,MUNICIPAL,10.5,25.71,15.21,16.24,9.470000000000002,1,24.3,34.72,46.83,59.32,70.72,80.0,0,94.5945945945946,4854,320
2024.0,31.0,MG,3115904.0,Chácara,MUNICIPAL,28.8,44.9,16.099999999999998,35.95,8.949999999999996,1,43.78,51.93,59.98,67.52,74.25,80.0,1,85.96491228070175,3996,748
2024.0,28.0,SE,2802601.0,Graccho Cardoso,MUNICIPAL,20.0,16.67,-3.3299999999999983,27.09,-10.419999999999998,0,35.57,45.07,54.93,64.43,72.91,80.0,0,100.0,4958,69
2024.0,23.0,CE,2306603.0,Itatira,MUNICIPAL,99.6,99.06,-0.539999999999992,80.0,19.060000000000002,1,80.0,80.0,80.0,80.0,80.0,80.0,5,99.55156950672644,63,21
2024.0,23.0,CE,2312106.0,Santana do Cariri,MUNICIPAL,89.5,96.45,6.950000000000003,80.0,16.450000000000003,1,80.0,80.0,80.0,80.0,80.0,80.0,5,99.42196531791907,139,59
2024.0,43.0,RS,4313391.0,Novo Cabrais,MUNICIPAL,86.1,77.0,-9.099999999999994,80.0,-3.0,0,80.0,80.0,80.0,80.0,80.0,80.0,4,97.5,1310,28
2024.0,43.0,RS,4315305.0,Quaraí,MUNICIPAL,54.8,36.3,-18.5,58.95,-22.650000000000006,0,63.01,66.9,70.56,73.98,77.13,80.0,0,88.88888888888889,4497,361
2024.0,24.0,RN,2406502.0,Lagoa Nova,MUNICIPAL,34.7,35.61,0.9099999999999966,41.52,-5.910000000000004,0,48.64,55.82,62.76,69.21,74.99,80.0,0,87.02702702702703,4535,90
2024.0,31.0,MG,3113008.0,Caraí,MUNICIPAL,42.0,71.52,29.519999999999996,48.07,23.449999999999996,1,54.16,60.12,65.8,71.06,75.81,80.0,4,86.79245283018868,1803,489
2024.0,31.0,MG,3168002.0,Taiobeiras,MUNICIPAL,69.3,86.34,17.040000000000006,70.99,15.350000000000009,1,72.65,74.25,75.78,77.25,78.66,80.0,5,96.23655913978494,584,138
2024.0,35.0,SP,3534807.0,Ouro Verde,MUNICIPAL,82.0,76.07000000000001,-5.929999999999993,80.0,-3.9299999999999926,0,80.0,80.0,80.0,80.0,80.0,80.0,4,97.77777777777776,1407,115
2024.0,51.0,MT,5100201.0,Água Boa,MUNICIPAL,59.1,79.49,20.389999999999993,62.56,16.929999999999993,1,65.9,69.09,72.11,74.94,77.57,80.0,4,86.41975308641975,1086,24
2024.0,17.0,TO,1716505.0,Pedro Afonso,MUNICIPAL,53.1,56.7,3.6000000000000014,57.52,-0.8200000000000003,0,61.86,66.02,69.95,73.6,76.95,80.0,2,94.28571428571428,3118,34
2024.0,29.0,BA,2905404.0,Cairu,MUNICIPAL,36.9,32.87,-4.030000000000001,43.5,-10.630000000000003,0,50.33,57.15,63.7,69.78,75.24,80.0,0,89.65517241379311,4640,218
2024.0,35.0,SP,3533502.0,Novo Horizonte,MUNICIPAL,61.6,75.66,14.059999999999995,64.6,11.060000000000002,1,67.53,70.33,72.99,75.49,77.83,80.0,4,94.9468085106383,1447,119
2024.0,52.0,GO,5205000.0,Carmo do Rio Verde,MUNICIPAL,78.9,85.78,6.8799999999999955,79.02,6.760000000000005,1,79.18,79.35,79.51,79.68,79.84,80.0,5,97.87234042553192,611,69
2024.0,42.0,SC,4218806.0,Turvo,MUNICIPAL,59.3,69.98,10.680000000000007,62.69,7.290000000000006,1,66.0,69.17,72.16,74.97,77.59,80.0,3,78.0952380952381,1961,127
2024.0,24.0,RN,2403806.0,Florânia,MUNICIPAL,36.3,43.75,7.450000000000003,42.91,0.8400000000000034,1,49.83,56.75,63.42,69.62,75.17,80.0,1,88.88888888888889,4071,56
2024.0,25.0,PB,2504108.0,Carrapateira,MUNICIPAL,69.0,91.67,22.67,70.72,20.950000000000003,1,72.43,74.08,75.66,77.17,78.62,80.0,5,100.0,322,19
2024.0,42.0,SC,4214151.0,Princesa,MUNICIPAL,89.3,64.05,-25.25,80.0,-15.950000000000003,0,80.0,80.0,80.0,80.0,80.0,80.0,3,87.8048780487805,2508,171
2024.0,29.0,BA,2933109.0,Várzea do Poço,MUNICIPAL,44.8,43.64,-1.1599999999999966,50.5,-6.859999999999999,0,56.16,61.66,66.89,71.72,76.11,80.0,1,87.3015873015873,4080,89
2024.0,35.0,SP,3543907.0,Rio Claro,MUNICIPAL,50.3,54.52,4.220000000000006,55.16,-0.6399999999999935,0,59.96,64.57,68.93,72.97,76.67,80.0,2,90.34598214285714,3305,428
2024.0,41.0,PR,4124103.0,Santo Antônio da Platina,MUNICIPAL,60.4,55.04,-5.359999999999999,63.64,-8.600000000000001,0,66.77,69.75,72.57,75.23,77.71,80.0,2,86.9701726844584,3262,350
2024.0,27.0,AL,2704203.0,Limoeiro de Anadia,MUNICIPAL,43.5,44.61,1.1099999999999994,49.3,-4.689999999999998,0,55.18,60.91,66.36,71.4,75.96,80.0,1,96.95121951219512,4014,56
2024.0,15.0,PA,1506203.0,Salinópolis,MUNICIPAL,43.3,50.44,7.140000000000001,49.14,1.2999999999999972,1,55.04,60.81,66.28,71.36,75.94,80.0,2,85.22727272727273,3612,54
2024.0,22.0,PI,2203255.0,Curralinhos,MUNICIPAL,32.6,27.56,-5.040000000000003,39.57,-12.010000000000002,0,46.96,54.48,61.81,68.63,74.74,80.0,0,91.11111111111111,4814,207
2024.0,29.0,BA,2909109.0,Coribe,MUNICIPAL,47.3,30.71,-16.589999999999996,52.66,-21.949999999999996,0,57.93,63.02,67.84,72.31,76.37,80.0,0,96.55172413793105,4715,250
2024.0,23.0,CE,2304806.0,Granjeiro,MUNICIPAL,94.9,91.59,-3.3100000000000023,80.0,11.590000000000003,1,80.0,80.0,80.0,80.0,80.0,80.0,5,98.33333333333331,335,100
2024.0,50.0,MS,5002803.0,Caracol,MUNICIPAL,49.5,55.67,6.170000000000002,54.48,1.1900000000000048,1,59.4,64.15,68.63,72.79,76.59,80.0,2,98.93617021276596,3203,43
2024.0,25.0,PB,2511806.0,Pirpirituba,MUNICIPAL,34.6,41.49,6.890000000000001,41.41,0.0800000000000054,1,48.55,55.75,62.71,69.18,74.98,80.0,1,80.82191780821918,4202,174
2024.0,51.0,MT,5104104.0,Guarantã do Norte,MUNICIPAL,60.8,54.22,-6.579999999999998,63.98,-9.759999999999998,0,67.04,69.96,72.72,75.32,77.75,80.0,2,88.97485493230174,3333,106
2024.0,21.0,MA,2112407.0,Turiaçu,MUNICIPAL,40.5,64.42,23.92,46.7,17.72,1,53.01,59.24,65.18,70.68,75.64,80.0,3,91.58878504672896,2465,91
2024.0,52.0,GO,5216809.0,Petrolina de Goiás,MUNICIPAL,59.3,85.41,26.11,62.71,22.699999999999996,1,66.02,69.18,72.17,74.98,77.59,80.0,5,92.42424242424242,638,71
2024.0,21.0,MA,2104107.0,Fortaleza dos Nogueiras,MUNICIPAL,45.1,78.25,33.15,50.73,27.520000000000003,1,56.35,61.81,66.99,71.79,76.14,80.0,4,95.09803921568628,1176,35
2024.0,35.0,SP,3552809.0,Taboão da Serra,MUNICIPAL,45.6,49.01,3.4099999999999966,51.16,-2.1499999999999986,0,56.7,62.08,67.18,71.9,76.19,80.0,1,86.37339055793991,3709,496
2024.0,17.0,TO,1720804.0,Sítio Novo do Tocantins,MUNICIPAL,39.5,50.64,11.14,45.85,4.789999999999999,1,52.31,58.69,64.79,70.45,75.54,80.0,2,90.56603773584906,3595,53
2024.0,28.0,SE,2804904.0,Pacatuba,MUNICIPAL,16.9,28.56,11.66,23.74,4.82,1,32.27,42.16,52.74,63.07,72.33,80.0,0,89.83050847457628,4782,52
2024.0,35.0,SP,3518206.0,Guararapes,MUNICIPAL,58.2,71.91,13.709999999999994,61.81,10.099999999999994,1,65.3,68.63,71.79,74.74,77.48,80.0,4,95.25691699604744,1774,161
2024.0,35.0,SP,3540606.0,Porto Feliz,MUNICIPAL,73.6,70.08,-3.519999999999996,74.61,-4.530000000000001,0,75.58,76.51,77.42,78.31,79.17,80.0,4,91.858407079646,1946,181
2024.0,25.0,PB,2504033.0,Capim,MUNICIPAL,56.0,60.4,4.399999999999999,60.01,0.39000000000000057,1,63.86,67.54,71.01,74.26,77.26,80.0,3,90.5982905982906,2807,92
2024.0,22.0,PI,2205573.0,Lagoa de São Francisco,MUNICIPAL,41.4,76.74,35.339999999999996,47.49,29.249999999999993,1,53.68,59.75,65.54,70.9,75.74,80.0,4,100.0,1339,72
2024.0,31.0,MG,3142106.0,Miradouro,MUNICIPAL,47.3,75.29,27.99000000000001,52.6,22.690000000000005,1,57.88,62.98,67.81,72.29,76.36,80.0,4,81.81818181818183,1472,405
2024.0,26.0,PE,2612000.0,Sairé,MUNICIPAL,67.7,81.01,13.310000000000002,69.69,11.320000000000007,1,71.61,73.44,75.2,76.88,78.48,80.0,5,100.0,961,32
2024.0,41.0,PR,4125753.0,São Pedro do Iguaçu,MUNICIPAL,74.7,80.66,5.959999999999994,75.54,5.11999999999999,1,76.32,77.1,77.85,78.58,79.3,80.0,5,83.9506172839506,987,95
2024.0,31.0,MG,3131703.0,Itabira,MUNICIPAL,57.2,68.15,10.950000000000003,60.96,7.190000000000005,1,64.62,68.12,71.42,74.51,77.37,80.0,3,86.63101604278076,2134,564
2024.0,28.0,SE,2803708.0,Macambira,MUNICIPAL,38.3,29.17,-9.129999999999995,44.75,-15.579999999999998,0,51.39,57.97,64.29,70.14,75.4,80.0,0,88.88888888888889,4763,50
2024.0,21.0,MA,2110401.0,São Benedito do Rio Preto,MUNICIPAL,46.8,38.29,-8.509999999999998,52.21,-13.920000000000002,0,57.56,62.74,67.64,72.19,76.31,80.0,0,80.61674008810573,4383,192
2024.0,26.0,PE,2610301.0,Paranatama,MUNICIPAL,74.1,66.67,-7.429999999999993,75.04,-8.370000000000005,0,75.92,76.78,77.62,78.43,79.23,80.0,3,100.0,2265,83
2024.0,31.0,MG,3140555.0,Mata Verde,MUNICIPAL,54.9,70.10000000000001,15.20000000000001,59.04,11.06000000000001,1,63.08,66.95,70.6,74.0,77.14,80.0,4,90.12345679012346,1940,524
2024.0,22.0,PI,2200608.0,Angical do Piauí,MUNICIPAL,61.5,95.88,34.379999999999995,64.55,31.33,1,67.49,70.3,72.97,75.47,77.82,80.0,5,100.0,164,18
2024.0,29.0,BA,2921609.0,Morpará,MUNICIPAL,31.8,28.89,-2.91,38.78,-9.89,0,46.27,53.93,61.41,68.39,74.63,80.0,0,98.9010989010989,4771,280
2024.0,42.0,SC,4211405.0,Nova Erechim,MUNICIPAL,69.2,72.86,3.6599999999999966,70.89,1.9699999999999989,1,72.56,74.18,75.73,77.22,78.64,80.0,4,94.5945945945946,1694,98
2024.0,43.0,RS,4320321.0,Senador Salgado Filho,MUNICIPAL,84.0,50.0,-34.0,80.0,-30.0,0,80.0,80.0,80.0,80.0,80.0,80.0,2,96.0,3631,217
2024.0,41.0,PR,4106209.0,Contenda,MUNICIPAL,78.4,77.37,-1.0300000000000011,78.62,-1.25,0,78.85,79.09,79.32,79.55,79.77,80.0,4,91.52542372881356,1265,146
2024.0,26.0,PE,2614303.0,Moreilândia,MUNICIPAL,44.2,56.94,12.739999999999995,49.94,7.0,1,55.7,61.31,66.64,71.57,76.04,80.0,2,90.43478260869566,3101,125
2024.0,25.0,PB,2517209.0,Vieirópolis,MUNICIPAL,28.2,64.36,36.16,35.36,29.0,1,43.25,51.49,59.66,67.33,74.17,80.0,3,95.1219512195122,2474,72
2024.0,13.0,AM,1300029.0,Alvarães,MUNICIPAL,39.9,58.47,18.57,46.19,12.280000000000001,1,52.59,58.91,64.95,70.54,75.58,80.0,2,89.6969696969697,2969,8
2024.0,28.0,SE,2801009.0,Campo do Brito,MUNICIPAL,39.2,41.74,2.539999999999999,45.54,-3.799999999999997,0,52.05,58.49,64.65,70.36,75.5,80.0,1,95.28301886792453,4185,20
2024.0,51.0,MT,5106174.0,Nova Nazaré,MUNICIPAL,45.8,85.25,39.45,51.34,33.91,1,56.85,62.2,67.26,71.95,76.21,80.0,5,87.09677419354838,646,12
2024.0,35.0,SP,3538204.0,Pinhalzinho,MUNICIPAL,78.1,78.79,0.6900000000000119,78.39,0.4000000000000057,1,78.66,78.94,79.21,79.47,79.74,80.0,4,92.61744966442951,1138,94
2024.0,35.0,SP,3500303.0,Aguaí,MUNICIPAL,47.0,58.41,11.409999999999997,52.38,6.029999999999994,1,57.7,62.85,67.72,72.23,76.34,80.0,2,87.64367816091954,2974,357
2024.0,25.0,PB,2502102.0,Boa Ventura,MUNICIPAL,28.6,47.71,19.11,35.73,11.980000000000004,1,43.58,51.77,59.86,67.45,74.22,80.0,1,96.15384615384616,3799,146
2024.0,25.0,PB,2508406.0,Lastro,MUNICIPAL,20.8,82.76,61.96000000000001,27.9,54.86000000000001,1,36.35,45.74,55.44,64.74,73.05,80.0,5,100.0,818,34
2024.0,31.0,MG,3163300.0,São José do Divino,MUNICIPAL,45.4,54.620000000000005,9.220000000000006,50.96,3.6600000000000037,1,56.54,61.96,67.09,71.85,76.16,80.0,2,92.3076923076923,3295,718
2024.0,35.0,SP,3553609.0,Tapiratiba,MUNICIPAL,53.5,79.51,26.010000000000005,57.9,21.610000000000007,1,62.16,66.25,70.11,73.7,77.0,80.0,4,94.0677966101695,1084,88
2024.0,23.0,CE,2311009.0,Poranga,MUNICIPAL,96.0,100.0,4.0,80.0,20.0,1,80.0,80.0,80.0,80.0,80.0,80.0,5,98.38709677419357,1,1
2024.0,23.0,CE,2312502.0,São João do Jaguaribe,MUNICIPAL,79.8,95.98,16.180000000000007,79.85,16.13000000000001,1,79.87,79.9,79.92,79.95,79.97,80.0,5,98.21428571428572,163,63
2024.0,51.0,MT,5107925.0,Sorriso,MUNICIPAL,79.1,81.05,1.9500000000000028,79.21,1.8400000000000034,1,79.35,79.48,79.61,79.74,79.87,80.0,5,87.96915167095116,960,21
2024.0,22.0,PI,2209658.0,São Francisco de Assis do Piauí,MUNICIPAL,33.6,36.86,3.259999999999998,40.51,-3.6499999999999986,0,47.77,55.13,62.27,68.91,74.86,80.0,0,98.27586206896552,4466,194
2024.0,24.0,RN,2413300.0,Serra de São Bento,MUNICIPAL,26.9,42.09,15.190000000000005,34.12,7.970000000000006,1,42.13,50.59,59.0,66.93,73.99,80.0,1,84.31372549019608,4169,63
2024.0,13.0,AM,1301852.0,Iranduba,MUNICIPAL,45.2,34.35,-10.850000000000001,50.85,-16.5,0,56.45,61.89,67.04,71.82,76.15,80.0,0,80.6998939554613,4581,38
2024.0,32.0,ES,3201159.0,Brejetuba,MUNICIPAL,67.4,87.96000000000001,20.560000000000002,69.4,18.560000000000002,1,71.37,73.26,75.07,76.8,78.44,80.0,5,92.52873563218392,491,8
2024.0,51.0,MT,5105507.0,Vila Bela da Santíssima Trindade,MUNICIPAL,46.8,52.38,5.580000000000005,52.17,0.21000000000000085,1,57.53,62.71,67.62,72.17,76.31,80.0,2,87.57396449704143,3468,113
2024.0,43.0,RS,4317707.0,Santo Antônio das Missões,MUNICIPAL,73.5,53.0,-20.5,74.48,-21.480000000000004,0,75.47,76.43,77.36,78.27,79.15,80.0,2,88.23529411764706,3423,191
2024.0,21.0,MA,2111748.0,Senador Alexandre Costa,MUNICIPAL,95.6,96.12,0.5200000000000102,80.0,16.120000000000005,1,80.0,80.0,80.0,80.0,80.0,80.0,5,98.05825242718448,151,6
2024.0,21.0,MA,2108405.0,Peri Mirim,MUNICIPAL,35.3,61.02,25.720000000000006,42.07,18.950000000000003,1,49.11,56.19,63.02,69.37,75.06,80.0,3,93.33333333333331,2752,104
2024.0,42.0,SC,4210001.0,Luiz Alves,MUNICIPAL,80.4,76.19,-4.210000000000008,80.0,-3.8100000000000023,0,80.0,80.0,80.0,80.0,80.0,80.0,4,88.73239436619718,1394,76
2024.0,25.0,PB,2512788.0,Riacho de Santo Antônio,MUNICIPAL,78.6,55.56,-23.039999999999992,78.78,-23.22,0,78.99,79.19,79.4,79.6,79.8,80.0,2,90.0,3214,105
2024.0,11.0,RO,1101757.0,Vale do Anari,MUNICIPAL,37.0,55.65,18.65,43.54,12.11,1,50.36,57.17,63.72,69.79,75.25,80.0,2,93.4959349593496,3204,44
2024.0,41.0,PR,4107256.0,Douradina,MUNICIPAL,50.3,68.96000000000001,18.66000000000001,55.19,13.77000000000001,1,59.98,64.59,68.94,72.98,76.67,80.0,3,96.49122807017544,2062,269
2024.0,43.0,RS,4305009.0,Catuípe,MUNICIPAL,83.6,77.10000000000001,-6.499999999999986,80.0,-2.8999999999999915,0,80.0,80.0,80.0,80.0,80.0,80.0,4,97.72727272727272,1295,27
2024.0,22.0,PI,2205276.0,Jatobá do Piauí,MUNICIPAL,73.8,95.24,21.439999999999998,74.79,20.44999999999999,1,75.72,76.62,77.5,78.36,79.19,80.0,5,97.61904761904762,187,22
2024.0,35.0,SP,3547007.0,Santa Maria da Serra,MUNICIPAL,50.4,86.98,36.580000000000005,55.23,31.750000000000007,1,60.01,64.61,68.96,72.99,76.68,80.0,5,94.66666666666669,549,45
2024.0,25.0,PB,2508109.0,Lagoa,MUNICIPAL,25.0,59.38,34.38,32.22,27.160000000000004,1,40.4,49.16,57.96,66.29,73.72,80.0,2,88.23529411764706,2905,97
2024.0,51.0,MT,5107909.0,Sinop,MUNICIPAL,57.0,54.33,-2.6700000000000017,60.84,-6.510000000000005,0,64.53,68.05,71.37,74.48,77.36,80.0,2,86.65720369056068,3322,104
2024.0,15.0,PA,1504307.0,Maracanã,MUNICIPAL,68.1,47.51,-20.589999999999996,69.99,-22.479999999999997,0,71.85,73.63,75.34,76.97,78.52,80.0,1,88.34080717488789,3809,70
2024.0,43.0,RS,4300877.0,Araricá,MUNICIPAL,75.7,43.5,-32.2,76.34,-32.84,0,76.98,77.61,78.23,78.83,79.42,80.0,1,76.15384615384615,4087,291
2024.0,33.0,RJ,3300209.0,Araruama,MUNICIPAL,50.9,55.89,4.990000000000002,55.66,0.23000000000000398,1,60.36,64.88,69.15,73.11,76.73,80.0,2,78.08460634547592,3180,54
2024.0,22.0,PI,2208007.0,Picos,MUNICIPAL,53.0,54.93,1.9299999999999997,57.43,-2.5,0,61.79,65.96,69.91,73.57,76.94,80.0,2,89.79591836734694,3269,139
2024.0,35.0,SP,3527504.0,Lucianópolis,MUNICIPAL,74.9,75.0,0.09999999999999432,75.65,-0.6500000000000057,0,76.41,77.16,77.9,78.62,79.32,80.0,4,100.0,1497,124
2024.0,28.0,SE,2807006.0,São Miguel do Aleixo,MUNICIPAL,38.6,46.34,7.740000000000002,45.06,1.2800000000000011,1,51.64,58.17,64.43,70.23,75.44,80.0,1,92.85714285714286,3903,13
2024.0,35.0,SP,3523404.0,Itatiba,MUNICIPAL,65.1,73.47,8.370000000000005,67.53,5.939999999999998,1,69.88,72.12,74.26,76.28,78.2,80.0,4,90.72072072072072,1640,144
2024.0,52.0,GO,5208608.0,Goianésia,MUNICIPAL,79.8,82.28,2.480000000000004,79.82,2.460000000000008,1,79.85,79.88,79.91,79.94,79.97,80.0,5,95.17684887459808,852,100
2024.0,42.0,SC,4205803.0,Garuva,MUNICIPAL,54.7,66.73,12.030000000000001,58.9,7.830000000000005,1,62.97,66.87,70.54,73.97,77.12,80.0,3,72.32704402515722,2249,152
2024.0,35.0,SP,3537503.0,Pereiras,MUNICIPAL,51.4,66.7,15.300000000000004,56.11,10.590000000000003,1,60.73,65.16,69.34,73.23,76.78,80.0,3,90.74074074074076,2253,220
2024.0,43.0,RS,4315073.0,Porto Vera Cruz,MUNICIPAL,63.2,88.2,25.0,65.93,22.269999999999996,1,68.59,71.14,73.56,75.85,77.99,80.0,5,100.0,480,7
2024.0,52.0,GO,5211305.0,Itarumã,MUNICIPAL,76.7,83.26,6.560000000000002,77.21,6.050000000000011,1,77.69,78.17,78.64,79.1,79.55,80.0,5,97.2972972972973,792,91
2024.0,22.0,PI,2200103.0,Agricolândia,MUNICIPAL,32.6,60.23,27.629999999999995,39.55,20.68,1,46.94,54.47,61.8,68.63,74.74,80.0,3,98.4375,2818,122
2024.0,42.0,SC,4205431.0,Formosa do Sul,MUNICIPAL,65.4,76.76,11.36,67.78,8.980000000000004,1,70.07,72.27,74.36,76.35,78.23,80.0,4,83.33333333333334,1337,70
2024.0,41.0,PR,4113007.0,Jussara,MUNICIPAL,72.3,66.03,-6.269999999999996,73.48,-7.450000000000003,0,74.65,75.8,76.9,77.97,79.0,80.0,3,89.53488372093024,2313,287
2024.0,25.0,PB,2515203.0,São Sebastião do Umbuzeiro,MUNICIPAL,95.0,69.29,-25.709999999999994,80.0,-10.709999999999994,0,80.0,80.0,80.0,80.0,80.0,80.0,3,94.28571428571428,2022,59
2024.0,13.0,AM,1303908.0,São Paulo de Olivença,MUNICIPAL,33.1,32.06,-1.0399999999999991,40.03,-7.969999999999999,0,47.36,54.8,62.03,68.77,74.8,80.0,0,93.952802359882,4665,42
2024.0,31.0,MG,3118403.0,Conselheiro Pena,MUNICIPAL,66.9,57.14,-9.760000000000005,69.02,-11.879999999999995,0,71.07,73.03,74.91,76.7,78.39,80.0,2,94.6524064171123,3080,702
2024.0,35.0,SP,3520301.0,Iguape,MUNICIPAL,57.2,61.67,4.469999999999999,60.97,0.7000000000000028,1,64.63,68.12,71.42,74.51,77.37,80.0,3,92.92929292929291,2701,299
2024.0,29.0,BA,2916104.0,Itaparica,MUNICIPAL,38.3,28.57,-9.729999999999997,44.71,-16.14,0,51.35,57.94,64.27,70.13,75.4,80.0,0,87.86610878661088,4780,285
2024.0,43.0,RS,4321808.0,Três de Maio,MUNICIPAL,79.0,51.2,-27.799999999999997,79.17,-27.97,0,79.31,79.45,79.59,79.73,79.86,80.0,2,94.2528735632184,3555,205
2024.0,35.0,SP,3554409.0,Terra Roxa,MUNICIPAL,67.2,74.29,7.090000000000003,69.28,5.010000000000005,1,71.27,73.19,75.02,76.77,78.43,80.0,4,94.8051948051948,1574,135
2024.0,31.0,MG,3157906.0,Santa Margarida,MUNICIPAL,72.0,60.93,-11.07,73.24,-12.309999999999995,0,74.46,75.64,76.79,77.9,78.97,80.0,3,88.08290155440415,2760,666
2024.0,52.0,GO,5220207.0,São Miguel do Araguaia,MUNICIPAL,86.7,91.4,4.700000000000003,80.0,11.400000000000006,1,80.0,80.0,80.0,80.0,80.0,80.0,5,95.15570934256056,343,40
2024.0,31.0,MG,3151008.0,Piranguinho,MUNICIPAL,69.4,85.01,15.61,71.05,13.960000000000008,1,72.7,74.28,75.81,77.27,78.67,80.0,5,96.1904761904762,663,167
2024.0,15.0,PA,1500347.0,Água Azul do Norte,MUNICIPAL,27.8,51.4,23.599999999999998,34.94,16.46,1,42.87,51.19,59.44,67.19,74.11,80.0,2,80.43478260869566,3543,48
2024.0,31.0,MG,3159209.0,Santa Rita de Caldas,MUNICIPAL,86.8,92.49,5.689999999999998,80.0,12.489999999999995,1,80.0,80.0,80.0,80.0,80.0,80.0,5,97.05882352941175,292,44
2024.0,31.0,MG,3112802.0,Capitólio,MUNICIPAL,83.4,78.93,-4.469999999999999,80.0,-1.0699999999999932,0,80.0,80.0,80.0,80.0,80.0,80.0,4,88.1578947368421,1126,299
2024.0,21.0,MA,2105005.0,Humberto de Campos,MUNICIPAL,61.6,59.22,-2.3800000000000026,64.63,-5.409999999999997,0,67.55,70.35,73.0,75.49,77.83,80.0,2,92.7777777777778,2916,113
2024.0,12.0,AC,1200385.0,Plácido de Castro,MUNICIPAL,,33.78,,,,,41.81,50.32,58.81,66.81,73.94,80.0,0,80.59701492537313,4600,18
2024.0,32.0,ES,3205176.0,Vila Valério,MUNICIPAL,83.5,76.41,-7.090000000000003,80.0,-3.5900000000000034,0,80.0,80.0,80.0,80.0,80.0,80.0,4,93.22916666666666,1368,47
2024.0,43.0,RS,4318101.0,São Francisco de Assis,MUNICIPAL,58.2,45.6,-12.600000000000001,61.82,-16.22,0,65.31,68.64,71.79,74.74,77.48,80.0,1,72.72727272727273,3945,265
2024.0,25.0,PB,2515930.0,Sertãozinho,MUNICIPAL,52.0,75.35000000000001,23.35000000000001,56.63,18.720000000000006,1,61.14,65.47,69.56,73.36,76.85,80.0,4,91.30434782608695,1466,46
2024.0,43.0,RS,4312443.0,Morrinhos do Sul,MUNICIPAL,80.0,75.0,-5.0,80.0,-5.0,0,80.0,80.0,80.0,80.0,80.0,80.0,4,84.21052631578947,1497,36
2024.0,13.0,AM,1304005.0,Silves,MUNICIPAL,,38.73,,,,,46.24,53.91,61.4,68.38,74.63,80.0,0,86.01036269430051,4356,30
2024.0,29.0,BA,2930774.0,Sobradinho,MUNICIPAL,26.4,34.44,8.04,33.65,0.7899999999999991,1,41.71,50.24,58.75,66.77,73.93,80.0,0,97.41935483870968,4578,198
2024.0,35.0,SP,3514403.0,Dracena,MUNICIPAL,63.1,62.74,-0.35999999999999943,65.9,-3.1600000000000037,0,68.57,71.12,73.55,75.84,77.99,80.0,3,94.50867052023122,2615,280
2024.0,31.0,MG,3158706.0,Santana do Garambéu,MUNICIPAL,47.3,87.26,39.96000000000001,52.65,34.61000000000001,1,57.92,63.01,67.83,72.3,76.37,80.0,5,85.18518518518519,530,115
2024.0,35.0,SP,3544509.0,Rubinéia,MUNICIPAL,60.5,75.0,14.5,63.75,11.25,1,66.85,69.81,72.62,75.26,77.72,80.0,4,91.42857142857144,1497,124
2024.0,21.0,MA,2108454.0,Peritoró,MUNICIPAL,57.3,70.53,13.230000000000004,61.07,9.46,1,64.71,68.18,71.47,74.54,77.39,80.0,4,91.55555555555556,1896,68
2024.0,29.0,BA,2908903.0,Coração de Maria,MUNICIPAL,31.0,21.3,-9.7,37.99,-16.69,0,45.58,53.38,61.02,68.16,74.53,80.0,0,84.92462311557789,4926,353
2024.0,35.0,SP,3547304.0,Santana de Parnaíba,MUNICIPAL,,60.69,,,,,64.41,67.95,71.31,74.44,77.34,80.0,3,88.69701726844585,2781,323
2024.0,22.0,PI,2211506.0,Vera Mendes,MUNICIPAL,94.4,48.57,-45.830000000000005,80.0,-31.43,0,80.0,80.0,80.0,80.0,80.0,80.0,1,100.0,3736,164
2024.0,41.0,PR,4119152.0,Pinhais,MUNICIPAL,62.7,57.370000000000005,-5.329999999999998,65.58,-8.209999999999994,0,68.31,70.93,73.41,75.75,77.95,80.0,2,87.14380384360504,3056,340
2024.0,35.0,SP,3555406.0,Ubatuba,MUNICIPAL,41.3,36.64,-4.659999999999997,47.43,-10.79,0,53.62,59.71,65.51,70.89,75.73,80.0,0,84.375,4485,569
2024.0,29.0,BA,2903003.0,Barra do Mendes,MUNICIPAL,39.3,32.43,-6.869999999999997,45.6,-13.170000000000002,0,52.1,58.53,64.68,70.38,75.51,80.0,0,94.87179487179486,4652,223
2024.0,43.0,RS,4305439.0,Chuí,MUNICIPAL,50.0,21.1,-28.9,54.93,-33.83,0,59.77,64.43,68.83,72.91,76.64,80.0,0,90.47619047619048,4928,402
2024.0,41.0,PR,4121703.0,Reserva,MUNICIPAL,72.9,81.08,8.179999999999993,73.98,7.099999999999994,1,75.06,76.11,77.13,78.12,79.07,80.0,5,84.5505617977528,956,91
2024.0,22.0,PI,2203602.0,Eliseu Martins,MUNICIPAL,82.9,65.85,-17.05000000000001,80.0,-14.150000000000006,0,80.0,80.0,80.0,80.0,80.0,80.0,3,100.0,2327,99
2024.0,33.0,RJ,3303401.0,Nova Friburgo,MUNICIPAL,65.3,68.84,3.5400000000000063,67.69,1.1500000000000057,1,70.0,72.22,74.33,76.33,78.22,80.0,3,84.84513274336283,2067,17
2024.0,43.0,RS,4300208.0,Ajuricaba,MUNICIPAL,80.1,81.9,1.8000000000000114,80.0,1.9000000000000057,1,80.0,80.0,80.0,80.0,80.0,80.0,5,94.28571428571428,891,18
2024.0,29.0,BA,2930709.0,Simões Filho,MUNICIPAL,42.6,42.14,-0.46000000000000085,48.58,-6.439999999999998,0,54.58,60.45,66.03,71.2,75.87,80.0,1,92.89749798224376,4166,109
2024.0,21.0,MA,2110856.0,São Francisco do Brejão,MUNICIPAL,62.7,42.73,-19.970000000000006,65.51,-22.78000000000001,0,68.26,70.88,73.38,75.73,77.94,80.0,1,99.28057553956836,4134,178
2024.0,25.0,PB,2506103.0,Fagundes,MUNICIPAL,60.7,41.67,-19.03,63.9,-22.229999999999997,0,66.97,69.9,72.68,75.3,77.74,80.0,1,88.23529411764706,4190,172
2024.0,26.0,PE,2610202.0,Panelas,MUNICIPAL,76.8,94.53,17.730000000000004,77.3,17.230000000000004,1,77.76,78.22,78.68,79.13,79.57,80.0,5,99.163179916318,217,4
2024.0,42.0,SC,4202081.0,Bandeirante,MUNICIPAL,70.1,56.89,-13.209999999999994,71.69,-14.799999999999997,0,73.21,74.68,76.09,77.45,78.75,80.0,2,91.83673469387756,3109,202
2024.0,35.0,SP,3524204.0,Jaborandi,MUNICIPAL,82.6,67.19,-15.409999999999997,80.0,-12.810000000000002,0,80.0,80.0,80.0,80.0,80.0,80.0,3,93.05555555555556,2219,216
2024.0,31.0,MG,3157377.0,Santa Cruz de Salinas,MUNICIPAL,83.4,72.73,-10.670000000000002,80.0,-7.269999999999996,0,80.0,80.0,80.0,80.0,80.0,80.0,4,100.0,1705,462
2024.0,41.0,PR,4114401.0,Mangueirinha,MUNICIPAL,72.2,66.1,-6.1000000000000085,73.44,-7.340000000000003,0,74.62,75.77,76.88,77.96,79.0,80.0,3,86.91099476439791,2309,285
2024.0,17.0,TO,1703867.0,Cariri do Tocantins,MUNICIPAL,15.8,52.01,36.209999999999994,22.48,29.529999999999998,1,30.99,41.02,51.85,62.52,72.09,80.0,2,89.0625,3493,49
2024.0,16.0,AP,1600154.0,Pedra Branca do Amapari,MUNICIPAL,66.3,44.22,-22.08,68.48,-24.260000000000005,0,70.64,72.7,74.67,76.55,78.32,80.0,1,92.92929292929291,4037,8
2024.0,52.0,GO,5212709.0,Mambaí,MUNICIPAL,50.4,68.27,17.869999999999997,55.28,12.989999999999995,1,60.06,64.65,68.98,73.01,76.68,80.0,3,95.45454545454544,2126,183
2024.0,31.0,MG,3142809.0,Monte Alegre de Minas,MUNICIPAL,74.8,56.72,-18.08,75.58,-18.86,0,76.36,77.12,77.87,78.6,79.31,80.0,2,91.9831223628692,3116,705
2024.0,25.0,PB,2517001.0,Umbuzeiro,MUNICIPAL,38.3,79.38,41.08,44.74,34.63999999999999,1,51.38,57.97,64.28,70.14,75.4,80.0,4,91.73553719008264,1096,39
2024.0,32.0,ES,3202652.0,Irupi,MUNICIPAL,67.4,81.49,14.08999999999999,69.44,12.049999999999997,1,71.41,73.29,75.09,76.81,78.45,80.0,5,91.61290322580643,922,30
2024.0,29.0,BA,2924801.0,Piritiba,MUNICIPAL,43.1,40.58,-2.520000000000003,48.97,-8.39,0,54.9,60.7,66.21,71.31,75.92,80.0,1,95.17241379310344,4253,125
2024.0,42.0,SC,4203303.0,Campo Alegre,MUNICIPAL,66.5,59.82,-6.68,68.68,-8.860000000000007,0,70.79,72.82,74.76,76.6,78.35,80.0,2,81.00558659217877,2868,189
2024.0,52.0,GO,5207105.0,Diorama,MUNICIPAL,100.0,77.27,-22.730000000000004,80.0,-2.730000000000004,0,80.0,80.0,80.0,80.0,80.0,80.0,4,100.0,1277,140
2024.0,17.0,TO,1701101.0,Aparecida do Rio Negro,MUNICIPAL,30.1,35.78,5.68,37.16,-1.3799999999999955,0,44.85,52.79,60.6,67.9,74.42,80.0,0,84.33734939759037,4528,107
2024.0,25.0,PB,2500601.0,Alhandra,MUNICIPAL,57.3,30.75,-26.549999999999997,61.09,-30.340000000000003,0,64.73,68.2,71.48,74.55,77.39,80.0,0,87.09677419354838,4714,198
2024.0,29.0,BA,2906899.0,Caraíbas,MUNICIPAL,46.6,35.56,-11.04,52.02,-16.46,0,57.41,62.62,67.56,72.14,76.29,80.0,0,91.83673469387756,4537,187
2024.0,17.0,TO,1702000.0,Araguaçu,MUNICIPAL,44.5,40.54,-3.960000000000001,50.21,-9.670000000000002,0,55.92,61.48,66.76,71.65,76.07,80.0,1,71.95121951219512,4254,89
2024.0,12.0,AC,1200252.0,Epitaciolândia,MUNICIPAL,,52.28,,,,,57.62,62.78,67.67,72.2,76.32,80.0,2,87.20238095238095,3481,6
2024.0,22.0,PI,2204659.0,Ilha Grande,MUNICIPAL,39.9,34.84,-5.059999999999995,46.17,-11.329999999999998,0,52.58,58.9,64.94,70.54,75.58,80.0,0,94.87179487179486,4564,199
2024.0,29.0,BA,2901700.0,Antônio Cardoso,MUNICIPAL,33.9,25.76,-8.139999999999997,40.74,-14.98,0,47.97,55.29,62.38,68.98,74.89,80.0,0,95.65217391304348,4853,319
2024.0,31.0,MG,3112059.0,Cantagalo,MUNICIPAL,60.2,65.99,5.789999999999992,63.46,2.529999999999994,1,66.62,69.64,72.5,75.18,77.68,80.0,3,94.73684210526316,2315,599
2024.0,35.0,SP,3524105.0,Ituverava,MUNICIPAL,48.4,49.94,1.5399999999999991,53.56,-3.6200000000000045,0,58.66,63.58,68.23,72.55,76.48,80.0,1,91.34615384615384,3646,488
2024.0,15.0,PA,1501501.0,Benevides,MUNICIPAL,60.6,65.29,4.690000000000005,63.8,1.490000000000009,1,66.89,69.84,72.64,75.27,77.72,80.0,3,92.20308250226654,2380,13
2024.0,22.0,PI,2205565.0,Lagoa do Barro do Piauí,MUNICIPAL,55.7,59.52,3.8200000000000003,59.71,-0.18999999999999773,0,63.62,67.36,70.88,74.18,77.22,80.0,2,97.59036144578312,2895,125
2024.0,51.0,MT,5107354.0,São José do Xingu,MUNICIPAL,51.3,35.26,-16.04,56.04,-20.78,0,60.66,65.11,69.31,73.21,76.78,80.0,0,83.84615384615385,4549,132
2024.0,31.0,MG,3160454.0,Santo Antônio do Retiro,MUNICIPAL,78.1,65.69,-12.409999999999997,78.39,-12.700000000000003,0,78.66,78.94,79.21,79.47,79.74,80.0,3,98.33333333333331,2337,609
2024.0,35.0,SP,3522703.0,Itápolis,MUNICIPAL,66.7,77.38,10.679999999999993,68.83,8.549999999999997,1,70.92,72.91,74.82,76.64,78.37,80.0,4,96.35627530364371,1264,105
2024.0,43.0,RS,4315354.0,Quinze de Novembro,MUNICIPAL,68.9,85.10000000000001,16.200000000000003,70.67,14.430000000000007,1,72.39,74.05,75.64,77.16,78.61,80.0,5,93.10344827586206,655,13
2024.0,35.0,SP,3521606.0,Irapuru,MUNICIPAL,97.2,96.0,-1.2000000000000028,80.0,16.0,1,80.0,80.0,80.0,80.0,80.0,80.0,5,94.0,158,13
2024.0,17.0,TO,1715705.0,Palmeirante,MUNICIPAL,9.0,31.27,22.27,14.38,16.89,1,22.17,32.58,45.04,58.16,70.22,80.0,0,83.50515463917526,4692,115
2024.0,43.0,RS,4303301.0,Caibaté,MUNICIPAL,89.4,63.1,-26.300000000000004,80.0,-16.9,0,80.0,80.0,80.0,80.0,80.0,80.0,3,96.0,2585,103
2024.0,22.0,PI,2211100.0,União,MUNICIPAL,26.8,35.21,8.41,34.02,1.1899999999999977,1,42.05,50.51,58.95,66.89,73.98,80.0,0,93.29501915708812,4551,198
2024.0,42.0,SC,4208708.0,Jacinto Machado,MUNICIPAL,53.0,70.16,17.159999999999997,57.49,12.669999999999995,1,61.83,66.0,69.93,73.59,76.95,80.0,4,80.95238095238095,1937,123
2024.0,52.0,GO,5200555.0,Alto Horizonte,MUNICIPAL,66.6,72.47,5.8700000000000045,68.81,3.6599999999999966,1,70.9,72.9,74.81,76.64,78.37,80.0,4,92.0,1723,163
2024.0,17.0,TO,1716109.0,Paraíso do Tocantins,MUNICIPAL,60.6,63.45,2.8500000000000014,63.78,-0.3299999999999983,0,66.87,69.83,72.63,75.26,77.72,80.0,3,86.29943502824858,2557,13
2024.0,31.0,MG,3137536.0,Lagoa Grande,MUNICIPAL,81.8,76.48,-5.319999999999993,80.0,-3.519999999999996,0,80.0,80.0,80.0,80.0,80.0,80.0,4,92.38095238095238,1360,370
2024.0,25.0,PB,2500700.0,São João do Rio do Peixe,MUNICIPAL,42.1,72.85000000000001,30.750000000000007,48.11,24.74000000000001,1,54.19,60.15,65.82,71.08,75.82,80.0,4,92.62295081967213,1695,49
2024.0,51.0,MT,5105200.0,Juscimeira,MUNICIPAL,48.7,67.06,18.36,53.79,13.270000000000003,1,58.84,63.72,68.33,72.61,76.5,80.0,3,91.3907284768212,2230,64
2024.0,31.0,MG,3140852.0,Matias Cardoso,MUNICIPAL,37.7,31.08,-6.6200000000000045,44.2,-13.120000000000005,0,50.92,57.61,64.03,69.98,75.33,80.0,0,86.15384615384616,4703,758
2024.0,43.0,RS,4321329.0,Taquaruçu do Sul,MUNICIPAL,84.0,81.5,-2.5,80.0,1.5,1,80.0,80.0,80.0,80.0,80.0,80.0,5,100.0,921,19
2024.0,35.0,SP,3521002.0,Iperó,MUNICIPAL,40.9,44.75,3.8500000000000014,47.07,-2.3200000000000003,0,53.32,59.48,65.35,70.79,75.69,80.0,1,87.1559633027523,4007,542
2024.0,22.0,PI,2210300.0,São Julião,MUNICIPAL,94.8,87.93,-6.86999999999999,80.0,7.930000000000007,1,80.0,80.0,80.0,80.0,80.0,80.0,5,100.0,492,37
2024.0,41.0,PR,4100905.0,Amaporã,MUNICIPAL,71.9,76.71000000000001,4.810000000000002,73.16,3.5500000000000114,1,74.4,75.6,76.76,77.88,78.96,80.0,4,93.90243902439023,1343,156
2024.0,15.0,PA,1502939.0,Dom Eliseu,MUNICIPAL,59.3,69.24,9.939999999999998,62.75,6.489999999999995,1,66.05,69.2,72.19,74.99,77.59,80.0,3,92.2242314647378,2026,9
2024.0,25.0,PB,2510709.0,Passagem,MUNICIPAL,79.5,66.67,-12.829999999999998,79.59,-12.920000000000002,0,79.66,79.73,79.8,79.86,79.93,80.0,3,95.45454545454544,2265,67
2024.0,23.0,CE,2304509.0,Frecheirinha,MUNICIPAL,99.7,98.18,-1.519999999999996,80.0,18.180000000000007,1,80.0,80.0,80.0,80.0,80.0,80.0,5,99.54954954954955,88,40
2024.0,31.0,MG,3143104.0,Monte Carmelo,MUNICIPAL,63.6,84.51,20.910000000000004,66.33,18.180000000000007,1,68.91,71.38,73.73,75.95,78.04,80.0,5,86.95652173913044,704,184
2024.0,11.0,RO,1101484.0,São Felipe D'Oeste,MUNICIPAL,53.3,78.36,25.060000000000002,57.76,20.6,1,62.05,66.16,70.05,73.66,76.98,80.0,4,82.8125,1165,5
2024.0,24.0,RN,2404408.0,Grossos,MUNICIPAL,40.4,65.35,24.949999999999996,46.65,18.699999999999996,1,52.98,59.21,65.16,70.67,75.64,80.0,3,82.43243243243244,2374,10
2024.0,50.0,MS,5000856.0,Angélica,MUNICIPAL,93.0,86.52,-6.480000000000004,80.0,6.519999999999996,1,80.0,80.0,80.0,80.0,80.0,80.0,5,99.41520467836256,576,1
2024.0,43.0,RS,4309951.0,Ibirapuitã,MUNICIPAL,,70.60000000000001,,,,,72.34,74.01,75.61,77.14,78.61,80.0,4,85.0,1891,54
2024.0,33.0,RJ,3304805.0,São Fidélis,MUNICIPAL,39.8,48.7,8.900000000000006,46.08,2.6200000000000045,1,52.5,58.84,64.9,70.51,75.57,80.0,1,83.87096774193549,3733,70
2024.0,41.0,PR,4109302.0,Guaraniaçu,MUNICIPAL,80.0,71.17,-8.829999999999998,80.0,-8.829999999999998,0,80.0,80.0,80.0,80.0,80.0,80.0,4,87.98076923076923,1835,241
2024.0,27.0,AL,2702405.0,Delmiro Gouveia,MUNICIPAL,31.1,28.13,-2.9700000000000024,38.15,-10.02,0,45.72,53.49,61.1,68.2,74.55,80.0,0,89.74358974358975,4801,89
2024.0,43.0,RS,4318614.0,São José do Sul,MUNICIPAL,85.0,37.5,-47.5,80.0,-42.5,0,80.0,80.0,80.0,80.0,80.0,80.0,0,88.88888888888889,4426,350
2024.0,35.0,SP,3551108.0,Sarapuí,MUNICIPAL,41.4,53.32,11.920000000000002,47.53,5.789999999999999,1,53.71,59.78,65.56,70.92,75.75,80.0,2,92.24137931034484,3402,451
2024.0,16.0,AP,1600535.0,Porto Grande,MUNICIPAL,65.2,73.42,8.219999999999999,67.62,5.799999999999997,1,69.95,72.17,74.3,76.31,78.21,80.0,4,93.04029304029304,1644,4
2024.0,42.0,SC,4218350.0,Treviso,MUNICIPAL,68.6,56.3,-12.299999999999997,70.42,-14.120000000000005,0,72.19,73.89,75.53,77.09,78.58,80.0,2,80.95238095238095,3149,206
2024.0,31.0,MG,3115300.0,Cataguases,MUNICIPAL,36.0,60.22,24.22,42.67,17.549999999999997,1,49.63,56.6,63.31,69.55,75.14,80.0,3,79.07949790794979,2820,673
2024.0,27.0,AL,2707909.0,Santa Luzia do Norte,MUNICIPAL,31.9,38.52,6.6200000000000045,38.86,-0.3399999999999963,0,46.34,53.99,61.46,68.42,74.64,80.0,0,95.77464788732394,4365,79
2024.0,28.0,SE,2803401.0,Japoatã,MUNICIPAL,26.1,39.3,13.199999999999996,33.27,6.029999999999994,1,41.37,49.96,58.55,66.65,73.87,80.0,0,99.27536231884058,4321,26
2024.0,25.0,PB,2507408.0,Jericó,MUNICIPAL,53.5,23.83,-29.67,57.85,-34.02,0,62.12,66.22,70.09,73.69,76.99,80.0,0,85.71428571428571,4898,208
2024.0,25.0,PB,2512762.0,Riachão do Poço,MUNICIPAL,68.2,75.0,6.799999999999997,70.13,4.8700000000000045,1,71.96,73.71,75.4,77.01,78.54,80.0,4,84.375,1497,47
2024.0,25.0,PB,2517100.0,Várzea,MUNICIPAL,52.0,62.96,10.96,56.63,6.329999999999998,1,61.14,65.47,69.56,73.36,76.85,80.0,3,93.10344827586206,2593,80
2024.0,26.0,PE,2604106.0,Caruaru,MUNICIPAL,55.0,58.370000000000005,3.3700000000000045,59.11,-0.7399999999999949,0,63.13,66.99,70.63,74.02,77.15,80.0,2,93.2305832577818,2980,117
2024.0,31.0,MG,3171501.0,Mathias Lobato,MUNICIPAL,51.6,67.61,16.009999999999998,56.26,11.350000000000001,1,60.84,65.24,69.4,73.26,76.8,80.0,3,87.75510204081633,2183,575
2024.0,27.0,AL,2705606.0,Novo Lino,MUNICIPAL,27.4,39.85,12.450000000000003,34.56,5.289999999999999,1,42.53,50.91,59.24,67.07,74.06,80.0,0,99.28057553956836,4292,73
2024.0,31.0,MG,3112653.0,Capitão Andrade,MUNICIPAL,40.5,77.02,36.519999999999996,46.67,30.349999999999994,1,52.99,59.22,65.17,70.68,75.64,80.0,4,89.58333333333334,1305,353
2024.0,33.0,RJ,3301876.0,Iguaba Grande,MUNICIPAL,62.5,70.32000000000001,7.820000000000007,65.34,4.980000000000004,1,68.12,70.78,73.31,75.69,77.92,80.0,4,82.43243243243244,1916,12
2024.0,29.0,BA,2907608.0,Central,MUNICIPAL,30.9,25.64,-5.259999999999998,37.9,-12.259999999999998,0,45.5,53.32,60.97,68.13,74.52,80.0,0,100.0,4859,323
2024.0,42.0,SC,4215604.0,Santa Rosa de Lima,MUNICIPAL,92.8,86.49,-6.310000000000002,80.0,6.489999999999995,1,80.0,80.0,80.0,80.0,80.0,80.0,5,100.0,577,21
2024.0,28.0,SE,2805307.0,Pirambu,MUNICIPAL,25.8,37.68,11.879999999999999,33.03,4.649999999999999,1,41.14,49.77,58.41,66.56,73.84,80.0,0,87.71929824561403,4419,29
2024.0,50.0,MS,5002100.0,Bela Vista,MUNICIPAL,43.8,48.18,4.380000000000003,49.58,-1.3999999999999986,0,55.41,61.09,66.48,71.48,76.0,80.0,1,87.22826086956522,3761,59
2024.0,15.0,PA,1507904.0,Soure,MUNICIPAL,62.8,52.41,-10.39,65.61,-13.200000000000003,0,68.33,70.94,73.42,75.76,77.95,80.0,2,94.04761904761904,3463,40
2024.0,31.0,MG,3124302.0,Espinosa,MUNICIPAL,64.3,62.4,-1.8999999999999986,66.83,-4.43,0,69.31,71.69,73.95,76.09,78.11,80.0,3,95.6140350877193,2642,656
2024.0,25.0,PB,2504504.0,Condado,MUNICIPAL,56.2,46.13,-10.07,60.18,-14.049999999999997,0,64.0,67.64,71.09,74.31,77.28,80.0,1,92.85714285714286,3917,153
2024.0,13.0,AM,1302108.0,Japurá,MUNICIPAL,77.3,91.93,14.63000000000001,77.7,14.230000000000004,1,78.1,78.49,78.87,79.25,79.63,80.0,5,80.20833333333334,315,1
2024.0,28.0,SE,2801108.0,Canhoba,MUNICIPAL,45.5,64.29,18.790000000000006,51.04,13.250000000000007,1,56.6,62.01,67.13,71.87,76.17,80.0,3,100.0,2482,3
2024.0,31.0,MG,3113503.0,Carbonita,MUNICIPAL,64.6,70.78,6.180000000000007,67.08,3.700000000000003,1,69.51,71.84,74.06,76.16,78.14,80.0,4,78.18181818181819,1874,508
2024.0,33.0,RJ,3305000.0,São João da Barra,MUNICIPAL,52.1,58.22,6.119999999999997,56.73,1.490000000000002,1,61.22,65.53,69.6,73.39,76.86,80.0,2,79.36962750716332,2996,48
2024.0,31.0,MG,3125309.0,Faria Lemos,MUNICIPAL,14.7,69.23,54.53,21.31,47.92,1,29.78,39.92,51.0,61.98,71.86,80.0,3,76.47058823529412,2027,543
2024.0,52.0,GO,5209291.0,Guaraíta,MUNICIPAL,72.6,95.32,22.72,73.75,21.569999999999993,1,74.87,75.96,77.02,78.05,79.04,80.0,5,91.30434782608695,181,22
2024.0,42.0,SC,4215653.0,Santa Rosa do Sul,MUNICIPAL,55.5,74.56,19.060000000000002,59.55,15.010000000000005,1,63.49,67.26,70.82,74.14,77.2,80.0,4,72.93233082706767,1547,91
2024.0,17.0,TO,1713809.0,Palmeiras do Tocantins,MUNICIPAL,18.1,49.53,31.43,25.06,24.470000000000002,1,33.59,43.34,53.63,63.62,72.57,80.0,1,89.13043478260869,3673,58
2024.0,35.0,SP,3516309.0,Francisco Morato,MUNICIPAL,50.6,50.49,-0.10999999999999943,55.48,-4.989999999999995,0,60.21,64.77,69.06,73.06,76.71,80.0,2,86.15830915872358,3609,482
2024.0,43.0,RS,4313706.0,Palmeira das Missões,MUNICIPAL,48.7,49.5,0.7999999999999972,53.85,-4.350000000000001,0,58.89,63.76,68.36,72.62,76.51,80.0,1,77.52808988764045,3675,227
2024.0,52.0,GO,5204409.0,Caiapônia,MUNICIPAL,76.6,84.82000000000001,8.220000000000013,77.1,7.720000000000013,1,77.6,78.1,78.59,79.07,79.54,80.0,5,90.85365853658536,681,74
2024.0,31.0,MG,3166303.0,Sericita,MUNICIPAL,68.6,84.85000000000001,16.250000000000014,70.39,14.460000000000008,1,72.16,73.87,75.51,77.08,78.58,80.0,5,98.48484848484848,677,175
2024.0,23.0,CE,2306009.0,Iracema,MUNICIPAL,98.6,84.18,-14.419999999999987,80.0,4.180000000000007,1,80.0,80.0,80.0,80.0,80.0,80.0,5,100.0,730,133
2024.0,41.0,PR,4107751.0,Figueira,MUNICIPAL,82.1,77.82000000000001,-4.279999999999987,80.0,-2.1799999999999926,0,80.0,80.0,80.0,80.0,80.0,80.0,4,91.0891089108911,1215,135
2024.0,11.0,RO,1100262.0,Rio Crespo,MUNICIPAL,83.8,62.81,-20.989999999999995,80.0,-17.189999999999998,0,80.0,80.0,80.0,80.0,80.0,80.0,3,92.53731343283582,2608,38
2024.0,52.0,GO,5212501.0,Luziânia,MUNICIPAL,64.1,66.27,2.1700000000000017,66.66,-0.39000000000000057,0,69.18,71.59,73.88,76.05,78.09,80.0,3,95.65649867374006,2298,192
2024.0,22.0,PI,2201606.0,Beneditinos,MUNICIPAL,77.6,68.49,-9.11,77.94,-9.450000000000003,0,78.29,78.64,78.99,79.33,79.67,80.0,3,95.6896551724138,2108,91
2024.0,15.0,PA,1505536.0,Parauapebas,MUNICIPAL,54.3,49.49,-4.809999999999995,58.58,-9.089999999999996,0,62.71,66.67,70.4,73.88,77.08,80.0,1,73.80398241530902,3676,59
2024.0,26.0,PE,2603207.0,Caetés,MUNICIPAL,45.8,57.25,11.450000000000003,51.32,5.93,1,56.84,62.19,67.25,71.95,76.21,80.0,2,95.78947368421052,3066,122
2024.0,43.0,RS,4305603.0,Colorado,MUNICIPAL,63.6,90.0,26.4,66.33,23.67,1,68.91,71.38,73.73,75.95,78.04,80.0,5,100.0,400,5
2024.0,41.0,PR,4100707.0,Alto Piquiri,MUNICIPAL,74.7,64.66,-10.040000000000006,75.54,-10.88000000000001,0,76.32,77.1,77.85,78.58,79.3,80.0,3,95.41984732824427,2440,297
2024.0,41.0,PR,4112702.0,Jataizinho,MUNICIPAL,62.4,60.93,-1.4699999999999989,65.3,-4.369999999999997,0,68.09,70.76,73.29,75.67,77.91,80.0,3,85.71428571428571,2760,329
2024.0,35.0,SP,3512704.0,Corumbataí,MUNICIPAL,43.6,84.16,40.559999999999995,49.46,34.699999999999996,1,55.31,61.01,66.43,71.44,75.98,80.0,5,91.66666666666666,732,58
2024.0,31.0,MG,3136603.0,Nova União,MUNICIPAL,48.0,92.79,44.790000000000006,53.22,39.57000000000001,1,58.39,63.37,68.09,72.46,76.44,80.0,5,94.5945945945946,281,40
2024.0,22.0,PI,2206696.0,Murici dos Portelas,MUNICIPAL,66.9,65.17,-1.730000000000004,69.05,-3.8799999999999955,0,71.09,73.05,74.92,76.7,78.4,80.0,3,96.55172413793105,2389,101
2024.0,52.0,GO,5214408.0,Nazário,MUNICIPAL,79.0,83.94,4.939999999999998,79.15,4.789999999999992,1,79.29,79.43,79.58,79.72,79.86,80.0,5,97.91666666666666,740,85
2024.0,23.0,CE,2311504.0,Quixeré,MUNICIPAL,86.2,93.13,6.929999999999993,80.0,13.129999999999995,1,80.0,80.0,80.0,80.0,80.0,80.0,5,97.76536312849164,268,90
2024.0,29.0,BA,2921906.0,Mucugê,MUNICIPAL,41.7,38.82,-2.8800000000000026,47.73,-8.909999999999997,0,53.87,59.9,65.65,70.97,75.77,80.0,0,93.4065934065934,4352,140
2024.0,31.0,MG,3138682.0,Luislândia,MUNICIPAL,50.0,85.0,35.0,54.93,30.07,1,59.77,64.43,68.83,72.91,76.64,80.0,5,100.0,664,168
2024.0,26.0,PE,2606002.0,Garanhuns,MUNICIPAL,52.3,69.75,17.450000000000003,56.86,12.89,1,61.33,65.62,69.66,73.42,76.88,80.0,3,94.45676274944567,1983,63
2024.0,33.0,RJ,3303609.0,Paracambi,MUNICIPAL,64.3,69.98,5.680000000000007,66.88,3.1000000000000085,1,69.35,71.72,73.97,76.11,78.11,80.0,3,85.74766355140187,1961,15
2024.0,21.0,MA,2105401.0,Itapecuru Mirim,MUNICIPAL,53.4,60.47,7.07,57.76,2.710000000000001,1,62.06,66.17,70.05,73.66,76.98,80.0,3,96.37952559300874,2799,106
2024.0,41.0,PR,4128708.0,Vitorino,MUNICIPAL,71.4,70.19,-1.210000000000008,72.74,-2.549999999999997,0,74.06,75.33,76.56,77.75,78.9,80.0,4,81.56028368794325,1932,252
2024.0,31.0,MG,3146602.0,Paiva,MUNICIPAL,80.0,92.86,12.86,80.0,12.86,1,80.0,80.0,80.0,80.0,80.0,80.0,5,93.33333333333331,278,39
2024.0,43.0,RS,4314498.0,Pinheirinho do Vale,MUNICIPAL,85.1,76.9,-8.199999999999989,80.0,-3.0999999999999943,0,80.0,80.0,80.0,80.0,80.0,80.0,4,100.0,1322,29
2024.0,35.0,SP,3556701.0,Vinhedo,MUNICIPAL,51.4,56.120000000000005,4.720000000000006,56.12,7.105427357601002e-15,1,60.73,65.16,69.34,73.23,76.79,80.0,2,93.48441926345608,3169,400
2024.0,42.0,SC,4215059.0,Rio Rufino,MUNICIPAL,65.7,76.32000000000001,10.620000000000005,68.06,8.260000000000005,1,70.3,72.44,74.49,76.43,78.27,80.0,4,71.875,1376,74
2024.0,29.0,BA,2908101.0,Cocos,MUNICIPAL,48.6,51.69,3.0899999999999963,53.76,-2.0700000000000003,0,58.82,63.7,68.32,72.6,76.5,80.0,2,94.0909090909091,3520,35
2024.0,26.0,PE,2615508.0,Tracunhaém,MUNICIPAL,59.3,73.31,14.010000000000005,62.75,10.560000000000002,1,66.05,69.2,72.19,74.99,77.59,80.0,4,94.6153846153846,1656,51
2024.0,42.0,SC,4208807.0,Jaguaruna,MUNICIPAL,42.4,56.28,13.880000000000003,48.39,7.890000000000001,1,54.42,60.33,65.95,71.15,75.85,80.0,2,70.40816326530613,3152,207
2024.0,31.0,MG,3147402.0,Paraopeba,MUNICIPAL,48.8,71.27,22.47,53.95,17.319999999999993,1,58.98,63.82,68.4,72.65,76.52,80.0,4,91.09947643979058,1830,497
2024.0,24.0,RN,2400208.0,Açu,MUNICIPAL,42.2,40.86,-1.3400000000000034,48.18,-7.32,0,54.25,60.2,65.85,71.09,75.83,80.0,1,75.36231884057972,4236,69
2024.0,26.0,PE,2607109.0,Ingazeira,MUNICIPAL,78.6,89.89,11.290000000000006,78.78,11.11,1,78.99,79.19,79.4,79.6,79.8,80.0,5,96.07843137254902,408,10
2024.0,22.0,PI,2205599.0,Lagoa do Sítio,MUNICIPAL,12.7,62.96,50.260000000000005,18.93,44.03,1,27.27,37.58,49.15,60.81,71.36,80.0,3,96.42857142857144,2593,112
2024.0,32.0,ES,3205200.0,Vila Velha,MUNICIPAL,68.1,67.75,-0.3499999999999943,70.0,-2.25,0,71.85,73.63,75.34,76.97,78.52,80.0,3,88.96580658695196,2173,63
2024.0,27.0,AL,2705903.0,Olho d'Água Grande,MUNICIPAL,88.3,82.14,-6.159999999999997,80.0,2.1400000000000006,1,80.0,80.0,80.0,80.0,80.0,80.0,5,100.0,870,9
2024.0,15.0,PA,1505437.0,Ourilândia do Norte,MUNICIPAL,48.7,53.11,4.409999999999997,53.81,-0.7000000000000028,0,58.86,63.74,68.34,72.61,76.51,80.0,2,87.99171842650104,3415,38
2024.0,31.0,MG,3152907.0,Pratápolis,MUNICIPAL,62.6,88.36,25.759999999999998,65.46,22.900000000000006,1,68.22,70.85,73.36,75.72,77.93,80.0,5,94.52054794520548,470,98
2024.0,31.0,MG,3104601.0,Astolfo Dutra,MUNICIPAL,74.9,88.29,13.39,75.66,12.63000000000001,1,76.43,77.18,77.91,78.62,79.32,80.0,5,94.6153846153846,475,100
2024.0,31.0,MG,3139409.0,Manhuaçu,MUNICIPAL,48.4,71.73,23.330000000000005,53.58,18.150000000000006,1,58.68,63.59,68.24,72.55,76.48,80.0,4,90.12797074954295,1789,483
2024.0,31.0,MG,3124609.0,Estrela Dalva,MUNICIPAL,87.3,66.67,-20.629999999999995,80.0,-13.329999999999998,0,80.0,80.0,80.0,80.0,80.0,80.0,3,100.0,2265,590
2024.0,25.0,PB,2507101.0,Itapororoca,MUNICIPAL,71.8,84.21000000000001,12.41000000000001,73.05,11.16000000000001,1,74.3,75.52,76.7,77.84,78.94,80.0,5,89.937106918239,724,31
2024.0,31.0,MG,3125606.0,Felisburgo,MUNICIPAL,52.2,70.2,18.0,56.8,13.400000000000006,1,61.28,65.58,69.64,73.41,76.87,80.0,4,93.87755102040816,1931,523
2024.0,15.0,PA,1504406.0,Marapanim,MUNICIPAL,28.7,45.42,16.720000000000002,35.89,9.530000000000001,1,43.72,51.88,59.94,67.5,74.24,80.0,1,86.69724770642202,3959,78
2024.0,29.0,BA,2920908.0,Mascote,MUNICIPAL,22.3,26.73,4.43,29.51,-2.780000000000001,0,37.88,47.04,56.41,65.34,73.3,80.0,0,73.18840579710145,4834,309
2024.0,31.0,MG,3152006.0,Pompéu,MUNICIPAL,65.2,56.14,-9.060000000000002,67.62,-11.480000000000004,0,69.94,72.17,74.29,76.31,78.21,80.0,2,86.85446009389672,3165,708
2024.0,26.0,PE,2614006.0,Serrita,MUNICIPAL,53.7,59.7,6.0,58.07,1.6300000000000026,1,62.31,66.36,70.18,73.75,77.02,80.0,2,94.81132075471696,2878,109
2024.0,24.0,RN,2400703.0,Alto do Rodrigues,MUNICIPAL,48.4,52.52,4.1200000000000045,53.58,-1.0599999999999952,0,58.68,63.59,68.24,72.55,76.48,80.0,2,88.38709677419355,3453,28
2024.0,33.0,RJ,3300308.0,Barra do Piraí,MUNICIPAL,45.3,48.01,2.710000000000001,50.89,-2.8800000000000026,0,56.48,61.91,67.06,71.83,76.16,80.0,1,77.5599128540305,3772,72
2024.0,23.0,CE,2301802.0,Baixio,MUNICIPAL,97.6,91.67,-5.929999999999993,80.0,11.670000000000002,1,80.0,80.0,80.0,80.0,80.0,80.0,5,100.0,322,98
2024.0,28.0,SE,2806602.0,Santo Amaro das Brotas,MUNICIPAL,34.6,26.79,-7.810000000000002,41.37,-14.579999999999998,0,48.51,55.71,62.69,69.17,74.97,80.0,0,100.0,4832,56
2024.0,52.0,GO,5208806.0,Goianira,MUNICIPAL,69.1,81.01,11.91000000000001,70.86,10.150000000000006,1,72.54,74.16,75.72,77.21,78.64,80.0,5,89.41890719861232,961,112
2024.0,42.0,SC,4205100.0,Dona Emma,MUNICIPAL,87.2,88.51,1.3100000000000023,80.0,8.510000000000005,1,80.0,80.0,80.0,80.0,80.0,80.0,5,84.375,462,16
2024.0,21.0,MA,2108504.0,Pindaré-Mirim,MUNICIPAL,40.9,51.09,10.190000000000005,47.1,3.990000000000002,1,53.35,59.5,65.36,70.8,75.69,80.0,2,90.27149321266968,3565,155
2024.0,35.0,SP,3528700.0,Marabá Paulista,MUNICIPAL,71.4,48.33,-23.070000000000007,72.78,-24.450000000000003,0,74.09,75.36,76.58,77.77,78.9,80.0,1,93.5483870967742,3753,499
2024.0,31.0,MG,3168804.0,Tiradentes,MUNICIPAL,62.3,68.34,6.040000000000006,65.18,3.1599999999999966,1,68.0,70.69,73.24,75.64,77.9,80.0,3,87.5,2120,560
2024.0,42.0,SC,4210100.0,Mafra,MUNICIPAL,73.0,77.41,4.409999999999997,74.07,3.3400000000000034,1,75.13,76.17,77.17,78.14,79.09,80.0,4,81.55080213903744,1262,59
2024.0,15.0,PA,1500800.0,Ananindeua,MUNICIPAL,59.0,52.74,-6.259999999999998,62.51,-9.769999999999996,0,65.86,69.06,72.09,74.93,77.56,80.0,2,83.09549945115258,3439,39
2024.0,31.0,MG,3146552.0,Pai Pedro,MUNICIPAL,62.5,76.4,13.900000000000006,65.4,11.0,1,68.17,70.82,73.33,75.7,77.93,80.0,4,98.24561403508773,1371,375
2024.0,24.0,RN,2409704.0,Pedro Avelino,MUNICIPAL,19.5,21.89,2.3900000000000006,26.54,-4.649999999999999,0,35.03,44.6,54.59,64.22,72.82,80.0,0,92.5925925925926,4921,136
2024.0,29.0,BA,2909307.0,Correntina,MUNICIPAL,36.7,26.64,-10.060000000000002,43.32,-16.68,0,50.18,57.03,63.62,69.73,75.22,80.0,0,77.53623188405797,4839,311
2024.0,35.0,SP,3518800.0,Guarulhos,MUNICIPAL,39.4,44.19,4.789999999999999,45.75,-1.5600000000000023,0,52.23,58.63,64.75,70.42,75.53,80.0,1,82.98865910607071,4044,549
2024.0,27.0,AL,2705507.0,Murici,MUNICIPAL,53.2,84.41,31.209999999999994,57.6,26.809999999999995,1,61.92,66.07,69.98,73.62,76.96,80.0,5,97.90794979079496,713,6
2024.0,21.0,MA,2102150.0,Brejo de Areia,MUNICIPAL,33.3,49.3,16.0,40.15,9.149999999999999,1,47.46,54.88,62.09,68.81,74.81,80.0,1,93.93939393939394,3687,163
2024.0,52.0,GO,5214101.0,Mutunópolis,MUNICIPAL,93.0,100.0,7.0,80.0,20.0,1,80.0,80.0,80.0,80.0,80.0,80.0,5,98.1132075471698,1,1
2024.0,31.0,MG,3131158.0,Ipaba,MUNICIPAL,63.0,77.71000000000001,14.710000000000008,65.76,11.950000000000003,1,68.46,71.04,73.49,75.8,77.97,80.0,4,96.93877551020408,1230,334
2024.0,43.0,RS,4302204.0,Boa Vista do Buricá,MUNICIPAL,81.9,74.0,-7.900000000000006,80.0,-6.0,0,80.0,80.0,80.0,80.0,80.0,80.0,4,91.93548387096774,1598,43
2024.0,21.0,MA,2110278.0,Santo Amaro do Maranhão,MUNICIPAL,33.3,39.84,6.540000000000006,40.2,-0.35999999999999943,0,47.51,54.92,62.12,68.82,74.82,80.0,0,86.7132867132867,4293,186
2024.0,31.0,MG,3130309.0,Iguatama,MUNICIPAL,98.4,94.08,-4.320000000000007,80.0,14.079999999999998,1,80.0,80.0,80.0,80.0,80.0,80.0,5,88.0,237,30
2024.0,21.0,MA,2101509.0,Barão de Grajaú,MUNICIPAL,41.6,51.56,9.96,47.68,3.8800000000000026,1,53.84,59.88,65.63,70.96,75.76,80.0,2,90.9090909090909,3534,151
2024.0,31.0,MG,3119807.0,Córrego Danta,MUNICIPAL,84.1,75.27,-8.829999999999998,80.0,-4.730000000000004,0,80.0,80.0,80.0,80.0,80.0,80.0,4,93.5483870967742,1474,406
2024.0,41.0,PR,4106308.0,Corbélia,MUNICIPAL,74.6,85.26,10.66000000000001,75.44,9.820000000000007,1,76.25,77.04,77.81,78.56,79.29,80.0,5,86.41509433962264,645,50
2024.0,31.0,MG,3162401.0,São João da Ponte,MUNICIPAL,65.6,63.51,-2.0899999999999963,67.96,-4.449999999999996,0,70.22,72.38,74.44,76.4,78.26,80.0,3,95.67567567567568,2552,640
2024.0,29.0,BA,2923100.0,Olindina,MUNICIPAL,34.5,21.29,-13.21,41.3,-20.009999999999998,0,48.45,55.67,62.65,69.15,74.96,80.0,0,92.6605504587156,4927,354
2024.0,35.0,SP,3551504.0,Serrana,MUNICIPAL,46.0,43.97,-2.030000000000001,51.47,-7.5,0,56.96,62.28,67.32,71.99,76.23,80.0,1,88.66906474820144,4058,553
2024.0,31.0,MG,3128402.0,Guarani,MUNICIPAL,80.5,77.84,-2.6599999999999966,80.0,-2.1599999999999966,0,80.0,80.0,80.0,80.0,80.0,80.0,4,92.3076923076923,1212,329
2024.0,42.0,SC,4201505.0,Armazém,MUNICIPAL,70.5,79.08,8.579999999999998,72.02,7.060000000000002,1,73.47,74.88,76.24,77.54,78.8,80.0,4,89.41176470588236,1116,49
2024.0,24.0,RN,2412401.0,São José do Seridó,MUNICIPAL,36.3,56.41,20.11,42.95,13.459999999999994,1,49.86,56.78,63.44,69.63,75.17,80.0,2,90.0,3142,23
2024.0,33.0,RJ,3306156.0,Varre-Sai,MUNICIPAL,,82.96000000000001,,,,,80.0,80.0,80.0,80.0,80.0,80.0,5,81.08108108108108,803,1
2024.0,21.0,MA,2101608.0,Barra do Corda,MUNICIPAL,65.5,64.05,-1.4500000000000028,67.82,-3.769999999999996,0,70.11,72.3,74.38,76.36,78.24,80.0,3,93.87755102040816,2508,93
2024.0,43.0,RS,4313441.0,Novo Tiradentes,MUNICIPAL,71.4,47.4,-24.000000000000007,72.78,-25.380000000000003,0,74.09,75.36,76.58,77.77,78.9,80.0,1,100.0,3821,244
2024.0,42.0,SC,4218509.0,Treze Tílias,MUNICIPAL,74.3,71.92,-2.3799999999999955,75.2,-3.280000000000001,0,76.05,76.88,77.69,78.48,79.25,80.0,4,83.13253012048193,1773,106
2024.0,52.0,GO,5214879.0,Nova Iguaçu de Goiás,MUNICIPAL,92.7,95.12,2.4200000000000017,80.0,15.120000000000005,1,80.0,80.0,80.0,80.0,80.0,80.0,5,97.5609756097561,194,24
2024.0,43.0,RS,4307609.0,Estância Velha,MUNICIPAL,67.3,44.4,-22.9,69.31,-24.910000000000004,0,71.3,73.21,75.04,76.78,78.43,80.0,1,95.24680073126144,4026,277
2024.0,31.0,MG,3114006.0,Carmo da Mata,MUNICIPAL,79.1,68.1,-11.0,79.19,-11.090000000000003,0,79.32,79.46,79.6,79.73,79.87,80.0,3,98.63013698630137,2141,565
2024.0,25.0,PB,2504702.0,Congo,MUNICIPAL,49.3,40.66,-8.64,54.36,-13.700000000000003,0,59.31,64.07,68.58,72.76,76.57,80.0,1,86.48648648648648,4250,177
2024.0,51.0,MT,5105606.0,Matupá,MUNICIPAL,65.6,52.57,-13.029999999999994,67.95,-15.380000000000003,0,70.21,72.37,74.44,76.4,78.25,80.0,2,87.02064896755162,3450,110
2024.0,23.0,CE,2310209.0,Paracuru,MUNICIPAL,94.9,95.08,0.1799999999999926,80.0,15.079999999999998,1,80.0,80.0,80.0,80.0,80.0,80.0,5,99.3006993006993,196,75
2024.0,31.0,MG,3103801.0,Arapuá,MUNICIPAL,84.2,92.02,7.819999999999993,80.0,12.019999999999996,1,80.0,80.0,80.0,80.0,80.0,80.0,5,96.29629629629628,311,49
2024.0,31.0,MG,3167707.0,Sobrália,MUNICIPAL,66.5,75.93,9.430000000000007,68.72,7.210000000000008,1,70.83,72.85,74.78,76.61,78.35,80.0,4,85.1063829787234,1421,392
2024.0,15.0,PA,1504059.0,Mãe do Rio,MUNICIPAL,45.5,46.97,1.4699999999999989,51.07,-4.100000000000001,0,56.63,62.02,67.14,71.88,76.18,80.0,1,88.86198547215496,3857,73
2024.0,42.0,SC,4216701.0,São José do Cedro,MUNICIPAL,76.4,82.26,5.859999999999999,76.92,5.340000000000003,1,77.46,77.98,78.5,79.01,79.51,80.0,5,89.83050847457628,855,30
2024.0,43.0,RS,4321709.0,Três Coroas,MUNICIPAL,55.5,42.2,-13.299999999999997,59.55,-17.349999999999994,0,63.49,67.26,70.82,74.14,77.2,80.0,1,86.9090909090909,4161,300
2024.0,43.0,RS,4302907.0,Cacequi,MUNICIPAL,50.8,49.0,-1.7999999999999972,55.58,-6.579999999999998,0,60.3,64.83,69.11,73.08,76.72,80.0,1,74.0,3710,231
2024.0,31.0,MG,3100807.0,Aguanil,MUNICIPAL,100.0,88.68,-11.319999999999993,80.0,8.680000000000007,1,80.0,80.0,80.0,80.0,80.0,80.0,5,86.79245283018868,453,93
2024.0,43.0,RS,4305959.0,Cotiporã,MUNICIPAL,74.0,44.2,-29.799999999999997,74.92,-30.72,0,75.82,76.7,77.56,78.4,79.21,80.0,1,94.44444444444444,4041,281
2024.0,43.0,RS,4316600.0,Sananduva,MUNICIPAL,74.4,43.2,-31.200000000000003,75.28,-32.08,0,76.11,76.93,77.73,78.5,79.26,80.0,1,90.0,4102,292
2024.0,31.0,MG,3114600.0,Carrancas,MUNICIPAL,70.4,89.76,19.36,71.89,17.870000000000005,1,73.37,74.8,76.18,77.51,78.78,80.0,5,92.45283018867924,415,82
2024.0,43.0,RS,4310439.0,Ipê,MUNICIPAL,81.6,60.7,-20.89999999999999,80.0,-19.299999999999997,0,80.0,80.0,80.0,80.0,80.0,80.0,3,90.69767441860463,2780,119
2024.0,33.0,RJ,3305133.0,São José de Ubá,MUNICIPAL,75.1,80.39,5.290000000000006,75.86,4.530000000000001,1,76.59,77.3,78.0,78.68,79.35,80.0,5,87.8048780487805,1005,2
2024.0,43.0,RS,4314209.0,Pedro Osório,MUNICIPAL,67.7,22.3,-45.400000000000006,69.69,-47.39,0,71.61,73.44,75.2,76.88,78.48,80.0,0,82.92682926829268,4913,401
2024.0,25.0,PB,2507200.0,Itatuba,MUNICIPAL,23.3,36.64,13.34,30.53,6.109999999999999,1,38.84,47.85,57.0,65.7,73.46,80.0,0,95.18072289156626,4485,191
2024.0,41.0,PR,4115754.0,Mauá da Serra,MUNICIPAL,81.1,80.48,-0.6199999999999903,80.0,0.480000000000004,1,80.0,80.0,80.0,80.0,80.0,80.0,5,88.69047619047619,997,97
2024.0,43.0,RS,4304101.0,Campos Borges,MUNICIPAL,26.5,33.9,7.399999999999999,33.67,0.22999999999999687,1,41.73,50.25,58.76,66.78,73.93,80.0,0,88.57142857142857,4596,378
2024.0,43.0,RS,4301008.0,Arroio do Meio,MUNICIPAL,82.6,63.6,-18.999999999999993,80.0,-16.4,0,80.0,80.0,80.0,80.0,80.0,80.0,3,86.38743455497382,2544,98
2024.0,32.0,ES,3204708.0,São Gabriel da Palha,MUNICIPAL,72.5,80.69,8.189999999999998,73.64,7.049999999999997,1,74.78,75.89,76.97,78.02,79.03,80.0,5,91.59891598915988,985,35
2024.0,35.0,SP,3536505.0,Paulínia,MUNICIPAL,48.5,61.39,12.89,53.65,7.740000000000002,1,58.73,63.64,68.27,72.57,76.49,80.0,3,90.67131647776807,2722,311
2024.0,17.0,TO,1714203.0,Natividade,MUNICIPAL,28.2,43.89,15.690000000000001,35.38,8.509999999999998,1,43.26,51.51,59.67,67.33,74.17,80.0,1,86.66666666666667,4063,76
2024.0,41.0,PR,4125803.0,São Pedro do Ivaí,MUNICIPAL,83.6,85.66,2.0600000000000023,80.0,5.659999999999997,1,80.0,80.0,80.0,80.0,80.0,80.0,5,83.72093023255815,626,46
2024.0,31.0,MG,3168903.0,Tiros,MUNICIPAL,59.3,81.76,22.460000000000008,62.7,19.060000000000002,1,66.01,69.17,72.17,74.97,77.59,80.0,5,95.3846153846154,904,236
2024.0,31.0,MG,3153509.0,Alto Jequitibá,MUNICIPAL,50.8,78.73,27.930000000000007,55.63,23.1,1,60.34,64.86,69.13,73.1,76.73,80.0,4,88.88888888888889,1140,306
2024.0,31.0,MG,3163805.0,São Miguel do Anta,MUNICIPAL,74.9,78.02,3.1199999999999903,75.65,2.3699999999999903,1,76.42,77.17,77.9,78.62,79.32,80.0,4,98.55072463768116,1197,324
2024.0,52.0,GO,5216403.0,Paraúna,MUNICIPAL,61.8,67.88,6.079999999999998,64.83,3.049999999999997,1,67.71,70.47,73.08,75.55,77.85,80.0,3,90.79754601226992,2161,185
2024.0,15.0,PA,1504000.0,Limoeiro do Ajuru,MUNICIPAL,47.6,47.82,0.21999999999999886,52.92,-5.100000000000001,0,58.14,63.18,67.95,72.38,76.4,80.0,1,84.48844884488449,3791,69
2024.0,35.0,SP,3508405.0,Cabreúva,MUNICIPAL,49.1,64.6,15.499999999999993,54.18,10.419999999999995,1,59.16,63.96,68.5,72.71,76.55,80.0,3,90.63772048846675,2441,249
2024.0,13.0,AM,1302900.0,Maués,MUNICIPAL,53.2,45.97,-7.230000000000004,57.61,-11.64,0,61.93,66.08,69.99,73.62,76.97,80.0,1,75.80645161290323,3924,25
2024.0,52.0,GO,5204250.0,Cachoeira Dourada,MUNICIPAL,72.5,79.19,6.689999999999998,73.68,5.509999999999991,1,74.82,75.92,76.99,78.03,79.03,80.0,4,94.1747572815534,1107,128
2024.0,31.0,MG,3149606.0,Pequi,MUNICIPAL,64.2,81.37,17.17,66.77,14.600000000000009,1,69.27,71.65,73.93,76.08,78.1,80.0,5,95.0,932,246
2024.0,35.0,SP,3526209.0,Juquitiba,MUNICIPAL,60.1,55.99,-4.109999999999999,63.43,-7.439999999999998,0,66.59,69.62,72.48,75.17,77.68,80.0,2,94.6524064171123,3174,402
2024.0,26.0,PE,2611408.0,Primavera,MUNICIPAL,77.5,50.41,-27.090000000000003,77.9,-27.49000000000001,0,78.26,78.61,78.97,79.32,79.66,80.0,2,97.6470588235294,3614,151
2024.0,43.0,RS,4313201.0,Nova Petrópolis,MUNICIPAL,91.7,52.3,-39.400000000000006,80.0,-27.700000000000003,0,80.0,80.0,80.0,80.0,80.0,80.0,2,92.3076923076923,3478,198
2024.0,35.0,SP,3511300.0,Cedral,MUNICIPAL,72.9,55.73,-17.17000000000001,74.02,-18.29,0,75.09,76.14,77.15,78.13,79.08,80.0,2,88.27160493827161,3196,407
2024.0,31.0,MG,3137809.0,Lambari,MUNICIPAL,65.7,74.76,9.060000000000002,68.05,6.710000000000008,1,70.29,72.44,74.48,76.43,78.27,80.0,4,88.46153846153845,1530,419
2024.0,26.0,PE,2610806.0,Pedra,MUNICIPAL,47.0,54.870000000000005,7.8700000000000045,52.41,2.460000000000008,1,57.72,62.86,67.73,72.24,76.34,80.0,2,95.6043956043956,3281,136
2024.0,33.0,RJ,3302403.0,Macaé,MUNICIPAL,59.9,59.46,-0.4399999999999977,63.19,-3.729999999999997,0,66.41,69.48,72.38,75.11,77.65,80.0,2,78.03899082568807,2901,46
2024.0,21.0,MA,2102903.0,Carutapera,MUNICIPAL,55.6,61.21,5.609999999999999,59.63,1.5799999999999983,1,63.56,67.31,70.85,74.16,77.21,80.0,3,86.22754491017965,2734,103
2024.0,25.0,PB,2516300.0,Sumé,MUNICIPAL,33.2,64.53,31.33,40.1,24.43,1,47.42,54.85,62.07,68.79,74.81,80.0,3,96.35036496350364,2451,71
2024.0,41.0,PR,4109708.0,Ibaiti,MUNICIPAL,72.9,71.64,-1.2600000000000051,73.99,-2.3499999999999943,0,75.07,76.12,77.13,78.12,79.08,80.0,4,93.33333333333331,1800,235
2024.0,17.0,TO,1703305.0,Bom Jesus do Tocantins,MUNICIPAL,26.1,28.56,2.4599999999999973,33.34,-4.780000000000005,0,41.43,50.01,58.58,66.67,73.88,80.0,0,95.16129032258064,4782,117
2024.0,21.0,MA,2104701.0,Graça Aranha,MUNICIPAL,72.8,75.68,2.8800000000000097,73.9,1.7800000000000011,1,75.0,76.06,77.09,78.09,79.06,80.0,4,97.2972972972973,1444,48
2024.0,15.0,PA,1502509.0,Chaves,MUNICIPAL,44.8,74.09,29.290000000000006,50.48,23.610000000000007,1,56.14,61.65,66.88,71.72,76.1,80.0,4,91.16279069767442,1587,4
2024.0,50.0,MS,5003751.0,Eldorado,MUNICIPAL,75.4,56.45,-18.950000000000003,76.1,-19.64999999999999,0,76.78,77.45,78.11,78.76,79.38,80.0,2,93.12169312169311,3141,39
2024.0,50.0,MS,5006275.0,Paraíso das Águas,MUNICIPAL,76.4,78.5,2.0999999999999943,76.92,1.5799999999999983,1,77.46,77.98,78.5,79.01,79.51,80.0,4,99.26470588235294,1157,6
2024.0,23.0,CE,2312007.0,Santana do Acaraú,MUNICIPAL,99.2,98.26,-0.9399999999999977,80.0,18.260000000000005,1,80.0,80.0,80.0,80.0,80.0,80.0,5,100.0,86,38
2024.0,25.0,PB,2501401.0,Baía da Traição,MUNICIPAL,21.7,44.76,23.06,28.9,15.86,1,37.3,46.55,56.04,65.11,73.21,80.0,1,94.87179487179486,4005,164
2024.0,29.0,BA,2907509.0,Catu,MUNICIPAL,43.5,39.39,-4.109999999999999,49.32,-9.93,0,55.19,60.92,66.36,71.41,75.96,80.0,0,95.45454545454544,4319,133
2024.0,33.0,RJ,3301108.0,Cantagalo,MUNICIPAL,55.8,52.0,-3.799999999999997,59.77,-7.770000000000003,0,63.67,67.4,70.91,74.2,77.23,80.0,2,84.81675392670157,3494,61
2024.0,29.0,BA,2907004.0,Cardeal da Silva,MUNICIPAL,26.7,33.04,6.34,33.87,-0.8299999999999983,0,41.91,50.4,58.87,66.85,73.96,80.0,0,98.29059829059828,4631,216
2024.0,43.0,RS,4300059.0,Água Santa,MUNICIPAL,64.6,55.1,-9.499999999999993,67.13,-12.029999999999994,0,69.55,71.87,74.08,76.17,78.15,80.0,2,93.5483870967742,3255,170
2024.0,42.0,SC,4207601.0,Ipira,MUNICIPAL,83.2,84.43,1.230000000000004,80.0,4.430000000000007,1,80.0,80.0,80.0,80.0,80.0,80.0,5,83.87096774193549,711,24
2024.0,41.0,PR,4107652.0,Fazenda Rio Grande,MUNICIPAL,68.9,64.69,-4.210000000000008,70.65,-5.960000000000008,0,72.37,74.03,75.63,77.15,78.61,80.0,3,83.98961488533102,2438,295
2024.0,35.0,SP,3534757.0,Ouroeste,MUNICIPAL,99.3,89.21000000000001,-10.08999999999999,80.0,9.210000000000008,1,80.0,80.0,80.0,80.0,80.0,80.0,5,93.7984496124031,439,36
2024.0,43.0,RS,4319356.0,São Pedro da Serra,MUNICIPAL,80.7,58.8,-21.900000000000006,80.0,-21.200000000000003,0,80.0,80.0,80.0,80.0,80.0,80.0,2,96.42857142857144,2944,136
2024.0,31.0,MG,3153905.0,Raposos,MUNICIPAL,48.4,69.66,21.259999999999998,53.57,16.089999999999996,1,58.67,63.59,68.24,72.55,76.48,80.0,3,92.9936305732484,1986,533
2024.0,26.0,PE,2600906.0,Amaraji,MUNICIPAL,68.7,55.29,-13.410000000000004,70.55,-15.259999999999998,0,72.29,73.97,75.58,77.12,78.6,80.0,2,94.375,3237,133
2024.0,51.0,MT,5107198.0,Ribeirãozinho,MUNICIPAL,49.0,52.72,3.719999999999999,54.05,-1.3299999999999983,0,59.06,63.88,68.45,72.68,76.54,80.0,2,90.0,3441,109
2024.0,15.0,PA,1501600.0,Bonito,MUNICIPAL,37.0,32.2,-4.799999999999997,43.59,-11.39,0,50.41,57.21,63.74,69.81,75.26,80.0,0,80.37383177570094,4661,120
2024.0,29.0,BA,2927606.0,Santa Brígida,MUNICIPAL,25.7,28.39,2.6900000000000013,32.87,-4.479999999999997,0,41.0,49.65,58.32,66.51,73.81,80.0,0,90.11627906976744,4793,293
2024.0,43.0,RS,4320404.0,Serafina Corrêa,MUNICIPAL,83.2,50.7,-32.5,80.0,-29.299999999999997,0,80.0,80.0,80.0,80.0,80.0,80.0,2,82.94573643410853,3588,212
2024.0,51.0,MT,5106190.0,Nova Santa Helena,MUNICIPAL,79.2,75.07000000000001,-4.1299999999999955,79.33,-4.259999999999991,0,79.45,79.56,79.67,79.78,79.89,80.0,4,87.5,1490,33
2024.0,31.0,MG,3113305.0,Carangola,MUNICIPAL,50.8,52.42,1.6200000000000045,55.64,-3.219999999999999,0,60.34,64.86,69.13,73.1,76.73,80.0,2,85.71428571428571,3461,725
2024.0,50.0,MS,5005202.0,Ladário,MUNICIPAL,25.2,33.36,8.16,32.39,0.9699999999999989,1,40.56,49.29,58.06,66.35,73.74,80.0,0,83.83838383838383,4616,73
2024.0,29.0,BA,2920452.0,Mansidão,MUNICIPAL,30.7,37.29,6.59,37.76,-0.46999999999999886,0,45.38,53.22,60.9,68.08,74.5,80.0,0,77.63157894736842,4441,156
2024.0,29.0,BA,2925956.0,Rafael Jambeiro,MUNICIPAL,48.4,33.53,-14.869999999999997,53.58,-20.049999999999997,0,58.68,63.59,68.24,72.55,76.48,80.0,0,83.57487922705315,4610,209
2024.0,52.0,GO,5209408.0,Guarani de Goiás,MUNICIPAL,32.1,64.58,32.48,39.09,25.489999999999995,1,46.54,54.15,61.57,68.49,74.67,80.0,3,100.0,2445,203
2024.0,28.0,SE,2802403.0,Gararu,MUNICIPAL,19.4,36.4,17.0,26.47,9.93,1,34.97,44.55,54.55,64.19,72.81,80.0,0,94.0,4492,33
2024.0,52.0,GO,5206602.0,Cumari,MUNICIPAL,76.2,72.73,-3.469999999999999,76.76,-4.030000000000001,0,77.33,77.88,78.43,78.96,79.49,80.0,4,91.66666666666666,1705,161
2024.0,31.0,MG,3104809.0,Augusto de Lima,MUNICIPAL,48.2,48.8,0.5999999999999943,53.39,-4.590000000000003,0,58.52,63.48,68.16,72.5,76.46,80.0,1,98.0,3722,735
2024.0,35.0,SP,3521507.0,Irapuã,MUNICIPAL,69.6,76.62,7.02000000000001,71.24,5.38000000000001,1,72.85,74.4,75.89,77.32,78.69,80.0,4,93.82716049382717,1352,112
2024.0,11.0,RO,1100700.0,Campo Novo de Rondônia,MUNICIPAL,59.3,71.94,12.64,62.75,9.189999999999998,1,66.05,69.2,72.19,74.99,77.59,80.0,4,92.09039548022598,1769,13
2024.0,25.0,PB,2501609.0,Barra de Santa Rosa,MUNICIPAL,56.4,45.83,-10.57,60.31,-14.480000000000004,0,64.1,67.72,71.14,74.34,77.29,80.0,1,86.36363636363636,3931,155
2024.0,23.0,CE,2305233.0,Horizonte,MUNICIPAL,93.4,96.2,2.799999999999997,80.0,16.200000000000003,1,80.0,80.0,80.0,80.0,80.0,80.0,5,95.01039501039502,147,60
2024.0,52.0,GO,5204300.0,Caçu,MUNICIPAL,73.2,91.38,18.179999999999993,74.28,17.099999999999994,1,75.3,76.3,77.27,78.21,79.12,80.0,5,95.16129032258064,344,41
2024.0,22.0,PI,2205524.0,Júlio Borges,MUNICIPAL,43.3,100.0,56.7,49.16,50.84,1,55.06,60.82,66.29,71.36,75.95,80.0,5,93.33333333333331,1,1
2024.0,35.0,SP,3502804.0,Araçatuba,MUNICIPAL,65.8,74.22,8.420000000000002,68.1,6.1200000000000045,1,70.33,72.46,74.5,76.44,78.27,80.0,4,86.23906705539358,1581,138
2024.0,17.0,TO,1703073.0,Barra do Ouro,MUNICIPAL,11.9,18.26,6.360000000000001,18.0,0.26000000000000156,1,26.26,36.62,48.38,60.32,71.15,80.0,0,94.73684210526316,4949,129
2024.0,31.0,MG,3158508.0,Santana de Pirapama,MUNICIPAL,44.6,64.47,19.869999999999997,50.29,14.18,1,55.99,61.53,66.79,71.67,76.08,80.0,3,94.87179487179486,2460,629
2024.0,43.0,RS,4310108.0,Igrejinha,MUNICIPAL,80.1,49.6,-30.499999999999993,80.0,-30.4,0,80.0,80.0,80.0,80.0,80.0,80.0,1,93.29608938547486,3668,226
2024.0,35.0,SP,3539608.0,Planalto,MUNICIPAL,74.5,83.68,9.180000000000007,75.35,8.330000000000013,1,76.17,76.98,77.76,78.53,79.27,80.0,5,90.9090909090909,756,61
2024.0,42.0,SC,4217105.0,São Martinho,MUNICIPAL,68.0,70.0,2.0,69.93,0.06999999999999318,1,71.8,73.59,75.31,76.95,78.51,80.0,4,86.95652173913044,1958,126
2024.0,21.0,MA,2104073.0,Feira Nova do Maranhão,MUNICIPAL,84.9,65.38,-19.52000000000001,80.0,-14.620000000000005,0,80.0,80.0,80.0,80.0,80.0,80.0,3,97.32142857142856,2368,90
2024.0,35.0,SP,3531308.0,Monte Alto,MUNICIPAL,67.1,59.0,-8.099999999999994,69.16,-10.159999999999997,0,71.18,73.12,74.97,76.74,78.41,80.0,2,92.40121580547113,2929,350
2024.0,15.0,PA,1504950.0,Nova Esperança do Piriá,MUNICIPAL,35.6,50.02,14.420000000000002,42.35,7.670000000000002,1,49.35,56.38,63.16,69.45,75.1,80.0,2,87.2,3630,55
2024.0,24.0,RN,2408300.0,Nova Cruz,MUNICIPAL,30.5,28.42,-2.0799999999999983,37.61,-9.189999999999998,0,45.24,53.11,60.83,68.04,74.48,80.0,0,81.86528497409327,4789,123
2024.0,35.0,SP,3529500.0,Mendonça,MUNICIPAL,70.0,77.56,7.560000000000002,71.55,6.010000000000005,1,73.1,74.59,76.03,77.41,78.73,80.0,4,95.58823529411764,1248,103
2024.0,52.0,GO,5216452.0,Perolândia,MUNICIPAL,77.6,77.78,0.18000000000000682,77.97,-0.18999999999999773,0,78.32,78.66,79.0,79.34,79.67,80.0,4,100.0,1221,136
2024.0,22.0,PI,2202729.0,Cocal dos Alves,MUNICIPAL,80.3,87.68,7.38000000000001,80.0,7.680000000000007,1,80.0,80.0,80.0,80.0,80.0,80.0,5,100.0,509,40
2024.0,17.0,TO,1702703.0,Aurora do Tocantins,MUNICIPAL,52.9,41.94,-10.96,57.4,-15.46,0,61.77,65.95,69.89,73.57,76.94,80.0,1,78.37837837837837,4173,83
2024.0,29.0,BA,2907103.0,Carinhanha,MUNICIPAL,28.6,31.96,3.3599999999999994,35.7,-3.740000000000002,0,43.56,51.75,59.85,67.44,74.22,80.0,0,94.8948948948949,4668,232
2024.0,24.0,RN,2414159.0,Tenente Laurentino Cruz,MUNICIPAL,44.6,37.18,-7.420000000000002,50.34,-13.160000000000004,0,56.03,61.57,66.82,71.68,76.09,80.0,0,88.13559322033898,4451,85
2024.0,42.0,SC,4204152.0,Celso Ramos,MUNICIPAL,77.4,75.67,-1.730000000000004,77.74,-2.069999999999993,0,78.13,78.52,78.89,79.27,79.64,80.0,4,91.83673469387756,1445,84
2024.0,43.0,RS,4307559.0,Estação,MUNICIPAL,73.4,45.4,-28.000000000000007,74.46,-29.059999999999995,0,75.45,76.41,77.35,78.26,79.14,80.0,1,97.14285714285714,3965,268
2024.0,24.0,RN,2401206.0,Arês,MUNICIPAL,24.8,31.22,6.419999999999998,31.97,-0.75,0,40.17,48.97,57.83,66.21,73.68,80.0,0,82.32044198895028,4696,113
2024.0,22.0,PI,2210375.0,São Luis do Piauí,MUNICIPAL,58.5,61.11,2.6099999999999994,62.07,-0.9600000000000009,0,65.51,68.79,71.9,74.81,77.51,80.0,3,100.0,2745,119
2024.0,33.0,RJ,3303708.0,Paraíba do Sul,MUNICIPAL,50.0,51.96,1.9600000000000009,54.89,-2.9299999999999997,0,59.74,64.4,68.81,72.9,76.64,80.0,2,80.4147465437788,3497,62
2024.0,31.0,MG,3138906.0,Machacalis,MUNICIPAL,62.0,65.94,3.9399999999999977,64.98,0.9599999999999937,1,67.83,70.56,73.15,75.59,77.87,80.0,3,95.3846153846154,2318,601
2024.0,15.0,PA,1505205.0,Oeiras do Pará,MUNICIPAL,18.5,31.03,12.530000000000001,25.53,5.5,1,34.05,43.74,53.94,63.81,72.65,80.0,0,79.36170212765957,4704,122
2024.0,25.0,PB,2511301.0,Piancó,MUNICIPAL,48.8,38.92,-9.879999999999995,53.95,-15.030000000000001,0,58.98,63.82,68.4,72.65,76.52,80.0,0,85.9375,4343,184
2024.0,24.0,RN,2405702.0,Jardim do Seridó,MUNICIPAL,26.8,56.51,29.709999999999997,33.95,22.559999999999995,1,41.98,50.46,58.91,66.87,73.97,80.0,2,77.94117647058823,3135,22
2024.0,42.0,SC,4200200.0,Agrolândia,MUNICIPAL,81.2,76.03,-5.170000000000002,80.0,-3.969999999999999,0,80.0,80.0,80.0,80.0,80.0,80.0,4,91.1242603550296,1408,78
2024.0,22.0,PI,2202000.0,Buriti dos Lopes,MUNICIPAL,41.5,61.68,20.18,47.6,14.079999999999998,1,53.76,59.82,65.59,70.93,75.75,80.0,3,98.34983498349835,2700,116
2024.0,52.0,GO,5200852.0,Americano do Brasil,MUNICIPAL,74.3,78.87,4.570000000000007,75.18,3.6899999999999977,1,76.03,76.87,77.68,78.47,79.25,80.0,4,91.2280701754386,1131,129
2024.0,42.0,SC,4200101.0,Abelardo Luz,MUNICIPAL,64.8,59.88,-4.919999999999995,67.3,-7.419999999999995,0,69.69,71.98,74.16,76.22,78.17,80.0,2,88.28125,2861,186
2024.0,21.0,MA,2108306.0,Penalva,MUNICIPAL,55.5,63.88,8.380000000000003,59.53,4.350000000000001,1,63.48,67.25,70.81,74.13,77.2,80.0,3,92.04819277108432,2525,96
2024.0,31.0,MG,3118304.0,Conselheiro Lafaiete,MUNICIPAL,65.0,82.19,17.189999999999998,67.43,14.759999999999991,1,69.8,72.06,74.21,76.26,78.19,80.0,5,89.85943775100401,862,219
2024.0,41.0,PR,4123857.0,Santa Maria do Oeste,MUNICIPAL,76.3,70.26,-6.039999999999992,76.81,-6.549999999999997,0,77.37,77.91,78.45,78.98,79.49,80.0,4,89.33333333333333,1925,250
2024.0,22.0,PI,2202026.0,Buriti dos Montes,MUNICIPAL,84.9,98.33,13.429999999999993,80.0,18.33,1,80.0,80.0,80.0,80.0,80.0,80.0,5,98.33333333333331,84,10
2024.0,15.0,PA,1503093.0,Goianésia do Pará,MUNICIPAL,46.1,42.29,-3.8100000000000023,51.56,-9.270000000000003,0,57.03,62.33,67.36,72.01,76.24,80.0,1,85.22727272727273,4159,90
2024.0,32.0,ES,3204658.0,São Domingos do Norte,MUNICIPAL,88.1,84.74,-3.3599999999999994,80.0,4.739999999999995,1,80.0,80.0,80.0,80.0,80.0,80.0,5,90.56603773584906,686,15
2024.0,26.0,PE,2613800.0,São Vicente Férrer,MUNICIPAL,48.6,42.6,-6.0,53.76,-11.159999999999997,0,58.82,63.7,68.32,72.6,76.5,80.0,1,96.45390070921984,4136,164
2024.0,52.0,GO,5210406.0,Itaberaí,MUNICIPAL,79.0,81.22,2.219999999999999,79.11,2.1099999999999994,1,79.26,79.41,79.56,79.71,79.85,80.0,5,95.61243144424132,947,111
2024.0,43.0,RS,4308300.0,Fontoura Xavier,MUNICIPAL,62.1,60.0,-2.1000000000000014,65.01,-5.010000000000005,0,67.86,70.58,73.16,75.6,77.88,80.0,3,94.5945945945946,2836,123
2024.0,16.0,AP,1600253.0,Itaubal,MUNICIPAL,50.5,43.57,-6.93,55.34,-11.770000000000003,0,60.1,64.68,69.01,73.02,76.69,80.0,1,91.30434782608695,4085,10
2024.0,52.0,GO,5208509.0,Goiandira,MUNICIPAL,44.7,72.17,27.47,50.36,21.810000000000002,1,56.04,61.58,66.82,71.69,76.09,80.0,4,97.1830985915493,1749,166
2024.0,33.0,RJ,3306305.0,Volta Redonda,MUNICIPAL,60.1,63.25,3.1499999999999986,63.41,-0.1599999999999966,0,66.58,69.61,72.47,75.17,77.68,80.0,3,83.18703578663066,2574,39
2024.0,25.0,PB,2500304.0,Alagoa Grande,MUNICIPAL,31.3,28.48,-2.8200000000000003,38.31,-9.830000000000002,0,45.86,53.6,61.18,68.25,74.57,80.0,0,83.6461126005362,4785,202
2024.0,51.0,MT,5101803.0,Barra do Garças,MUNICIPAL,61.2,68.34,7.140000000000001,64.28,4.060000000000002,1,67.28,70.14,72.85,75.4,77.78,80.0,3,90.7103825136612,2120,58
2024.0,21.0,MA,2100436.0,Alto Alegre do Maranhão,MUNICIPAL,70.2,51.5,-18.700000000000003,71.78,-20.28,0,73.29,74.74,76.13,77.48,78.77,80.0,2,85.49222797927462,3537,152
2024.0,17.0,TO,1700301.0,Aguiarnópolis,MUNICIPAL,25.2,40.89,15.690000000000001,32.42,8.469999999999999,1,40.59,49.31,58.08,66.36,73.75,80.0,1,88.50574712643679,4235,87
2024.0,23.0,CE,2312304.0,São Benedito,MUNICIPAL,96.9,95.11,-1.7900000000000063,80.0,15.11,1,80.0,80.0,80.0,80.0,80.0,80.0,5,99.81884057971014,195,74
2024.0,21.0,MA,2106326.0,Maracaçumé,MUNICIPAL,58.0,41.67,-16.33,61.61,-19.939999999999998,0,65.14,68.51,71.7,74.68,77.45,80.0,1,91.56976744186046,4190,181
2024.0,41.0,PR,4112405.0,Japurá,MUNICIPAL,73.4,80.87,7.469999999999999,74.44,6.430000000000007,1,75.43,76.4,77.34,78.25,79.14,80.0,5,95.74468085106383,974,93
2024.0,24.0,RN,2413706.0,Sítio Novo,MUNICIPAL,28.7,48.74,20.040000000000003,35.88,12.86,1,43.71,51.87,59.94,67.49,74.24,80.0,1,92.85714285714286,3728,40
2024.0,15.0,PA,1503754.0,Jacareacanga,MUNICIPAL,,24.95,,,,,33.52,43.28,53.59,63.6,72.55,80.0,0,81.30434782608695,4874,126
2024.0,43.0,RS,4320263.0,Segredo,MUNICIPAL,75.0,84.9,9.900000000000006,75.76,9.14,1,76.51,77.24,77.95,78.65,79.33,80.0,5,85.36585365853658,673,14
2024.0,52.0,GO,5210604.0,Itaguaru,MUNICIPAL,81.7,89.89,8.189999999999998,80.0,9.89,1,80.0,80.0,80.0,80.0,80.0,80.0,5,98.0392156862745,408,47
2024.0,35.0,SP,3518859.0,Guatapará,MUNICIPAL,64.6,33.82,-30.779999999999994,67.08,-33.26,0,69.51,71.84,74.06,76.16,78.14,80.0,0,86.76470588235294,4599,572
2024.0,35.0,SP,3534203.0,Orindiúva,MUNICIPAL,43.6,48.15,4.549999999999997,49.39,-1.240000000000002,0,55.25,60.97,66.4,71.42,75.97,80.0,1,93.90243902439023,3764,502
2024.0,22.0,PI,2202851.0,Coronel José Dias,MUNICIPAL,61.1,61.36,0.259999999999998,64.26,-2.9000000000000057,0,67.26,70.12,72.84,75.39,77.78,80.0,3,100.0,2725,118
2024.0,43.0,RS,4315602.0,Rio Grande,MUNICIPAL,54.2,43.2,-11.0,58.45,-15.25,0,62.61,66.59,70.35,73.85,77.07,80.0,1,77.41300065659883,4102,292
2024.0,15.0,PA,1508357.0,Vitória do Xingu,MUNICIPAL,60.6,70.18,9.580000000000005,63.83,6.3500000000000085,1,66.91,69.86,72.65,75.28,77.73,80.0,4,87.95986622073578,1936,7
2024.0,41.0,PR,4122404.0,Rolândia,MUNICIPAL,73.4,71.84,-1.5600000000000023,74.42,-2.5799999999999983,0,75.42,76.39,77.33,78.25,79.14,80.0,4,85.97014925373134,1783,232
2024.0,42.0,SC,4215802.0,São Bento do Sul,MUNICIPAL,73.1,76.73,3.6300000000000097,74.17,2.5600000000000023,1,75.22,76.23,77.22,78.17,79.1,80.0,4,75.5771567436209,1340,71
2024.0,31.0,MG,3128709.0,Guaxupé,MUNICIPAL,53.5,66.93,13.430000000000007,57.85,9.080000000000005,1,62.12,66.22,70.09,73.69,76.99,80.0,3,93.0327868852459,2240,586
2024.0,41.0,PR,4128302.0,Uniflor,MUNICIPAL,60.2,73.33,13.129999999999995,63.5,9.829999999999998,1,66.65,69.66,72.51,75.19,77.69,80.0,4,83.33333333333334,1652,212
2024.0,13.0,AM,1303205.0,Novo Airão,MUNICIPAL,75.9,57.09,-18.810000000000002,76.5,-19.409999999999997,0,77.11,77.71,78.3,78.88,79.45,80.0,2,81.48148148148148,3089,11
2024.0,24.0,RN,2412005.0,São Gonçalo do Amarante,MUNICIPAL,52.3,32.480000000000004,-19.819999999999993,56.91,-24.429999999999993,0,61.37,65.65,69.68,73.44,76.88,80.0,0,76.61574618096357,4651,105
2024.0,25.0,PB,2514651.0,São José do Brejo do Cruz,MUNICIPAL,40.0,30.0,-10.0,46.27,-16.270000000000003,0,52.66,58.96,64.99,70.57,75.59,80.0,0,95.23809523809524,4736,199
2024.0,31.0,MG,3134301.0,Itumirim,MUNICIPAL,59.2,73.75,14.549999999999997,62.66,11.090000000000003,1,65.98,69.15,72.15,74.96,77.58,80.0,4,93.75,1622,439
2024.0,15.0,PA,1505601.0,Peixe-Boi,MUNICIPAL,53.8,84.31,30.510000000000005,58.11,26.200000000000003,1,62.33,66.38,70.2,73.75,77.03,80.0,5,94.5945945945946,717,1
2024.0,42.0,SC,4201653.0,Arvoredo,MUNICIPAL,75.7,77.94,2.239999999999995,76.36,1.5799999999999983,1,77.0,77.62,78.23,78.84,79.42,80.0,4,76.47058823529412,1205,54
2024.0,21.0,MA,2112001.0,Tasso Fragoso,MUNICIPAL,45.1,54.9,9.799999999999997,50.74,4.159999999999997,1,56.36,61.82,66.99,71.79,76.14,80.0,2,90.71428571428572,3274,140
2024.0,26.0,PE,2609709.0,Orobó,MUNICIPAL,61.2,91.54,30.340000000000003,64.34,27.200000000000003,1,67.32,70.17,72.87,75.42,77.79,80.0,5,97.91666666666666,336,8
2024.0,50.0,MS,5007976.0,Taquarussu,MUNICIPAL,78.9,85.45,6.549999999999997,79.02,6.430000000000007,1,79.18,79.35,79.51,79.68,79.84,80.0,5,100.0,636,3
2024.0,41.0,PR,4106555.0,Corumbataí do Sul,MUNICIPAL,87.3,87.98,0.6800000000000068,80.0,7.980000000000004,1,80.0,80.0,80.0,80.0,80.0,80.0,5,96.66666666666669,490,35
2024.0,43.0,RS,4310363.0,Imigrante,MUNICIPAL,78.2,50.0,-28.200000000000003,78.5,-28.5,0,78.75,79.01,79.26,79.51,79.76,80.0,2,92.3076923076923,3631,217
2024.0,22.0,PI,2207504.0,Palmeirais,MUNICIPAL,50.9,46.19,-4.710000000000001,55.7,-9.510000000000005,0,60.39,64.9,69.16,73.12,76.73,80.0,1,94.33962264150944,3913,171
2024.0,31.0,MG,3113107.0,Caranaíba,MUNICIPAL,70.0,83.33,13.329999999999998,71.59,11.739999999999995,1,73.13,74.62,76.05,77.42,78.74,80.0,5,92.3076923076923,777,197
2024.0,21.0,MA,2102077.0,Bom Lugar,MUNICIPAL,100.0,95.28,-4.719999999999999,80.0,15.280000000000001,1,80.0,80.0,80.0,80.0,80.0,80.0,5,99.05660377358492,185,7
2024.0,43.0,RS,4315156.0,Progresso,MUNICIPAL,78.4,64.8,-13.600000000000009,78.65,-13.850000000000009,0,78.88,79.11,79.33,79.56,79.78,80.0,3,90.9090909090909,2420,89
2024.0,21.0,MA,2107308.0,Nova Iorque,MUNICIPAL,77.4,51.24,-26.160000000000004,77.81,-26.57,0,78.19,78.56,78.93,79.29,79.65,80.0,2,92.15686274509804,3553,154
2024.0,26.0,PE,2605509.0,Ferreiros,MUNICIPAL,58.2,41.36,-16.840000000000003,61.78,-20.42,0,65.28,68.62,71.77,74.73,77.47,80.0,1,95.34883720930232,4208,165
2024.0,26.0,PE,2607307.0,Ipubi,MUNICIPAL,72.0,70.08,-1.9200000000000017,73.25,-3.1700000000000017,0,74.47,75.65,76.8,77.9,78.97,80.0,4,97.58064516129032,1946,60
2024.0,31.0,MG,3108552.0,Brasilândia de Minas,MUNICIPAL,76.7,76.71000000000001,0.010000000000005116,77.23,-0.519999999999996,0,77.71,78.18,78.65,79.1,79.56,80.0,4,91.55555555555556,1343,364
2024.0,15.0,PA,1504455.0,Medicilândia,MUNICIPAL,49.0,48.44,-0.5600000000000023,54.08,-5.640000000000001,0,59.08,63.9,68.46,72.68,76.54,80.0,1,74.68030690537084,3743,67
2024.0,31.0,MG,3171006.0,Vazante,MUNICIPAL,43.8,71.85000000000001,28.05000000000001,49.64,22.210000000000008,1,55.46,61.13,66.51,71.49,76.0,80.0,4,90.9090909090909,1780,482
2024.0,31.0,MG,3106655.0,Berizal,MUNICIPAL,68.3,83.33,15.030000000000001,70.18,13.149999999999991,1,72.0,73.74,75.42,77.02,78.55,80.0,5,93.33333333333331,777,197
2024.0,17.0,TO,1718865.0,Santa Fé do Araguaia,MUNICIPAL,16.7,31.33,14.629999999999999,23.48,7.849999999999998,1,32.01,41.94,52.56,62.96,72.28,80.0,0,75.26881720430107,4689,114
2024.0,35.0,SP,3533106.0,Nova Guataporanga,MUNICIPAL,66.7,83.33,16.629999999999995,68.83,14.5,1,70.92,72.91,74.82,76.64,78.37,80.0,5,94.73684210526316,777,65
2024.0,31.0,MG,3126752.0,Franciscópolis,MUNICIPAL,88.6,63.78,-24.819999999999993,80.0,-16.22,0,80.0,80.0,80.0,80.0,80.0,80.0,3,88.09523809523809,2533,635
2024.0,52.0,GO,5200902.0,Amorinópolis,MUNICIPAL,70.8,80.65,9.850000000000009,72.21,8.440000000000012,1,73.63,75.0,76.33,77.6,78.83,80.0,5,100.0,988,118
2024.0,31.0,MG,3115508.0,Caxambu,MUNICIPAL,76.4,78.2,1.7999999999999972,76.93,1.269999999999996,1,77.47,77.99,78.51,79.01,79.51,80.0,4,87.74193548387098,1179,316
2024.0,29.0,BA,2929107.0,São Felipe,MUNICIPAL,45.9,41.13,-4.769999999999996,51.43,-10.299999999999997,0,56.92,62.25,67.3,71.98,76.22,80.0,1,89.80891719745223,4216,116
2024.0,43.0,RS,4319158.0,São Miguel das Missões,MUNICIPAL,76.3,47.5,-28.799999999999997,76.86,-29.36,0,77.4,77.94,78.47,78.99,79.5,80.0,1,96.82539682539682,3810,240
2024.0,22.0,PI,2200459.0,Alvorada do Gurguéia,MUNICIPAL,68.4,41.74,-26.660000000000004,70.23,-28.490000000000002,0,72.04,73.78,75.44,77.04,78.55,80.0,1,92.3076923076923,4185,187
2024.0,43.0,RS,4320701.0,Sobradinho,MUNICIPAL,82.3,70.8,-11.5,80.0,-9.200000000000003,0,80.0,80.0,80.0,80.0,80.0,80.0,4,94.28571428571428,1869,52
2024.0,22.0,PI,2203008.0,Cristalândia do Piauí,MUNICIPAL,79.9,79.55,-0.3500000000000085,79.94,-0.39000000000000057,0,79.95,79.96,79.97,79.98,79.99,80.0,4,100.0,1079,66
2024.0,29.0,BA,2913507.0,Iguaí,MUNICIPAL,49.6,31.48,-18.12,54.55,-23.069999999999997,0,59.47,64.2,68.66,72.81,76.6,80.0,0,97.2972972972973,4685,241
2024.0,43.0,RS,4315909.0,Rodeio Bonito,MUNICIPAL,88.6,48.8,-39.8,80.0,-31.200000000000003,0,80.0,80.0,80.0,80.0,80.0,80.0,1,94.28571428571428,3722,232
2024.0,41.0,PR,4111407.0,Ivaí,MUNICIPAL,84.6,82.65,-1.9499999999999886,80.0,2.6500000000000057,1,80.0,80.0,80.0,80.0,80.0,80.0,5,93.01075268817203,826,79
2024.0,29.0,BA,2929404.0,São Miguel das Matas,MUNICIPAL,28.8,36.76,7.959999999999997,35.91,0.8500000000000014,1,43.74,51.89,59.95,67.5,74.24,80.0,0,93.15068493150685,4474,167
2024.0,26.0,PE,2600104.0,Afogados da Ingazeira,MUNICIPAL,66.6,70.19,3.5900000000000034,68.77,1.4200000000000017,1,70.86,72.87,74.8,76.63,78.36,80.0,4,97.48110831234256,1932,59
2024.0,25.0,PB,2501104.0,Areia,MUNICIPAL,85.1,90.53,5.430000000000007,80.0,10.530000000000001,1,80.0,80.0,80.0,80.0,80.0,80.0,5,94.64285714285714,378,21
2024.0,31.0,MG,3119203.0,Coroaci,MUNICIPAL,56.2,73.42,17.22,60.17,13.25,1,63.99,67.63,71.08,74.3,77.28,80.0,4,94.11764705882352,1644,447
2024.0,35.0,SP,3536307.0,Patrocínio Paulista,MUNICIPAL,44.7,67.0,22.299999999999997,50.36,16.64,1,56.04,61.58,66.82,71.69,76.09,80.0,3,94.05940594059405,2233,219
2024.0,17.0,TO,1703701.0,Brejinho de Nazaré,MUNICIPAL,38.1,49.45,11.350000000000001,44.57,4.880000000000003,1,51.24,57.85,64.2,70.09,75.38,80.0,1,95.45454545454544,3681,59
2024.0,31.0,MG,3103702.0,Araponga,MUNICIPAL,47.1,91.67,44.57,52.43,39.24,1,57.74,62.87,67.74,72.24,76.34,80.0,5,92.3076923076923,322,52
2024.0,26.0,PE,2600401.0,Água Preta,MUNICIPAL,61.1,55.57,-5.530000000000001,64.26,-8.690000000000005,0,67.26,70.12,72.84,75.39,77.78,80.0,2,94.56521739130434,3213,130
2024.0,31.0,MG,3128204.0,Guaraciaba,MUNICIPAL,,75.0,,,,,75.89,76.76,77.6,78.42,79.22,80.0,4,80.0,1497,414
2024.0,43.0,RS,4319752.0,São Vendelino,MUNICIPAL,100.0,25.0,-75.0,80.0,-55.0,0,80.0,80.0,80.0,80.0,80.0,80.0,0,100.0,4869,397
2024.0,13.0,AM,1303403.0,Parintins,MUNICIPAL,51.9,51.36,-0.5399999999999991,56.53,-5.170000000000002,0,61.06,65.41,69.52,73.34,76.83,80.0,2,86.28509719222463,3546,16
2024.0,23.0,CE,2306900.0,Jaguaribe,MUNICIPAL,86.0,89.25,3.25,80.0,9.25,1,80.0,80.0,80.0,80.0,80.0,80.0,5,99.11242603550296,437,115
2024.0,35.0,SP,3517109.0,Glicério,MUNICIPAL,70.6,86.84,16.24000000000001,72.12,14.719999999999999,1,73.56,74.95,76.29,77.57,78.81,80.0,5,95.0,558,46
2024.0,42.0,SC,4209151.0,José Boiteux,MUNICIPAL,37.1,52.77,15.670000000000002,43.68,9.090000000000003,1,50.48,57.27,63.79,69.84,75.27,80.0,2,70.23809523809523,3435,220
2024.0,24.0,RN,2406205.0,Lagoa d'Anta,MUNICIPAL,,11.65,,,,,19.26,29.54,42.43,56.43,69.47,80.0,0,74.28571428571429,4972,139
2024.0,41.0,PR,4103370.0,Brasilândia do Sul,MUNICIPAL,74.3,77.7,3.4000000000000057,75.19,2.510000000000005,1,76.04,76.88,77.69,78.48,79.25,80.0,4,97.2972972972973,1233,140
2024.0,43.0,RS,4311106.0,Jaguari,MUNICIPAL,64.9,53.4,-11.500000000000007,67.37,-13.970000000000006,0,69.74,72.02,74.18,76.24,78.18,80.0,2,91.48936170212764,3393,187
2024.0,43.0,RS,4307203.0,Erval Grande,MUNICIPAL,92.0,38.8,-53.2,80.0,-41.2,0,80.0,80.0,80.0,80.0,80.0,80.0,0,92.85714285714286,4353,335
2024.0,31.0,MG,3120706.0,Cruzeiro da Fortaleza,MUNICIPAL,62.4,80.92,18.520000000000003,65.32,15.600000000000009,1,68.1,70.77,73.29,75.68,77.92,80.0,5,94.8051948051948,968,257
2024.0,41.0,PR,4110953.0,Itaipulândia,MUNICIPAL,86.9,84.64,-2.260000000000005,80.0,4.640000000000001,1,80.0,80.0,80.0,80.0,80.0,80.0,5,85.64356435643565,690,59
2024.0,43.0,RS,4322558.0,Vanini,MUNICIPAL,83.7,69.2,-14.5,80.0,-10.799999999999997,0,80.0,80.0,80.0,80.0,80.0,80.0,3,76.47058823529412,2032,60
2024.0,32.0,ES,3202454.0,Ibatiba,MUNICIPAL,80.5,82.36,1.8599999999999994,80.0,2.3599999999999994,1,80.0,80.0,80.0,80.0,80.0,80.0,5,92.93478260869566,846,23
2024.0,31.0,MG,3103108.0,Antônio Prado de Minas,MUNICIPAL,78.6,86.67,8.070000000000007,78.78,7.890000000000001,1,78.99,79.19,79.4,79.6,79.8,80.0,5,88.23529411764706,564,129
2024.0,31.0,MG,3109303.0,Buritis,MUNICIPAL,52.1,62.9,10.799999999999997,56.75,6.149999999999999,1,61.24,65.54,69.61,73.39,76.86,80.0,3,87.95180722891565,2597,646
2024.0,31.0,MG,3153707.0,Quartel Geral,MUNICIPAL,42.5,63.55,21.049999999999997,48.47,15.079999999999998,1,54.49,60.38,65.98,71.17,75.86,80.0,3,76.0,2551,639
2024.0,17.0,TO,1705557.0,Combinado,MUNICIPAL,62.1,56.14,-5.960000000000001,65.04,-8.900000000000006,0,67.88,70.6,73.18,75.61,77.88,80.0,2,96.49122807017544,3165,35
2024.0,21.0,MA,2111003.0,São João Batista,MUNICIPAL,29.5,58.4,28.9,36.65,21.75,1,44.4,52.43,60.34,67.74,74.35,80.0,2,90.81632653061224,2977,117
2024.0,43.0,RS,4303806.0,Campinas do Sul,MUNICIPAL,91.5,68.0,-23.5,80.0,-12.0,0,80.0,80.0,80.0,80.0,80.0,80.0,3,100.0,2152,68
2024.0,35.0,SP,3529203.0,Martinópolis,MUNICIPAL,53.0,63.56,10.560000000000002,57.49,6.07,1,61.84,66.0,69.93,73.59,76.95,80.0,3,94.6078431372549,2549,269
2024.0,51.0,MT,5106778.0,Porto Alegre do Norte,MUNICIPAL,31.1,53.25,22.15,38.13,15.119999999999997,1,45.7,53.48,61.09,68.2,74.55,80.0,2,87.29281767955801,3406,107
2024.0,43.0,RS,4312005.0,Mariano Moro,MUNICIPAL,94.1,58.3,-35.8,80.0,-21.700000000000003,0,80.0,80.0,80.0,80.0,80.0,80.0,2,75.0,2988,141
2024.0,35.0,SP,3508009.0,Buri,MUNICIPAL,48.9,63.24,14.340000000000003,53.99,9.25,1,59.01,63.85,68.42,72.66,76.53,80.0,3,94.5578231292517,2576,275
2024.0,27.0,AL,2701605.0,Canapi,MUNICIPAL,45.5,62.21,16.71,51.08,11.130000000000003,1,56.64,62.03,67.15,71.88,76.18,80.0,3,97.54901960784314,2660,22
2024.0,31.0,MG,3140159.0,Mário Campos,MUNICIPAL,70.4,74.09,3.6899999999999977,71.88,2.210000000000008,1,73.37,74.8,76.18,77.51,78.78,80.0,4,88.16568047337277,1587,429
2024.0,28.0,SE,2802007.0,Divina Pastora,MUNICIPAL,39.3,19.53,-19.769999999999996,45.68,-26.15,0,52.17,58.58,64.72,70.4,75.52,80.0,0,94.44444444444444,4943,67
2024.0,28.0,SE,2806909.0,São Francisco,MUNICIPAL,34.8,81.25,46.45,41.56,39.69,1,48.68,55.84,62.78,69.22,75.0,80.0,5,94.11764705882352,943,1
2024.0,29.0,BA,2914901.0,Itacaré,MUNICIPAL,32.3,31.19,-1.1099999999999959,39.28,-8.09,0,46.71,54.28,61.67,68.55,74.7,80.0,0,85.8267716535433,4697,243
2024.0,41.0,PR,4103479.0,Cafezal do Sul,MUNICIPAL,55.7,64.76,9.060000000000002,59.73,5.030000000000008,1,63.64,67.37,70.9,74.19,77.22,80.0,3,87.5,2426,293
2024.0,52.0,GO,5209606.0,Heitoraí,MUNICIPAL,53.6,83.54,29.940000000000005,57.96,25.580000000000005,1,62.21,66.29,70.13,73.71,77.01,80.0,5,91.66666666666666,762,87
2024.0,29.0,BA,2930907.0,Tabocas do Brejo Velho,MUNICIPAL,35.8,43.31,7.510000000000005,42.53,0.7800000000000011,1,49.5,56.5,63.24,69.5,75.12,80.0,1,96.21212121212122,4093,93
2024.0,52.0,GO,5205471.0,Chapadão do Céu,MUNICIPAL,80.0,87.51,7.510000000000005,80.0,7.510000000000005,1,80.0,80.0,80.0,80.0,80.0,80.0,5,96.74418604651164,517,58
2024.0,22.0,PI,2207405.0,Palmeira do Piauí,MUNICIPAL,70.8,72.22,1.4200000000000017,72.28,-0.060000000000002274,0,73.69,75.05,76.36,77.62,78.83,80.0,4,100.0,1742,86
2024.0,31.0,MG,3140407.0,Marmelópolis,MUNICIPAL,76.8,84.57000000000001,7.77000000000001,77.3,7.27000000000001,1,77.76,78.22,78.68,79.13,79.57,80.0,5,96.29629629629628,701,183
2024.0,27.0,AL,2702553.0,Estrela de Alagoas,MUNICIPAL,34.6,36.15,1.5499999999999972,41.35,-5.200000000000003,0,48.49,55.7,62.68,69.16,74.97,80.0,0,91.94630872483222,4506,83
2024.0,29.0,BA,2925808.0,Queimadas,MUNICIPAL,27.4,30.32,2.9200000000000017,34.54,-4.219999999999999,0,42.51,50.9,59.23,67.06,74.05,80.0,0,95.43147208121827,4729,259
2024.0,23.0,CE,2300408.0,Aiuaba,MUNICIPAL,75.1,75.83,0.730000000000004,75.88,-0.04999999999999716,0,76.61,77.31,78.01,78.69,79.35,80.0,4,97.46835443037976,1431,155
2024.0,41.0,PR,4120804.0,Quatro Barras,MUNICIPAL,66.8,67.24,0.4399999999999977,68.92,-1.6800000000000068,0,70.99,72.97,74.86,76.67,78.38,80.0,3,90.7563025210084,2215,279
2024.0,28.0,SE,2802205.0,Feira Nova,MUNICIPAL,29.6,26.0,-3.6000000000000014,36.69,-10.689999999999998,0,44.44,52.46,60.36,67.75,74.35,80.0,0,97.75280898876404,4851,60
2024.0,35.0,SP,3504701.0,Balbinos,MUNICIPAL,100.0,100.0,0.0,80.0,20.0,1,80.0,80.0,80.0,80.0,80.0,80.0,5,100.0,1,1
2024.0,28.0,SE,2801306.0,Capela,MUNICIPAL,33.5,35.78,2.280000000000001,40.4,-4.619999999999997,0,47.68,55.05,62.22,68.88,74.85,80.0,0,91.11747851002865,4528,34
2024.0,12.0,AC,1200054.0,Assis Brasil,MUNICIPAL,,49.17,,,,,55.08,60.83,66.3,71.37,75.95,80.0,1,83.06451612903226,3699,8
2024.0,17.0,TO,1721109.0,Tocantínia,MUNICIPAL,43.0,51.16,8.159999999999997,48.88,2.279999999999994,1,54.82,60.64,66.17,71.28,75.91,80.0,2,92.72727272727272,3562,52
2024.0,31.0,MG,3150901.0,Piranguçu,MUNICIPAL,66.3,78.97,12.670000000000002,68.5,10.469999999999999,1,70.65,72.71,74.68,76.55,78.33,80.0,4,90.47619047619048,1123,298
2024.0,28.0,SE,2804102.0,Moita Bonita,MUNICIPAL,43.2,58.01,14.809999999999995,49.05,8.96,1,54.97,60.75,66.24,71.33,75.93,80.0,2,98.91304347826086,3013,8
2024.0,35.0,SP,3528502.0,Mairiporã,MUNICIPAL,55.0,63.31,8.310000000000002,59.15,4.160000000000004,1,63.17,67.01,70.64,74.03,77.15,80.0,3,92.1971252566735,2565,273
2024.0,13.0,AM,1301506.0,Envira,MUNICIPAL,,19.3,,,,,27.7,37.99,49.47,61.02,71.45,80.0,0,74.5945945945946,4945,53
2024.0,50.0,MS,5003488.0,Dois Irmãos do Buriti,MUNICIPAL,38.2,39.87,1.6699999999999946,44.63,-4.760000000000005,0,51.28,57.89,64.23,70.1,75.39,80.0,0,94.88372093023256,4291,68
2024.0,42.0,SC,4204509.0,Corupá,MUNICIPAL,61.2,79.7,18.5,64.27,15.430000000000007,1,67.27,70.13,72.84,75.4,77.78,80.0,4,81.46551724137932,1068,42
2024.0,31.0,MG,3138203.0,Lavras,MUNICIPAL,56.2,67.11,10.909999999999997,60.18,6.93,1,64.0,67.64,71.09,74.31,77.28,80.0,3,86.08187134502924,2227,584
2024.0,41.0,PR,4120408.0,Presidente Castelo Branco,MUNICIPAL,76.2,62.98,-13.220000000000006,76.81,-13.830000000000005,0,77.36,77.91,78.45,78.97,79.49,80.0,3,81.13207547169812,2592,309
2024.0,29.0,BA,2932457.0,Umburanas,MUNICIPAL,21.3,22.95,1.6499999999999986,28.46,-5.510000000000002,0,36.89,46.2,55.78,64.95,73.14,80.0,0,92.42424242424242,4906,346
2024.0,32.0,ES,3205036.0,Vargem Alta,MUNICIPAL,70.9,72.05,1.1499999999999915,72.36,-0.3100000000000023,0,73.75,75.1,76.39,77.64,78.85,80.0,4,93.33333333333331,1762,55
2024.0,21.0,MA,2104057.0,Estreito,MUNICIPAL,54.9,59.79,4.890000000000001,59.05,0.740000000000002,1,63.09,66.96,70.6,74.01,77.14,80.0,2,89.76660682226212,2869,110
2024.0,25.0,PB,2513802.0,Santa Teresinha,MUNICIPAL,40.4,42.77,2.3700000000000045,46.65,-3.8799999999999955,0,52.98,59.21,65.16,70.67,75.64,80.0,1,87.5,4131,170
2024.0,35.0,SP,3542008.0,Quintana,MUNICIPAL,51.7,64.71000000000001,13.010000000000005,56.38,8.330000000000005,1,60.94,65.32,69.46,73.3,76.82,80.0,3,97.14285714285714,2432,248
2024.0,31.0,MG,3132107.0,Itacarambi,MUNICIPAL,49.5,72.78,23.28,54.5,18.28,1,59.42,64.16,68.64,72.8,76.59,80.0,4,93.28358208955224,1701,461
2024.0,35.0,SP,3526605.0,Lavrinhas,MUNICIPAL,52.7,46.14,-6.560000000000002,57.18,-11.04,0,61.59,65.81,69.8,73.51,76.91,80.0,1,94.31818181818184,3916,528
2024.0,24.0,RN,2411403.0,Santana do Matos,MUNICIPAL,21.7,51.92,30.220000000000002,28.87,23.05,1,37.27,46.53,56.03,65.1,73.2,80.0,2,84.0,3499,30
2024.0,41.0,PR,4104402.0,Cândido de Abreu,MUNICIPAL,83.3,85.54,2.240000000000009,80.0,5.540000000000006,1,80.0,80.0,80.0,80.0,80.0,80.0,5,87.93103448275862,631,48
2024.0,25.0,PB,2505238.0,Cuité de Mamanguape,MUNICIPAL,10.3,22.16,11.86,16.05,6.109999999999999,1,24.09,34.51,46.65,59.21,70.67,80.0,0,78.3132530120482,4915,209
2024.0,29.0,BA,2931806.0,Tremedal,MUNICIPAL,49.5,42.86,-6.640000000000001,54.5,-11.64,0,59.42,64.16,68.64,72.8,76.59,80.0,1,98.71794871794872,4123,98
2024.0,52.0,GO,5204607.0,Campestre de Goiás,MUNICIPAL,79.4,93.62,14.219999999999999,79.44,14.180000000000007,1,79.54,79.63,79.72,79.82,79.91,80.0,5,100.0,252,32
2024.0,31.0,MG,3130903.0,Inhapim,MUNICIPAL,68.6,84.81,16.210000000000008,70.4,14.409999999999997,1,72.17,73.88,75.52,77.08,78.58,80.0,5,94.375,682,178
2024.0,35.0,SP,3521150.0,Ipiguá,MUNICIPAL,48.0,43.3,-4.700000000000003,53.23,-9.93,0,58.39,63.38,68.09,72.46,76.44,80.0,1,90.66666666666666,4095,556
2024.0,21.0,MA,2111672.0,São Roberto,MUNICIPAL,48.2,35.69,-12.510000000000005,53.44,-17.75,0,58.56,63.5,68.18,72.51,76.46,80.0,0,93.33333333333331,4533,198
2024.0,43.0,RS,4309654.0,Hulha Negra,MUNICIPAL,70.2,42.8,-27.400000000000006,71.75,-28.950000000000003,0,73.26,74.72,76.12,77.47,78.76,80.0,1,81.03448275862068,4128,297
2024.0,29.0,BA,2929008.0,São Félix,MUNICIPAL,32.1,31.33,-0.7700000000000031,39.05,-7.719999999999999,0,46.51,54.12,61.55,68.48,74.67,80.0,0,95.40229885057472,4689,242
2024.0,13.0,AM,1304104.0,Tapauá,MUNICIPAL,49.3,51.81,2.510000000000005,54.31,-2.5,0,59.27,64.05,68.56,72.75,76.57,80.0,2,89.75609756097562,3506,15
2024.0,43.0,RS,4310579.0,Itapuca,MUNICIPAL,80.6,76.5,-4.099999999999994,80.0,-3.5,0,80.0,80.0,80.0,80.0,80.0,80.0,4,100.0,1358,33
2024.0,31.0,MG,3135357.0,Japonvar,MUNICIPAL,75.0,60.75,-14.25,75.72,-14.969999999999999,0,76.48,77.21,77.93,78.64,79.33,80.0,3,94.87179487179486,2773,667
2024.0,31.0,MG,3162658.0,São João do Pacuí,MUNICIPAL,74.2,86.4,12.200000000000003,75.08,11.320000000000007,1,75.95,76.8,77.63,78.44,79.23,80.0,5,88.0,580,136
2024.0,35.0,SP,3537305.0,Penápolis,MUNICIPAL,60.6,61.01,0.4099999999999966,63.79,-2.780000000000001,0,66.89,69.84,72.64,75.27,77.72,80.0,3,93.91100702576112,2753,319
2024.0,35.0,SP,3528858.0,Marapoama,MUNICIPAL,94.7,100.0,5.299999999999997,80.0,20.0,1,80.0,80.0,80.0,80.0,80.0,80.0,5,92.5,1,1
2024.0,31.0,MG,3120003.0,Córrego Novo,MUNICIPAL,46.7,62.81,16.11,52.11,10.700000000000003,1,57.48,62.68,67.6,72.16,76.3,80.0,3,91.42857142857144,2608,648
2024.0,41.0,PR,4110656.0,Iracema do Oeste,MUNICIPAL,92.9,85.71000000000001,-7.189999999999998,80.0,5.710000000000008,1,80.0,80.0,80.0,80.0,80.0,80.0,5,96.42857142857144,615,44
2024.0,23.0,CE,2300200.0,Acaraú,MUNICIPAL,95.8,97.71,1.9099999999999966,80.0,17.709999999999994,1,80.0,80.0,80.0,80.0,80.0,80.0,5,95.53775743707094,103,48
2024.0,33.0,RJ,3304003.0,Piraí,MUNICIPAL,58.8,60.43,1.6300000000000026,62.31,-1.8800000000000026,0,65.7,68.94,72.0,74.87,77.54,80.0,3,83.43373493975903,2802,42
2024.0,23.0,CE,2313559.0,Tururu,MUNICIPAL,89.2,95.29,6.090000000000003,80.0,15.290000000000006,1,80.0,80.0,80.0,80.0,80.0,80.0,5,97.47899159663864,184,71
2024.0,28.0,SE,2806305.0,Santa Luzia do Itanhy,MUNICIPAL,25.9,22.15,-3.75,33.12,-10.969999999999999,0,41.22,49.84,58.46,66.59,73.85,80.0,0,93.93939393939394,4916,63
2024.0,17.0,TO,1712157.0,Lavandeira,MUNICIPAL,69.2,58.81,-10.39,70.95,-12.14,0,72.62,74.22,75.76,77.24,78.65,80.0,2,96.66666666666669,2943,30
2024.0,24.0,RN,2411106.0,Ruy Barbosa,MUNICIPAL,58.2,35.0,-23.200000000000003,61.84,-26.840000000000003,0,65.33,68.65,71.8,74.75,77.48,80.0,0,74.07407407407408,4556,95
2024.0,35.0,SP,3545704.0,Santa Albertina,MUNICIPAL,65.6,58.21,-7.3899999999999935,67.95,-9.740000000000002,0,70.21,72.37,74.44,76.4,78.25,80.0,2,97.01492537313432,2998,362
2024.0,52.0,GO,5219704.0,Santa Terezinha de Goiás,MUNICIPAL,84.8,96.08,11.280000000000001,80.0,16.08,1,80.0,80.0,80.0,80.0,80.0,80.0,5,92.94117647058825,153,18
2024.0,26.0,PE,2615904.0,Tuparetama,MUNICIPAL,77.1,82.52,5.420000000000002,77.54,4.97999999999999,1,77.96,78.38,78.8,79.2,79.6,80.0,5,98.0,839,27
2024.0,27.0,AL,2703759.0,Jequiá da Praia,MUNICIPAL,50.2,95.65,45.45,55.12,40.53000000000001,1,59.93,64.55,68.91,72.96,76.67,80.0,5,97.45762711864408,172,2
2024.0,29.0,BA,2921450.0,Mirante,MUNICIPAL,52.2,46.15,-6.050000000000004,56.77,-10.620000000000005,0,61.26,65.56,69.62,73.4,76.86,80.0,1,92.85714285714286,3914,72
2024.0,51.0,MT,5101258.0,Araputanga,MUNICIPAL,48.5,60.47,11.969999999999999,53.64,6.829999999999998,1,58.73,63.63,68.27,72.57,76.49,80.0,3,95.23809523809524,2799,86
2024.0,52.0,GO,5218508.0,Quirinópolis,MUNICIPAL,67.0,80.29,13.290000000000006,69.08,11.210000000000008,1,71.11,73.07,74.93,76.71,78.4,80.0,5,96.45390070921984,1012,120
2024.0,21.0,MA,2109304.0,Presidente Vargas,MUNICIPAL,44.3,47.82,3.520000000000003,50.02,-2.200000000000003,0,55.77,61.36,66.67,71.59,76.05,80.0,1,86.23853211009175,3791,167
2024.0,43.0,RS,4311759.0,Manoel Viana,MUNICIPAL,28.6,50.0,21.4,35.72,14.280000000000001,1,43.57,51.76,59.86,67.45,74.22,80.0,2,75.0,3631,217
2024.0,35.0,SP,3539806.0,Poá,MUNICIPAL,54.5,51.72,-2.780000000000001,58.69,-6.969999999999999,0,62.8,66.74,70.45,73.91,77.1,80.0,2,85.86080586080585,3513,465
2024.0,27.0,AL,2702306.0,Coruripe,MUNICIPAL,94.1,92.03,-2.069999999999993,80.0,12.030000000000001,1,80.0,80.0,80.0,80.0,80.0,80.0,5,96.33251833740832,310,4
2024.0,35.0,SP,3508306.0,Cabrália Paulista,MUNICIPAL,79.4,78.11,-1.2900000000000063,79.5,-1.3900000000000006,0,79.58,79.66,79.75,79.83,79.92,80.0,4,94.23076923076924,1186,100
2024.0,35.0,SP,3510500.0,Caraguatatuba,MUNICIPAL,54.3,58.19,3.8900000000000006,58.59,-0.4000000000000057,0,62.72,66.68,70.41,73.88,77.08,80.0,2,88.99408284023669,3001,363
2024.0,17.0,TO,1707009.0,Dianópolis,MUNICIPAL,51.8,61.27,9.470000000000006,56.47,4.800000000000004,1,61.01,65.37,69.49,73.32,76.83,80.0,3,88.93129770992367,2732,19
2024.0,33.0,RJ,3305505.0,Saquarema,MUNICIPAL,63.5,62.51,-0.990000000000002,66.24,-3.729999999999997,0,68.84,71.33,73.7,75.93,78.03,80.0,3,82.24687933425797,2629,40
2024.0,35.0,SP,3533908.0,Olímpia,MUNICIPAL,61.2,74.72,13.519999999999996,64.26,10.459999999999994,1,67.26,70.13,72.84,75.4,77.78,80.0,4,91.53976311336716,1534,129
2024.0,25.0,PB,2504306.0,Catolé do Rocha,MUNICIPAL,55.2,45.82,-9.380000000000003,59.32,-13.5,0,63.31,67.12,70.72,74.08,77.17,80.0,1,86.66666666666667,3932,156
2024.0,52.0,GO,5215009.0,Nova Veneza,MUNICIPAL,86.4,76.22,-10.180000000000007,80.0,-3.780000000000001,0,80.0,80.0,80.0,80.0,80.0,80.0,4,98.33333333333331,1390,146
2024.0,26.0,PE,2602704.0,Buenos Aires,MUNICIPAL,63.0,85.53,22.53,65.79,19.739999999999995,1,68.48,71.05,73.5,75.81,77.98,80.0,5,99.2,632,19
2024.0,31.0,MG,3106200.0,Belo Horizonte,MUNICIPAL,57.6,68.58,10.979999999999997,61.33,7.25,1,64.91,68.34,71.58,74.61,77.42,80.0,3,83.08281756557618,2097,555
2024.0,24.0,RN,2406403.0,Lagoa de Velhos,MUNICIPAL,41.7,29.67,-12.030000000000001,47.75,-18.08,0,53.89,59.92,65.66,70.97,75.77,80.0,0,79.41176470588235,4750,120
2024.0,26.0,PE,2610509.0,Passira,MUNICIPAL,74.9,76.23,1.3299999999999983,75.67,0.5600000000000023,1,76.43,77.18,77.91,78.62,79.32,80.0,4,93.48837209302326,1389,44
2024.0,31.0,MG,3105103.0,Bambuí,MUNICIPAL,66.0,80.48,14.480000000000004,68.24,12.240000000000009,1,70.44,72.55,74.56,76.48,78.29,80.0,5,88.95027624309392,997,265
2024.0,41.0,PR,4122305.0,Rio Negro,MUNICIPAL,85.2,88.56,3.3599999999999994,80.0,8.560000000000002,1,80.0,80.0,80.0,80.0,80.0,80.0,5,91.83168316831684,460,27
2024.0,31.0,MG,3164308.0,São Roque de Minas,MUNICIPAL,71.2,77.02,5.819999999999993,72.56,4.459999999999994,1,73.91,75.22,76.48,77.7,78.87,80.0,4,78.43137254901961,1305,353
2024.0,43.0,RS,4308904.0,Getúlio Vargas,MUNICIPAL,73.5,52.3,-21.200000000000003,74.54,-22.24000000000001,0,75.51,76.46,77.39,78.28,79.15,80.0,2,94.11764705882352,3478,198
2024.0,43.0,RS,4313086.0,Nova Pádua,MUNICIPAL,84.6,57.9,-26.699999999999996,80.0,-22.1,0,80.0,80.0,80.0,80.0,80.0,80.0,2,95.0,3020,147
2024.0,31.0,MG,3115706.0,Central de Minas,MUNICIPAL,71.3,72.79,1.490000000000009,72.65,0.14000000000000057,1,73.98,75.27,76.52,77.73,78.89,80.0,4,94.82758620689656,1700,460
2024.0,21.0,MA,2101202.0,Bacabal,MUNICIPAL,45.7,51.38,5.68,51.22,0.1600000000000037,1,56.75,62.12,67.21,71.92,76.19,80.0,2,93.95833333333331,3544,153
2024.0,31.0,MG,3138401.0,Leopoldina,MUNICIPAL,58.7,65.18,6.480000000000004,62.21,2.970000000000006,1,65.62,68.88,71.96,74.84,77.53,80.0,3,88.81578947368422,2388,615
2024.0,41.0,PR,4114906.0,Marilândia do Sul,MUNICIPAL,72.1,84.99,12.89,73.34,11.649999999999991,1,74.54,75.71,76.84,77.93,78.98,80.0,5,90.0,667,56
2024.0,31.0,MG,3136108.0,Joanésia,MUNICIPAL,95.1,85.58,-9.519999999999996,80.0,5.579999999999998,1,80.0,80.0,80.0,80.0,80.0,80.0,5,93.10344827586206,628,153
2024.0,25.0,PB,2516508.0,Taperoá,MUNICIPAL,78.3,90.59,12.290000000000006,78.57,12.02000000000001,1,78.82,79.06,79.3,79.53,79.77,80.0,5,91.7910447761194,376,20
2024.0,21.0,MA,2101707.0,Barreirinhas,MUNICIPAL,50.4,78.52,28.119999999999997,55.23,23.29,1,60.01,64.61,68.96,72.99,76.68,80.0,4,96.7005076142132,1156,33
2024.0,43.0,RS,4316477.0,Salvador das Missões,MUNICIPAL,100.0,44.4,-55.6,80.0,-35.6,0,80.0,80.0,80.0,80.0,80.0,80.0,1,90.0,4026,277
2024.0,31.0,MG,3106705.0,Betim,MUNICIPAL,53.9,66.62,12.720000000000006,58.25,8.370000000000005,1,62.45,66.47,70.26,73.79,77.04,80.0,3,87.60469011725294,2278,593
2024.0,43.0,RS,4317202.0,Santa Rosa,MUNICIPAL,72.4,58.8,-13.600000000000009,73.6,-14.799999999999997,0,74.76,75.87,76.96,78.01,79.02,80.0,2,93.573264781491,2944,136
2024.0,43.0,RS,4308433.0,Forquetinha,MUNICIPAL,60.8,55.2,-5.599999999999994,63.97,-8.769999999999996,0,67.03,69.95,72.72,75.32,77.75,80.0,2,86.95652173913044,3245,168
2024.0,35.0,SP,3521903.0,Itajobi,MUNICIPAL,85.1,82.74,-2.3599999999999994,80.0,2.739999999999995,1,80.0,80.0,80.0,80.0,80.0,80.0,5,96.07843137254902,821,68
2024.0,11.0,RO,1100148.0,Nova Brasilândia D'Oeste,MUNICIPAL,74.8,75.61,0.8100000000000023,75.6,0.010000000000005116,1,76.38,77.14,77.88,78.6,79.31,80.0,4,93.3852140077821,1449,7
2024.0,32.0,ES,3202009.0,Dores do Rio Preto,MUNICIPAL,84.3,81.34,-2.9599999999999937,80.0,1.3400000000000034,1,80.0,80.0,80.0,80.0,80.0,80.0,5,95.37037037037037,936,31
2024.0,23.0,CE,2305654.0,Ipaporanga,MUNICIPAL,97.5,99.16,1.6599999999999966,80.0,19.159999999999997,1,80.0,80.0,80.0,80.0,80.0,80.0,5,98.4126984126984,60,18
2024.0,35.0,SP,3505302.0,Barra Bonita,MUNICIPAL,57.6,80.01,22.410000000000004,61.33,18.680000000000007,1,64.91,68.34,71.58,74.61,77.42,80.0,5,92.10526315789474,1032,80
2024.0,15.0,PA,1507201.0,São Domingos do Capim,MUNICIPAL,30.8,32.97,2.169999999999998,37.87,-4.899999999999999,0,45.48,53.3,60.96,68.12,74.51,80.0,0,82.51121076233184,4635,117
2024.0,35.0,SP,3551009.0,São Vicente,MUNICIPAL,43.1,47.93,4.829999999999998,49.01,-1.0799999999999983,0,54.93,60.72,66.22,71.32,75.93,80.0,1,88.90211246652781,3779,506
2024.0,17.0,TO,1712702.0,Mateiros,MUNICIPAL,27.6,9.09,-18.51,34.77,-25.680000000000003,0,42.72,51.07,59.35,67.14,74.09,80.0,0,91.66666666666666,4976,133
2024.0,51.0,MT,5103403.0,Cuiabá,MUNICIPAL,53.9,46.56,-7.339999999999996,58.26,-11.699999999999996,0,62.45,66.47,70.26,73.79,77.04,80.0,1,84.04669260700389,3888,122
2024.0,31.0,MG,3171402.0,Vieiras,MUNICIPAL,50.4,74.62,24.220000000000006,55.31,19.310000000000002,1,60.08,64.66,68.99,73.01,76.69,80.0,4,85.71428571428571,1542,421
2024.0,41.0,PR,4111258.0,Itaperuçu,MUNICIPAL,56.4,52.370000000000005,-4.029999999999994,60.35,-7.979999999999997,0,64.13,67.75,71.16,74.35,77.3,80.0,2,89.87854251012146,3474,356
2024.0,43.0,RS,4308706.0,Gaurama,MUNICIPAL,78.8,74.7,-4.099999999999994,78.98,-4.280000000000001,0,79.16,79.33,79.5,79.67,79.83,80.0,4,97.91666666666666,1536,42
2024.0,27.0,AL,2706208.0,Palestina,MUNICIPAL,33.7,51.18,17.479999999999997,40.59,10.589999999999996,1,47.84,55.19,62.31,68.94,74.87,80.0,2,94.11764705882352,3560,40
2024.0,35.0,SP,3545407.0,Salto Grande,MUNICIPAL,60.2,44.94,-15.260000000000005,63.49,-18.550000000000004,0,66.65,69.66,72.51,75.19,77.69,80.0,1,89.2156862745098,3994,540
2024.0,33.0,RJ,3304755.0,São Francisco de Itabapoana,MUNICIPAL,43.5,47.47,3.969999999999999,49.36,-1.8900000000000006,0,55.22,60.94,66.38,71.41,75.97,80.0,1,87.74774774774775,3817,73
2024.0,26.0,PE,2615201.0,Terra Nova,MUNICIPAL,62.0,71.07000000000001,9.070000000000007,64.99,6.0800000000000125,1,67.85,70.57,73.16,75.59,77.87,80.0,4,96.63865546218489,1841,54
2024.0,43.0,RS,4308508.0,Frederico Westphalen,MUNICIPAL,63.2,53.8,-9.400000000000006,65.99,-12.189999999999998,0,68.64,71.17,73.58,75.86,78.0,80.0,2,88.46153846153845,3369,182
2024.0,41.0,PR,4117305.0,Ortigueira,MUNICIPAL,62.6,58.43,-4.170000000000002,65.49,-7.059999999999995,0,68.24,70.87,73.37,75.73,77.94,80.0,2,80.06872852233677,2970,335
2024.0,28.0,SE,2803500.0,Lagarto,MUNICIPAL,35.6,31.27,-4.330000000000002,42.31,-11.040000000000003,0,49.32,56.35,63.14,69.44,75.09,80.0,0,92.09370424597364,4692,42
2024.0,52.0,GO,5213087.0,Minaçu,MUNICIPAL,75.7,81.44,5.739999999999995,76.32,5.1200000000000045,1,76.96,77.59,78.21,78.82,79.42,80.0,5,94.82758620689656,929,108
2024.0,42.0,SC,4212700.0,Petrolândia,MUNICIPAL,,66.84,,,,,69.32,71.69,73.95,76.09,78.11,80.0,3,88.37209302325581,2244,150
2024.0,21.0,MA,2103752.0,Davinópolis,MUNICIPAL,66.8,69.82000000000001,3.0200000000000102,68.9,0.9200000000000017,1,70.97,72.96,74.85,76.66,78.38,80.0,3,95.625,1979,71
2024.0,41.0,PR,4112207.0,Janiópolis,MUNICIPAL,82.6,77.3,-5.299999999999997,80.0,-2.700000000000003,0,80.0,80.0,80.0,80.0,80.0,80.0,4,91.8032786885246,1273,147
2024.0,22.0,PI,2211357.0,Várzea Branca,MUNICIPAL,26.0,31.25,5.25,33.18,-1.9299999999999997,0,41.29,49.89,58.5,66.62,73.86,80.0,0,100.0,4694,205
2024.0,23.0,CE,2310803.0,Pereiro,MUNICIPAL,95.9,93.44,-2.460000000000008,80.0,13.439999999999998,1,80.0,80.0,80.0,80.0,80.0,80.0,5,99.19354838709675,257,88
2024.0,31.0,MG,3134905.0,Jacutinga,MUNICIPAL,59.8,79.14,19.340000000000003,63.18,15.96,1,66.39,69.47,72.37,75.1,77.65,80.0,4,87.14285714285714,1109,294
2024.0,25.0,PB,2514107.0,São João do Tigre,MUNICIPAL,36.7,48.38,11.68,43.34,5.039999999999999,1,50.19,57.04,63.62,69.74,75.22,80.0,1,97.05882352941175,3750,140
2024.0,31.0,MG,3140308.0,Marliéria,MUNICIPAL,61.8,70.98,9.180000000000007,64.77,6.210000000000008,1,67.67,70.43,73.06,75.53,77.85,80.0,4,93.93939393939394,1847,502
2024.0,41.0,PR,4105201.0,Cerro Azul,MUNICIPAL,54.8,49.89,-4.909999999999997,58.95,-9.060000000000002,0,63.01,66.9,70.56,73.98,77.13,80.0,1,88.46153846153845,3652,363
2024.0,29.0,BA,2926509.0,Ribeira do Amparo,MUNICIPAL,28.7,33.95,5.2500000000000036,35.87,-1.9199999999999946,0,43.7,51.87,59.93,67.49,74.24,80.0,0,95.2941176470588,4594,202
2024.0,25.0,PB,2512804.0,Riacho dos Cavalos,MUNICIPAL,69.2,44.22,-24.980000000000004,70.92,-26.700000000000003,0,72.59,74.2,75.75,77.23,78.65,80.0,1,88.88888888888889,4037,167
2024.0,35.0,SP,3548906.0,São Carlos,MUNICIPAL,51.6,50.27,-1.3299999999999983,56.26,-5.989999999999995,0,60.84,65.24,69.4,73.26,76.8,80.0,2,88.83847549909257,3621,484
2024.0,21.0,MA,2104651.0,Governador Newton Bello,MUNICIPAL,69.1,78.08,8.980000000000004,70.87,7.209999999999994,1,72.55,74.17,75.73,77.22,78.64,80.0,4,92.13483146067416,1190,36
2024.0,25.0,PB,2516805.0,Triunfo,MUNICIPAL,50.1,63.35,13.25,55.0,8.350000000000001,1,59.83,64.47,68.86,72.93,76.65,80.0,3,96.82539682539682,2562,77
2024.0,33.0,RJ,3300407.0,Barra Mansa,MUNICIPAL,59.2,63.88,4.68,62.64,1.240000000000002,1,65.96,69.14,72.14,74.96,77.58,80.0,3,84.99353169469599,2525,34
2024.0,11.0,RO,1100346.0,Alvorada D'Oeste,MUNICIPAL,29.2,65.35,36.14999999999999,36.33,29.019999999999996,1,44.11,52.2,60.17,67.64,74.3,80.0,3,85.03937007874016,2374,33
2024.0,31.0,MG,3139102.0,Madre de Deus de Minas,MUNICIPAL,69.5,71.05,1.5499999999999972,71.14,-0.09000000000000341,0,72.76,74.33,75.84,77.29,78.68,80.0,4,90.76923076923076,1844,500
2024.0,42.0,SC,4202156.0,Belmonte,MUNICIPAL,72.9,80.41,7.509999999999991,74.01,6.3999999999999915,1,75.08,76.13,77.14,78.12,79.08,80.0,5,94.5945945945946,1003,36
2024.0,25.0,PB,2501500.0,Bananeiras,MUNICIPAL,51.0,54.93,3.9299999999999997,55.82,-0.8900000000000006,0,60.49,64.97,69.21,73.15,76.75,80.0,2,93.67088607594935,3269,107
2024.0,35.0,SP,3502309.0,Anhembi,MUNICIPAL,38.6,45.69,7.089999999999996,44.99,0.6999999999999957,1,51.59,58.13,64.4,70.21,75.43,80.0,1,85.71428571428571,3941,531
2024.0,24.0,RN,2406155.0,Jundiá,MUNICIPAL,,33.33,,,,,41.43,50.01,58.58,66.67,73.88,80.0,0,78.94736842105263,4617,99
2024.0,42.0,SC,4210555.0,Marema,MUNICIPAL,,75.96000000000001,,,,,76.69,77.38,78.06,78.72,79.37,80.0,4,86.95652173913044,1417,80
2024.0,26.0,PE,2611533.0,Quixaba,MUNICIPAL,80.3,87.04,6.740000000000009,80.0,7.040000000000006,1,80.0,80.0,80.0,80.0,80.0,80.0,5,95.34883720930232,546,14
2024.0,43.0,RS,4309258.0,Guabiju,MUNICIPAL,,66.7,,,,,69.21,71.61,73.89,76.06,78.09,80.0,3,100.0,2253,73
2024.0,41.0,PR,4111605.0,Ivatuba,MUNICIPAL,78.8,86.72,7.920000000000002,78.99,7.730000000000004,1,79.16,79.33,79.5,79.67,79.83,80.0,5,93.5483870967742,563,41
2024.0,32.0,ES,3201001.0,Boa Esperança,MUNICIPAL,76.7,84.92,8.219999999999999,77.19,7.730000000000004,1,77.67,78.15,78.63,79.09,79.55,80.0,5,97.2222222222222,671,14
2024.0,51.0,MT,5105002.0,Jauru,MUNICIPAL,46.7,74.68,27.980000000000004,52.12,22.56000000000001,1,57.48,62.68,67.6,72.16,76.3,80.0,4,92.5,1537,36
2024.0,35.0,SP,3552601.0,Tabapuã,MUNICIPAL,90.3,98.83,8.530000000000001,80.0,18.83,1,80.0,80.0,80.0,80.0,80.0,80.0,5,95.50561797752808,70,9
2024.0,21.0,MA,2100477.0,Alto Alegre do Pindaré,MUNICIPAL,36.0,56.29,20.29,42.71,13.579999999999998,1,49.66,56.62,63.33,69.56,75.14,80.0,2,93.78531073446328,3151,129
2024.0,31.0,MG,3119302.0,Coromandel,MUNICIPAL,41.9,63.22,21.32,47.93,15.29,1,54.04,60.03,65.74,71.02,75.79,80.0,3,91.17647058823528,2577,643
2024.0,35.0,SP,3544004.0,Rio das Pedras,MUNICIPAL,65.0,58.5,-6.5,67.48,-8.980000000000004,0,69.84,72.09,74.24,76.27,78.19,80.0,2,89.84615384615384,2968,355
2024.0,35.0,SP,3509007.0,Caieiras,MUNICIPAL,43.9,52.21,8.310000000000002,49.69,2.520000000000003,1,55.49,61.15,66.53,71.5,76.01,80.0,2,93.80281690140843,3484,462
2024.0,50.0,MS,5002159.0,Bodoquena,MUNICIPAL,44.6,46.43,1.8299999999999983,50.32,-3.8900000000000006,0,56.02,61.55,66.81,71.68,76.09,80.0,1,82.53012048192771,3895,64
2024.0,42.0,SC,4217758.0,Sul Brasil,MUNICIPAL,76.2,73.21000000000001,-2.989999999999995,76.76,-3.549999999999997,0,77.33,77.88,78.43,78.96,79.49,80.0,4,89.65517241379311,1664,97
2024.0,41.0,PR,4128005.0,Ubiratã,MUNICIPAL,85.6,77.60000000000001,-7.999999999999986,80.0,-2.3999999999999915,0,80.0,80.0,80.0,80.0,80.0,80.0,4,89.12280701754386,1244,143
2024.0,35.0,SP,3544905.0,Sales Oliveira,MUNICIPAL,58.5,50.04,-8.46,62.03,-11.990000000000002,0,65.48,68.77,71.88,74.8,77.51,80.0,2,86.36363636363636,3629,487
2024.0,31.0,MG,3126208.0,Formoso,MUNICIPAL,61.1,74.9,13.800000000000004,64.21,10.690000000000012,1,67.22,70.09,72.82,75.38,77.78,80.0,4,98.76543209876544,1522,417
2024.0,29.0,BA,2904308.0,Brejões,MUNICIPAL,53.5,47.62,-5.880000000000003,57.86,-10.240000000000002,0,62.14,66.23,70.09,73.69,77.0,80.0,1,93.0379746835443,3805,54
2024.0,42.0,SC,4218301.0,Três Barras,MUNICIPAL,49.8,47.98,-1.8200000000000003,54.77,-6.790000000000006,0,59.64,64.33,68.76,72.87,76.62,80.0,1,70.96774193548387,3776,229
2024.0,24.0,RN,2405009.0,Jaçanã,MUNICIPAL,47.0,39.09,-7.909999999999997,52.38,-13.29,0,57.7,62.85,67.72,72.23,76.34,80.0,0,89.23076923076924,4332,75
2024.0,29.0,BA,2909802.0,Cruz das Almas,MUNICIPAL,34.6,33.56,-1.0399999999999991,41.43,-7.869999999999997,0,48.56,55.76,62.72,69.19,74.98,80.0,0,85.54455445544555,4608,207
2024.0,29.0,BA,2910701.0,Euclides da Cunha,MUNICIPAL,33.1,32.37,-0.730000000000004,39.98,-7.609999999999999,0,47.32,54.77,62.01,68.76,74.79,80.0,0,93.28859060402684,4655,224
2024.0,31.0,MG,3127008.0,Fronteira,MUNICIPAL,52.9,76.16,23.259999999999998,57.36,18.799999999999997,1,61.73,65.92,69.88,73.56,76.94,80.0,4,93.75,1398,387
2024.0,42.0,SC,4206207.0,Gravatal,MUNICIPAL,52.6,76.93,24.330000000000005,57.16,19.77000000000001,1,61.57,65.8,69.79,73.5,76.91,80.0,4,70.27027027027027,1321,69
2024.0,15.0,PA,1501782.0,Breu Branco,MUNICIPAL,31.2,50.55,19.349999999999998,38.27,12.279999999999994,1,45.82,53.58,61.16,68.24,74.57,80.0,2,86.72413793103448,3602,53
2024.0,35.0,SP,3524709.0,Jaguariúna,MUNICIPAL,62.8,70.22,7.420000000000002,65.65,4.569999999999993,1,68.37,70.97,73.44,75.77,77.96,80.0,4,84.12942989214176,1930,179
2024.0,15.0,PA,1504208.0,Marabá,MUNICIPAL,51.5,50.68,-0.8200000000000003,56.17,-5.490000000000002,0,60.77,65.19,69.36,73.24,76.79,80.0,2,79.1182682154171,3591,51
2024.0,21.0,MA,2111573.0,São Pedro dos Crentes,MUNICIPAL,40.3,59.47,19.17,46.51,12.96,1,52.86,59.12,65.09,70.63,75.62,80.0,2,88.88888888888889,2900,112
2024.0,22.0,PI,2200053.0,Acauã,MUNICIPAL,81.7,81.89,0.18999999999999773,80.0,1.8900000000000006,1,80.0,80.0,80.0,80.0,80.0,80.0,5,98.38709677419357,892,58
2024.0,31.0,MG,3135209.0,Januária,MUNICIPAL,20.1,47.12,27.019999999999996,27.24,19.88,1,35.71,45.19,55.03,64.49,72.94,80.0,1,84.21052631578947,3849,744
2024.0,29.0,BA,2927408.0,Salvador,MUNICIPAL,39.2,36.75,-2.450000000000003,45.52,-8.770000000000003,0,52.03,58.48,64.64,70.36,75.5,80.0,0,87.86450021761208,4477,170
2024.0,24.0,RN,2401859.0,Caiçara do Norte,MUNICIPAL,31.2,26.47,-4.73,38.23,-11.759999999999998,0,45.79,53.55,61.14,68.23,74.56,80.0,0,77.38095238095238,4843,130
2024.0,31.0,MG,3130101.0,Igarapé,MUNICIPAL,51.9,73.84,21.940000000000005,56.52,17.32,1,61.05,65.4,69.51,73.33,76.83,80.0,4,88.51913477537437,1609,435
2024.0,51.0,MT,5108907.0,Nova Maringá,MUNICIPAL,61.8,62.38,0.5800000000000054,64.76,-2.3800000000000026,0,67.66,70.43,73.06,75.53,77.85,80.0,3,84.29752066115702,2645,78
2024.0,41.0,PR,4100400.0,Almirante Tamandaré,MUNICIPAL,52.4,45.12,-7.280000000000001,57.0,-11.880000000000003,0,61.44,65.7,69.72,73.46,76.89,80.0,1,82.41017964071857,3986,367
2024.0,41.0,PR,4103057.0,Boa Vista da Aparecida,MUNICIPAL,72.4,53.35,-19.050000000000004,73.58,-20.229999999999997,0,74.74,75.86,76.95,78.0,79.02,80.0,2,93.75,3400,355
2024.0,43.0,RS,4306403.0,Dois Irmãos,MUNICIPAL,78.5,56.9,-21.6,78.68,-21.78000000000001,0,78.9,79.12,79.35,79.57,79.78,80.0,2,94.42508710801394,3107,156
2024.0,43.0,RS,4317905.0,Santo Cristo,MUNICIPAL,76.0,60.5,-15.5,76.62,-16.120000000000005,0,77.21,77.79,78.36,78.92,79.46,80.0,3,98.14814814814817,2795,121
2024.0,17.0,TO,1706258.0,Crixás do Tocantins,MUNICIPAL,29.0,82.61,53.61,36.17,46.44,1,43.97,52.08,60.09,67.59,74.28,80.0,5,100.0,832,1
2024.0,32.0,ES,3200102.0,Afonso Cláudio,MUNICIPAL,86.5,95.4,8.900000000000006,80.0,15.400000000000006,1,80.0,80.0,80.0,80.0,80.0,80.0,5,94.81132075471696,177,1
2024.0,32.0,ES,3203403.0,Mimoso do Sul,MUNICIPAL,68.0,65.32000000000001,-2.6799999999999926,69.97,-4.6499999999999915,0,71.83,73.61,75.32,76.96,78.52,80.0,3,94.25837320574163,2377,66
2024.0,35.0,SP,3501152.0,Alumínio,MUNICIPAL,48.6,53.68,5.079999999999998,53.71,-0.030000000000001137,0,58.78,63.67,68.3,72.59,76.5,80.0,2,91.747572815534,3375,445
2024.0,21.0,MA,2111763.0,Senador La Rocque,MUNICIPAL,32.2,64.13,31.929999999999993,39.21,24.919999999999995,1,46.64,54.23,61.63,68.52,74.69,80.0,3,89.86486486486487,2502,92
2024.0,42.0,SC,4202503.0,Bom Jardim da Serra,MUNICIPAL,40.6,28.72,-11.880000000000003,46.82,-18.1,0,53.12,59.32,65.24,70.72,75.66,80.0,0,77.77777777777779,4776,241
2024.0,27.0,AL,2706000.0,Olivença,MUNICIPAL,50.0,80.79,30.790000000000006,54.93,25.860000000000007,1,59.77,64.43,68.83,72.91,76.64,80.0,5,99.43502824858756,978,10
2024.0,31.0,MG,3145505.0,Olímpio Noronha,MUNICIPAL,62.3,94.29,31.99000000000001,65.19,29.10000000000001,1,68.0,70.69,73.24,75.65,77.9,80.0,5,88.57142857142857,230,28
2024.0,41.0,PR,4111308.0,Itaúna do Sul,MUNICIPAL,77.4,40.32,-37.080000000000005,77.77,-37.449999999999996,0,78.15,78.53,78.91,79.28,79.64,80.0,1,85.1063829787234,4267,372
2024.0,35.0,SP,3516200.0,Franca,MUNICIPAL,57.7,64.54,6.840000000000003,61.42,3.1200000000000045,1,64.99,68.4,71.62,74.63,77.43,80.0,3,92.1410365335599,2450,252
2024.0,31.0,MG,3122306.0,Divinópolis,MUNICIPAL,64.7,73.79,9.090000000000003,67.23,6.560000000000002,1,69.63,71.93,74.12,76.2,78.16,80.0,4,89.97995991983969,1618,436
2024.0,42.0,SC,4211058.0,Monte Carlo,MUNICIPAL,63.8,52.67,-11.129999999999995,66.43,-13.760000000000005,0,68.99,71.44,73.77,75.98,78.06,80.0,2,75.64102564102564,3444,222
2024.0,29.0,BA,2927309.0,Salinas da Margarida,MUNICIPAL,47.8,45.77,-2.029999999999994,53.07,-7.299999999999997,0,58.26,63.28,68.02,72.42,76.42,80.0,1,94.81132075471696,3936,75
2024.0,33.0,RJ,3303302.0,Niterói,MUNICIPAL,51.9,51.2,-0.6999999999999957,56.56,-5.359999999999999,0,61.09,65.43,69.53,73.34,76.84,80.0,2,79.62900505902192,3555,64
2024.0,35.0,SP,3530102.0,Mirandópolis,MUNICIPAL,53.4,54.13,0.730000000000004,57.82,-3.6899999999999977,0,62.1,66.2,70.08,73.68,76.99,80.0,2,87.56756756756758,3343,435
2024.0,22.0,PI,2205557.0,Lagoa Alegre,MUNICIPAL,21.7,58.86,37.16,28.81,30.05,1,37.22,46.48,55.99,65.08,73.19,80.0,2,96.90721649484536,2941,127
2024.0,21.0,MA,2105427.0,Itinga do Maranhão,MUNICIPAL,79.9,60.13,-19.770000000000003,79.93,-19.800000000000004,0,79.94,79.95,79.97,79.98,79.99,80.0,3,92.98892988929887,2824,108
2024.0,42.0,SC,4212205.0,Papanduva,MUNICIPAL,70.5,64.15,-6.349999999999994,72.03,-7.8799999999999955,0,73.49,74.89,76.25,77.55,78.8,80.0,3,85.24590163934425,2501,169
2024.0,11.0,RO,1100809.0,Candeias do Jamari,MUNICIPAL,49.0,51.63,2.6300000000000026,54.05,-2.4199999999999946,0,59.06,63.88,68.45,72.68,76.54,80.0,2,84.33179723502305,3526,45
2024.0,35.0,SP,3519907.0,Iepê,MUNICIPAL,51.8,53.84,2.0400000000000063,56.43,-2.5899999999999963,0,60.98,65.35,69.48,73.31,76.82,80.0,2,96.47058823529412,3367,443
2024.0,42.0,SC,4203709.0,Canelinha,MUNICIPAL,59.3,41.37,-17.93,62.71,-21.340000000000003,0,66.02,69.18,72.17,74.98,77.59,80.0,1,86.25,4207,235
2024.0,35.0,SP,3546900.0,Santa Lúcia,MUNICIPAL,66.8,70.68,3.8800000000000097,68.96,1.720000000000013,1,71.02,73.0,74.88,76.68,78.39,80.0,4,94.89795918367348,1883,172
2024.0,24.0,RN,2410603.0,Rafael Godeiro,MUNICIPAL,29.9,67.22,37.32,37.03,30.189999999999998,1,44.73,52.7,60.53,67.86,74.4,80.0,3,86.36363636363636,2217,7
2024.0,29.0,BA,2904605.0,Brumado,MUNICIPAL,53.3,42.15,-11.149999999999999,57.7,-15.550000000000004,0,62.01,66.13,70.02,73.65,76.98,80.0,1,91.94630872483222,4165,108
2024.0,52.0,GO,5209200.0,Guapó,MUNICIPAL,64.2,70.28,6.079999999999998,66.78,3.5,1,69.27,71.66,73.93,76.08,78.1,80.0,4,82.55813953488372,1920,174
2024.0,22.0,PI,2205250.0,Jardim do Mulato,MUNICIPAL,58.3,77.0,18.700000000000003,61.92,15.079999999999998,1,65.39,68.7,71.84,74.77,77.49,80.0,4,97.14285714285714,1310,70
2024.0,31.0,MG,3139250.0,Mamonas,MUNICIPAL,40.1,65.94,25.839999999999996,46.38,19.559999999999995,1,52.75,59.03,65.03,70.59,75.6,80.0,3,93.15068493150685,2318,601
2024.0,27.0,AL,2709152.0,Teotônio Vilela,MUNICIPAL,52.5,57.59,5.090000000000003,57.03,0.5600000000000023,1,61.47,65.72,69.74,73.47,76.9,80.0,2,88.39907192575406,3041,26
2024.0,29.0,BA,2902005.0,Aracatu,MUNICIPAL,42.0,28.92,-13.079999999999998,47.99,-19.07,0,54.09,60.07,65.77,71.04,75.8,80.0,0,95.40229885057472,4770,279
2024.0,35.0,SP,3522802.0,Itaporanga,MUNICIPAL,36.4,70.10000000000001,33.70000000000001,43.0,27.10000000000001,1,49.91,56.81,63.47,69.64,75.18,80.0,4,91.04477611940298,1940,180
2024.0,29.0,BA,2928000.0,Santaluz,MUNICIPAL,25.1,29.15,4.049999999999997,32.3,-3.1499999999999986,0,40.48,49.22,58.01,66.32,73.73,80.0,0,93.42723004694837,4765,276
2024.0,13.0,AM,1302504.0,Manacapuru,MUNICIPAL,44.0,37.28,-6.719999999999999,49.77,-12.490000000000002,0,55.57,61.21,66.57,71.53,76.02,80.0,0,86.91983122362869,4442,34
2024.0,31.0,MG,3171105.0,Veríssimo,MUNICIPAL,,77.09,,,,,77.6,78.1,78.59,79.07,79.54,80.0,4,89.47368421052632,1297,351
2024.0,52.0,GO,5220454.0,Senador Canedo,MUNICIPAL,48.5,60.34,11.840000000000003,53.68,6.660000000000004,1,58.75,63.65,68.28,72.58,76.49,80.0,3,91.9865642994242,2811,213
2024.0,22.0,PI,2206951.0,Novo Santo Antônio,MUNICIPAL,48.5,82.08,33.58,53.65,28.43,1,58.73,63.64,68.27,72.57,76.49,80.0,5,98.24561403508773,876,57
2024.0,29.0,BA,2933604.0,Xique-Xique,MUNICIPAL,31.0,32.25,1.25,38.06,-5.810000000000002,0,45.64,53.43,61.06,68.18,74.54,80.0,0,93.07282415630551,4658,225
2024.0,31.0,MG,3163003.0,São José da Safira,MUNICIPAL,72.5,52.73,-19.770000000000003,73.69,-20.96,0,74.82,75.93,77.0,78.03,79.03,80.0,2,76.47058823529412,3440,723
2024.0,15.0,PA,1506138.0,Redenção,MUNICIPAL,55.1,58.25,3.1499999999999986,59.2,-0.9500000000000028,0,63.21,67.04,70.67,74.04,77.16,80.0,2,87.4493927125506,2993,22
2024.0,22.0,PI,2210979.0,Tanque do Piauí,MUNICIPAL,58.3,50.0,-8.299999999999997,61.92,-11.920000000000002,0,65.39,68.7,71.84,74.77,77.49,80.0,2,95.23809523809524,3631,158
2024.0,29.0,BA,2915502.0,Itajuípe,MUNICIPAL,34.4,34.09,-0.30999999999999517,41.18,-7.089999999999996,0,48.35,55.59,62.6,69.11,74.95,80.0,0,92.63157894736842,4592,200
2024.0,25.0,PB,2515609.0,Serra da Raiz,MUNICIPAL,17.4,48.92,31.520000000000003,24.28,24.64,1,32.81,42.65,53.1,63.3,72.43,80.0,1,90.625,3716,134
2024.0,43.0,RS,4314787.0,Ponte Preta,MUNICIPAL,60.0,57.9,-2.1000000000000014,63.31,-5.410000000000004,0,66.5,69.55,72.43,75.14,77.66,80.0,2,100.0,3020,147
2024.0,17.0,TO,1720101.0,São Bento do Tocantins,MUNICIPAL,44.0,52.93,8.93,49.76,3.1700000000000017,1,55.55,61.2,66.56,71.52,76.02,80.0,2,91.56626506024097,3427,45
2024.0,15.0,PA,1502764.0,Cumaru do Norte,MUNICIPAL,50.1,45.2,-4.899999999999999,55.05,-9.849999999999994,0,59.86,64.5,68.88,72.94,76.66,80.0,1,83.78378378378379,3980,81
2024.0,21.0,MA,2106607.0,Matões,MUNICIPAL,72.3,34.52,-37.779999999999994,73.54,-39.02,0,74.7,75.83,76.93,77.99,79.01,80.0,0,89.66666666666666,4576,200
2024.0,33.0,RJ,3304409.0,Rio Claro,MUNICIPAL,65.6,65.54,-0.05999999999998806,67.93,-2.3900000000000006,0,70.19,72.36,74.43,76.39,78.25,80.0,3,86.98224852071006,2349,26
2024.0,41.0,PR,4123600.0,Santa Inês,MUNICIPAL,96.8,100.0,3.200000000000003,80.0,20.0,1,80.0,80.0,80.0,80.0,80.0,80.0,5,88.23529411764706,1,1
2024.0,52.0,GO,5221304.0,Três Ranchos,MUNICIPAL,79.5,84.05,4.549999999999997,79.54,4.509999999999991,1,79.62,79.69,79.77,79.85,79.92,80.0,5,79.41176470588235,736,82
2024.0,31.0,MG,3169307.0,Três Corações,MUNICIPAL,50.7,70.26,19.560000000000002,55.52,14.740000000000002,1,60.25,64.79,69.08,73.07,76.71,80.0,4,94.0032414910859,1925,522
2024.0,21.0,MA,2111508.0,São Mateus do Maranhão,MUNICIPAL,64.6,66.16,1.5600000000000023,67.09,-0.9300000000000068,0,69.52,71.85,74.06,76.16,78.14,80.0,3,92.07317073170732,2303,87
2024.0,43.0,RS,4300604.0,Alvorada,MUNICIPAL,46.6,37.0,-9.600000000000001,52.0,-15.0,0,57.39,62.61,67.55,72.13,76.29,80.0,0,73.69509043927648,4455,356
2024.0,43.0,RS,4308607.0,Garibaldi,MUNICIPAL,74.4,54.4,-20.000000000000007,75.26,-20.860000000000007,0,76.1,76.92,77.72,78.5,79.26,80.0,2,87.13235294117648,3316,174
2024.0,41.0,PR,4113106.0,Kaloré,MUNICIPAL,83.4,77.98,-5.420000000000002,80.0,-2.019999999999996,0,80.0,80.0,80.0,80.0,80.0,80.0,4,97.61904761904762,1203,133
2024.0,24.0,RN,2411007.0,Rodolfo Fernandes,MUNICIPAL,31.2,41.06,9.860000000000003,38.22,2.8400000000000034,1,45.78,53.54,61.14,68.23,74.56,80.0,1,87.17948717948718,4222,66
2024.0,31.0,MG,3118601.0,Contagem,MUNICIPAL,53.7,69.05,15.349999999999994,58.08,10.969999999999999,1,62.31,66.36,70.19,73.75,77.02,80.0,3,81.31487889273356,2052,549
2024.0,31.0,MG,3149150.0,Pedras de Maria da Cruz,MUNICIPAL,28.7,46.09,17.390000000000004,35.81,10.280000000000001,1,43.65,51.82,59.9,67.47,74.23,80.0,1,86.20689655172413,3919,746
2024.0,31.0,MG,3128600.0,Guarda-Mor,MUNICIPAL,79.1,51.620000000000005,-27.47999999999999,79.19,-27.569999999999993,0,79.32,79.46,79.6,79.73,79.87,80.0,2,82.27848101265823,3528,729
2024.0,27.0,AL,2708808.0,São Sebastião,MUNICIPAL,36.7,42.43,5.729999999999997,43.27,-0.8400000000000034,0,50.14,57.0,63.59,69.72,75.22,80.0,1,95.72649572649571,4152,65
2024.0,31.0,MG,3154903.0,Rio Casca,MUNICIPAL,59.6,62.76,3.1599999999999966,63.0,-0.240000000000002,0,66.26,69.36,72.3,75.06,77.63,80.0,3,92.8,2610,649
2024.0,50.0,MS,5003454.0,Deodápolis,MUNICIPAL,97.0,65.69,-31.310000000000002,80.0,-14.310000000000002,0,80.0,80.0,80.0,80.0,80.0,80.0,3,89.28571428571429,2337,20
2024.0,27.0,AL,2700300.0,Arapiraca,MUNICIPAL,39.4,43.75,4.350000000000001,45.77,-2.020000000000003,0,52.24,58.64,64.76,70.43,75.53,80.0,1,93.25037707390648,4071,62
2024.0,42.0,SC,4211108.0,Monte Castelo,MUNICIPAL,,43.19,,,,,50.04,56.92,63.54,69.69,75.2,80.0,1,73.17073170731707,4106,234
2024.0,21.0,MA,2108256.0,Pedro do Rosário,MUNICIPAL,65.8,57.92,-7.8799999999999955,68.13,-10.209999999999994,0,70.35,72.48,74.52,76.45,78.28,80.0,2,89.57345971563981,3019,120
2024.0,43.0,RS,4305801.0,Constantina,MUNICIPAL,80.0,45.7,-34.3,80.0,-34.3,0,80.0,80.0,80.0,80.0,80.0,80.0,1,80.3921568627451,3938,262
2024.0,51.0,MT,5105259.0,Lucas do Rio Verde,MUNICIPAL,64.0,73.53,9.530000000000001,66.59,6.939999999999998,1,69.12,71.54,73.85,76.03,78.08,80.0,4,87.00646087580762,1637,40
2024.0,43.0,RS,4306908.0,Encruzilhada do Sul,MUNICIPAL,63.9,39.4,-24.5,66.52,-27.119999999999997,0,69.06,71.5,73.81,76.01,78.07,80.0,0,75.93984962406014,4317,330
2024.0,31.0,MG,3101706.0,Almenara,MUNICIPAL,39.2,55.06,15.86,45.59,9.469999999999999,1,52.09,58.52,64.67,70.38,75.51,80.0,2,87.36616702355461,3260,717
2024.0,31.0,MG,3168200.0,Tapiraí,MUNICIPAL,76.5,100.0,23.5,77.0,23.0,1,77.52,78.03,78.54,79.03,79.52,80.0,5,84.61538461538461,1,1
2024.0,42.0,SC,4200507.0,Águas de Chapecó,MUNICIPAL,72.3,75.76,3.460000000000008,73.48,2.280000000000001,1,74.65,75.8,76.9,77.97,79.0,80.0,4,92.5925925925926,1437,82
2024.0,41.0,PR,4123402.0,Santa Fé,MUNICIPAL,58.7,64.71000000000001,6.010000000000005,62.22,2.490000000000009,1,65.62,68.88,71.96,74.85,77.53,80.0,3,86.98630136986301,2432,294
2024.0,31.0,MG,3163706.0,São Lourenço,MUNICIPAL,64.1,85.37,21.27000000000001,66.73,18.64,1,69.23,71.63,73.91,76.06,78.1,80.0,5,91.06699751861042,640,158
2024.0,52.0,GO,5218300.0,Posse,MUNICIPAL,76.2,80.95,4.75,76.74,4.210000000000008,1,77.31,77.87,78.41,78.95,79.48,80.0,5,98.26732673267328,964,113
2024.0,31.0,MG,3138807.0,Luz,MUNICIPAL,54.4,87.21000000000001,32.81000000000001,58.68,28.53000000000001,1,62.79,66.73,70.44,73.91,77.1,80.0,5,96.25,534,117
2024.0,42.0,SC,4217204.0,São Miguel do Oeste,MUNICIPAL,68.6,75.64,7.040000000000006,70.46,5.180000000000007,1,72.22,73.92,75.54,77.1,78.59,80.0,4,83.25688073394495,1448,85
2024.0,41.0,PR,4101150.0,Ângulo,MUNICIPAL,90.1,86.15,-3.9499999999999886,80.0,6.150000000000006,1,80.0,80.0,80.0,80.0,80.0,80.0,5,89.58333333333334,597,43
2024.0,31.0,MG,3101201.0,Aiuruoca,MUNICIPAL,55.3,85.71000000000001,30.41000000000001,59.4,26.31000000000001,1,63.37,67.17,70.75,74.1,77.18,80.0,5,94.91525423728814,615,150
2024.0,42.0,SC,4209201.0,Lacerdópolis,MUNICIPAL,70.0,75.0,5.0,71.59,3.4099999999999966,1,73.13,74.62,76.05,77.42,78.74,80.0,4,94.73684210526316,1497,89
2024.0,31.0,MG,3161502.0,São Geraldo,MUNICIPAL,81.2,92.77,11.569999999999993,80.0,12.769999999999996,1,80.0,80.0,80.0,80.0,80.0,80.0,5,97.1830985915493,283,41
2024.0,43.0,RS,4322327.0,Turuçu,MUNICIPAL,82.8,61.7,-21.099999999999994,80.0,-18.299999999999997,0,80.0,80.0,80.0,80.0,80.0,80.0,3,88.63636363636364,2696,113
2024.0,24.0,RN,2412203.0,São José de Mipibu,MUNICIPAL,34.6,34.77,0.1700000000000017,41.43,-6.659999999999997,0,48.56,55.76,62.72,69.19,74.98,80.0,0,81.11658456486043,4565,96
2024.0,29.0,BA,2906824.0,Canudos,MUNICIPAL,18.9,30.13,11.23,25.86,4.27,1,34.38,44.03,54.15,63.95,72.71,80.0,0,96.8944099378882,4731,261
2024.0,17.0,TO,1705508.0,Colinas do Tocantins,MUNICIPAL,51.0,55.82,4.82,55.79,0.030000000000001137,1,60.47,64.96,69.2,73.14,76.75,80.0,2,86.49706457925636,3190,36
2024.0,24.0,RN,2400109.0,Acari,MUNICIPAL,44.1,38.21,-5.890000000000001,49.84,-11.630000000000003,0,55.62,61.25,66.6,71.55,76.03,80.0,0,83.03571428571429,4386,80
2024.0,35.0,SP,3520707.0,Indiaporã,MUNICIPAL,67.6,78.96000000000001,11.360000000000014,69.58,9.38000000000001,1,71.51,73.37,75.15,76.85,78.47,80.0,4,92.6829268292683,1124,93
2024.0,41.0,PR,4126652.0,Sulina,MUNICIPAL,64.4,74.93,10.530000000000001,66.92,8.010000000000005,1,69.39,71.75,73.99,76.12,78.12,80.0,4,94.87179487179486,1521,182
2024.0,35.0,SP,3515004.0,Embu das Artes,MUNICIPAL,32.6,40.5,7.899999999999999,39.54,0.9600000000000009,1,46.94,54.47,61.8,68.63,74.73,80.0,1,83.15519452757589,4259,563
2024.0,29.0,BA,2909505.0,Cravolândia,MUNICIPAL,57.3,34.550000000000004,-22.749999999999993,61.09,-26.54,0,64.73,68.2,71.48,74.55,77.39,80.0,0,93.22033898305084,4573,195
2024.0,28.0,SE,2804458.0,Nossa Senhora Aparecida,MUNICIPAL,38.1,59.01,20.909999999999997,44.57,14.439999999999998,1,51.24,57.85,64.2,70.09,75.38,80.0,2,95.91836734693877,2928,4
2024.0,29.0,BA,2916203.0,Itapé,MUNICIPAL,30.6,35.38,4.780000000000001,37.65,-2.269999999999996,0,45.28,53.14,60.85,68.05,74.48,80.0,0,92.85714285714286,4542,189
2024.0,41.0,PR,4117503.0,Paiçandu,MUNICIPAL,68.5,62.96,-5.539999999999999,70.33,-7.369999999999997,0,72.12,73.84,75.49,77.06,78.57,80.0,3,89.41176470588236,2593,310
2024.0,24.0,RN,2414456.0,Triunfo Potiguar,MUNICIPAL,,10.95,,,,,18.14,28.32,41.34,55.7,69.16,80.0,0,80.43478260869566,4975,140
2024.0,21.0,MA,2111722.0,Satubinha,MUNICIPAL,100.0,79.32000000000001,-20.679999999999993,80.0,-0.6799999999999926,0,80.0,80.0,80.0,80.0,80.0,80.0,4,87.32394366197182,1100,31
2024.0,31.0,MG,3121605.0,Diamantina,MUNICIPAL,59.5,70.61,11.11,62.93,7.68,1,66.2,69.32,72.27,75.04,77.62,80.0,4,89.90384615384616,1890,513
2024.0,43.0,RS,4316451.0,Salto do Jacuí,MUNICIPAL,81.5,50.9,-30.6,80.0,-29.1,0,80.0,80.0,80.0,80.0,80.0,80.0,2,86.48648648648648,3573,209
2024.0,26.0,PE,2605400.0,Feira Nova,MUNICIPAL,85.7,83.27,-2.430000000000007,80.0,3.269999999999996,1,80.0,80.0,80.0,80.0,80.0,80.0,5,97.76785714285714,791,24
2024.0,24.0,RN,2413904.0,Taipu,MUNICIPAL,36.5,17.68,-18.82,43.17,-25.490000000000002,0,50.04,56.92,63.54,69.69,75.2,80.0,0,88.73239436619718,4956,138
2024.0,17.0,TO,1706001.0,Couto Magalhães,MUNICIPAL,48.2,49.04,0.8399999999999963,53.39,-4.350000000000001,0,58.52,63.47,68.16,72.5,76.46,80.0,1,82.22222222222221,3707,63
2024.0,22.0,PI,2200301.0,Alto Longá,MUNICIPAL,90.9,82.41,-8.490000000000009,80.0,2.4099999999999966,1,80.0,80.0,80.0,80.0,80.0,80.0,5,97.67441860465117,842,54
2024.0,29.0,BA,2916708.0,Itaquara,MUNICIPAL,34.4,34.25,-0.14999999999999858,41.17,-6.920000000000002,0,48.34,55.58,62.59,69.11,74.95,80.0,0,98.64864864864865,4586,199
2024.0,23.0,CE,2302503.0,Brejo Santo,MUNICIPAL,93.1,95.4,2.3000000000000114,80.0,15.400000000000006,1,80.0,80.0,80.0,80.0,80.0,80.0,5,97.79411764705884,177,68
2024.0,41.0,PR,4103206.0,Bom Sucesso,MUNICIPAL,53.5,72.9,19.400000000000006,57.91,14.990000000000009,1,62.18,66.26,70.12,73.7,77.0,80.0,4,86.40776699029125,1690,220
2024.0,24.0,RN,2407104.0,Macaíba,MUNICIPAL,29.2,30.13,0.9299999999999997,36.28,-6.150000000000002,0,44.07,52.16,60.15,67.62,74.3,80.0,0,73.24749642346208,4731,116
2024.0,41.0,PR,4104600.0,Capitão Leônidas Marques,MUNICIPAL,73.0,78.04,5.040000000000006,74.06,3.980000000000004,1,75.13,76.16,77.17,78.14,79.09,80.0,4,84.93723849372385,1193,130
2024.0,51.0,MT,5102678.0,Campo Verde,MUNICIPAL,56.2,65.32000000000001,9.120000000000005,60.16,5.160000000000011,1,63.98,67.63,71.08,74.3,77.28,80.0,3,90.14308426073131,2377,70
2024.0,31.0,MG,3103504.0,Araguari,MUNICIPAL,47.9,64.76,16.860000000000007,53.17,11.590000000000003,1,58.34,63.34,68.06,72.44,76.43,80.0,3,91.05199516324063,2426,623
2024.0,33.0,RJ,3302809.0,Mendes,MUNICIPAL,58.4,56.89,-1.509999999999998,61.95,-5.060000000000002,0,65.41,68.72,71.85,74.78,77.5,80.0,2,90.1840490797546,3109,53
2024.0,31.0,MG,3112901.0,Caputira,MUNICIPAL,59.4,83.3,23.9,62.8,20.5,1,66.1,69.24,72.21,75.0,77.6,80.0,5,93.97590361445783,787,204
2024.0,35.0,SP,3555109.0,Tupi Paulista,MUNICIPAL,93.5,93.46,-0.04000000000000625,80.0,13.459999999999994,1,80.0,80.0,80.0,80.0,80.0,80.0,5,94.57364341085272,256,19
2024.0,32.0,ES,3204807.0,São José do Calçado,MUNICIPAL,74.5,62.35,-12.149999999999999,75.36,-13.009999999999998,0,76.18,76.98,77.77,78.53,79.27,80.0,3,89.38053097345133,2648,69
2024.0,41.0,PR,4102802.0,Bela Vista do Paraíso,MUNICIPAL,61.1,54.88,-6.219999999999999,64.18,-9.300000000000004,0,67.2,70.08,72.81,75.37,77.77,80.0,2,84.49197860962568,3278,352
2024.0,35.0,SP,3504305.0,Avaí,MUNICIPAL,55.3,65.24,9.939999999999998,59.41,5.829999999999998,1,63.38,67.18,70.76,74.1,77.18,80.0,3,77.19298245614034,2385,241
2024.0,31.0,MG,3170651.0,Vargem Grande do Rio Pardo,MUNICIPAL,61.6,89.89,28.29,64.67,25.22,1,67.59,70.37,73.02,75.5,77.83,80.0,5,98.0,408,79
2024.0,31.0,MG,3140001.0,Mariana,MUNICIPAL,53.8,65.6,11.799999999999997,58.12,7.479999999999997,1,62.34,66.38,70.2,73.76,77.03,80.0,3,88.41354723707666,2345,611
2024.0,26.0,PE,2608503.0,Lagoa de Itaenga,MUNICIPAL,70.3,79.42,9.120000000000005,71.87,7.549999999999997,1,73.36,74.79,76.17,77.5,78.78,80.0,4,98.21428571428572,1093,37
2024.0,29.0,BA,2921104.0,Medeiros Neto,MUNICIPAL,51.5,46.9,-4.600000000000001,56.17,-9.270000000000003,0,60.77,65.19,69.36,73.24,76.79,80.0,1,88.62745098039215,3859,64
2024.0,29.0,BA,2917607.0,Jaguaquara,MUNICIPAL,46.3,53.7,7.400000000000006,51.78,1.9200000000000017,1,57.21,62.47,67.45,72.07,76.26,80.0,2,97.05340699815838,3373,26
2024.0,41.0,PR,4114500.0,Manoel Ribas,MUNICIPAL,67.7,71.98,4.280000000000001,69.69,2.2900000000000063,1,71.6,73.44,75.2,76.88,78.48,80.0,4,94.57364341085272,1767,230
2024.0,23.0,CE,2311959.0,Salitre,MUNICIPAL,96.6,98.39,1.7900000000000063,80.0,18.39,1,80.0,80.0,80.0,80.0,80.0,80.0,5,99.2156862745098,82,36
2024.0,43.0,RS,4316956.0,Santa Maria do Herval,MUNICIPAL,78.3,59.3,-19.0,78.55,-19.25,0,78.8,79.04,79.28,79.52,79.76,80.0,2,94.87179487179486,2910,133
2024.0,31.0,MG,3151909.0,Pocrane,MUNICIPAL,,95.65,,,,,80.0,80.0,80.0,80.0,80.0,80.0,5,95.65217391304348,172,18
2024.0,31.0,MG,3115458.0,Catuji,MUNICIPAL,35.9,66.72,30.82,42.58,24.14,1,49.55,56.53,63.27,69.52,75.13,80.0,3,89.8989898989899,2251,588
2024.0,41.0,PR,4104501.0,Capanema,MUNICIPAL,78.5,79.5,1.0,78.69,0.8100000000000023,1,78.91,79.13,79.35,79.57,79.79,80.0,4,84.7457627118644,1085,112
2024.0,41.0,PR,4108304.0,Foz do Iguaçu,MUNICIPAL,73.0,72.01,-0.9899999999999949,74.1,-2.089999999999989,0,75.15,76.18,77.18,78.15,79.09,80.0,4,81.30767202741893,1765,229
2024.0,43.0,RS,4313003.0,Nova Bréscia,MUNICIPAL,77.3,94.4,17.10000000000001,77.71,16.690000000000012,1,78.1,78.49,78.88,79.26,79.63,80.0,5,90.0,225,4
2024.0,22.0,PI,2208601.0,Prata do Piauí,MUNICIPAL,14.3,47.93,33.629999999999995,20.78,27.15,1,29.23,39.41,50.6,61.73,71.75,80.0,1,98.0392156862745,3779,166
2024.0,35.0,SP,3510708.0,Cardoso,MUNICIPAL,68.9,59.86,-9.040000000000006,70.71,-10.849999999999994,0,72.42,74.07,75.66,77.17,78.62,80.0,2,96.03960396039604,2864,338
2024.0,27.0,AL,2706422.0,Pariconha,MUNICIPAL,41.5,68.76,27.260000000000005,47.56,21.200000000000003,1,53.73,59.8,65.57,70.92,75.75,80.0,3,81.15942028985508,2079,17
2024.0,28.0,SE,2804003.0,Maruim,MUNICIPAL,21.4,31.19,9.790000000000003,28.54,2.650000000000002,1,36.97,46.27,55.83,64.98,73.15,80.0,0,91.7910447761194,4697,44
2024.0,23.0,CE,2308351.0,Milhã,MUNICIPAL,100.0,97.92,-2.0799999999999983,80.0,17.92,1,80.0,80.0,80.0,80.0,80.0,80.0,5,100.0,98,44
2024.0,43.0,RS,4318440.0,São Jorge,MUNICIPAL,76.7,66.7,-10.0,77.17,-10.469999999999999,0,77.66,78.14,78.62,79.09,79.55,80.0,3,94.73684210526316,2253,73
2024.0,28.0,SE,2803005.0,Itabaianinha,MUNICIPAL,59.1,58.61,-0.490000000000002,62.52,-3.9100000000000037,0,65.87,69.07,72.09,74.93,77.57,80.0,2,96.9450101832994,2959,6
2024.0,27.0,AL,2702207.0,Coqueiro Seco,MUNICIPAL,34.5,54.67,20.17,41.33,13.340000000000003,1,48.48,55.69,62.67,69.16,74.97,80.0,2,100.0,3290,32
2024.0,33.0,RJ,3301702.0,Duque de Caxias,MUNICIPAL,47.2,45.37,-1.8300000000000054,52.5,-7.130000000000003,0,57.8,62.92,67.77,72.26,76.35,80.0,1,79.70452894163236,3968,75
2024.0,21.0,MA,2100303.0,Aldeias Altas,MUNICIPAL,67.9,45.37,-22.53000000000001,69.85,-24.479999999999997,0,71.73,73.54,75.27,76.93,78.5,80.0,1,82.49027237354085,3968,172
2024.0,31.0,MG,3144102.0,Muzambinho,MUNICIPAL,43.4,75.51,32.11000000000001,49.23,26.28000000000001,1,55.11,60.86,66.32,71.38,75.95,80.0,4,88.29268292682927,1454,400
2024.0,29.0,BA,2902054.0,Araçás,MUNICIPAL,36.7,38.26,1.5599999999999952,43.28,-5.020000000000003,0,50.14,57.0,63.6,69.72,75.22,80.0,0,98.29059829059828,4385,146
2024.0,35.0,SP,3504602.0,Bady Bassitt,MUNICIPAL,55.6,61.39,5.789999999999999,59.68,1.7100000000000009,1,63.6,67.34,70.87,74.17,77.22,80.0,3,90.42553191489364,2722,311
2024.0,52.0,GO,5214051.0,Mundo Novo,MUNICIPAL,96.2,94.04,-2.1599999999999966,80.0,14.040000000000006,1,80.0,80.0,80.0,80.0,80.0,80.0,5,93.51851851851852,239,29
2024.0,29.0,BA,2904100.0,Boquira,MUNICIPAL,39.5,32.0,-7.5,45.8,-13.799999999999997,0,52.26,58.66,64.77,70.43,75.53,80.0,0,80.0,4667,231
2024.0,33.0,RJ,3300704.0,Cabo Frio,MUNICIPAL,54.6,55.08,0.4799999999999969,58.8,-3.719999999999999,0,62.89,66.8,70.49,73.94,77.11,80.0,2,75.9354617233093,3258,58
2024.0,29.0,BA,2915205.0,Itagibá,MUNICIPAL,36.9,44.21,7.310000000000002,43.51,0.7000000000000028,1,50.34,57.15,63.71,69.79,75.25,80.0,1,82.6086956521739,4040,85
2024.0,51.0,MT,5102603.0,Campinápolis,MUNICIPAL,38.8,44.13,5.330000000000005,45.19,-1.0599999999999952,0,51.76,58.26,64.49,70.26,75.46,80.0,1,81.875,4047,126
2024.0,42.0,SC,4217808.0,Taió,MUNICIPAL,,70.32000000000001,,,,,72.11,73.83,75.48,77.06,78.57,80.0,4,83.80281690140845,1916,119
2024.0,31.0,MG,3157203.0,Santa Bárbara,MUNICIPAL,69.9,66.55,-3.3500000000000085,71.52,-4.969999999999999,0,73.07,74.57,76.01,77.4,78.73,80.0,3,90.93567251461988,2282,594
2024.0,15.0,PA,1502905.0,Curuçá,MUNICIPAL,30.8,33.480000000000004,2.6800000000000033,37.86,-4.3799999999999955,0,45.47,53.29,60.96,68.12,74.51,80.0,0,83.11345646437994,4611,116
2024.0,43.0,RS,4303202.0,Cacique Doble,MUNICIPAL,88.6,58.2,-30.39999999999999,80.0,-21.799999999999997,0,80.0,80.0,80.0,80.0,80.0,80.0,2,79.16666666666666,2999,144
2024.0,43.0,RS,4301636.0,Balneário Pinhal,MUNICIPAL,58.4,43.6,-14.799999999999997,61.97,-18.369999999999997,0,65.43,68.73,71.85,74.78,77.5,80.0,1,78.74396135265701,4082,289
2024.0,31.0,MG,3136702.0,Juiz de Fora,MUNICIPAL,43.6,49.55,5.949999999999996,49.46,0.0899999999999963,1,55.31,61.01,66.43,71.44,75.98,80.0,1,81.06466595212576,3671,733
2024.0,28.0,SE,2804508.0,Nossa Senhora da Glória,MUNICIPAL,29.6,31.24,1.639999999999997,36.66,-5.419999999999998,0,44.41,52.44,60.34,67.74,74.35,80.0,0,94.29429429429428,4695,43
2024.0,43.0,RS,4319125.0,São Martinho da Serra,MUNICIPAL,76.5,46.2,-30.299999999999997,77.0,-30.799999999999997,0,77.52,78.03,78.54,79.03,79.52,80.0,1,86.66666666666667,3909,257
2024.0,15.0,PA,1505502.0,Paragominas,MUNICIPAL,62.5,56.72,-5.780000000000001,65.34,-8.620000000000005,0,68.12,70.78,73.31,75.69,77.92,80.0,2,88.44036697247707,3116,27
2024.0,43.0,RS,4318804.0,São Lourenço do Sul,MUNICIPAL,79.1,58.7,-20.39999999999999,79.22,-20.519999999999996,0,79.35,79.48,79.61,79.74,79.87,80.0,2,83.5734870317003,2950,138
2024.0,28.0,SE,2801405.0,Carira,MUNICIPAL,33.5,34.24,0.740000000000002,40.4,-6.159999999999997,0,47.68,55.05,62.22,68.88,74.85,80.0,0,98.44961240310076,4587,39
2024.0,52.0,GO,5201454.0,Aparecida do Rio Doce,MUNICIPAL,59.6,87.09,27.490000000000002,62.97,24.120000000000005,1,66.23,69.34,72.28,75.05,77.62,80.0,5,100.0,544,62
2024.0,26.0,PE,2602001.0,Bodocó,MUNICIPAL,45.2,47.32,2.1199999999999974,50.85,-3.530000000000001,0,56.45,61.89,67.04,71.82,76.15,80.0,1,97.63513513513512,3831,155
2024.0,22.0,PI,2202251.0,Canavieira,MUNICIPAL,50.7,86.82000000000001,36.120000000000005,55.53,31.290000000000006,1,60.25,64.8,69.09,73.07,76.71,80.0,5,97.5,560,43
2024.0,29.0,BA,2933000.0,Valente,MUNICIPAL,32.2,37.25,5.049999999999997,39.21,-1.9600000000000009,0,46.64,54.23,61.63,68.52,74.69,80.0,0,91.07142857142856,4443,157
2024.0,31.0,MG,3170404.0,Unaí,MUNICIPAL,56.4,59.06,2.6600000000000037,60.33,-1.269999999999996,0,64.12,67.74,71.15,74.35,77.3,80.0,2,87.06467661691542,2927,685
2024.0,31.0,MG,3137007.0,Ladainha,MUNICIPAL,23.8,54.47,30.669999999999998,31.02,23.45,1,39.29,48.23,57.28,65.88,73.54,80.0,2,83.33333333333334,3308,720
2024.0,31.0,MG,3137502.0,Lagoa Formosa,MUNICIPAL,60.5,82.01,21.510000000000005,63.75,18.260000000000005,1,66.85,69.81,72.62,75.26,77.72,80.0,5,97.07317073170732,880,225
2024.0,24.0,RN,2405504.0,Jardim de Angicos,MUNICIPAL,16.6,31.58,14.979999999999997,23.43,8.149999999999999,1,31.95,41.89,52.52,62.93,72.27,80.0,0,84.44444444444444,4677,110
2024.0,41.0,PR,4108551.0,Godoy Moreira,MUNICIPAL,94.6,74.07000000000001,-20.529999999999987,80.0,-5.929999999999993,0,80.0,80.0,80.0,80.0,80.0,80.0,4,100.0,1591,199
2024.0,22.0,PI,2209153.0,Santa Cruz dos Milagres,MUNICIPAL,52.4,68.18,15.780000000000008,57.0,11.180000000000007,1,61.44,65.7,69.72,73.46,76.89,80.0,3,95.65217391304348,2131,92
2024.0,35.0,SP,3539400.0,Piratininga,MUNICIPAL,48.9,44.37,-4.530000000000001,54.01,-9.64,0,59.02,63.86,68.43,72.67,76.53,80.0,1,93.57798165137616,4031,546
2024.0,21.0,MA,2111300.0,São Luís,MUNICIPAL,47.5,56.69,9.189999999999998,52.79,3.8999999999999986,1,58.04,63.1,67.9,72.34,76.38,80.0,2,88.7329992841804,3120,126
2024.0,35.0,SP,3513850.0,Dirce Reis,MUNICIPAL,46.7,84.62,37.92,52.09,32.53,1,57.46,62.67,67.59,72.15,76.3,80.0,5,92.85714285714286,691,54
2024.0,35.0,SP,3553658.0,Taquaral,MUNICIPAL,75.0,27.27,-47.730000000000004,75.76,-48.49000000000001,0,76.51,77.24,77.95,78.65,79.33,80.0,0,84.61538461538461,4825,576
2024.0,27.0,AL,2708501.0,São Luís do Quitunde,MUNICIPAL,39.6,53.64,14.04,45.9,7.740000000000002,1,52.35,58.73,64.82,70.46,75.54,80.0,2,95.67307692307692,3377,36
2024.0,15.0,PA,1500503.0,Almeirim,MUNICIPAL,30.7,38.92,8.220000000000002,37.74,1.1799999999999997,1,45.36,53.2,60.89,68.08,74.49,80.0,0,82.36658932714617,4343,100
2024.0,41.0,PR,4118451.0,Pato Bragado,MUNICIPAL,90.5,90.41,-0.09000000000000341,80.0,10.409999999999997,1,80.0,80.0,80.0,80.0,80.0,80.0,5,87.5,382,17
2024.0,51.0,MT,5108105.0,Tesouro,MUNICIPAL,,52.38,,,,,57.7,62.85,67.72,72.23,76.34,80.0,2,80.76923076923077,3468,113
2024.0,21.0,MA,2109205.0,Presidente Juscelino,MUNICIPAL,36.9,57.94,21.04,43.48,14.46,1,50.31,57.13,63.69,69.78,75.24,80.0,2,97.61904761904762,3017,119
2024.0,35.0,SP,3520509.0,Indaiatuba,MUNICIPAL,58.5,62.82,4.32,62.07,0.75,1,65.51,68.79,71.9,74.81,77.51,80.0,3,88.2525697503671,2606,278
2024.0,31.0,MG,3170909.0,Varzelândia,MUNICIPAL,46.8,73.78,26.980000000000004,52.18,21.6,1,57.53,62.72,67.63,72.18,76.31,80.0,4,94.28571428571428,1619,437
2024.0,43.0,RS,4317400.0,Santiago,MUNICIPAL,72.8,61.2,-11.599999999999994,73.95,-12.75,0,75.04,76.09,77.12,78.11,79.07,80.0,3,89.08450704225352,2736,115
2024.0,24.0,RN,2413201.0,Senador Georgino Avelino,MUNICIPAL,23.9,27.46,3.5600000000000023,31.11,-3.6499999999999986,0,39.38,48.3,57.34,65.91,73.55,80.0,0,82.25806451612904,4818,128
2024.0,50.0,MS,5001904.0,Bataguassu,MUNICIPAL,37.7,52.31,14.61,44.18,8.130000000000003,1,50.9,57.59,64.02,69.98,75.33,80.0,2,92.507204610951,3476,53
2024.0,23.0,CE,2301851.0,Banabuiú,MUNICIPAL,80.3,76.25,-4.049999999999997,80.0,-3.75,0,80.0,80.0,80.0,80.0,80.0,80.0,4,98.7603305785124,1386,152
2024.0,35.0,SP,3540903.0,Pradópolis,MUNICIPAL,74.2,62.53,-11.670000000000002,75.13,-12.599999999999994,0,75.99,76.83,77.66,78.46,79.24,80.0,3,94.55445544554456,2628,284
2024.0,17.0,TO,1705102.0,Chapada da Natividade,MUNICIPAL,49.0,52.38,3.3800000000000026,54.09,-1.7100000000000009,0,59.09,63.91,68.46,72.69,76.54,80.0,2,100.0,3468,48
2024.0,52.0,GO,5215405.0,Ouro Verde de Goiás,MUNICIPAL,95.9,96.61,0.7099999999999937,80.0,16.61,1,80.0,80.0,80.0,80.0,80.0,80.0,5,100.0,135,16
2024.0,31.0,MG,3170701.0,Varginha,MUNICIPAL,50.7,71.53,20.83,55.51,16.020000000000003,1,60.24,64.79,69.08,73.07,76.71,80.0,4,88.76404494382022,1802,488
2024.0,22.0,PI,2209104.0,Santa Cruz do Piauí,MUNICIPAL,95.6,98.15,2.5500000000000114,80.0,18.150000000000006,1,80.0,80.0,80.0,80.0,80.0,80.0,5,100.0,90,11
2024.0,35.0,SP,3556958.0,Vitória Brasil,MUNICIPAL,66.7,100.0,33.3,68.83,31.17,1,70.92,72.91,74.82,76.64,78.37,80.0,5,100.0,1,1
2024.0,15.0,PA,1505031.0,Novo Progresso,MUNICIPAL,61.4,56.8,-4.600000000000001,64.5,-7.700000000000003,0,67.45,70.27,72.94,75.46,77.81,80.0,2,82.7708703374778,3115,26
2024.0,17.0,TO,1701002.0,Ananás,MUNICIPAL,39.9,46.69,6.789999999999999,46.22,0.46999999999999886,1,52.61,58.93,64.96,70.55,75.58,80.0,1,86.82634730538922,3877,68
2024.0,43.0,RS,4311601.0,Liberato Salzano,MUNICIPAL,73.3,73.9,0.6000000000000085,74.33,-0.4299999999999926,0,75.34,76.33,77.29,78.22,79.12,80.0,4,95.0,1605,44
2024.0,24.0,RN,2406700.0,Lajes,MUNICIPAL,29.1,36.01,6.909999999999997,36.25,-0.240000000000002,0,44.05,52.14,60.13,67.61,74.29,80.0,0,79.26829268292683,4514,88
2024.0,41.0,PR,4104808.0,Cascavel,MUNICIPAL,80.1,74.34,-5.759999999999991,80.0,-5.659999999999997,0,80.0,80.0,80.0,80.0,80.0,80.0,4,84.5826021559288,1569,192
2024.0,31.0,MG,3170529.0,Urucuia,MUNICIPAL,56.9,67.15,10.250000000000007,60.76,6.390000000000008,1,64.46,68.0,71.34,74.46,77.35,80.0,3,97.9381443298969,2224,582
2024.0,42.0,SC,4206751.0,Ibiam,MUNICIPAL,65.6,96.17,30.570000000000007,67.95,28.22,1,70.21,72.37,74.44,76.4,78.25,80.0,5,96.42857142857144,149,4
2024.0,25.0,PB,2504801.0,Coremas,MUNICIPAL,67.1,48.71,-18.389999999999993,69.16,-20.449999999999996,0,71.18,73.12,74.97,76.74,78.41,80.0,1,92.98245614035088,3732,137
2024.0,23.0,CE,2309409.0,Novo Oriente,MUNICIPAL,98.7,100.0,1.2999999999999972,80.0,20.0,1,80.0,80.0,80.0,80.0,80.0,80.0,5,99.70149253731344,1,1
2024.0,31.0,MG,3141009.0,Mato Verde,MUNICIPAL,69.0,61.370000000000005,-7.6299999999999955,70.78,-9.409999999999997,0,72.48,74.11,75.68,77.19,78.63,80.0,3,95.0,2724,664
2024.0,27.0,AL,2700805.0,Belém,MUNICIPAL,55.1,64.57000000000001,9.470000000000006,59.21,5.3600000000000065,1,63.22,67.05,70.67,74.05,77.16,80.0,3,93.47826086956522,2448,20
2024.0,35.0,SP,3509403.0,Cajuru,MUNICIPAL,71.8,54.99,-16.809999999999995,73.07,-18.07999999999999,0,74.32,75.54,76.71,77.85,78.95,80.0,2,88.25910931174089,3265,418
2024.0,28.0,SE,2803302.0,Japaratuba,MUNICIPAL,42.1,58.28,16.18,48.16,10.120000000000005,1,54.23,60.18,65.84,71.09,75.82,80.0,2,98.81656804733728,2991,7
2024.0,52.0,GO,5215504.0,Ouvidor,MUNICIPAL,65.4,90.09,24.689999999999998,67.81,22.28,1,70.09,72.29,74.38,76.36,78.23,80.0,5,95.06172839506172,397,46
2024.0,43.0,RS,4314068.0,Passa Sete,MUNICIPAL,85.3,75.0,-10.299999999999997,80.0,-5.0,0,80.0,80.0,80.0,80.0,80.0,80.0,4,100.0,1497,36
2024.0,27.0,AL,2705200.0,Messias,MUNICIPAL,30.8,41.87,11.069999999999997,37.86,4.009999999999998,1,45.47,53.29,60.96,68.12,74.51,80.0,1,94.67213114754098,4179,68
2024.0,17.0,TO,1711902.0,Lagoa da Confusão,MUNICIPAL,26.0,35.660000000000004,9.660000000000004,33.23,2.430000000000007,1,41.33,49.93,58.52,66.63,73.87,80.0,0,88.5,4534,108
2024.0,35.0,SP,3523602.0,Itirapina,MUNICIPAL,59.1,69.9,10.800000000000004,62.57,7.330000000000005,1,65.91,69.1,72.11,74.94,77.57,80.0,3,94.67455621301777,1969,183
2024.0,50.0,MS,5007109.0,Ribas do Rio Pardo,MUNICIPAL,34.4,42.87,8.469999999999999,41.16,1.7100000000000009,1,48.34,55.58,62.59,69.11,74.95,80.0,1,89.72162740899357,4121,66
2024.0,31.0,MG,3127800.0,Grão Mogol,MUNICIPAL,71.6,86.04,14.440000000000012,72.9,13.14,1,74.18,75.43,76.64,77.8,78.92,80.0,5,93.5251798561151,600,145
2024.0,27.0,AL,2704401.0,Major Isidoro,MUNICIPAL,40.1,37.84,-2.259999999999998,46.33,-8.489999999999995,0,52.71,59.0,65.01,70.58,75.6,80.0,0,99.47643979057592,4409,80
2024.0,35.0,SP,3532157.0,Nantes,MUNICIPAL,59.3,36.18,-23.119999999999997,62.7,-26.520000000000003,0,66.01,69.17,72.17,74.97,77.59,80.0,0,90.9090909090909,4504,570
2024.0,26.0,PE,2606101.0,Glória do Goitá,MUNICIPAL,70.6,66.22,-4.3799999999999955,72.07,-5.849999999999994,0,73.52,74.92,76.26,77.56,78.81,80.0,3,98.0099502487562,2301,84
2024.0,43.0,RS,4312203.0,Maximiliano de Almeida,MUNICIPAL,93.8,33.3,-60.5,80.0,-46.7,0,80.0,80.0,80.0,80.0,80.0,80.0,0,100.0,4621,380
2024.0,35.0,SP,3502754.0,Araçariguama,MUNICIPAL,50.1,54.04,3.9399999999999977,55.05,-1.009999999999998,0,59.86,64.5,68.88,72.94,76.66,80.0,2,90.0398406374502,3350,437
2024.0,35.0,SP,3532702.0,Nipoã,MUNICIPAL,93.8,80.24,-13.560000000000002,80.0,0.23999999999999488,1,80.0,80.0,80.0,80.0,80.0,80.0,5,81.42857142857143,1015,79
2024.0,25.0,PB,2501906.0,Belém,MUNICIPAL,56.8,34.72,-22.08,60.65,-25.93,0,64.37,67.93,71.29,74.43,77.34,80.0,0,90.82568807339447,4568,196
2024.0,15.0,PA,1507961.0,Terra Alta,MUNICIPAL,42.0,49.88,7.880000000000003,48.0,1.8800000000000026,1,54.1,60.08,65.77,71.04,75.8,80.0,1,86.74698795180723,3653,57
2024.0,52.0,GO,5209952.0,Indiara,MUNICIPAL,67.2,82.75,15.549999999999997,69.23,13.519999999999996,1,71.23,73.16,75.0,76.75,78.42,80.0,5,98.4126984126984,820,97
2024.0,35.0,SP,3545605.0,Santa Adélia,MUNICIPAL,60.7,64.33,3.6299999999999955,63.89,0.4399999999999977,1,66.96,69.9,72.68,75.3,77.74,80.0,3,85.1063829787234,2476,257
2024.0,51.0,MT,5108055.0,Terra Nova do Norte,MUNICIPAL,58.7,61.14,2.4399999999999977,62.25,-1.1099999999999994,0,65.65,68.9,71.97,74.86,77.53,80.0,3,92.17877094972069,2741,82
2024.0,43.0,RS,4306700.0,Dona Francisca,MUNICIPAL,81.3,26.7,-54.599999999999994,80.0,-53.3,0,80.0,80.0,80.0,80.0,80.0,80.0,0,93.75,4835,391
2024.0,31.0,MG,3166709.0,Serra dos Aimorés,MUNICIPAL,51.8,65.83,14.030000000000001,56.46,9.369999999999997,1,61.01,65.37,69.49,73.32,76.83,80.0,3,84.0,2329,605
2024.0,11.0,RO,1101807.0,Vale do Paraíso,MUNICIPAL,55.7,44.06,-11.64,59.72,-15.659999999999997,0,63.63,67.37,70.89,74.18,77.22,80.0,1,88.63636363636364,4051,48
2024.0,31.0,MG,3133105.0,Itanhandu,MUNICIPAL,89.8,84.24,-5.560000000000002,80.0,4.239999999999995,1,80.0,80.0,80.0,80.0,80.0,80.0,5,94.3820224719101,723,188
2024.0,31.0,MG,3134806.0,Jacuí,MUNICIPAL,70.9,85.13,14.22999999999999,72.3,12.829999999999998,1,73.7,75.06,76.36,77.63,78.84,80.0,5,90.32258064516128,651,161
2024.0,17.0,TO,1720259.0,São Salvador do Tocantins,MUNICIPAL,47.6,59.09,11.490000000000002,52.91,6.180000000000007,1,58.13,63.17,67.95,72.37,76.4,80.0,2,91.83673469387756,2925,27
2024.0,31.0,MG,3132602.0,Itamarati de Minas,MUNICIPAL,48.0,73.68,25.680000000000007,53.26,20.42000000000001,1,58.41,63.39,68.1,72.47,76.44,80.0,4,95.0,1624,440
2024.0,35.0,SP,3544806.0,Sales,MUNICIPAL,68.0,68.37,0.37000000000000455,69.91,-1.539999999999992,0,71.78,73.58,75.3,76.94,78.51,80.0,3,93.24324324324324,2118,200
2024.0,29.0,BA,2910503.0,Entre Rios,MUNICIPAL,,32.55,,,,,40.71,49.41,58.15,66.4,73.77,80.0,0,88.85017421602788,4649,221
2024.0,52.0,GO,5207808.0,Firminópolis,MUNICIPAL,76.8,70.8,-6.0,77.31,-6.510000000000005,0,77.78,78.24,78.69,79.13,79.57,80.0,4,94.3820224719101,1869,173
2024.0,31.0,MG,3147105.0,Pará de Minas,MUNICIPAL,53.5,69.52,16.019999999999996,57.9,11.619999999999997,1,62.16,66.25,70.11,73.7,77.0,80.0,3,88.00773694390716,2002,536
2024.0,31.0,MG,3170438.0,União de Minas,MUNICIPAL,72.3,72.68,0.38000000000000966,73.46,-0.7799999999999869,0,74.64,75.78,76.89,77.96,79.0,80.0,4,82.5,1708,463
2024.0,29.0,BA,2933307.0,Vitória da Conquista,MUNICIPAL,47.9,42.75,-5.149999999999999,53.11,-10.36,0,58.3,63.3,68.04,72.43,76.42,80.0,1,91.39715394566625,4132,100
2024.0,26.0,PE,2605152.0,Dormentes,MUNICIPAL,64.9,83.37,18.47,67.39,15.980000000000004,1,69.76,72.03,74.2,76.25,78.18,80.0,5,98.25581395348836,772,23
2024.0,26.0,PE,2607752.0,Itapissuma,MUNICIPAL,77.7,82.95,5.25,78.03,4.920000000000002,1,78.37,78.7,79.03,79.36,79.68,80.0,5,97.50889679715304,804,25
2024.0,23.0,CE,2312908.0,Sobral,MUNICIPAL,98.7,98.58,-0.12000000000000455,80.0,18.58,1,80.0,80.0,80.0,80.0,80.0,80.0,5,97.34177215189874,79,33
2024.0,24.0,RN,2404507.0,Guamaré,MUNICIPAL,,43.15,,,,,50.03,56.91,63.53,69.68,75.2,80.0,1,76.66666666666667,4108,59
2024.0,26.0,PE,2604205.0,Catende,MUNICIPAL,44.6,21.83,-22.770000000000003,50.3,-28.47,0,56.0,61.54,66.8,71.67,76.08,80.0,0,91.75257731958764,4922,173
2024.0,21.0,MA,2106706.0,Mirador,MUNICIPAL,35.0,55.82,20.82,41.77,14.049999999999997,1,48.86,55.99,62.88,69.28,75.02,80.0,2,90.7563025210084,3190,133
2024.0,23.0,CE,2313807.0,Uruburetama,MUNICIPAL,81.4,82.16,0.7599999999999909,80.0,2.1599999999999966,1,80.0,80.0,80.0,80.0,80.0,80.0,5,99.1150442477876,865,139
2024.0,31.0,MG,3121407.0,Desterro de Entre Rios,MUNICIPAL,80.9,79.93,-0.9699999999999989,80.0,-0.06999999999999318,0,80.0,80.0,80.0,80.0,80.0,80.0,4,89.23076923076924,1049,279
2024.0,17.0,TO,1707405.0,Esperantina,MUNICIPAL,40.8,47.82,7.020000000000003,47.0,0.8200000000000003,1,53.27,59.43,65.32,70.77,75.68,80.0,1,84.61538461538461,3791,67
2024.0,11.0,RO,1100601.0,Cacaulândia,MUNICIPAL,54.6,78.84,24.240000000000002,58.84,20.0,1,62.92,66.82,70.51,73.95,77.11,80.0,4,88.31168831168831,1133,3
2024.0,22.0,PI,2203909.0,Floriano,MUNICIPAL,49.2,53.36,4.159999999999997,54.22,-0.8599999999999994,0,59.2,63.99,68.52,72.72,76.56,80.0,2,93.42806394316165,3395,148
2024.0,31.0,MG,3156700.0,Sabará,MUNICIPAL,57.2,71.68,14.480000000000004,60.94,10.740000000000009,1,64.61,68.11,71.41,74.51,77.37,80.0,4,87.10691823899371,1798,487
2024.0,31.0,MG,3129806.0,Ibirité,MUNICIPAL,51.6,63.66,12.059999999999995,56.29,7.369999999999997,1,60.87,65.27,69.42,73.27,76.81,80.0,3,84.16500332667998,2540,636
2024.0,29.0,BA,2932804.0,Utinga,MUNICIPAL,33.8,33.04,-0.759999999999998,40.69,-7.649999999999999,0,47.93,55.26,62.36,68.97,74.88,80.0,0,95.0413223140496,4631,216
2024.0,52.0,GO,5217708.0,Pontalina,MUNICIPAL,73.4,86.03,12.629999999999995,74.41,11.620000000000005,1,75.41,76.38,77.32,78.24,79.14,80.0,5,97.0414201183432,601,68
2024.0,26.0,PE,2600302.0,Agrestina,MUNICIPAL,71.7,64.09,-7.609999999999999,73.01,-8.920000000000002,0,74.28,75.5,76.69,77.83,78.94,80.0,3,98.71244635193132,2505,94
2024.0,35.0,SP,3530904.0,Mombuca,MUNICIPAL,55.8,74.25,18.450000000000003,59.84,14.409999999999997,1,63.72,67.44,70.94,74.21,77.24,80.0,4,87.5,1578,136
2024.0,31.0,MG,3162500.0,São João del Rei,MUNICIPAL,55.6,74.0,18.4,59.67,14.329999999999998,1,63.59,67.33,70.87,74.17,77.22,80.0,4,92.3076923076923,1598,432
2024.0,21.0,MA,2100600.0,Amarante do Maranhão,MUNICIPAL,45.6,41.33,-4.270000000000003,51.2,-9.870000000000005,0,56.73,62.1,67.2,71.91,76.19,80.0,1,88.28571428571429,4210,183
2024.0,31.0,MG,3155108.0,Rio do Prado,MUNICIPAL,52.9,76.19,23.29,57.42,18.769999999999996,1,61.78,65.96,69.9,73.57,76.94,80.0,4,96.49122807017544,1394,386
2024.0,43.0,RS,4312054.0,Marques de Souza,MUNICIPAL,75.9,47.8,-28.10000000000001,76.49,-28.689999999999998,0,77.11,77.71,78.3,78.88,79.44,80.0,1,89.28571428571429,3795,238
2024.0,23.0,CE,2303907.0,Chaval,MUNICIPAL,75.3,91.5,16.200000000000003,76.01,15.489999999999995,1,76.71,77.4,78.07,78.73,79.37,80.0,5,100.0,338,101
2024.0,43.0,RS,4305447.0,Chuvisca,MUNICIPAL,71.1,69.0,-2.0999999999999943,72.46,-3.4599999999999937,0,73.83,75.16,76.44,77.67,78.86,80.0,3,85.41666666666666,2055,63
2024.0,35.0,SP,3552551.0,Suzanápolis,MUNICIPAL,97.1,90.85,-6.25,80.0,10.849999999999994,1,80.0,80.0,80.0,80.0,80.0,80.0,5,82.05128205128204,371,31
2024.0,26.0,PE,2614808.0,Tacaratu,MUNICIPAL,56.0,73.8,17.799999999999997,60.02,13.779999999999994,1,63.86,67.54,71.02,74.26,77.26,80.0,4,98.05194805194806,1616,49
2024.0,43.0,RS,4301958.0,Barra Funda,MUNICIPAL,68.8,53.9,-14.899999999999999,70.55,-16.65,0,72.3,73.98,75.59,77.13,78.6,80.0,2,92.85714285714286,3359,181
2024.0,43.0,RS,4321832.0,Três Forquilhas,MUNICIPAL,,40.0,,,,,47.33,54.78,62.02,68.76,74.79,80.0,1,100.0,4280,320
2024.0,41.0,PR,4115101.0,Mariluz,MUNICIPAL,62.4,52.21,-10.189999999999998,65.33,-13.119999999999997,0,68.12,70.78,73.3,75.68,77.92,80.0,2,80.91603053435115,3484,357
2024.0,42.0,SC,4204707.0,Cunha Porã,MUNICIPAL,93.9,77.07000000000001,-16.83,80.0,-2.9299999999999926,0,80.0,80.0,80.0,80.0,80.0,80.0,4,81.25,1302,66
2024.0,26.0,PE,2615003.0,Taquaritinga do Norte,MUNICIPAL,59.7,59.64,-0.060000000000002274,63.02,-3.3800000000000026,0,66.27,69.37,72.31,75.06,77.63,80.0,2,94.0,2885,110
2024.0,43.0,RS,4306106.0,Cruz Alta,MUNICIPAL,57.4,50.9,-6.5,61.17,-10.270000000000003,0,64.79,68.24,71.51,74.57,77.4,80.0,2,82.2429906542056,3573,209
2024.0,31.0,MG,3142304.0,Moeda,MUNICIPAL,77.9,90.58,12.679999999999993,78.2,12.379999999999995,1,78.51,78.81,79.11,79.41,79.71,80.0,5,91.3793103448276,377,68
2024.0,41.0,PR,4107504.0,Engenheiro Beltrão,MUNICIPAL,87.3,82.06,-5.239999999999995,80.0,2.0600000000000023,1,80.0,80.0,80.0,80.0,80.0,80.0,5,91.66666666666666,877,85
2024.0,25.0,PB,2502706.0,Borborema,MUNICIPAL,82.7,67.57000000000001,-15.129999999999995,80.0,-12.429999999999993,0,80.0,80.0,80.0,80.0,80.0,80.0,3,89.13043478260869,2191,63
2024.0,23.0,CE,2303105.0,Cariré,MUNICIPAL,99.6,98.77,-0.8299999999999983,80.0,18.769999999999996,1,80.0,80.0,80.0,80.0,80.0,80.0,5,100.0,74,28
2024.0,31.0,MG,3100104.0,Abadia dos Dourados,MUNICIPAL,61.4,96.07,34.669999999999995,64.48,31.58999999999999,1,67.44,70.26,72.93,75.45,77.81,80.0,5,92.85714285714286,156,13
2024.0,52.0,GO,5206800.0,Damolândia,MUNICIPAL,93.2,97.08,3.8799999999999955,80.0,17.08,1,80.0,80.0,80.0,80.0,80.0,80.0,5,86.8421052631579,122,13
2024.0,35.0,SP,3545308.0,Salto de Pirapora,MUNICIPAL,44.1,45.12,1.019999999999996,49.9,-4.780000000000001,0,55.67,61.29,66.62,71.56,76.03,80.0,1,92.4892703862661,3986,538
2024.0,21.0,MA,2104677.0,Governador Nunes Freire,MUNICIPAL,76.2,60.92,-15.280000000000001,76.8,-15.879999999999995,0,77.35,77.9,78.44,78.97,79.49,80.0,3,86.72839506172839,2763,105
2024.0,42.0,SC,4207007.0,Içara,MUNICIPAL,69.8,69.72,-0.0799999999999983,71.39,-1.6700000000000017,0,72.97,74.49,75.96,77.37,78.71,80.0,3,76.14035087719299,1985,129
2024.0,35.0,SP,3551405.0,Serra Azul,MUNICIPAL,23.9,44.65,20.75,31.16,13.489999999999998,1,39.42,48.34,57.36,65.92,73.56,80.0,1,81.25,4012,543
2024.0,15.0,PA,1503408.0,Inhangapi,MUNICIPAL,21.8,45.41,23.609999999999996,29.0,16.409999999999997,1,37.4,46.64,56.11,65.15,73.22,80.0,1,82.35294117647058,3963,79
2024.0,42.0,SC,4207759.0,Iraceminha,MUNICIPAL,60.5,70.07000000000001,9.570000000000007,63.74,6.330000000000005,1,66.85,69.81,72.62,75.26,77.72,80.0,4,97.05882352941175,1949,125
2024.0,26.0,PE,2606903.0,Iguaracy,MUNICIPAL,72.6,83.67,11.070000000000007,73.75,9.920000000000002,1,74.87,75.96,77.02,78.05,79.04,80.0,5,94.8051948051948,758,22
2024.0,21.0,MA,2101400.0,Balsas,MUNICIPAL,39.8,39.54,-0.259999999999998,46.12,-6.579999999999998,0,52.53,58.86,64.92,70.52,75.57,80.0,0,90.67055393586006,4312,189
2024.0,17.0,TO,1703909.0,Caseara,MUNICIPAL,17.0,31.53,14.530000000000001,23.89,7.640000000000001,1,32.42,42.3,52.84,63.13,72.35,80.0,0,81.08108108108108,4682,113
2024.0,25.0,PB,2500734.0,Amparo,MUNICIPAL,85.3,41.89,-43.41,80.0,-38.11,0,80.0,80.0,80.0,80.0,80.0,80.0,1,93.5483870967742,4177,171
2024.0,33.0,RJ,3301801.0,Engenheiro Paulo de Frontin,MUNICIPAL,63.0,55.56,-7.439999999999998,65.8,-10.239999999999995,0,68.49,71.06,73.5,75.81,77.98,80.0,2,82.35294117647058,3214,57
2024.0,35.0,SP,3500600.0,Águas de São Pedro,MUNICIPAL,81.9,80.89,-1.0100000000000051,80.0,0.8900000000000006,1,80.0,80.0,80.0,80.0,80.0,80.0,5,91.30434782608695,970,75
2024.0,31.0,MG,3159308.0,Santa Rita de Jacutinga,MUNICIPAL,41.6,77.68,36.080000000000005,47.7,29.980000000000004,1,53.85,59.89,65.64,70.96,75.77,80.0,4,93.10344827586206,1235,335
2024.0,28.0,SE,2806206.0,Salgado,MUNICIPAL,33.8,44.89,11.090000000000003,40.63,4.259999999999998,1,47.88,55.21,62.33,68.95,74.88,80.0,1,93.12169312169311,3997,16
2024.0,31.0,MG,3150406.0,Piedade dos Gerais,MUNICIPAL,72.0,83.86,11.86,73.21,10.650000000000006,1,74.44,75.63,76.78,77.89,78.97,80.0,5,96.29629629629628,744,190
2024.0,35.0,SP,3512902.0,Cosmorama,MUNICIPAL,94.6,56.46,-38.13999999999999,80.0,-23.54,0,80.0,80.0,80.0,80.0,80.0,80.0,2,88.31168831168831,3140,393
2024.0,41.0,PR,4104253.0,Campo Magro,MUNICIPAL,59.8,57.97,-1.8299999999999983,63.18,-5.210000000000001,0,66.39,69.47,72.37,75.1,77.65,80.0,2,86.90176322418137,3015,337
2024.0,31.0,MG,3104700.0,Ataléia,MUNICIPAL,67.1,66.4,-0.6999999999999886,69.2,-2.799999999999997,0,71.21,73.14,74.98,76.75,78.42,80.0,3,88.0,2291,596
2024.0,31.0,MG,3124203.0,Espera Feliz,MUNICIPAL,71.6,61.52,-10.079999999999991,72.95,-11.43,0,74.22,75.46,76.66,77.81,78.93,80.0,3,91.93548387096774,2712,662
2024.0,26.0,PE,2611507.0,Quipapá,MUNICIPAL,48.1,58.1,10.0,53.33,4.770000000000003,1,58.48,63.44,68.13,72.49,76.45,80.0,2,98.66071428571428,3008,118
2024.0,43.0,RS,4317558.0,Santo Antônio do Palma,MUNICIPAL,72.2,34.6,-37.6,73.44,-38.839999999999996,0,74.62,75.77,76.88,77.96,79.0,80.0,0,100.0,4571,374
2024.0,24.0,RN,2409407.0,Pau dos Ferros,MUNICIPAL,38.9,38.9,0.0,45.25,-6.350000000000001,0,51.81,58.3,64.52,70.28,75.46,80.0,0,83.33333333333334,4346,77
2024.0,41.0,PR,4107306.0,Doutor Camargo,MUNICIPAL,79.1,60.84,-18.25999999999999,79.25,-18.409999999999997,0,79.37,79.5,79.63,79.75,79.88,80.0,3,89.55223880597015,2765,330
2024.0,31.0,MG,3145877.0,Orizânia,MUNICIPAL,62.8,75.97,13.170000000000002,65.59,10.379999999999995,1,68.32,70.93,73.41,75.75,77.95,80.0,4,86.52482269503547,1415,390
2024.0,11.0,RO,1101476.0,Primavera de Rondônia,MUNICIPAL,86.1,57.63,-28.46999999999999,80.0,-22.369999999999997,0,80.0,80.0,80.0,80.0,80.0,80.0,2,86.76470588235294,3035,42
2024.0,25.0,PB,2509057.0,Marcação,MUNICIPAL,68.9,24.23,-44.67,70.7,-46.47,0,72.42,74.07,75.65,77.17,78.62,80.0,0,84.95575221238938,4889,206
2024.0,52.0,GO,5207600.0,Fazenda Nova,MUNICIPAL,96.7,100.0,3.299999999999997,80.0,20.0,1,80.0,80.0,80.0,80.0,80.0,80.0,5,97.5,1,1
2024.0,29.0,BA,2919207.0,Lauro de Freitas,MUNICIPAL,29.6,28.75,-0.8500000000000014,36.74,-7.990000000000002,0,44.48,52.49,60.38,67.77,74.36,80.0,0,84.65608465608466,4775,283
2024.0,43.0,RS,4320354.0,Sentinela do Sul,MUNICIPAL,73.8,23.5,-50.3,74.77,-51.269999999999996,0,75.7,76.61,77.49,78.35,79.19,80.0,0,85.71428571428571,4902,400
2024.0,31.0,MG,3145604.0,Oliveira,MUNICIPAL,49.7,80.67,30.97,54.71,25.96,1,59.6,64.29,68.73,72.85,76.62,80.0,5,91.47286821705426,986,261
2024.0,41.0,PR,4104451.0,Cantagalo,MUNICIPAL,65.7,71.81,6.109999999999999,68.01,3.799999999999997,1,70.26,72.41,74.47,76.42,78.26,80.0,4,95.33678756476684,1786,233
2024.0,25.0,PB,2513927.0,São Bentinho,MUNICIPAL,66.0,60.02,-5.979999999999997,68.26,-8.240000000000002,0,70.46,72.56,74.57,76.49,78.29,80.0,3,87.5,2833,93
2024.0,35.0,SP,3517604.0,Guapiara,MUNICIPAL,66.9,60.31,-6.590000000000003,69.06,-8.75,0,71.09,73.05,74.92,76.71,78.4,80.0,3,94.11764705882352,2816,332
2024.0,43.0,RS,4318309.0,São Gabriel,MUNICIPAL,61.1,35.6,-25.5,64.25,-28.65,0,67.25,70.12,72.83,75.39,77.78,80.0,0,79.51002227171492,4536,370
2024.0,17.0,TO,1720499.0,São Valério,MUNICIPAL,65.6,46.24,-19.359999999999992,67.92,-21.68,0,70.19,72.36,74.43,76.39,78.25,80.0,1,87.2340425531915,3906,71
2024.0,31.0,MG,3128808.0,Guidoval,MUNICIPAL,61.8,58.58,-3.219999999999999,64.83,-6.25,0,67.71,70.47,73.08,75.55,77.85,80.0,2,94.18604651162792,2962,689
2024.0,25.0,PB,2516003.0,Solânea,MUNICIPAL,78.6,45.73,-32.87,78.77,-33.04,0,78.98,79.19,79.39,79.6,79.8,80.0,1,87.38317757009347,3937,158
2024.0,23.0,CE,2305357.0,Icapuí,MUNICIPAL,82.2,76.34,-5.859999999999999,80.0,-3.6599999999999966,0,80.0,80.0,80.0,80.0,80.0,80.0,4,98.31649831649833,1374,151
2024.0,22.0,PI,2207959.0,Nova Santa Rita,MUNICIPAL,48.0,49.11,1.1099999999999994,53.26,-4.149999999999999,0,58.41,63.39,68.1,72.47,76.44,80.0,1,98.4375,3703,162
2024.0,25.0,PB,2506707.0,Imaculada,MUNICIPAL,67.1,39.64,-27.459999999999994,69.22,-29.58,0,71.23,73.15,75.0,76.75,78.42,80.0,0,93.90243902439023,4308,182
2024.0,26.0,PE,2612109.0,Salgadinho,MUNICIPAL,93.4,92.16,-1.240000000000009,80.0,12.159999999999997,1,80.0,80.0,80.0,80.0,80.0,80.0,5,100.0,308,7
2024.0,31.0,MG,3131208.0,Ipanema,MUNICIPAL,78.9,77.67,-1.230000000000004,79.02,-1.3499999999999943,0,79.18,79.35,79.51,79.68,79.84,80.0,4,89.9497487437186,1236,336
2024.0,31.0,MG,3157302.0,Santa Bárbara do Tugúrio,MUNICIPAL,50.6,90.92,40.32,55.44,35.480000000000004,1,60.19,64.74,69.05,73.05,76.7,80.0,5,97.82608695652172,360,61
2024.0,35.0,SP,3529401.0,Mauá,MUNICIPAL,45.7,46.04,0.3399999999999963,51.29,-5.25,0,56.81,62.16,67.24,71.94,76.2,80.0,1,82.29166666666666,3921,529
2024.0,31.0,MG,3145059.0,Nova Porteirinha,MUNICIPAL,41.6,51.93,10.329999999999998,47.65,4.280000000000001,1,53.81,59.85,65.61,70.95,75.76,80.0,2,80.59701492537313,3498,728
2024.0,27.0,AL,2708709.0,São Miguel dos Milagres,MUNICIPAL,34.5,50.67,16.17,41.31,9.36,1,48.46,55.68,62.66,69.15,74.96,80.0,2,95.0920245398773,3592,42
2024.0,15.0,PA,1507805.0,Senador José Porfírio,MUNICIPAL,33.2,35.9,2.6999999999999957,40.12,-4.219999999999999,0,47.44,54.86,62.08,68.8,74.81,80.0,0,80.34398034398035,4519,109
2024.0,31.0,MG,3160108.0,Santo Antônio do Grama,MUNICIPAL,82.7,94.3,11.599999999999994,80.0,14.299999999999997,1,80.0,80.0,80.0,80.0,80.0,80.0,5,94.54545454545456,229,27
2024.0,52.0,GO,5215207.0,Novo Brasil,MUNICIPAL,84.1,54.84,-29.25999999999999,80.0,-25.159999999999997,0,80.0,80.0,80.0,80.0,80.0,80.0,2,100.0,3284,217
2024.0,24.0,RN,2409902.0,Pendências,MUNICIPAL,40.9,33.3,-7.600000000000001,47.04,-13.740000000000002,0,53.3,59.46,65.34,70.78,75.69,80.0,0,84.55882352941177,4621,100
2024.0,31.0,MG,3143609.0,Morro da Garça,MUNICIPAL,96.4,67.59,-28.810000000000002,80.0,-12.409999999999997,0,80.0,80.0,80.0,80.0,80.0,80.0,3,96.55172413793105,2188,576
2024.0,29.0,BA,2911857.0,Heliópolis,MUNICIPAL,31.4,36.36,4.960000000000001,38.42,-2.0600000000000023,0,45.96,53.68,61.24,68.29,74.59,80.0,0,70.96774193548387,4493,178
2024.0,22.0,PI,2200277.0,Alegrete do Piauí,MUNICIPAL,53.9,55.26,1.3599999999999994,58.22,-2.960000000000001,0,62.42,66.45,70.24,73.78,77.04,80.0,2,95.0,3239,137
2024.0,28.0,SE,2806008.0,Ribeirópolis,MUNICIPAL,33.7,38.48,4.779999999999994,40.54,-2.0600000000000023,0,47.8,55.15,62.28,68.92,74.86,80.0,0,95.91836734693877,4372,28
2024.0,42.0,SC,4200606.0,Águas Mornas,MUNICIPAL,81.3,79.3,-2.0,80.0,-0.7000000000000028,0,80.0,80.0,80.0,80.0,80.0,80.0,4,87.62886597938144,1102,46
2024.0,43.0,RS,4302220.0,Boa Vista do Cadeado,MUNICIPAL,71.4,66.7,-4.700000000000003,72.77,-6.069999999999993,0,74.08,75.35,76.58,77.76,78.9,80.0,3,85.71428571428571,2253,73
2024.0,31.0,MG,3111002.0,Campestre,MUNICIPAL,70.0,81.73,11.730000000000004,71.58,10.150000000000006,1,73.12,74.61,76.04,77.42,78.74,80.0,5,91.04477611940298,905,237
2024.0,31.0,MG,3151701.0,Poço Fundo,MUNICIPAL,81.9,70.92,-10.980000000000004,80.0,-9.079999999999998,0,80.0,80.0,80.0,80.0,80.0,80.0,4,88.60759493670885,1855,505
2024.0,35.0,SP,3515129.0,Emilianópolis,MUNICIPAL,47.9,88.58,40.68,53.16,35.42,1,58.34,63.33,68.06,72.44,76.43,80.0,5,96.29629629629628,459,38
2024.0,11.0,RO,1100338.0,Nova Mamoré,MUNICIPAL,63.0,45.3,-17.700000000000003,65.81,-20.510000000000005,0,68.5,71.07,73.51,75.81,77.98,80.0,1,87.25701943844493,3974,47
2024.0,25.0,PB,2509156.0,Marizópolis,MUNICIPAL,100.0,98.16,-1.8400000000000034,80.0,18.159999999999997,1,80.0,80.0,80.0,80.0,80.0,80.0,5,96.49122807017544,89,6
2024.0,24.0,RN,2403707.0,Felipe Guerra,MUNICIPAL,54.4,51.71,-2.6899999999999977,58.61,-6.899999999999999,0,62.74,66.69,70.41,73.89,77.09,80.0,2,94.0,3515,32
2024.0,31.0,MG,3144508.0,Nazareno,MUNICIPAL,87.4,85.36,-2.0400000000000063,80.0,5.359999999999999,1,80.0,80.0,80.0,80.0,80.0,80.0,5,97.77777777777776,642,159
2024.0,31.0,MG,3159605.0,Santa Rita do Sapucaí,MUNICIPAL,49.7,72.16,22.459999999999994,54.67,17.489999999999995,1,59.56,64.27,68.72,72.84,76.61,80.0,4,86.875,1750,475
2024.0,29.0,BA,2930303.0,Serra Dourada,MUNICIPAL,29.0,33.09,4.090000000000003,36.13,-3.039999999999999,0,43.93,52.05,60.07,67.57,74.27,80.0,0,90.06622516556291,4629,214
2024.0,25.0,PB,2512101.0,Pombal,MUNICIPAL,58.7,65.57000000000001,6.8700000000000045,62.19,3.3800000000000097,1,65.6,68.87,71.95,74.84,77.52,80.0,3,88.84892086330936,2347,69
2024.0,35.0,SP,3532603.0,Nhandeara,MUNICIPAL,66.5,67.47,0.9699999999999989,68.69,-1.2199999999999989,0,70.8,72.83,74.76,76.6,78.35,80.0,3,92.42424242424242,2197,211
2024.0,13.0,AM,1303304.0,Novo Aripuanã,MUNICIPAL,84.0,50.99,-33.01,80.0,-29.009999999999998,0,80.0,80.0,80.0,80.0,80.0,80.0,2,75.625,3568,17
2024.0,52.0,GO,5219100.0,Santa Bárbara de Goiás,MUNICIPAL,78.3,100.0,21.700000000000003,78.53,21.47,1,78.78,79.03,79.28,79.52,79.76,80.0,5,94.2528735632184,1,1
2024.0,15.0,PA,1508050.0,Trairão,MUNICIPAL,70.8,62.190000000000005,-8.609999999999992,72.29,-10.100000000000001,0,73.69,75.05,76.36,77.62,78.84,80.0,3,85.66037735849056,2662,16
2024.0,25.0,PB,2514800.0,São José dos Cordeiros,MUNICIPAL,80.3,95.24,14.939999999999998,80.0,15.239999999999995,1,80.0,80.0,80.0,80.0,80.0,80.0,5,95.45454545454544,187,12
2024.0,32.0,ES,3204005.0,Pancas,MUNICIPAL,83.0,85.86,2.8599999999999994,80.0,5.859999999999999,1,80.0,80.0,80.0,80.0,80.0,80.0,5,92.3076923076923,609,13
2024.0,24.0,RN,2413607.0,Severiano Melo,MUNICIPAL,71.6,47.88,-23.71999999999999,72.95,-25.07,0,74.22,75.46,76.66,77.81,78.93,80.0,1,92.40506329113924,3783,42
2024.0,42.0,SC,4215455.0,Sangão,MUNICIPAL,69.3,68.60000000000001,-0.6999999999999886,70.98,-2.3799999999999955,0,72.64,74.24,75.77,77.25,78.66,80.0,3,81.08108108108108,2094,140
2024.0,50.0,MS,5007208.0,Rio Brilhante,MUNICIPAL,40.2,52.67,12.469999999999999,46.43,6.240000000000002,1,52.79,59.07,65.06,70.61,75.61,80.0,2,95.31772575250837,3444,51
2024.0,12.0,AC,1200500.0,Sena Madureira,MUNICIPAL,,64.83,,,,,67.71,70.47,73.08,75.55,77.85,80.0,3,86.60377358490567,2416,1
2024.0,25.0,PB,2508703.0,Mãe d'Água,MUNICIPAL,70.0,63.64,-6.359999999999999,71.59,-7.950000000000003,0,73.13,74.62,76.05,77.42,78.74,80.0,3,100.0,2542,76
2024.0,22.0,PI,2202539.0,Caraúbas do Piauí,MUNICIPAL,38.5,68.17,29.67,44.94,23.230000000000004,1,51.55,58.1,64.37,70.19,75.42,80.0,3,93.97590361445783,2133,93
2024.0,43.0,RS,4304671.0,Capivari do Sul,MUNICIPAL,41.3,43.9,2.6000000000000014,47.38,-3.480000000000004,0,53.58,59.68,65.49,70.87,75.73,80.0,1,81.81818181818183,4062,284
2024.0,31.0,MG,3138104.0,Lassance,MUNICIPAL,80.2,48.0,-32.2,80.0,-32.0,0,80.0,80.0,80.0,80.0,80.0,80.0,1,100.0,3773,739
2024.0,35.0,SP,3554201.0,Tejupá,MUNICIPAL,73.4,59.38,-14.020000000000003,74.41,-15.029999999999994,0,75.41,76.38,77.32,78.24,79.14,80.0,2,100.0,2905,347
2024.0,31.0,MG,3112307.0,Capelinha,MUNICIPAL,56.4,80.94,24.54,60.28,20.659999999999997,1,64.07,67.7,71.13,74.33,77.29,80.0,5,94.3127962085308,967,256
2024.0,25.0,PB,2501807.0,Bayeux,MUNICIPAL,33.9,36.71,2.8100000000000023,40.74,-4.030000000000001,0,47.97,55.29,62.38,68.98,74.89,80.0,0,77.36220472440945,4480,190
2024.0,41.0,PR,4121208.0,Quitandinha,MUNICIPAL,71.8,75.8,4.0,73.05,2.75,1,74.31,75.53,76.71,77.85,78.94,80.0,4,92.42424242424242,1434,168
2024.0,16.0,AP,1600212.0,Cutias,MUNICIPAL,47.0,53.36,6.359999999999999,52.37,0.990000000000002,1,57.7,62.84,67.71,72.23,76.33,80.0,2,95.34883720930232,3395,6
2024.0,41.0,PR,4118402.0,Paranavaí,MUNICIPAL,80.5,74.3,-6.200000000000003,80.0,-5.700000000000003,0,80.0,80.0,80.0,80.0,80.0,80.0,4,89.30817610062893,1572,195
2024.0,17.0,TO,1703883.0,Carmolândia,MUNICIPAL,25.1,27.47,2.3699999999999974,32.34,-4.8700000000000045,0,40.51,49.25,58.03,66.33,73.73,80.0,0,83.72093023255815,4817,118
2024.0,29.0,BA,2904001.0,Boninal,MUNICIPAL,45.1,48.96,3.8599999999999994,50.69,-1.7299999999999969,0,56.32,61.79,66.97,71.78,76.13,80.0,1,97.95918367346938,3714,48
2024.0,31.0,MG,3142254.0,Miravânia,MUNICIPAL,40.7,41.67,0.9699999999999989,46.9,-5.229999999999997,0,53.18,59.37,65.27,70.74,75.67,80.0,1,85.71428571428571,4190,751
2024.0,26.0,PE,2614857.0,Tamandaré,MUNICIPAL,44.9,57.18,12.280000000000001,50.56,6.619999999999997,1,56.21,61.71,66.92,71.74,76.12,80.0,2,95.95588235294116,3073,123
2024.0,29.0,BA,2906303.0,Canavieiras,MUNICIPAL,29.0,28.68,-0.3200000000000003,36.12,-7.439999999999998,0,43.93,52.05,60.06,67.57,74.27,80.0,0,93.47079037800688,4777,284
2024.0,22.0,PI,2202075.0,Cajazeiras do Piauí,MUNICIPAL,100.0,75.0,-25.0,80.0,-5.0,0,80.0,80.0,80.0,80.0,80.0,80.0,4,100.0,1497,77
2024.0,50.0,MS,5008305.0,Três Lagoas,MUNICIPAL,69.9,82.99,13.08999999999999,71.48,11.509999999999991,1,73.04,74.55,76.0,77.39,78.72,80.0,5,99.63414634146342,801,4
2024.0,43.0,RS,4319208.0,São Nicolau,MUNICIPAL,57.9,7.1000000000000005,-50.8,61.56,-54.46,0,65.1,68.48,71.68,74.67,77.45,80.0,0,82.35294117647058,4977,407
2024.0,35.0,SP,3550407.0,São Pedro,MUNICIPAL,51.9,58.16,6.259999999999998,56.57,1.5899999999999963,1,61.09,65.44,69.54,73.35,76.84,80.0,2,87.63440860215054,3002,364
2024.0,21.0,MA,2103125.0,Central do Maranhão,MUNICIPAL,100.0,84.42,-15.579999999999998,80.0,4.420000000000002,1,80.0,80.0,80.0,80.0,80.0,80.0,5,91.66666666666666,712,23
2024.0,41.0,PR,4118857.0,Perobal,MUNICIPAL,57.6,70.19,12.589999999999996,61.32,8.869999999999997,1,64.91,68.33,71.57,74.61,77.42,80.0,4,90.0,1932,252
2024.0,31.0,MG,3157500.0,Santa Efigênia de Minas,MUNICIPAL,43.3,75.81,32.510000000000005,49.21,26.6,1,55.1,60.85,66.31,71.37,75.95,80.0,4,92.5925925925926,1433,395
2024.0,43.0,RS,4303608.0,Cambará do Sul,MUNICIPAL,60.0,63.6,3.6000000000000014,63.31,0.28999999999999915,1,66.5,69.55,72.43,75.14,77.66,80.0,3,78.57142857142857,2544,98
2024.0,31.0,MG,3154606.0,Ribeirão das Neves,MUNICIPAL,55.0,59.36,4.359999999999999,59.14,0.21999999999999886,1,63.16,67.01,70.64,74.03,77.15,80.0,2,85.07596067917784,2907,682
2024.0,41.0,PR,4118204.0,Paranaguá,MUNICIPAL,61.9,61.71,-0.18999999999999773,64.89,-3.1799999999999997,0,67.77,70.51,73.11,75.57,77.86,80.0,3,79.34301958307012,2693,320
2024.0,35.0,SP,3543402.0,Ribeirão Preto,MUNICIPAL,39.1,45.01,5.909999999999997,45.48,-0.46999999999999886,0,52.0,58.45,64.62,70.34,75.49,80.0,1,87.40127867619407,3990,539
2024.0,31.0,MG,3109600.0,Cachoeira da Prata,MUNICIPAL,52.4,80.0,27.6,56.96,23.04,1,61.41,65.68,69.71,73.45,76.89,80.0,5,92.5925925925926,1035,275
2024.0,35.0,SP,3502606.0,Aparecida d'Oeste,MUNICIPAL,67.1,86.16,19.060000000000002,69.19,16.97,1,71.2,73.13,74.98,76.74,78.42,80.0,5,90.47619047619048,596,48
2024.0,35.0,SP,3527207.0,Lorena,MUNICIPAL,42.5,47.82,5.32,48.46,-0.6400000000000006,0,54.48,60.37,65.98,71.17,75.86,80.0,1,89.87688098495212,3791,509
2024.0,31.0,MG,3142601.0,Monsenhor Paulo,MUNICIPAL,62.7,78.89,16.189999999999998,65.54,13.349999999999994,1,68.28,70.9,73.39,75.74,77.94,80.0,4,93.6842105263158,1128,300
2024.0,29.0,BA,2929305.0,São Gonçalo dos Campos,MUNICIPAL,36.4,24.63,-11.77,43.04,-18.41,0,49.94,56.84,63.48,69.65,75.19,80.0,0,86.01694915254238,4880,331
2024.0,31.0,MG,3142700.0,Montalvânia,MUNICIPAL,48.5,60.75,12.25,53.65,7.100000000000001,1,58.73,63.64,68.27,72.57,76.49,80.0,3,93.33333333333331,2773,667
2024.0,29.0,BA,2926707.0,Rio de Contas,MUNICIPAL,50.4,55.74,5.340000000000003,55.31,0.4299999999999997,1,60.08,64.66,68.99,73.01,76.69,80.0,2,93.12977099236642,3194,19
2024.0,31.0,MG,3105509.0,Barão do Monte Alto,MUNICIPAL,63.5,89.21000000000001,25.710000000000008,66.24,22.970000000000013,1,68.84,71.33,73.7,75.93,78.03,80.0,5,92.5,439,87
2024.0,43.0,RS,4302253.0,Boa Vista do Sul,MUNICIPAL,73.3,75.0,1.7000000000000028,74.36,0.6400000000000006,1,75.37,76.35,77.31,78.23,79.13,80.0,4,88.88888888888889,1497,36
2024.0,42.0,SC,4218608.0,Trombudo Central,MUNICIPAL,68.1,63.31,-4.789999999999992,70.04,-6.730000000000004,0,71.89,73.66,75.36,76.98,78.53,80.0,3,90.625,2565,174
2024.0,13.0,AM,1300409.0,Barcelos,MUNICIPAL,48.6,38.21,-10.39,53.75,-15.54,0,58.82,63.7,68.32,72.6,76.5,80.0,0,78.99543378995433,4386,31
2024.0,29.0,BA,2916807.0,Itarantim,MUNICIPAL,38.2,41.07,2.8699999999999974,44.64,-3.5700000000000003,0,51.29,57.9,64.23,70.11,75.39,80.0,1,86.15384615384616,4219,117
2024.0,28.0,SE,2800605.0,Barra dos Coqueiros,MUNICIPAL,22.1,28.04,5.939999999999998,29.32,-1.2800000000000011,0,37.7,46.89,56.3,65.27,73.27,80.0,0,85.27397260273972,4803,54
2024.0,35.0,SP,3507100.0,Bom Jesus dos Perdões,MUNICIPAL,69.9,53.92,-15.980000000000004,71.48,-17.560000000000002,0,73.04,74.55,76.0,77.39,78.72,80.0,2,91.25,3356,439
2024.0,51.0,MT,5105580.0,Marcelândia,MUNICIPAL,62.3,65.36,3.0600000000000023,65.23,0.12999999999999545,1,68.03,70.71,73.26,75.65,77.9,80.0,3,93.98907103825135,2371,69
2024.0,29.0,BA,2914000.0,Ipirá,MUNICIPAL,30.0,34.46,4.460000000000001,37.07,-2.6099999999999994,0,44.77,52.73,60.55,67.87,74.4,80.0,0,91.40969162995594,4577,197
2024.0,31.0,MG,3146701.0,Palma,MUNICIPAL,27.0,75.61,48.61,34.19,41.42,1,42.2,50.64,59.04,66.95,74.0,80.0,4,91.66666666666666,1449,398
2024.0,35.0,SP,3531803.0,Monte Mor,MUNICIPAL,49.6,46.98,-2.6200000000000045,54.58,-7.600000000000001,0,59.49,64.21,68.67,72.82,76.6,80.0,1,83.22295805739515,3855,519
2024.0,27.0,AL,2700409.0,Atalaia,MUNICIPAL,32.4,44.27,11.870000000000005,39.32,4.950000000000003,1,46.74,54.31,61.68,68.56,74.7,80.0,1,97.74266365688489,4034,59
2024.0,52.0,GO,5207501.0,Estrela do Norte,MUNICIPAL,67.2,98.0,30.799999999999997,69.25,28.75,1,71.25,73.17,75.01,76.76,78.42,80.0,5,100.0,97,11
2024.0,31.0,MG,3116506.0,Claro dos Poções,MUNICIPAL,70.1,68.63,-1.4699999999999989,71.63,-3.0,0,73.16,74.64,76.07,77.43,78.75,80.0,3,95.52238805970148,2092,553
2024.0,31.0,MG,3141900.0,Minduri,MUNICIPAL,51.9,76.32000000000001,24.42000000000001,56.53,19.790000000000006,1,61.07,65.42,69.52,73.34,76.84,80.0,4,92.10526315789474,1376,379
2024.0,52.0,GO,5213400.0,Moiporá,MUNICIPAL,,84.62,,,,,80.0,80.0,80.0,80.0,80.0,80.0,5,100.0,691,76
2024.0,41.0,PR,4126256.0,Sarandi,MUNICIPAL,58.0,56.55,-1.4500000000000028,61.63,-5.080000000000005,0,65.16,68.53,71.71,74.69,77.46,80.0,2,82.39595050618672,3129,344
2024.0,22.0,PI,2201507.0,Batalha,MUNICIPAL,43.7,46.97,3.269999999999996,49.49,-2.520000000000003,0,55.33,61.03,66.44,71.45,75.98,80.0,1,93.69369369369367,3857,170
2024.0,32.0,ES,3203106.0,Jerônimo Monteiro,MUNICIPAL,70.1,77.2,7.1000000000000085,71.71,5.490000000000009,1,73.22,74.69,76.1,77.46,78.76,80.0,4,96.25,1290,44
2024.0,43.0,RS,4307864.0,Fagundes Varela,MUNICIPAL,92.9,69.2,-23.700000000000003,80.0,-10.799999999999997,0,80.0,80.0,80.0,80.0,80.0,80.0,3,83.87096774193549,2032,60
2024.0,23.0,CE,2311405.0,Quixeramobim,MUNICIPAL,98.5,98.76,0.2600000000000051,80.0,18.760000000000005,1,80.0,80.0,80.0,80.0,80.0,80.0,5,98.87133182844244,76,30
2024.0,21.0,MA,2107704.0,Paraibano,MUNICIPAL,78.9,74.65,-4.25,79.02,-4.36999999999999,0,79.18,79.35,79.51,79.68,79.84,80.0,4,90.94076655052264,1539,51
2024.0,50.0,MS,5005707.0,Naviraí,MUNICIPAL,60.3,59.870000000000005,-0.4299999999999926,63.53,-3.6599999999999966,0,66.68,69.68,72.53,75.2,77.69,80.0,2,90.304396843292,2862,29
2024.0,43.0,RS,4308250.0,Floriano Peixoto,MUNICIPAL,85.7,71.4,-14.299999999999997,80.0,-8.599999999999994,0,80.0,80.0,80.0,80.0,80.0,80.0,4,70.0,1815,48
2024.0,25.0,PB,2500536.0,Alcantil,MUNICIPAL,42.6,45.86,3.259999999999998,48.58,-2.719999999999999,0,54.58,60.45,66.03,71.2,75.87,80.0,1,97.75280898876404,3930,154
2024.0,42.0,SC,4213609.0,Porto União,MUNICIPAL,70.5,59.53,-10.969999999999999,72.02,-12.489999999999995,0,73.47,74.88,76.24,77.54,78.8,80.0,2,87.09677419354838,2894,191
2024.0,31.0,MG,3143005.0,Monte Belo,MUNICIPAL,50.2,80.85000000000001,30.650000000000006,55.11,25.74000000000001,1,59.92,64.54,68.91,72.96,76.66,80.0,5,92.15686274509804,976,259
2024.0,26.0,PE,2607950.0,Jaqueira,MUNICIPAL,57.7,81.67,23.97,61.36,20.310000000000002,1,64.94,68.36,71.59,74.62,77.42,80.0,5,98.61111111111111,913,30
2024.0,35.0,SP,3513306.0,Cruzália,MUNICIPAL,85.2,47.06,-38.14,80.0,-32.94,0,80.0,80.0,80.0,80.0,80.0,80.0,1,89.47368421052632,3852,518
2024.0,35.0,SP,3513702.0,Descalvado,MUNICIPAL,59.4,80.62,21.220000000000006,62.78,17.840000000000003,1,66.08,69.22,72.2,75.0,77.6,80.0,5,92.82868525896414,990,78
2024.0,15.0,PA,1508126.0,Ulianópolis,MUNICIPAL,61.8,61.52,-0.27999999999999403,64.77,-3.249999999999993,0,67.67,70.43,73.06,75.53,77.85,80.0,3,91.72749391727494,2712,17
2024.0,31.0,MG,3146255.0,Padre Carvalho,MUNICIPAL,47.1,64.75,17.65,52.45,12.299999999999997,1,57.76,62.89,67.75,72.25,76.34,80.0,3,95.91836734693877,2428,624
2024.0,31.0,MG,3149200.0,Pedrinópolis,MUNICIPAL,59.7,79.95,20.25,63.06,16.89,1,66.3,69.4,72.32,75.07,77.63,80.0,4,89.74358974358975,1048,278
2024.0,31.0,MG,3120607.0,Crucilândia,MUNICIPAL,81.5,90.23,8.730000000000004,80.0,10.230000000000004,1,80.0,80.0,80.0,80.0,80.0,80.0,5,96.29629629629628,392,73
2024.0,29.0,BA,2910750.0,Fátima,MUNICIPAL,42.5,49.57,7.07,48.48,1.0900000000000034,1,54.5,60.39,65.99,71.18,75.86,80.0,1,96.69421487603306,3670,46
2024.0,35.0,SP,3501103.0,Alto Alegre,MUNICIPAL,59.6,71.82000000000001,12.220000000000006,63.01,8.81000000000001,1,66.26,69.37,72.3,75.06,77.63,80.0,4,95.1219512195122,1785,164
2024.0,41.0,PR,4128401.0,Uraí,MUNICIPAL,76.6,66.07000000000001,-10.529999999999987,77.07,-10.999999999999986,0,77.58,78.08,78.57,79.05,79.53,80.0,3,90.2777777777778,2310,286
2024.0,35.0,SP,3507001.0,Boituva,MUNICIPAL,61.6,69.83,8.229999999999997,64.65,5.179999999999993,1,67.57,70.36,73.01,75.5,77.83,80.0,3,90.11142061281338,1978,184
2024.0,43.0,RS,4322541.0,Vale Real,MUNICIPAL,76.3,35.0,-41.3,76.86,-41.86,0,77.4,77.94,78.47,78.99,79.5,80.0,0,83.33333333333334,4556,372
2024.0,29.0,BA,2900108.0,Abaíra,MUNICIPAL,34.6,42.42,7.82,41.37,1.0500000000000043,1,48.51,55.71,62.69,69.17,74.97,80.0,1,89.1891891891892,4153,106
2024.0,25.0,PB,2502607.0,Igaracy,MUNICIPAL,29.0,79.06,50.06,36.1,42.96,1,43.91,52.03,60.05,67.56,74.27,80.0,4,83.05084745762711,1117,40
2024.0,52.0,GO,5218789.0,Rio Quente,MUNICIPAL,79.3,96.08,16.78,79.37,16.709999999999994,1,79.47,79.58,79.69,79.79,79.9,80.0,5,100.0,153,18
2024.0,31.0,MG,3156601.0,Rubim,MUNICIPAL,86.7,63.6,-23.1,80.0,-16.4,0,80.0,80.0,80.0,80.0,80.0,80.0,3,91.04477611940298,2544,637
2024.0,23.0,CE,2303600.0,Catarina,MUNICIPAL,79.2,81.25,2.049999999999997,79.35,1.9000000000000057,1,79.46,79.57,79.68,79.79,79.89,80.0,5,100.0,943,142
2024.0,25.0,PB,2508208.0,Lagoa de Dentro,MUNICIPAL,67.6,42.8,-24.799999999999997,69.61,-26.810000000000002,0,71.54,73.39,75.17,76.86,78.47,80.0,1,85.0,4128,169
2024.0,35.0,SP,3546207.0,Santa Cruz da Conceição,MUNICIPAL,66.6,73.36,6.760000000000005,68.76,4.599999999999994,1,70.86,72.87,74.79,76.62,78.36,80.0,4,93.75,1649,146
2024.0,27.0,AL,2702009.0,Coité do Nóia,MUNICIPAL,75.0,77.24,2.239999999999995,75.74,1.5,1,76.49,77.22,77.94,78.64,79.33,80.0,4,94.1747572815534,1284,12
2024.0,26.0,PE,2608750.0,Lagoa Grande,MUNICIPAL,54.7,67.55,12.849999999999994,58.93,8.619999999999997,1,62.99,66.88,70.55,73.97,77.13,80.0,3,98.005698005698,2193,79
2024.0,22.0,PI,2209955.0,São João da Varjota,MUNICIPAL,53.6,86.96000000000001,33.36000000000001,58.01,28.95000000000001,1,62.25,66.32,70.15,73.73,77.01,80.0,5,100.0,550,42
2024.0,17.0,TO,1712454.0,Luzinópolis,MUNICIPAL,25.0,48.91,23.909999999999997,32.22,16.689999999999998,1,40.4,49.16,57.96,66.29,73.72,80.0,1,95.91836734693877,3717,64
2024.0,15.0,PA,1500701.0,Anajás,MUNICIPAL,26.8,33.83,7.029999999999998,34.01,-0.17999999999999972,0,42.04,50.51,58.95,66.89,73.98,80.0,0,82.68292682926828,4598,114
2024.0,17.0,TO,1702109.0,Araguaína,MUNICIPAL,35.4,50.51,15.11,42.16,8.350000000000001,1,49.19,56.25,63.07,69.4,75.07,80.0,2,87.2566371681416,3607,54
2024.0,26.0,PE,2611903.0,Rio Formoso,MUNICIPAL,93.3,90.91,-2.3900000000000006,80.0,10.909999999999997,1,80.0,80.0,80.0,80.0,80.0,80.0,5,99.52380952380952,362,9
2024.0,23.0,CE,2310506.0,Pedra Branca,MUNICIPAL,99.4,99.7,0.29999999999999716,80.0,19.700000000000003,1,80.0,80.0,80.0,80.0,80.0,80.0,5,100.0,52,10
2024.0,17.0,TO,1716604.0,Peixe,MUNICIPAL,46.5,42.93,-3.5700000000000003,51.92,-8.990000000000002,0,57.32,62.56,67.51,72.11,76.28,80.0,1,77.77777777777779,4118,80
2024.0,35.0,SP,3535804.0,Paranapanema,MUNICIPAL,49.3,42.59,-6.709999999999994,54.37,-11.779999999999994,0,59.31,64.08,68.58,72.76,76.57,80.0,1,87.96680497925311,4137,557
2024.0,22.0,PI,2205706.0,Luís Correia,MUNICIPAL,62.1,51.6,-10.5,65.03,-13.43,0,67.87,70.59,73.17,75.6,77.88,80.0,2,93.55828220858896,3530,155
2024.0,31.0,MG,3167509.0,Simão Pereira,MUNICIPAL,8.8,48.25,39.45,14.14,34.11,1,21.89,32.29,44.8,58.0,70.15,80.0,1,88.88888888888889,3757,737
2024.0,50.0,MS,5007505.0,Rochedo,MUNICIPAL,38.7,48.97,10.269999999999996,45.12,3.8500000000000014,1,51.7,58.21,64.46,70.24,75.45,80.0,1,90.0,3713,58
2024.0,31.0,MG,3138609.0,Lima Duarte,MUNICIPAL,46.5,69.51,23.010000000000005,51.94,17.570000000000007,1,57.34,62.57,67.52,72.11,76.28,80.0,3,87.75510204081633,2003,537
2024.0,42.0,SC,4212650.0,Pescaria Brava,MUNICIPAL,40.4,45.95,5.550000000000004,46.6,-0.6499999999999986,0,52.93,59.18,65.14,70.66,75.63,80.0,1,90.9090909090909,3926,231
2024.0,25.0,PB,2515708.0,Serra Grande,MUNICIPAL,40.0,70.82000000000001,30.820000000000007,46.27,24.550000000000004,1,52.66,58.96,64.99,70.57,75.59,80.0,4,96.55172413793105,1867,53
2024.0,43.0,RS,4308409.0,Formigueiro,MUNICIPAL,89.5,40.0,-49.5,80.0,-40.0,0,80.0,80.0,80.0,80.0,80.0,80.0,1,93.75,4280,320
2024.0,43.0,RS,4310462.0,Ipiranga do Sul,MUNICIPAL,82.4,44.4,-38.00000000000001,80.0,-35.6,0,80.0,80.0,80.0,80.0,80.0,80.0,1,100.0,4026,277
2024.0,29.0,BA,2912608.0,Ibiquera,MUNICIPAL,20.1,15.62,-4.480000000000002,27.17,-11.550000000000002,0,35.65,45.14,54.99,64.46,72.93,80.0,0,94.11764705882352,4960,367
2024.0,31.0,MG,3117108.0,Conceição da Aparecida,MUNICIPAL,70.9,78.53,7.6299999999999955,72.31,6.219999999999999,1,73.71,75.07,76.37,77.63,78.84,80.0,4,91.50943396226415,1155,311
2024.0,42.0,SC,4207858.0,Irati,MUNICIPAL,92.9,87.82000000000001,-5.079999999999998,80.0,7.820000000000007,1,80.0,80.0,80.0,80.0,80.0,80.0,5,89.28571428571429,499,17
2024.0,31.0,MG,3111705.0,Canaã,MUNICIPAL,76.0,87.5,11.5,76.58,10.920000000000002,1,77.18,77.76,78.34,78.9,79.46,80.0,5,100.0,518,110
2024.0,33.0,RJ,3305158.0,São José do Vale do Rio Preto,MUNICIPAL,71.4,76.78,5.3799999999999955,72.76,4.019999999999996,1,74.08,75.35,76.58,77.76,78.9,80.0,4,84.56375838926175,1335,5
2024.0,12.0,AC,1200435.0,Santa Rosa do Purus,MUNICIPAL,,15.62,,,,,23.62,34.04,46.27,58.96,70.57,80.0,0,76.31578947368422,4960,21
2024.0,13.0,AM,1300060.0,Amaturá,MUNICIPAL,62.7,64.58,1.8799999999999955,65.52,-0.9399999999999977,0,68.27,70.89,73.38,75.74,77.94,80.0,3,93.12169312169311,2445,6
2024.0,22.0,PI,2207793.0,Pau D'Arco do Piauí,MUNICIPAL,100.0,51.85,-48.15,80.0,-28.15,0,80.0,80.0,80.0,80.0,80.0,80.0,2,96.42857142857144,3502,153
2024.0,22.0,PI,2207108.0,Olho D'Água do Piauí,MUNICIPAL,62.5,85.71000000000001,23.210000000000008,65.38,20.330000000000013,1,68.16,70.81,73.32,75.7,77.92,80.0,5,100.0,615,46
2024.0,35.0,SP,3528205.0,Macedônia,MUNICIPAL,82.5,72.5,-10.0,80.0,-7.5,0,80.0,80.0,80.0,80.0,80.0,80.0,4,100.0,1716,153
2024.0,52.0,GO,5207352.0,Edealina,MUNICIPAL,76.7,90.91,14.209999999999994,77.15,13.759999999999991,1,77.65,78.13,78.61,79.08,79.54,80.0,5,100.0,362,45
2024.0,42.0,SC,4214201.0,Quilombo,MUNICIPAL,67.1,70.08,2.980000000000004,69.21,0.8700000000000045,1,71.22,73.15,74.99,76.75,78.42,80.0,4,85.5072463768116,1946,124
2024.0,52.0,GO,5214705.0,Nova América,MUNICIPAL,89.9,95.24,5.339999999999989,80.0,15.239999999999995,1,80.0,80.0,80.0,80.0,80.0,80.0,5,100.0,187,23
2024.0,41.0,PR,4126355.0,Serranópolis do Iguaçu,MUNICIPAL,100.0,82.66,-17.340000000000003,80.0,2.6599999999999966,1,80.0,80.0,80.0,80.0,80.0,80.0,5,86.66666666666667,825,78
2024.0,23.0,CE,2303709.0,Caucaia,MUNICIPAL,67.0,69.01,2.010000000000005,69.14,-0.12999999999999545,0,71.16,73.1,74.96,76.73,78.41,80.0,3,97.45308310991958,2054,163
2024.0,31.0,MG,3161403.0,São Francisco do Glória,MUNICIPAL,59.4,78.59,19.190000000000005,62.82,15.770000000000003,1,66.11,69.25,72.22,75.01,77.6,80.0,4,92.0,1149,307
2024.0,51.0,MT,5106000.0,Nortelândia,MUNICIPAL,47.5,65.5,18.0,52.79,12.71,1,58.03,63.1,67.89,72.34,76.38,80.0,3,91.78082191780824,2354,68
2024.0,25.0,PB,2504207.0,Catingueira,MUNICIPAL,32.8,96.08,63.28,39.72,56.36,1,47.09,54.59,61.88,68.68,74.76,80.0,5,98.0392156862745,153,11
2024.0,41.0,PR,4116901.0,Nova Esperança,MUNICIPAL,74.1,74.65,0.5500000000000114,75.03,-0.37999999999999545,0,75.92,76.78,77.61,78.43,79.23,80.0,4,85.50185873605948,1539,185
2024.0,43.0,RS,4301107.0,Arroio dos Ratos,MUNICIPAL,40.5,43.2,2.700000000000003,46.7,-3.5,0,53.02,59.24,65.18,70.69,75.64,80.0,1,81.25,4102,292
2024.0,24.0,RN,2412906.0,São Tomé,MUNICIPAL,20.1,37.72,17.619999999999997,27.18,10.54,1,35.66,45.14,54.99,64.47,72.93,80.0,0,81.35593220338984,4416,82
2024.0,41.0,PR,4115804.0,Medianeira,MUNICIPAL,79.2,79.10000000000001,-0.09999999999999432,79.33,-0.22999999999998977,0,79.45,79.56,79.67,79.78,79.89,80.0,4,87.3850197109067,1112,117
2024.0,42.0,SC,4216255.0,São João do Oeste,MUNICIPAL,96.0,92.42,-3.5799999999999983,80.0,12.420000000000002,1,80.0,80.0,80.0,80.0,80.0,80.0,5,92.85714285714286,296,9
2024.0,21.0,MA,2100956.0,Arame,MUNICIPAL,76.3,74.44,-1.8599999999999994,76.81,-2.3700000000000045,0,77.37,77.91,78.45,78.98,79.49,80.0,4,100.0,1560,53
2024.0,35.0,SP,3513405.0,Cruzeiro,MUNICIPAL,39.3,55.99,16.690000000000005,45.68,10.310000000000002,1,52.17,58.58,64.72,70.4,75.52,80.0,2,93.00411522633745,3174,402
2024.0,41.0,PR,4121406.0,Realeza,MUNICIPAL,88.3,79.84,-8.459999999999994,80.0,-0.1599999999999966,0,80.0,80.0,80.0,80.0,80.0,80.0,4,90.82969432314412,1058,108
2024.0,31.0,MG,3145307.0,Novo Cruzeiro,MUNICIPAL,75.6,81.88,6.280000000000001,76.27,5.609999999999999,1,76.92,77.56,78.19,78.81,79.41,80.0,5,95.23809523809524,893,232
2024.0,52.0,GO,5201603.0,Araçu,MUNICIPAL,77.3,93.21,15.909999999999997,77.68,15.529999999999987,1,78.08,78.47,78.86,79.25,79.63,80.0,5,95.83333333333334,266,33
2024.0,41.0,PR,4115606.0,Matelândia,MUNICIPAL,73.5,71.4,-2.0999999999999943,74.52,-3.1199999999999903,0,75.5,76.45,77.38,78.28,79.15,80.0,4,86.83274021352312,1815,238
2024.0,31.0,MG,3160702.0,Santos Dumont,MUNICIPAL,56.0,69.94,13.939999999999998,59.95,9.989999999999995,1,63.81,67.5,70.99,74.24,77.25,80.0,3,94.31818181818184,1966,529
2024.0,41.0,PR,4124301.0,Santo Antônio do Paraíso,MUNICIPAL,82.3,81.17,-1.1299999999999955,80.0,1.1700000000000017,1,80.0,80.0,80.0,80.0,80.0,80.0,5,96.42857142857144,950,90
2024.0,31.0,MG,3127602.0,Gouveia,MUNICIPAL,74.2,91.11,16.909999999999997,75.13,15.980000000000004,1,75.99,76.83,77.66,78.46,79.24,80.0,5,96.40287769784172,355,59
2024.0,35.0,SP,3557204.0,Chavantes,MUNICIPAL,38.0,51.58,13.579999999999998,44.52,7.059999999999995,1,51.19,57.82,64.18,70.07,75.37,80.0,2,85.49618320610686,3533,468
2024.0,41.0,PR,4124004.0,Santana do Itararé,MUNICIPAL,78.3,54.43,-23.869999999999997,78.52,-24.089999999999996,0,78.78,79.02,79.27,79.52,79.76,80.0,2,84.61538461538461,3312,353
2024.0,31.0,MG,3122454.0,Divisópolis,MUNICIPAL,42.5,72.43,29.930000000000007,48.44,23.99000000000001,1,54.46,60.36,65.97,71.16,75.86,80.0,4,90.69767441860463,1726,469
2024.0,33.0,RJ,3301603.0,Duas Barras,MUNICIPAL,57.9,65.4,7.500000000000007,61.52,3.8800000000000026,1,65.07,68.46,71.66,74.66,77.44,80.0,3,89.03225806451613,2365,27
2024.0,35.0,SP,3531605.0,Monte Castelo,MUNICIPAL,66.5,94.29,27.790000000000006,68.66,25.63000000000001,1,70.78,72.81,74.75,76.6,78.35,80.0,5,91.42857142857144,230,16
2024.0,26.0,PE,2607406.0,Itacuruba,MUNICIPAL,64.8,48.57,-16.229999999999997,67.28,-18.71,0,69.67,71.96,74.15,76.21,78.17,80.0,1,100.0,3736,153
2024.0,35.0,SP,3524600.0,Jacupiranga,MUNICIPAL,63.9,54.8,-9.100000000000001,66.5,-11.700000000000003,0,69.05,71.49,73.81,76.0,78.07,80.0,2,90.2097902097902,3286,425
2024.0,33.0,RJ,3303906.0,Petrópolis,MUNICIPAL,62.5,64.81,2.3100000000000023,65.4,-0.5900000000000034,0,68.17,70.82,73.33,75.7,77.93,80.0,3,83.7727441515039,2419,30
2024.0,29.0,BA,2919926.0,Madre de Deus,MUNICIPAL,40.7,25.81,-14.890000000000004,46.9,-21.09,0,53.18,59.37,65.27,70.74,75.67,80.0,0,94.41624365482234,4852,318
2024.0,41.0,PR,4119608.0,Pitanga,MUNICIPAL,73.0,73.42,0.4200000000000017,74.08,-0.6599999999999966,0,75.14,76.17,77.17,78.15,79.09,80.0,4,91.14583333333334,1644,210
2024.0,31.0,MG,3129657.0,Ibiracatu,MUNICIPAL,64.3,37.74,-26.559999999999995,66.87,-29.130000000000003,0,69.35,71.71,73.97,76.1,78.11,80.0,0,96.96969696969695,4415,754
2024.0,42.0,SC,4211876.0,Paial,MUNICIPAL,70.8,54.55,-16.25,72.28,-17.730000000000004,0,73.69,75.05,76.36,77.62,78.83,80.0,2,78.57142857142857,3300,214
2024.0,41.0,PR,4118105.0,Paranacity,MUNICIPAL,83.3,80.03,-3.269999999999996,80.0,0.030000000000001137,1,80.0,80.0,80.0,80.0,80.0,80.0,5,92.90780141843972,1031,106
2024.0,11.0,RO,1100064.0,Colorado do Oeste,MUNICIPAL,62.9,71.69,8.79,65.67,6.019999999999996,1,68.39,70.98,73.45,75.78,77.96,80.0,4,90.67357512953367,1795,14
2024.0,22.0,PI,2201988.0,Brejo do Piauí,MUNICIPAL,50.3,95.35,45.05,55.21,40.13999999999999,1,60.0,64.6,68.95,72.99,76.68,80.0,5,100.0,180,21
2024.0,29.0,BA,2913705.0,Inhambupe,MUNICIPAL,29.5,30.13,0.629999999999999,36.61,-6.48,0,44.36,52.4,60.31,67.72,74.34,80.0,0,80.91872791519434,4731,261
2024.0,42.0,SC,4205456.0,Forquilhinha,MUNICIPAL,58.7,63.940000000000005,5.240000000000002,62.24,1.7000000000000028,1,65.64,68.9,71.97,74.85,77.53,80.0,3,73.7991266375546,2523,173
2024.0,50.0,MS,5007307.0,Rio Negro,MUNICIPAL,53.1,53.05,-0.05000000000000426,57.54,-4.490000000000002,0,61.88,66.03,69.96,73.61,76.96,80.0,2,98.78048780487804,3420,50
2024.0,32.0,ES,3204559.0,Santa Maria de Jetibá,MUNICIPAL,85.8,79.8,-6.0,80.0,-0.20000000000000284,0,80.0,80.0,80.0,80.0,80.0,80.0,4,96.17021276595744,1061,39
2024.0,43.0,RS,4316808.0,Santa Cruz do Sul,MUNICIPAL,64.8,43.8,-21.0,67.32,-23.519999999999996,0,69.7,71.99,74.16,76.23,78.17,80.0,1,83.68580060422961,4067,285
2024.0,35.0,SP,3510005.0,Cândido Mota,MUNICIPAL,72.7,65.51,-7.189999999999998,73.87,-8.36,0,74.97,76.04,77.08,78.09,79.06,80.0,3,96.03960396039604,2352,232
2024.0,50.0,MS,5006903.0,Porto Murtinho,MUNICIPAL,30.5,67.46000000000001,36.96000000000001,37.55,29.91000000000001,1,45.19,53.07,60.8,68.02,74.47,80.0,3,86.0377358490566,2200,17
2024.0,24.0,RN,2401453.0,Baraúna,MUNICIPAL,32.0,44.48,12.479999999999997,38.99,5.489999999999995,1,46.46,54.08,61.52,68.46,74.66,80.0,1,85.51401869158879,4020,53
2024.0,52.0,GO,5205802.0,Corumbá de Goiás,MUNICIPAL,72.1,80.7,8.600000000000009,73.34,7.359999999999999,1,74.54,75.71,76.84,77.93,78.98,80.0,5,97.0,981,116
2024.0,26.0,PE,2604700.0,Correntes,MUNICIPAL,51.8,71.97,20.17,56.47,15.5,1,61.01,65.37,69.49,73.32,76.83,80.0,4,97.74436090225564,1768,53
2024.0,41.0,PR,4107546.0,Espigão Alto do Iguaçu,MUNICIPAL,72.0,81.78,9.780000000000001,73.21,8.570000000000007,1,74.44,75.63,76.78,77.89,78.97,80.0,5,96.29629629629628,902,87
2024.0,41.0,PR,4117909.0,Palotina,MUNICIPAL,69.0,74.33,5.329999999999998,70.79,3.539999999999992,1,72.48,74.12,75.69,77.19,78.63,80.0,4,91.81818181818184,1570,193
2024.0,31.0,MG,3157005.0,Salinas,MUNICIPAL,73.0,77.08,4.079999999999998,74.1,2.980000000000004,1,75.15,76.18,77.18,78.15,79.09,80.0,4,95.1530612244898,1299,352
2024.0,29.0,BA,2920809.0,Marcionílio Souza,MUNICIPAL,21.2,18.57,-2.629999999999999,28.29,-9.719999999999999,0,36.73,46.06,55.68,64.89,73.11,80.0,0,88.60759493670885,4948,362
2024.0,42.0,SC,4203600.0,Campos Novos,MUNICIPAL,64.3,64.77,0.46999999999999886,66.86,-2.0900000000000034,0,69.34,71.71,73.97,76.1,78.11,80.0,3,75.23809523809524,2424,165
2024.0,43.0,RS,4314076.0,Passo do Sobrado,MUNICIPAL,88.5,50.2,-38.3,80.0,-29.799999999999997,0,80.0,80.0,80.0,80.0,80.0,80.0,2,96.0,3623,215
2024.0,31.0,MG,3105301.0,Bandeira do Sul,MUNICIPAL,73.4,94.51,21.11,74.43,20.08,1,75.43,76.39,77.34,78.25,79.14,80.0,5,90.0,219,23
2024.0,24.0,RN,2407708.0,Montanhas,MUNICIPAL,58.7,44.2,-14.5,62.22,-18.019999999999996,0,65.63,68.89,71.96,74.85,77.53,80.0,1,84.50704225352112,4041,54
2024.0,26.0,PE,2603603.0,Camutanga,MUNICIPAL,56.1,66.81,10.71,60.07,6.740000000000002,1,63.9,67.57,71.04,74.27,77.26,80.0,3,94.44444444444444,2246,82
2024.0,43.0,RS,4322608.0,Venâncio Aires,MUNICIPAL,78.1,59.2,-18.89999999999999,78.41,-19.209999999999994,0,78.68,78.95,79.22,79.48,79.74,80.0,2,93.63957597173145,2918,135
2024.0,35.0,SP,3515152.0,Engenheiro Coelho,MUNICIPAL,53.3,47.86,-5.439999999999998,57.75,-9.89,0,62.04,66.16,70.04,73.66,76.98,80.0,1,84.57943925233646,3787,508
2024.0,31.0,MG,3143203.0,Monte Santo de Minas,MUNICIPAL,42.2,61.59,19.39,48.17,13.420000000000002,1,54.24,60.19,65.85,71.09,75.82,80.0,3,94.56521739130434,2709,661
2024.0,15.0,PA,1505650.0,Placas,MUNICIPAL,,55.72,,,,,60.41,64.92,69.17,73.12,76.74,80.0,2,73.9622641509434,3197,30
2024.0,51.0,MT,5102504.0,Cáceres,MUNICIPAL,47.5,51.27,3.770000000000003,52.83,-1.5599999999999952,0,58.07,63.13,67.91,72.35,76.39,80.0,2,90.41811846689896,3551,116
2024.0,11.0,RO,1101559.0,Teixeirópolis,MUNICIPAL,72.0,65.3,-6.700000000000003,73.21,-7.909999999999997,0,74.44,75.63,76.78,77.89,78.97,80.0,3,89.83050847457628,2379,34
2024.0,21.0,MA,2109007.0,Porto Franco,MUNICIPAL,58.1,74.09,15.990000000000002,61.72,12.370000000000005,1,65.23,68.58,71.75,74.71,77.47,80.0,4,94.5578231292517,1587,54
2024.0,25.0,PB,2502508.0,Boqueirão,MUNICIPAL,38.0,37.65,-0.3500000000000014,44.48,-6.829999999999998,0,51.16,57.8,64.16,70.06,75.37,80.0,0,83.33333333333334,4422,189
2024.0,52.0,GO,5208103.0,Formoso,MUNICIPAL,70.8,86.67,15.870000000000005,72.26,14.409999999999997,1,73.67,75.04,76.35,77.62,78.83,80.0,5,100.0,564,65
2024.0,52.0,GO,5209804.0,Hidrolina,MUNICIPAL,68.3,72.5,4.200000000000003,70.15,2.3499999999999943,1,71.97,73.72,75.41,77.01,78.54,80.0,4,100.0,1716,162
2024.0,43.0,RS,4321105.0,Tapes,MUNICIPAL,58.6,59.3,0.6999999999999957,62.14,-2.8400000000000034,0,65.57,68.84,71.93,74.83,77.52,80.0,2,86.73469387755102,2910,133
2024.0,15.0,PA,1508159.0,Uruará,MUNICIPAL,65.5,60.84,-4.659999999999997,67.88,-7.039999999999992,0,70.15,72.33,74.41,76.38,78.24,80.0,3,85.5603448275862,2765,18
2024.0,24.0,RN,2405207.0,Janduís,MUNICIPAL,23.5,37.93,14.43,30.69,7.239999999999998,1,38.99,47.98,57.1,65.76,73.49,80.0,0,96.66666666666669,4404,81
2024.0,29.0,BA,2912905.0,Ibirataia,MUNICIPAL,32.8,37.44,4.640000000000001,39.72,-2.280000000000001,0,47.09,54.59,61.88,68.68,74.76,80.0,0,94.20289855072464,4432,152
2024.0,17.0,TO,1717206.0,Piraquê,MUNICIPAL,26.1,54.55,28.449999999999996,33.29,21.259999999999998,1,41.39,49.97,58.56,66.65,73.87,80.0,2,88.0,3300,39
2024.0,41.0,PR,4102505.0,Barbosa Ferraz,MUNICIPAL,91.0,77.65,-13.349999999999994,80.0,-2.3499999999999943,0,80.0,80.0,80.0,80.0,80.0,80.0,4,84.54545454545455,1239,142
2024.0,42.0,SC,4209458.0,Lajeado Grande,MUNICIPAL,78.6,66.07000000000001,-12.529999999999987,78.78,-12.709999999999994,0,78.99,79.19,79.4,79.6,79.8,80.0,3,85.71428571428571,2310,157
2024.0,31.0,MG,3138658.0,Lontra,MUNICIPAL,64.0,78.07000000000001,14.070000000000007,66.64,11.430000000000007,1,69.16,71.57,73.87,76.04,78.08,80.0,4,93.75,1192,322
2024.0,43.0,RS,4314134.0,Paulo Bento,MUNICIPAL,62.5,50.0,-12.5,65.38,-15.379999999999995,0,68.16,70.81,73.32,75.7,77.92,80.0,2,95.23809523809524,3631,217
2024.0,26.0,PE,2612471.0,Santa Cruz da Baixa Verde,MUNICIPAL,75.4,87.09,11.689999999999998,76.08,11.010000000000005,1,76.77,77.44,78.1,78.75,79.38,80.0,5,98.4126984126984,544,13
2024.0,31.0,MG,3165404.0,Sapucaí-Mirim,MUNICIPAL,52.9,75.07000000000001,22.17000000000001,57.41,17.66000000000001,1,61.77,65.95,69.9,73.57,76.94,80.0,4,86.25,1490,412
2024.0,15.0,PA,1505064.0,Novo Repartimento,MUNICIPAL,55.6,47.88,-7.719999999999999,59.65,-11.769999999999996,0,63.57,67.32,70.86,74.16,77.21,80.0,1,80.5239179954442,3783,68
2024.0,23.0,CE,2303659.0,Catunda,MUNICIPAL,100.0,100.0,0.0,80.0,20.0,1,80.0,80.0,80.0,80.0,80.0,80.0,5,100.0,1,1
2024.0,25.0,PB,2506806.0,Ingá,MUNICIPAL,57.3,37.97,-19.33,61.08,-23.11,0,64.71,68.19,71.47,74.54,77.39,80.0,0,81.0126582278481,4400,188
2024.0,41.0,PR,4117602.0,Palmas,MUNICIPAL,55.7,54.27,-1.4299999999999997,59.7,-5.43,0,63.61,67.35,70.88,74.18,77.22,80.0,2,81.16129032258065,3328,354
2024.0,33.0,RJ,3304151.0,Quissamã,MUNICIPAL,66.2,70.11,3.9099999999999966,68.46,1.6500000000000057,1,70.62,72.69,74.66,76.54,78.32,80.0,4,78.67867867867868,1939,13
2024.0,29.0,BA,2904803.0,Caatiba,MUNICIPAL,48.5,50.0,1.5,53.62,-3.6199999999999974,0,58.71,63.62,68.26,72.56,76.48,80.0,2,96.15384615384616,3631,41
2024.0,42.0,SC,4216909.0,São Lourenço do Oeste,MUNICIPAL,71.4,71.25,-0.15000000000000568,72.76,-1.5100000000000051,0,74.08,75.35,76.58,77.76,78.9,80.0,4,79.26509186351706,1831,110
2024.0,31.0,MG,3169406.0,Três Pontas,MUNICIPAL,61.2,81.66,20.459999999999994,64.27,17.39,1,67.27,70.13,72.84,75.4,77.78,80.0,5,94.95967741935485,915,241
2024.0,23.0,CE,2306702.0,Jaguaretama,MUNICIPAL,94.7,93.66,-1.0400000000000063,80.0,13.659999999999997,1,80.0,80.0,80.0,80.0,80.0,80.0,5,98.30508474576273,251,86
2024.0,29.0,BA,2900900.0,Almadina,MUNICIPAL,31.2,23.91,-7.289999999999999,38.22,-14.309999999999999,0,45.78,53.54,61.14,68.23,74.56,80.0,0,97.87234042553192,4895,340
2024.0,29.0,BA,2926103.0,Retirolândia,MUNICIPAL,18.5,23.58,5.079999999999998,25.46,-1.8800000000000026,0,33.98,43.68,53.89,63.79,72.64,80.0,0,98.4,4899,341
2024.0,17.0,TO,1706506.0,Darcinópolis,MUNICIPAL,31.2,45.61,14.41,38.24,7.369999999999997,1,45.8,53.56,61.15,68.23,74.56,80.0,1,87.2340425531915,3944,72
2024.0,31.0,MG,3148103.0,Patrocínio,MUNICIPAL,61.8,76.21000000000001,14.41000000000001,64.83,11.38000000000001,1,67.71,70.47,73.08,75.55,77.85,80.0,4,93.90386869871044,1392,385
2024.0,33.0,RJ,3305901.0,Trajano de Moraes,MUNICIPAL,77.2,79.23,2.030000000000001,77.65,1.5799999999999983,1,78.06,78.45,78.85,79.24,79.62,80.0,4,83.56164383561644,1105,3
2024.0,31.0,MG,3130804.0,Ingaí,MUNICIPAL,52.3,87.27,34.97,56.85,30.419999999999995,1,61.32,65.61,69.66,73.42,76.87,80.0,5,96.0,528,114
2024.0,28.0,SE,2806701.0,São Cristóvão,MUNICIPAL,55.9,68.53,12.630000000000003,59.87,8.660000000000004,1,63.75,67.46,70.96,74.22,77.24,80.0,3,97.13930348258708,2102,2
2024.0,31.0,MG,3150307.0,Piedade do Rio Grande,MUNICIPAL,29.4,63.16,33.76,36.5,26.659999999999997,1,44.27,52.32,60.26,67.69,74.33,80.0,3,96.49122807017544,2581,644
2024.0,33.0,RJ,3305752.0,Tanguá,MUNICIPAL,55.4,54.46,-0.9399999999999977,59.49,-5.030000000000001,0,63.44,67.22,70.79,74.12,77.19,80.0,2,85.17587939698493,3310,59
2024.0,42.0,SC,4214300.0,Rancho Queimado,MUNICIPAL,72.7,80.38,7.679999999999993,73.86,6.519999999999996,1,74.97,76.04,77.08,78.08,79.06,80.0,5,87.09677419354838,1006,37
2024.0,52.0,GO,5212006.0,Jaupaci,MUNICIPAL,97.4,100.0,2.5999999999999943,80.0,20.0,1,80.0,80.0,80.0,80.0,80.0,80.0,5,100.0,1,1
2024.0,35.0,SP,3526704.0,Leme,MUNICIPAL,52.8,61.7,8.900000000000006,57.33,4.3700000000000045,1,61.71,65.91,69.87,73.55,76.93,80.0,3,93.15196998123828,2696,297
2024.0,31.0,MG,3110301.0,Caldas,MUNICIPAL,51.4,72.95,21.550000000000004,56.1,16.85,1,60.72,65.15,69.34,73.22,76.78,80.0,4,88.97058823529412,1687,456
2024.0,41.0,PR,4107520.0,Esperança Nova,MUNICIPAL,42.1,71.04,28.940000000000005,48.13,22.910000000000004,1,54.21,60.16,65.83,71.08,75.82,80.0,4,96.875,1845,243
2024.0,41.0,PR,4123204.0,Santa Cecília do Pavão,MUNICIPAL,87.4,80.09,-7.310000000000002,80.0,0.09000000000000341,1,80.0,80.0,80.0,80.0,80.0,80.0,5,92.10526315789474,1027,103
2024.0,25.0,PB,2513158.0,Santa Cecília,MUNICIPAL,13.4,48.11,34.71,19.74,28.37,1,28.13,38.39,49.79,61.22,71.53,80.0,1,91.52542372881356,3767,141
2024.0,15.0,PA,1502855.0,Curuá,MUNICIPAL,37.5,42.47,4.969999999999999,44.07,-1.6000000000000014,0,50.81,57.52,63.97,69.95,75.32,80.0,1,89.58333333333334,4145,88
2024.0,35.0,SP,3525854.0,Jumirim,MUNICIPAL,76.4,50.81,-25.590000000000003,76.93,-26.120000000000005,0,77.47,77.99,78.51,79.01,79.51,80.0,2,89.13043478260869,3581,477
2024.0,41.0,PR,4104055.0,Campo Bonito,MUNICIPAL,72.9,78.31,5.409999999999997,73.98,4.329999999999998,1,75.06,76.11,77.13,78.12,79.07,80.0,4,88.67924528301887,1170,125
2024.0,35.0,SP,3548054.0,Santo Antônio do Aracanguá,MUNICIPAL,50.2,62.22,12.019999999999996,55.06,7.159999999999997,1,59.88,64.51,68.88,72.95,76.66,80.0,3,92.5531914893617,2659,291
2024.0,43.0,RS,4313409.0,Novo Hamburgo,MUNICIPAL,62.4,36.0,-26.4,65.27,-29.269999999999996,0,68.07,70.74,73.28,75.67,77.91,80.0,0,83.5960801022582,4515,366
2024.0,29.0,BA,2914703.0,Itaberaba,MUNICIPAL,42.2,41.07,-1.1300000000000026,48.23,-7.159999999999997,0,54.29,60.22,65.87,71.11,75.83,80.0,1,82.96460176991151,4219,117
2024.0,51.0,MT,5106307.0,Paranatinga,MUNICIPAL,45.4,60.98,15.579999999999998,50.99,9.989999999999995,1,56.56,61.97,67.1,71.86,76.17,80.0,3,85.55555555555556,2755,83
2024.0,29.0,BA,2922052.0,Mulungu do Morro,MUNICIPAL,22.5,28.83,6.329999999999998,29.66,-0.8300000000000018,0,38.02,47.16,56.5,65.39,73.33,80.0,0,98.23008849557522,4774,282
2024.0,33.0,RJ,3305703.0,Sumidouro,MUNICIPAL,,75.43,,,,,76.25,77.04,77.81,78.56,79.29,80.0,4,87.01298701298701,1457,7
2024.0,41.0,PR,4101705.0,Araruna,MUNICIPAL,76.1,77.54,1.440000000000012,76.65,0.8900000000000006,1,77.23,77.81,78.37,78.92,79.47,80.0,4,92.51336898395722,1249,144
2024.0,51.0,MT,5107958.0,Tangará da Serra,MUNICIPAL,48.7,58.95,10.25,53.83,5.1200000000000045,1,58.88,63.75,68.35,72.62,76.51,80.0,2,87.51846381093058,2935,91
,0.0,SG_UF,0.0,NO_MUNICIPIO,NO_TP_REDE,,,,,,,,,,,,,CO_NIVEL_ALFABETIZACAO,,,
2024.0,29.0,BA,2933174.0,Varzedo,MUNICIPAL,44.1,40.0,-4.100000000000001,49.91,-9.909999999999997,0,55.67,61.29,66.62,71.56,76.04,80.0,1,97.2222222222222,4280,130
2024.0,25.0,PB,2512705.0,Remígio,MUNICIPAL,58.8,49.27,-9.529999999999994,62.28,-13.009999999999998,0,65.68,68.92,71.99,74.86,77.54,80.0,1,91.61290322580643,3690,131
2024.0,41.0,PR,4109104.0,Guaporema,MUNICIPAL,84.4,66.67,-17.730000000000004,80.0,-13.329999999999998,0,80.0,80.0,80.0,80.0,80.0,80.0,3,94.73684210526316,2265,284
2024.0,31.0,MG,3158805.0,Santana do Jacaré,MUNICIPAL,76.3,86.67,10.370000000000005,76.82,9.850000000000009,1,77.38,77.92,78.45,78.98,79.49,80.0,5,93.75,564,129
2024.0,51.0,MT,5107263.0,Santo Afonso,MUNICIPAL,52.1,76.83,24.729999999999997,56.69,20.14,1,61.2,65.51,69.59,73.38,76.86,80.0,4,82.5,1332,28
2024.0,17.0,TO,1718550.0,Riachinho,MUNICIPAL,21.3,54.32,33.019999999999996,28.46,25.86,1,36.89,46.2,55.78,64.95,73.14,80.0,2,91.07142857142856,3323,41
2024.0,41.0,PR,4115002.0,Marilena,MUNICIPAL,84.5,75.36,-9.14,80.0,-4.640000000000001,0,80.0,80.0,80.0,80.0,80.0,80.0,4,89.58333333333334,1464,171
2024.0,31.0,MG,3148756.0,Pedra Bonita,MUNICIPAL,61.4,91.18,29.78000000000001,64.45,26.730000000000004,1,67.41,70.24,72.92,75.44,77.81,80.0,5,100.0,351,58
2024.0,29.0,BA,2902302.0,Aratuípe,MUNICIPAL,47.9,60.0,12.100000000000001,53.15,6.850000000000001,1,58.32,63.32,68.05,72.44,76.43,80.0,3,71.42857142857143,2836,10
2024.0,31.0,MG,3167806.0,Soledade de Minas,MUNICIPAL,73.1,88.35000000000001,15.250000000000014,74.19,14.16000000000001,1,75.23,76.24,77.22,78.18,79.1,80.0,5,91.30434782608695,471,99
2024.0,41.0,PR,4121257.0,Ramilândia,MUNICIPAL,88.1,77.23,-10.86999999999999,80.0,-2.769999999999996,0,80.0,80.0,80.0,80.0,80.0,80.0,4,93.93939393939394,1287,149
2024.0,22.0,PI,2209005.0,Rio Grande do Piauí,MUNICIPAL,48.6,41.79,-6.810000000000002,53.74,-11.950000000000003,0,58.8,63.69,68.31,72.59,76.5,80.0,1,100.0,4183,186
2024.0,26.0,PE,2613206.0,São João,MUNICIPAL,60.8,54.47,-6.329999999999998,63.98,-9.509999999999998,0,67.04,69.96,72.72,75.32,77.75,80.0,2,97.79005524861878,3308,137
2024.0,35.0,SP,3523206.0,Itararé,MUNICIPAL,55.9,53.17,-2.729999999999997,59.9,-6.729999999999997,0,63.77,67.47,70.97,74.23,77.24,80.0,2,93.82239382239382,3410,453
2024.0,29.0,BA,2901403.0,Angical,MUNICIPAL,38.1,28.44,-9.66,44.53,-16.09,0,51.2,57.83,64.18,70.08,75.37,80.0,0,81.34328358208955,4787,288
2024.0,42.0,SC,4205191.0,Ermo,MUNICIPAL,,69.96000000000001,,,,,71.82,73.61,75.32,76.96,78.52,80.0,3,83.05084745762711,1964,128
2024.0,41.0,PR,4118501.0,Pato Branco,MUNICIPAL,78.2,71.14,-7.060000000000002,78.48,-7.340000000000003,0,78.74,79.0,79.25,79.5,79.75,80.0,4,85.19888991674375,1839,242
2024.0,31.0,MG,3144607.0,Nepomuceno,MUNICIPAL,53.7,77.99,24.289999999999992,58.03,19.959999999999994,1,62.27,66.33,70.17,73.73,77.02,80.0,4,92.46231155778896,1199,325
2024.0,43.0,RS,4311502.0,Lavras do Sul,MUNICIPAL,57.9,45.7,-12.199999999999996,61.56,-15.86,0,65.1,68.48,71.68,74.67,77.45,80.0,1,78.43137254901961,3938,262
2024.0,33.0,RJ,3304557.0,Rio de Janeiro,MUNICIPAL,56.2,63.75,7.549999999999997,60.14,3.6099999999999994,1,63.97,67.62,71.07,74.29,77.27,80.0,3,86.99369756332544,2536,35
2024.0,31.0,MG,3156908.0,Sacramento,MUNICIPAL,64.0,79.62,15.620000000000005,66.63,12.990000000000009,1,69.15,71.57,73.86,76.04,78.08,80.0,4,87.13450292397661,1076,287
2024.0,52.0,GO,5211909.0,Jataí,MUNICIPAL,64.0,69.92,5.920000000000002,66.63,3.2900000000000063,1,69.15,71.57,73.86,76.04,78.08,80.0,3,91.62011173184358,1967,175
2024.0,35.0,SP,3557303.0,Estiva Gerbi,MUNICIPAL,45.1,51.48,6.3799999999999955,50.77,0.7099999999999937,1,56.38,61.84,67.01,71.8,76.14,80.0,2,77.06422018348624,3539,470
2024.0,42.0,SC,4201901.0,Aurora,MUNICIPAL,62.6,77.09,14.490000000000002,65.45,11.64,1,68.21,70.85,73.35,75.72,77.93,80.0,4,70.96774193548387,1297,63
2024.0,21.0,MA,2107456.0,Olinda Nova do Maranhão,MUNICIPAL,80.8,37.64,-43.16,80.0,-42.36,0,80.0,80.0,80.0,80.0,80.0,80.0,0,93.47826086956522,4423,193
2024.0,24.0,RN,2410801.0,Riacho de Santana,MUNICIPAL,47.5,53.36,5.859999999999999,52.8,0.5600000000000023,1,58.04,63.11,67.9,72.34,76.39,80.0,2,81.57894736842105,3395,27
2024.0,25.0,PB,2500809.0,Araçagi,MUNICIPAL,64.0,47.88,-16.119999999999997,66.65,-18.770000000000003,0,69.17,71.58,73.87,76.04,78.09,80.0,1,88.88888888888889,3783,144
2024.0,42.0,SC,4204459.0,Coronel Martins,MUNICIPAL,73.7,90.43,16.730000000000004,74.66,15.77000000000001,1,75.61,76.54,77.44,78.32,79.17,80.0,5,96.875,379,13
2024.0,25.0,PB,2509800.0,Mulungu,MUNICIPAL,56.3,54.120000000000005,-2.1799999999999926,60.21,-6.089999999999996,0,64.02,67.66,71.1,74.31,77.28,80.0,2,80.88235294117648,3344,112
2024.0,31.0,MG,3144656.0,Ninheira,MUNICIPAL,49.3,77.17,27.870000000000005,54.31,22.86,1,59.27,64.04,68.56,72.75,76.57,80.0,4,95.65217391304348,1291,350
2024.0,41.0,PR,4120309.0,Porto Vitória,MUNICIPAL,84.6,75.0,-9.599999999999994,80.0,-5.0,0,80.0,80.0,80.0,80.0,80.0,80.0,4,100.0,1497,178
2024.0,22.0,PI,2202711.0,Cocal de Telha,MUNICIPAL,67.5,59.56,-7.939999999999998,69.55,-9.989999999999995,0,71.49,73.36,75.14,76.84,78.46,80.0,2,98.36065573770492,2893,124
2024.0,35.0,SP,3544202.0,Riolândia,MUNICIPAL,85.7,84.72,-0.980000000000004,80.0,4.719999999999999,1,80.0,80.0,80.0,80.0,80.0,80.0,5,95.50561797752808,687,52
2024.0,35.0,SP,3534401.0,Osasco,MUNICIPAL,46.0,49.13,3.1300000000000026,51.47,-2.3399999999999963,0,56.96,62.28,67.32,71.99,76.23,80.0,1,85.47249647390692,3702,495
2024.0,41.0,PR,4102752.0,Bela Vista da Caroba,MUNICIPAL,76.8,88.13,11.329999999999998,77.31,10.819999999999993,1,77.78,78.24,78.69,79.13,79.57,80.0,5,91.11111111111111,484,32
2024.0,26.0,PE,2603108.0,Cachoeirinha,MUNICIPAL,56.7,63.59,6.890000000000001,60.56,3.030000000000001,1,64.3,67.87,71.25,74.41,77.32,80.0,3,97.28260869565216,2548,96
2024.0,43.0,RS,4304309.0,Cândido Godói,MUNICIPAL,75.5,48.4,-27.1,76.2,-27.800000000000004,0,76.87,77.52,78.16,78.79,79.4,80.0,1,94.5945945945946,3747,234
2024.0,31.0,MG,3120904.0,Curvelo,MUNICIPAL,65.3,71.71000000000001,6.410000000000011,67.73,3.980000000000004,1,70.03,72.24,74.34,76.34,78.22,80.0,4,89.66836734693877,1791,485
2024.0,51.0,MT,5107206.0,Rio Branco,MUNICIPAL,48.2,81.60000000000001,33.400000000000006,53.36,28.24000000000001,1,58.5,63.46,68.14,72.49,76.45,80.0,5,87.09677419354838,917,19
2024.0,22.0,PI,2211704.0,Wall Ferraz,MUNICIPAL,37.6,54.29,16.689999999999998,44.12,10.170000000000002,1,50.86,57.56,63.99,69.96,75.32,80.0,2,100.0,3327,145
2024.0,27.0,AL,2703502.0,Jacuípe,MUNICIPAL,54.3,77.02,22.72,58.55,18.47,1,62.69,66.65,70.39,73.87,77.08,80.0,4,97.6470588235294,1305,13
2024.0,41.0,PR,4106852.0,Cruzmaltina,MUNICIPAL,95.7,94.52,-1.1800000000000068,80.0,14.519999999999996,1,80.0,80.0,80.0,80.0,80.0,80.0,5,94.73684210526316,218,6
2024.0,35.0,SP,3507753.0,Brejo Alegre,MUNICIPAL,94.4,100.0,5.599999999999994,80.0,20.0,1,80.0,80.0,80.0,80.0,80.0,80.0,5,96.0,1,1
2024.0,31.0,MG,3156452.0,Rosário da Limeira,MUNICIPAL,55.9,78.18,22.28000000000001,59.92,18.260000000000005,1,63.79,67.49,70.98,74.24,77.25,80.0,4,76.66666666666667,1180,317
2024.0,26.0,PE,2606200.0,Goiana,MUNICIPAL,53.1,45.89,-7.210000000000001,57.59,-11.700000000000003,0,61.91,66.06,69.97,73.62,76.96,80.0,1,86.55980271270037,3929,157
2024.0,42.0,SC,4209409.0,Laguna,MUNICIPAL,33.3,34.29,0.990000000000002,40.16,-5.869999999999997,0,47.47,54.89,62.1,68.81,74.81,80.0,0,85.0574712643678,4584,240
2024.0,22.0,PI,2204204.0,Francisco Santos,MUNICIPAL,43.9,48.78,4.880000000000003,49.73,-0.9499999999999957,0,55.53,61.18,66.55,71.52,76.01,80.0,1,85.71428571428571,3725,163
2024.0,33.0,RJ,3303955.0,Pinheiral,MUNICIPAL,51.4,63.28,11.880000000000003,56.08,7.200000000000003,1,60.7,65.14,69.32,73.22,76.78,80.0,3,87.5776397515528,2570,38
2024.0,43.0,RS,4301073.0,Arroio do Padre,MUNICIPAL,94.6,18.2,-76.39999999999999,80.0,-61.8,0,80.0,80.0,80.0,80.0,80.0,80.0,0,84.61538461538461,4951,403
2024.0,29.0,BA,2913002.0,Ibitiara,MUNICIPAL,62.2,37.36,-24.840000000000003,65.11,-27.75,0,67.94,70.64,73.21,75.62,77.89,80.0,0,98.91304347826086,4438,154
2024.0,31.0,MG,3134608.0,Jaboticatubas,MUNICIPAL,69.4,75.36,5.959999999999994,71.06,4.299999999999997,1,72.7,74.29,75.81,77.27,78.67,80.0,4,85.65217391304348,1464,402
2024.0,24.0,RN,2405900.0,João Dias,MUNICIPAL,46.2,38.89,-7.310000000000002,51.64,-12.75,0,57.1,62.39,67.39,72.03,76.25,80.0,0,81.81818181818183,4349,78
2024.0,42.0,SC,4214706.0,Rio dos Cedros,MUNICIPAL,60.7,68.59,7.890000000000001,63.92,4.670000000000002,1,66.99,69.92,72.69,75.3,77.74,80.0,3,80.1526717557252,2095,141
2024.0,43.0,RS,4319703.0,São Valentim,MUNICIPAL,91.8,48.5,-43.3,80.0,-31.5,0,80.0,80.0,80.0,80.0,80.0,80.0,1,88.46153846153845,3740,233
2024.0,24.0,RN,2413557.0,Serrinha dos Pintos,MUNICIPAL,57.4,62.68,5.280000000000001,61.18,1.5,1,64.8,68.25,71.52,74.57,77.4,80.0,3,87.5,2619,14
2024.0,29.0,BA,2919603.0,Macajuba,MUNICIPAL,18.6,30.14,11.54,25.55,4.59,1,34.07,43.76,53.95,63.82,72.65,80.0,0,95.4248366013072,4730,260
2024.0,15.0,PA,1504109.0,Magalhães Barata,MUNICIPAL,54.0,60.05,6.049999999999997,58.32,1.7299999999999969,1,62.5,66.51,70.29,73.81,77.05,80.0,3,92.3076923076923,2830,19
2024.0,26.0,PE,2608255.0,Jucati,MUNICIPAL,44.1,68.81,24.71,49.83,18.980000000000004,1,55.61,61.24,66.59,71.54,76.03,80.0,3,97.20670391061452,2070,70
2024.0,21.0,MA,2109270.0,Presidente Sarney,MUNICIPAL,62.8,39.6,-23.199999999999996,65.63,-26.029999999999994,0,68.35,70.96,73.43,75.76,77.96,80.0,0,81.71641791044776,4310,188
2024.0,29.0,BA,2929255.0,São Gabriel,MUNICIPAL,33.2,33.54,0.3399999999999963,40.09,-6.550000000000004,0,47.41,54.84,62.07,68.79,74.81,80.0,0,88.26815642458101,4609,208
2024.0,26.0,PE,2600609.0,Alagoinha,MUNICIPAL,42.9,53.870000000000005,10.970000000000006,48.79,5.080000000000005,1,54.75,60.58,66.13,71.26,75.9,80.0,2,98.84393063583816,3362,139
2024.0,22.0,PI,2206357.0,Milton Brandão,MUNICIPAL,37.5,33.33,-4.170000000000002,44.03,-10.700000000000003,0,50.78,57.5,63.95,69.94,75.31,80.0,0,92.3076923076923,4617,201
2024.0,52.0,GO,5220108.0,São Luís de Montes Belos,MUNICIPAL,66.5,76.27,9.769999999999996,68.7,7.569999999999993,1,70.81,72.83,74.77,76.61,78.35,80.0,4,93.35260115606935,1383,145
2024.0,29.0,BA,2905156.0,Caetanos,MUNICIPAL,24.9,46.43,21.53,32.08,14.350000000000001,1,40.28,49.05,57.89,66.24,73.7,80.0,1,75.67567567567568,3895,70
2024.0,15.0,PA,1500131.0,Abel Figueiredo,MUNICIPAL,59.8,54.88,-4.919999999999995,63.15,-8.269999999999996,0,66.38,69.45,72.36,75.1,77.64,80.0,2,83.78378378378379,3278,33
2024.0,15.0,PA,1503044.0,Floresta do Araguaia,MUNICIPAL,47.8,67.37,19.570000000000007,53.03,14.340000000000003,1,58.23,63.25,68.0,72.41,76.41,80.0,3,88.715953307393,2207,11
2024.0,43.0,RS,4319364.0,São Pedro das Missões,MUNICIPAL,90.0,90.0,0.0,80.0,10.0,1,80.0,80.0,80.0,80.0,80.0,80.0,5,90.9090909090909,400,5
2024.0,33.0,RJ,3302007.0,Itaguaí,MUNICIPAL,42.1,41.61,-0.490000000000002,48.08,-6.469999999999999,0,54.17,60.13,65.81,71.07,75.81,80.0,1,82.5766174801362,4197,77
2024.0,31.0,MG,3164472.0,São Sebastião do Anta,MUNICIPAL,58.2,81.32000000000001,23.120000000000005,61.81,19.510000000000005,1,65.3,68.63,71.79,74.74,77.48,80.0,5,90.12345679012346,938,248
2024.0,31.0,MG,3168606.0,Teófilo Otoni,MUNICIPAL,50.8,67.28,16.480000000000004,55.57,11.71,1,60.29,64.82,69.1,73.08,76.72,80.0,3,88.53288364249579,2214,581
2024.0,51.0,MT,5108402.0,Várzea Grande,MUNICIPAL,47.9,61.76,13.86,53.18,8.579999999999998,1,58.35,63.34,68.07,72.45,76.43,80.0,3,90.94917012448133,2690,81
2024.0,32.0,ES,3202256.0,Governador Lindenberg,MUNICIPAL,64.1,77.12,13.02000000000001,66.72,10.400000000000006,1,69.23,71.62,73.9,76.06,78.09,80.0,4,89.74358974358975,1294,45
2024.0,29.0,BA,2924900.0,Planaltino,MUNICIPAL,53.8,42.86,-10.939999999999998,58.12,-15.259999999999998,0,62.35,66.39,70.21,73.76,77.03,80.0,1,87.5,4123,98
2024.0,22.0,PI,2201051.0,Assunção do Piauí,MUNICIPAL,84.5,69.88,-14.620000000000005,80.0,-10.120000000000005,0,80.0,80.0,80.0,80.0,80.0,80.0,3,100.0,1973,89
2024.0,29.0,BA,2909703.0,Cristópolis,MUNICIPAL,44.5,43.75,-0.75,50.23,-6.479999999999997,0,55.94,61.5,66.77,71.65,76.08,80.0,1,94.11764705882352,4071,88
2024.0,41.0,PR,4103107.0,Bocaiúva do Sul,MUNICIPAL,49.1,57.370000000000005,8.270000000000003,54.2,3.1700000000000017,1,59.18,63.97,68.51,72.72,76.55,80.0,2,87.73946360153256,3056,340
2024.0,31.0,MG,3104205.0,Arcos,MUNICIPAL,78.8,88.86,10.060000000000002,79.0,9.86,1,79.17,79.34,79.5,79.67,79.84,80.0,5,92.15189873417722,450,91
2024.0,35.0,SP,3537909.0,Pilar do Sul,MUNICIPAL,56.7,63.33,6.6299999999999955,60.55,2.780000000000001,1,64.29,67.87,71.25,74.4,77.32,80.0,3,94.32835820895522,2564,272
2024.0,17.0,TO,1708304.0,Goianorte,MUNICIPAL,53.6,40.0,-13.600000000000001,57.94,-17.939999999999998,0,62.2,66.28,70.13,73.71,77.01,80.0,1,91.11111111111111,4280,91
2024.0,35.0,SP,3556602.0,Vera Cruz,MUNICIPAL,62.7,50.96,-11.740000000000002,65.56,-14.600000000000001,0,68.3,70.92,73.4,75.75,77.95,80.0,2,94.0,3570,475
2024.0,22.0,PI,2204105.0,Francisco Ayres,MUNICIPAL,47.3,32.38,-14.919999999999995,52.61,-20.229999999999997,0,57.89,62.99,67.82,72.29,76.36,80.0,0,98.4126984126984,4654,203
2024.0,42.0,SC,4210506.0,Maravilha,MUNICIPAL,84.4,76.03,-8.370000000000005,80.0,-3.969999999999999,0,80.0,80.0,80.0,80.0,80.0,80.0,4,85.16949152542372,1408,78
2024.0,23.0,CE,2308203.0,Meruoca,MUNICIPAL,98.5,98.21,-0.29000000000000625,80.0,18.209999999999994,1,80.0,80.0,80.0,80.0,80.0,80.0,5,99.55156950672644,87,39
2024.0,31.0,MG,3116159.0,Chapada Gaúcha,MUNICIPAL,49.2,69.39,20.189999999999998,54.23,15.160000000000004,1,59.2,64.0,68.52,72.73,76.56,80.0,3,92.44444444444444,2015,539
2024.0,51.0,MT,5104526.0,Ipiranga do Norte,MUNICIPAL,61.8,59.46,-2.3399999999999963,64.83,-5.369999999999997,0,67.71,70.47,73.08,75.55,77.85,80.0,2,88.69047619047619,2901,90
2024.0,29.0,BA,2912202.0,Ibicoara,MUNICIPAL,27.9,32.53,4.630000000000003,35.04,-2.509999999999998,0,42.96,51.26,59.49,67.22,74.12,80.0,0,89.89169675090253,4650,222
2024.0,32.0,ES,3200904.0,Barra de São Francisco,MUNICIPAL,78.4,87.39,8.989999999999995,78.66,8.730000000000004,1,78.89,79.11,79.34,79.56,79.78,80.0,5,92.88617886178862,525,11
2024.0,50.0,MS,5004908.0,Jaraguari,MUNICIPAL,38.5,45.19,6.689999999999998,44.9,0.28999999999999915,1,51.51,58.07,64.35,70.18,75.42,80.0,1,95.6043956043956,3983,65
2024.0,25.0,PB,2507804.0,Junco do Seridó,MUNICIPAL,56.2,76.21000000000001,20.010000000000005,60.17,16.040000000000006,1,63.99,67.63,71.08,74.3,77.28,80.0,4,97.14285714285714,1392,45
2024.0,35.0,SP,3526100.0,Juquiá,MUNICIPAL,54.9,55.18,0.28000000000000114,59.04,-3.8599999999999994,0,63.08,66.95,70.6,74.0,77.14,80.0,2,94.1747572815534,3250,414
2024.0,50.0,MS,5006002.0,Nova Alvorada do Sul,MUNICIPAL,37.2,56.52,19.32,43.79,12.730000000000004,1,50.57,57.34,63.84,69.87,75.28,80.0,2,96.21212121212122,3132,38
2024.0,22.0,PI,2201150.0,Baixa Grande do Ribeiro,MUNICIPAL,48.6,81.06,32.46,53.75,27.310000000000002,1,58.82,63.7,68.32,72.6,76.5,80.0,5,98.52941176470588,959,62
2024.0,29.0,BA,2900603.0,Aiquara,MUNICIPAL,29.3,26.32,-2.9800000000000004,36.39,-10.07,0,44.16,52.24,60.2,67.66,74.31,80.0,0,90.47619047619048,4847,315
2024.0,43.0,RS,4306601.0,Dom Pedrito,MUNICIPAL,57.5,43.7,-13.799999999999997,61.19,-17.489999999999995,0,64.81,68.26,71.52,74.57,77.4,80.0,1,72.52747252747253,4076,288
2024.0,41.0,PR,4126678.0,Tamarana,MUNICIPAL,73.9,65.46000000000001,-8.439999999999998,74.8,-9.33999999999999,0,75.72,76.63,77.51,78.36,79.19,80.0,3,88.27586206896552,2358,290
2024.0,35.0,SP,3524303.0,Jaboticabal,MUNICIPAL,53.0,57.94,4.939999999999998,57.48,0.46000000000000085,1,61.83,65.99,69.93,73.59,76.95,80.0,2,92.1971252566735,3017,367
2024.0,42.0,SC,4206306.0,Guabiruba,MUNICIPAL,70.2,73.93,3.730000000000004,71.73,2.200000000000003,1,73.24,74.7,76.11,77.46,78.76,80.0,4,75.79787234042553,1602,95
2024.0,35.0,SP,3532843.0,Nova Canaã Paulista,MUNICIPAL,79.0,72.22,-6.780000000000001,79.1,-6.8799999999999955,0,79.25,79.4,79.55,79.7,79.85,80.0,4,100.0,1742,157
2024.0,31.0,MG,3132206.0,Itaguara,MUNICIPAL,57.0,90.91,33.91,60.81,30.099999999999994,1,64.5,68.03,71.36,74.47,77.35,80.0,5,95.94594594594594,362,63
2024.0,50.0,MS,5007935.0,Sonora,MUNICIPAL,47.5,78.58,31.08,52.8,25.78,1,58.04,63.11,67.9,72.34,76.39,80.0,4,99.09909909909908,1150,5
2024.0,24.0,RN,2403400.0,Equador,MUNICIPAL,20.5,59.19,38.69,27.64,31.549999999999997,1,36.1,45.52,55.28,64.64,73.0,80.0,2,81.03448275862068,2919,19
2024.0,35.0,SP,3548005.0,Santo Antônio de Posse,MUNICIPAL,54.3,62.07,7.770000000000003,58.55,3.520000000000003,1,62.69,66.65,70.39,73.87,77.08,80.0,3,90.2542372881356,2668,293
2024.0,25.0,PB,2505808.0,Duas Estradas,MUNICIPAL,11.1,60.0,48.9,16.94,43.06,1,25.09,35.49,47.46,59.73,70.9,80.0,3,94.5945945945946,2836,94
2024.0,35.0,SP,3534609.0,Osvaldo Cruz,MUNICIPAL,58.3,59.23,0.9299999999999997,61.92,-2.690000000000005,0,65.39,68.7,71.83,74.77,77.49,80.0,2,95.70815450643777,2915,348
2024.0,27.0,AL,2701407.0,Campo Alegre,MUNICIPAL,65.5,67.45,1.9500000000000028,67.86,-0.4099999999999966,0,70.13,72.32,74.4,76.37,78.24,80.0,3,96.81528662420382,2202,18
2024.0,35.0,SP,3529005.0,Marília,MUNICIPAL,59.2,64.28,5.079999999999998,62.61,1.6700000000000017,1,65.94,69.12,72.13,74.95,77.58,80.0,3,87.07175177763413,2486,258
2024.0,35.0,SP,3528304.0,Magda,MUNICIPAL,84.5,93.95,9.450000000000003,80.0,13.950000000000003,1,80.0,80.0,80.0,80.0,80.0,80.0,5,94.28571428571428,243,18
2024.0,12.0,AC,1200302.0,Feijó,MUNICIPAL,,53.33,,,,,58.48,63.44,68.13,72.49,76.45,80.0,2,83.17307692307693,3401,5
2024.0,52.0,GO,5204656.0,Campinaçu,MUNICIPAL,70.5,81.73,11.230000000000004,71.97,9.760000000000005,1,73.43,74.85,76.22,77.53,78.79,80.0,5,91.66666666666666,905,104
2024.0,31.0,MG,3125705.0,Felixlândia,MUNICIPAL,52.0,75.10000000000001,23.10000000000001,56.65,18.45000000000001,1,61.16,65.49,69.57,73.37,76.85,80.0,4,90.0,1487,410
2024.0,31.0,MG,3109006.0,Brumadinho,MUNICIPAL,70.3,87.73,17.430000000000007,71.82,15.91000000000001,1,73.32,74.76,76.15,77.49,78.77,80.0,5,87.16814159292035,506,107
2024.0,42.0,SC,4204103.0,Caxambu do Sul,MUNICIPAL,69.5,60.13,-9.369999999999997,71.21,-11.079999999999991,0,72.82,74.38,75.88,77.31,78.69,80.0,3,93.87755102040816,2824,181
2024.0,22.0,PI,2209302.0,Santa Luz,MUNICIPAL,100.0,55.68,-44.32,80.0,-24.32,0,80.0,80.0,80.0,80.0,80.0,80.0,2,91.8918918918919,3202,136
2024.0,25.0,PB,2501708.0,Barra de São Miguel,MUNICIPAL,60.5,78.61,18.11,63.73,14.880000000000003,1,66.84,69.8,72.61,75.25,77.72,80.0,4,95.83333333333334,1148,41
2024.0,35.0,SP,3526308.0,Lagoinha,MUNICIPAL,48.7,65.02,16.319999999999993,53.85,11.169999999999995,1,58.9,63.76,68.36,72.63,76.51,80.0,3,98.4375,2399,244
2024.0,43.0,RS,4303673.0,Campestre da Serra,MUNICIPAL,90.0,80.8,-9.200000000000003,80.0,0.7999999999999972,1,80.0,80.0,80.0,80.0,80.0,80.0,5,87.5,977,20
2024.0,42.0,SC,4213401.0,Ponte Serrada,MUNICIPAL,53.1,66.76,13.660000000000004,57.53,9.230000000000004,1,61.87,66.02,69.95,73.6,76.96,80.0,3,85.88235294117646,2248,151
2024.0,33.0,RJ,3306107.0,Valença,MUNICIPAL,58.4,55.84,-2.559999999999995,61.95,-6.109999999999999,0,65.41,68.72,71.85,74.78,77.5,80.0,2,83.48837209302326,3185,55
2024.0,43.0,RS,4318705.0,São Leopoldo,MUNICIPAL,57.0,37.2,-19.799999999999997,60.83,-23.629999999999995,0,64.51,68.04,71.36,74.48,77.36,80.0,0,71.69717961405246,4449,353
2024.0,43.0,RS,4308078.0,Fazenda Vilanova,MUNICIPAL,80.0,65.0,-15.0,80.0,-15.0,0,80.0,80.0,80.0,80.0,80.0,80.0,3,85.71428571428571,2401,85
2024.0,41.0,PR,4105805.0,Colombo,MUNICIPAL,64.9,60.67,-4.230000000000004,67.38,-6.709999999999994,0,69.76,72.03,74.19,76.24,78.18,80.0,3,84.47289566875511,2782,331
2024.0,24.0,RN,2409100.0,Passa e Fica,MUNICIPAL,24.6,41.07,16.47,31.79,9.280000000000001,1,40.01,48.83,57.72,66.14,73.65,80.0,1,79.62962962962963,4219,65
2024.0,17.0,TO,1718659.0,Rio da Conceição,MUNICIPAL,17.6,19.61,2.009999999999998,24.46,-4.850000000000001,0,32.99,42.81,53.23,63.38,72.46,80.0,0,92.10526315789474,4940,126
2024.0,35.0,SP,3516804.0,Gastão Vidigal,MUNICIPAL,53.1,54.3,1.1999999999999957,57.58,-3.280000000000001,0,61.91,66.06,69.97,73.61,76.96,80.0,2,93.75,3325,430
2024.0,43.0,RS,4310306.0,Ilópolis,MUNICIPAL,87.4,48.3,-39.10000000000001,80.0,-31.700000000000003,0,80.0,80.0,80.0,80.0,80.0,80.0,1,93.5483870967742,3754,236
2024.0,35.0,SP,3501400.0,Álvaro de Carvalho,MUNICIPAL,54.8,58.33,3.530000000000001,58.95,-0.6200000000000045,0,63.01,66.89,70.56,73.98,77.13,80.0,2,90.9090909090909,2982,359
2024.0,25.0,PB,2515302.0,Sapé,MUNICIPAL,33.9,39.0,5.100000000000001,40.74,-1.740000000000002,0,47.97,55.29,62.38,68.98,74.89,80.0,0,88.26291079812206,4340,183
2024.0,27.0,AL,2704906.0,Mar Vermelho,MUNICIPAL,59.0,57.65,-1.3500000000000014,62.46,-4.810000000000002,0,65.82,69.03,72.06,74.91,77.56,80.0,2,89.1891891891892,3034,25
2024.0,31.0,MG,3104106.0,Arceburgo,MUNICIPAL,86.8,82.63,-4.170000000000002,80.0,2.6299999999999955,1,80.0,80.0,80.0,80.0,80.0,80.0,5,93.33333333333331,827,211
2024.0,23.0,CE,2308377.0,Miraíma,MUNICIPAL,86.7,85.60000000000001,-1.0999999999999943,80.0,5.6000000000000085,1,80.0,80.0,80.0,80.0,80.0,80.0,5,98.05194805194806,627,129
2024.0,31.0,MG,3114709.0,Carvalhópolis,MUNICIPAL,77.0,100.0,23.0,77.41,22.590000000000003,1,77.86,78.3,78.74,79.16,79.58,80.0,5,93.5483870967742,1,1
2024.0,25.0,PB,2507705.0,Juazeirinho,MUNICIPAL,51.0,45.45,-5.549999999999997,55.74,-10.29,0,60.43,64.93,69.18,73.13,76.74,80.0,1,91.46341463414636,3953,159
2024.0,41.0,PR,4117206.0,Nova Olímpia,MUNICIPAL,79.2,91.63,12.429999999999993,79.33,12.299999999999997,1,79.45,79.56,79.67,79.78,79.89,80.0,5,94.66666666666669,331,13
2024.0,13.0,AM,1300508.0,Barreirinha,MUNICIPAL,29.7,24.4,-5.300000000000001,36.81,-12.410000000000004,0,44.54,52.54,60.42,67.79,74.37,80.0,0,89.1891891891892,4885,49
2024.0,31.0,MG,3131406.0,Ipiaçu,MUNICIPAL,75.2,76.42,1.2199999999999989,75.9,0.519999999999996,1,76.62,77.33,78.02,78.69,79.35,80.0,4,88.37209302325581,1366,373
2024.0,50.0,MS,5005681.0,Mundo Novo,MUNICIPAL,83.8,46.46,-37.339999999999996,80.0,-33.54,0,80.0,80.0,80.0,80.0,80.0,80.0,1,93.83259911894272,3893,63
2024.0,43.0,RS,4306379.0,Dilermando de Aguiar,MUNICIPAL,67.3,53.6,-13.699999999999996,69.35,-15.749999999999993,0,71.33,73.23,75.05,76.79,78.44,80.0,2,96.42857142857144,3378,184
2024.0,42.0,SC,4203808.0,Canoinhas,MUNICIPAL,73.9,71.93,-1.9699999999999989,74.87,-2.9399999999999977,0,75.78,76.67,77.54,78.38,79.2,80.0,4,81.81818181818183,1772,105
2024.0,31.0,MG,3142403.0,Moema,MUNICIPAL,81.4,81.94,0.539999999999992,80.0,1.9399999999999977,1,80.0,80.0,80.0,80.0,80.0,80.0,5,90.9090909090909,888,229
2024.0,17.0,TO,1721307.0,Tupiratins,MUNICIPAL,25.0,53.85,28.85,32.22,21.630000000000003,1,40.4,49.16,57.96,66.29,73.72,80.0,2,100.0,3363,42
2024.0,43.0,RS,4312153.0,Mato Leitão,MUNICIPAL,89.0,58.4,-30.6,80.0,-21.6,0,80.0,80.0,80.0,80.0,80.0,80.0,2,97.61904761904762,2977,140
2024.0,29.0,BA,2910404.0,Encruzilhada,MUNICIPAL,41.9,37.25,-4.649999999999999,47.92,-10.670000000000002,0,54.03,60.03,65.74,71.02,75.79,80.0,0,94.44444444444444,4443,157
2024.0,43.0,RS,4323358.0,Vila Lângaro,MUNICIPAL,71.2,52.9,-18.300000000000004,72.6,-19.699999999999996,0,73.94,75.24,76.5,77.71,78.88,80.0,2,100.0,3428,193
2024.0,41.0,PR,4106100.0,Conselheiro Mairinck,MUNICIPAL,51.5,69.16,17.659999999999997,56.22,12.939999999999998,1,60.81,65.22,69.39,73.25,76.8,80.0,3,89.0909090909091,2039,267
2024.0,35.0,SP,3541505.0,Presidente Venceslau,MUNICIPAL,60.1,76.57000000000001,16.470000000000006,63.36,13.210000000000008,1,66.54,69.58,72.45,75.15,77.67,80.0,4,96.21212121212122,1356,113
2024.0,26.0,PE,2612554.0,Santa Filomena,MUNICIPAL,58.9,53.14,-5.759999999999998,62.41,-9.269999999999996,0,65.78,69.0,72.05,74.9,77.55,80.0,2,91.83673469387756,3414,143
2024.0,41.0,PR,4106456.0,Coronel Domingos Soares,MUNICIPAL,78.3,62.47,-15.829999999999998,78.53,-16.060000000000002,0,78.78,79.03,79.28,79.52,79.76,80.0,3,82.97872340425532,2638,312
2024.0,22.0,PI,2210102.0,São José do Peixe,MUNICIPAL,76.0,75.0,-1.0,76.6,-1.5999999999999943,0,77.2,77.78,78.35,78.91,79.46,80.0,4,100.0,1497,77
2024.0,21.0,MA,2104305.0,Godofredo Viana,MUNICIPAL,83.0,88.4,5.400000000000006,80.0,8.400000000000006,1,80.0,80.0,80.0,80.0,80.0,80.0,5,95.75757575757576,468,15
2024.0,15.0,PA,1500909.0,Augusto Corrêa,MUNICIPAL,38.6,43.99,5.390000000000001,44.99,-1.0,0,51.58,58.13,64.39,70.21,75.43,80.0,1,83.38762214983714,4055,85
2024.0,25.0,PB,2513901.0,São Bento,MUNICIPAL,42.5,46.87,4.369999999999997,48.44,-1.5700000000000003,0,54.46,60.36,65.97,71.16,75.86,80.0,1,87.6984126984127,3863,150
2024.0,43.0,RS,4317103.0,Sant'Ana do Livramento,MUNICIPAL,49.8,44.5,-5.299999999999997,54.72,-10.219999999999999,0,59.6,64.3,68.74,72.86,76.62,80.0,1,76.85950413223141,4018,275
2024.0,31.0,MG,3108701.0,Brás Pires,MUNICIPAL,53.7,81.16,27.459999999999994,58.04,23.119999999999997,1,62.28,66.34,70.17,73.74,77.02,80.0,5,97.36842105263158,951,253
2024.0,31.0,MG,3127354.0,Glaucilândia,MUNICIPAL,57.1,71.43,14.330000000000005,60.93,10.500000000000007,1,64.6,68.1,71.41,74.5,77.37,80.0,4,93.33333333333331,1807,491
2024.0,24.0,RN,2408607.0,Paraná,MUNICIPAL,,27.59,,,,,36.07,45.49,55.26,64.63,73.0,80.0,0,89.74358974358975,4813,127
2024.0,41.0,PR,4110201.0,Inácio Martins,MUNICIPAL,73.4,70.03,-3.3700000000000045,74.45,-4.420000000000002,0,75.44,76.4,77.34,78.26,79.14,80.0,4,90.1840490797546,1956,257
2024.0,52.0,GO,5200605.0,Alto Paraíso de Goiás,MUNICIPAL,82.9,60.2,-22.700000000000003,80.0,-19.799999999999997,0,80.0,80.0,80.0,80.0,80.0,80.0,3,98.46153846153848,2822,214
2024.0,29.0,BA,2900355.0,Adustina,MUNICIPAL,44.7,42.45,-2.25,50.37,-7.919999999999995,0,56.06,61.59,66.83,71.69,76.09,80.0,1,95.86206896551724,4148,105
2024.0,52.0,GO,5201207.0,Anhanguera,MUNICIPAL,80.0,81.25,1.25,80.0,1.25,1,80.0,80.0,80.0,80.0,80.0,80.0,5,94.11764705882352,943,110
2024.0,21.0,MA,2107258.0,Nova Colinas,MUNICIPAL,85.7,77.14,-8.560000000000002,80.0,-2.8599999999999994,0,80.0,80.0,80.0,80.0,80.0,80.0,4,100.0,1293,42
2024.0,35.0,SP,3537800.0,Piedade,MUNICIPAL,58.6,63.25,4.649999999999999,62.12,1.1300000000000026,1,65.55,68.83,71.92,74.82,77.52,80.0,3,94.3854324734446,2574,274
2024.0,29.0,BA,2920502.0,Maracás,MUNICIPAL,52.5,43.58,-8.920000000000002,57.02,-13.440000000000005,0,61.46,65.72,69.73,73.47,76.89,80.0,1,77.15517241379311,4084,91
2024.0,23.0,CE,2305902.0,Ipueiras,MUNICIPAL,97.9,99.54,1.6400000000000006,80.0,19.540000000000006,1,80.0,80.0,80.0,80.0,80.0,80.0,5,100.0,54,12
2024.0,31.0,MG,3139904.0,Maria da Fé,MUNICIPAL,61.0,78.16,17.159999999999997,64.13,14.030000000000001,1,67.16,70.05,72.78,75.36,77.77,80.0,4,95.13888888888889,1183,319
2024.0,31.0,MG,3133006.0,Itamonte,MUNICIPAL,57.6,81.86,24.259999999999998,61.31,20.549999999999997,1,64.9,68.33,71.57,74.6,77.42,80.0,5,88.05970149253731,895,233
2024.0,21.0,MA,2106102.0,Loreto,MUNICIPAL,38.8,66.12,27.320000000000007,45.2,20.92,1,51.76,58.27,64.49,70.27,75.46,80.0,3,92.80575539568343,2306,88
2024.0,33.0,RJ,3303807.0,Paraty,MUNICIPAL,50.7,48.89,-1.8100000000000023,55.55,-6.659999999999997,0,60.27,64.81,69.09,73.08,76.72,80.0,1,74.64028776978418,3719,69
2024.0,29.0,BA,2903706.0,Boa Nova,MUNICIPAL,44.2,46.51,2.309999999999995,49.97,-3.460000000000001,0,55.73,61.34,66.66,71.58,76.04,80.0,1,96.26865671641792,3890,68
2024.0,35.0,SP,3541000.0,Praia Grande,MUNICIPAL,50.7,51.25,0.5499999999999972,55.55,-4.299999999999997,0,60.28,64.81,69.1,73.08,76.72,80.0,2,83.0603448275862,3552,474
2024.0,43.0,RS,4316303.0,Roque Gonzales,MUNICIPAL,75.7,76.0,0.29999999999999716,76.36,-0.35999999999999943,0,77.0,77.62,78.23,78.84,79.42,80.0,4,85.71428571428571,1411,34
2024.0,42.0,SC,4207700.0,Ipumirim,MUNICIPAL,54.0,62.84,8.840000000000003,58.28,4.560000000000002,1,62.47,66.48,70.27,73.8,77.05,80.0,3,89.32038834951457,2603,175
2024.0,26.0,PE,2616183.0,Vertente do Lério,MUNICIPAL,83.7,82.94,-0.7600000000000051,80.0,2.9399999999999977,1,80.0,80.0,80.0,80.0,80.0,80.0,5,96.42857142857144,806,26
2024.0,31.0,MG,3106002.0,Bela Vista de Minas,MUNICIPAL,63.8,73.62,9.820000000000007,66.46,7.160000000000011,1,69.02,71.46,73.79,75.99,78.06,80.0,4,94.6236559139785,1632,441
2024.0,21.0,MA,2112852.0,Vila Nova dos Martírios,MUNICIPAL,86.1,74.55,-11.549999999999997,80.0,-5.450000000000003,0,80.0,80.0,80.0,80.0,80.0,80.0,4,93.82022471910112,1550,52
2024.0,52.0,GO,5207907.0,Flores de Goiás,MUNICIPAL,66.8,65.41,-1.3900000000000006,68.9,-3.490000000000009,0,70.97,72.96,74.85,76.66,78.38,80.0,3,89.6103896103896,2364,199
2024.0,23.0,CE,2307502.0,Lavras da Mangabeira,MUNICIPAL,75.4,74.29,-1.1099999999999994,76.08,-1.789999999999992,0,76.77,77.44,78.1,78.75,79.38,80.0,4,99.19028340080972,1574,160
2024.0,43.0,RS,4306320.0,Derrubadas,MUNICIPAL,49.7,80.0,30.299999999999997,54.69,25.310000000000002,1,59.58,64.28,68.72,72.85,76.61,80.0,5,100.0,1035,23
2024.0,32.0,ES,3202108.0,Ecoporanga,MUNICIPAL,69.2,94.7,25.5,70.94,23.760000000000005,1,72.6,74.21,75.75,77.23,78.65,80.0,5,92.2680412371134,213,3
2024.0,27.0,AL,2707107.0,Piranhas,MUNICIPAL,24.7,25.08,0.379999999999999,31.96,-6.880000000000003,0,40.17,48.96,57.82,66.2,73.68,80.0,0,92.82178217821784,4868,91
2024.0,31.0,MG,3107000.0,Biquinhas,MUNICIPAL,88.0,58.22,-29.78,80.0,-21.78,0,80.0,80.0,80.0,80.0,80.0,80.0,2,85.29411764705883,2996,695
2024.0,43.0,RS,4319604.0,São Sepé,MUNICIPAL,82.3,49.7,-32.599999999999994,80.0,-30.299999999999997,0,80.0,80.0,80.0,80.0,80.0,80.0,1,84.9624060150376,3662,224
2024.0,31.0,MG,3146909.0,Papagaios,MUNICIPAL,47.1,88.48,41.38,52.46,36.02,1,57.77,62.9,67.75,72.25,76.34,80.0,5,87.94326241134752,465,96
2024.0,15.0,PA,1501758.0,Brejo Grande do Araguaia,MUNICIPAL,61.6,75.7,14.100000000000001,64.62,11.079999999999998,1,67.55,70.34,72.99,75.49,77.83,80.0,4,89.2156862745098,1443,3
2024.0,31.0,MG,3111309.0,Campo do Meio,MUNICIPAL,67.5,76.54,9.040000000000006,69.55,6.990000000000009,1,71.49,73.36,75.14,76.84,78.46,80.0,4,83.9622641509434,1357,368
2024.0,43.0,RS,4316105.0,Ronda Alta,MUNICIPAL,75.3,53.7,-21.599999999999994,76.01,-22.310000000000002,0,76.71,77.4,78.07,78.73,79.37,80.0,2,92.06349206349206,3373,183
2024.0,43.0,RS,4309506.0,Guarani das Missões,MUNICIPAL,70.4,67.5,-2.9000000000000057,71.9,-4.400000000000006,0,73.38,74.81,76.19,77.51,78.78,80.0,3,90.19607843137256,2196,72
2024.0,24.0,RN,2403756.0,Fernando Pedroza,MUNICIPAL,32.8,58.82,26.020000000000003,39.77,19.049999999999997,1,47.13,54.62,61.91,68.69,74.76,80.0,2,94.44444444444444,2942,21
2024.0,43.0,RS,4322806.0,Veranópolis,MUNICIPAL,77.1,57.0,-20.099999999999994,77.57,-20.569999999999993,0,77.99,78.4,78.81,79.21,79.61,80.0,2,91.55555555555556,3095,154
2024.0,31.0,MG,3113602.0,Careaçu,MUNICIPAL,97.4,74.18,-23.22,80.0,-5.819999999999993,0,80.0,80.0,80.0,80.0,80.0,80.0,4,98.59154929577466,1582,427
2024.0,43.0,RS,4306452.0,Dois Lajeados,MUNICIPAL,91.2,53.0,-38.2,80.0,-27.0,0,80.0,80.0,80.0,80.0,80.0,80.0,2,90.0,3423,191
2024.0,17.0,TO,1700251.0,Abreulândia,MUNICIPAL,62.1,75.0,12.899999999999999,65.03,9.969999999999999,1,67.87,70.59,73.17,75.6,77.88,80.0,4,87.5,1497,4
2024.0,23.0,CE,2304707.0,Granja,MUNICIPAL,93.3,97.78,4.480000000000004,80.0,17.78,1,80.0,80.0,80.0,80.0,80.0,80.0,5,99.85207100591715,100,46
2024.0,31.0,MG,3165701.0,Senador Firmino,MUNICIPAL,66.3,91.79,25.49000000000001,68.56,23.230000000000004,1,70.7,72.75,74.71,76.57,78.33,80.0,5,98.83720930232558,319,51
2024.0,31.0,MG,3151107.0,Pirapetinga,MUNICIPAL,62.7,66.15,3.450000000000003,65.52,0.6300000000000097,1,68.27,70.89,73.38,75.74,77.94,80.0,3,92.23300970873788,2304,597
2024.0,43.0,RS,4322251.0,Tupandi,MUNICIPAL,82.0,55.1,-26.9,80.0,-24.9,0,80.0,80.0,80.0,80.0,80.0,80.0,2,90.14084507042254,3255,170
2024.0,43.0,RS,4323507.0,Vista Alegre,MUNICIPAL,90.0,33.3,-56.7,80.0,-46.7,0,80.0,80.0,80.0,80.0,80.0,80.0,0,90.0,4621,380
2024.0,41.0,PR,4107603.0,Faxinal,MUNICIPAL,83.4,71.76,-11.64,80.0,-8.239999999999995,0,80.0,80.0,80.0,80.0,80.0,80.0,4,93.80530973451329,1788,234
2024.0,42.0,SC,4219002.0,Urussanga,MUNICIPAL,68.9,71.86,2.9599999999999937,70.65,1.2099999999999937,1,72.37,74.03,75.63,77.15,78.61,80.0,4,88.52459016393442,1779,107
2024.0,41.0,PR,4101051.0,Anahy,MUNICIPAL,62.4,69.97,7.57,65.3,4.670000000000002,1,68.09,70.76,73.29,75.67,77.91,80.0,3,76.74418604651163,1963,258
2024.0,23.0,CE,2305407.0,Icó,MUNICIPAL,80.1,75.41,-4.689999999999998,80.0,-4.590000000000003,0,80.0,80.0,80.0,80.0,80.0,80.0,4,98.38709677419357,1460,156
2024.0,31.0,MG,3116803.0,Coluna,MUNICIPAL,64.1,91.21,27.11,66.67,24.539999999999992,1,69.19,71.59,73.88,76.05,78.09,80.0,5,93.90243902439023,349,57
2024.0,42.0,SC,4206801.0,Ibicaré,MUNICIPAL,75.7,54.41,-21.290000000000006,76.34,-21.930000000000007,0,76.98,77.61,78.23,78.83,79.42,80.0,2,83.33333333333334,3314,215
2024.0,51.0,MT,5103908.0,General Carneiro,MUNICIPAL,89.1,71.41,-17.689999999999998,80.0,-8.590000000000003,0,80.0,80.0,80.0,80.0,80.0,80.0,4,89.74358974358975,1814,45
2024.0,27.0,AL,2708600.0,São Miguel dos Campos,MUNICIPAL,50.1,57.17,7.07,55.0,2.1700000000000017,1,59.83,64.47,68.86,72.93,76.65,80.0,2,92.61083743842364,3077,27
2024.0,51.0,MT,5106802.0,Porto dos Gaúchos,MUNICIPAL,75.6,74.29,-1.309999999999988,76.25,-1.9599999999999937,0,76.91,77.55,78.18,78.8,79.41,80.0,4,86.02150537634408,1574,37
2024.0,41.0,PR,4116703.0,Nova Aurora,MUNICIPAL,82.3,74.99,-7.310000000000002,80.0,-5.010000000000005,0,80.0,80.0,80.0,80.0,80.0,80.0,4,92.19858156028369,1518,180
2024.0,35.0,SP,3536604.0,Paulo de Faria,MUNICIPAL,50.4,80.89,30.490000000000002,55.24,25.65,1,60.02,64.62,68.96,72.99,76.68,80.0,5,89.55223880597015,970,75
2024.0,52.0,GO,5212808.0,Mara Rosa,MUNICIPAL,69.6,87.78,18.180000000000007,71.26,16.519999999999996,1,72.86,74.41,75.9,77.33,78.69,80.0,5,94.24460431654676,504,53
2024.0,42.0,SC,4202909.0,Brusque,MUNICIPAL,68.7,67.18,-1.519999999999996,70.5,-3.319999999999993,0,72.25,73.94,75.56,77.11,78.59,80.0,3,74.30865298840321,2220,148
2024.0,23.0,CE,2308906.0,Morrinhos,MUNICIPAL,98.9,97.77,-1.1300000000000097,80.0,17.769999999999996,1,80.0,80.0,80.0,80.0,80.0,80.0,5,100.0,101,47
2024.0,35.0,SP,3550001.0,São Luiz do Paraitinga,MUNICIPAL,73.4,59.66,-13.740000000000009,74.44,-14.780000000000001,0,75.43,76.4,77.34,78.25,79.14,80.0,2,94.6236559139785,2884,345
2024.0,31.0,MG,3132008.0,Itacambira,MUNICIPAL,78.6,100.0,21.400000000000006,78.78,21.22,1,78.99,79.19,79.4,79.6,79.8,80.0,5,94.73684210526316,1,1
2024.0,41.0,PR,4110904.0,Itaguajé,MUNICIPAL,59.3,76.11,16.810000000000002,62.76,13.350000000000001,1,66.06,69.21,72.2,74.99,77.6,80.0,4,91.52542372881356,1402,164
2024.0,52.0,GO,5202809.0,Avelinópolis,MUNICIPAL,71.4,100.0,28.599999999999994,72.79,27.209999999999994,1,74.1,75.36,76.59,77.77,78.91,80.0,5,89.65517241379311,1,1
2024.0,23.0,CE,2308500.0,Mombaça,MUNICIPAL,93.5,93.51,0.010000000000005116,80.0,13.510000000000005,1,80.0,80.0,80.0,80.0,80.0,80.0,5,99.7596153846154,254,87
2024.0,31.0,MG,3162203.0,São João Batista do Glória,MUNICIPAL,82.4,84.26,1.8599999999999994,80.0,4.260000000000005,1,80.0,80.0,80.0,80.0,80.0,80.0,5,92.63157894736842,720,186
2024.0,31.0,MG,3156304.0,Rodeiro,MUNICIPAL,44.7,81.95,37.25,50.42,31.53,1,56.09,61.61,66.85,71.7,76.1,80.0,5,95.3125,885,228
2024.0,35.0,SP,3544707.0,Sagres,MUNICIPAL,70.3,91.33,21.03,71.82,19.510000000000005,1,73.32,74.76,76.15,77.49,78.77,80.0,5,96.0,345,29
2024.0,35.0,SP,3520426.0,Ilha Comprida,MUNICIPAL,52.0,67.6,15.599999999999994,56.64,10.959999999999994,1,61.15,65.48,69.57,73.37,76.85,80.0,3,91.75824175824177,2185,210
2024.0,41.0,PR,4120358.0,Pranchita,MUNICIPAL,84.3,79.55,-4.75,80.0,-0.45000000000000284,0,80.0,80.0,80.0,80.0,80.0,80.0,4,93.22033898305084,1079,111
2024.0,41.0,PR,4123105.0,Santa Amélia,MUNICIPAL,100.0,91.5,-8.5,80.0,11.5,1,80.0,80.0,80.0,80.0,80.0,80.0,5,92.10526315789474,338,14
2024.0,42.0,SC,4206405.0,Guaraciaba,MUNICIPAL,83.3,83.69,0.39000000000000057,80.0,3.6899999999999977,1,80.0,80.0,80.0,80.0,80.0,80.0,5,88.54166666666666,754,29
2024.0,26.0,PE,2603306.0,Calçado,MUNICIPAL,57.4,40.68,-16.72,61.11,-20.43,0,64.74,68.21,71.49,74.55,77.39,80.0,1,100.0,4249,166
2024.0,25.0,PB,2515005.0,São Miguel de Taipu,MUNICIPAL,10.1,100.0,89.9,15.73,84.27,1,23.72,34.14,46.35,59.02,70.59,80.0,5,82.14285714285714,1,1
2024.0,15.0,PA,1508084.0,Tucumã,MUNICIPAL,58.8,48.54,-10.259999999999998,62.31,-13.770000000000003,0,65.7,68.94,72.0,74.87,77.54,80.0,1,82.0738137082601,3738,65
2024.0,31.0,MG,3152204.0,Porteirinha,MUNICIPAL,63.5,70.05,6.549999999999997,66.24,3.8100000000000023,1,68.84,71.33,73.7,75.93,78.03,80.0,4,97.67441860465117,1953,526
2024.0,23.0,CE,2304657.0,Graça,MUNICIPAL,98.4,100.0,1.5999999999999943,80.0,20.0,1,80.0,80.0,80.0,80.0,80.0,80.0,5,93.45238095238096,1,1
2024.0,35.0,SP,3533601.0,Nuporanga,MUNICIPAL,69.5,64.88,-4.6200000000000045,71.14,-6.260000000000005,0,72.76,74.33,75.84,77.29,78.68,80.0,3,92.7710843373494,2412,245
2024.0,31.0,MG,3167608.0,Simonésia,MUNICIPAL,65.6,68.54,2.940000000000012,67.98,0.5600000000000023,1,70.23,72.39,74.45,76.41,78.26,80.0,3,82.09876543209876,2099,556
2024.0,41.0,PR,4117214.0,Nova Santa Bárbara,MUNICIPAL,84.9,79.18,-5.719999999999999,80.0,-0.8199999999999932,0,80.0,80.0,80.0,80.0,80.0,80.0,4,84.375,1108,115
2024.0,29.0,BA,2933406.0,Wagner,MUNICIPAL,53.4,45.0,-8.399999999999999,57.82,-12.82,0,62.1,66.2,70.08,73.68,76.99,80.0,1,96.15384615384616,3991,81
2024.0,41.0,PR,4109005.0,Guapirama,MUNICIPAL,87.9,75.09,-12.810000000000002,80.0,-4.909999999999997,0,80.0,80.0,80.0,80.0,80.0,80.0,4,94.52054794520548,1488,175
2024.0,15.0,PA,1507151.0,São Domingos do Araguaia,MUNICIPAL,46.1,40.37,-5.730000000000004,51.56,-11.190000000000005,0,57.03,62.33,67.36,72.01,76.24,80.0,1,82.20338983050848,4266,96
2024.0,26.0,PE,2615409.0,Toritama,MUNICIPAL,50.2,63.95,13.75,55.11,8.840000000000003,1,59.92,64.54,68.91,72.96,76.66,80.0,3,95.8041958041958,2522,95
2024.0,28.0,SE,2805109.0,Pedrinhas,MUNICIPAL,14.8,11.52,-3.280000000000001,21.39,-9.870000000000001,0,29.87,40.0,51.06,62.02,71.88,80.0,0,95.3846153846154,4973,70
2024.0,52.0,GO,5211206.0,Itapuranga,MUNICIPAL,81.6,85.10000000000001,3.500000000000014,80.0,5.1000000000000085,1,80.0,80.0,80.0,80.0,80.0,80.0,5,91.57894736842104,655,72
2024.0,41.0,PR,4127007.0,Teixeira Soares,MUNICIPAL,77.3,88.2,10.900000000000006,77.71,10.490000000000009,1,78.1,78.49,78.88,79.26,79.63,80.0,5,95.1048951048951,480,31
2024.0,23.0,CE,2304301.0,Farias Brito,MUNICIPAL,98.0,96.0,-2.0,80.0,16.0,1,80.0,80.0,80.0,80.0,80.0,80.0,5,100.0,158,62
2024.0,31.0,MG,3147204.0,Paraguaçu,MUNICIPAL,62.5,69.21000000000001,6.710000000000008,65.34,3.8700000000000045,1,68.12,70.78,73.31,75.69,77.92,80.0,3,90.64039408866996,2031,546
2024.0,15.0,PA,1508209.0,Vigia,MUNICIPAL,29.8,37.71,7.91,36.87,0.8400000000000034,1,44.6,52.59,60.45,67.81,74.38,80.0,0,83.70786516853933,4417,105
2024.0,22.0,PI,2201705.0,Bertolínia,MUNICIPAL,59.5,43.42,-16.08,62.88,-19.46,0,66.16,69.28,72.25,75.02,77.61,80.0,1,92.98245614035088,4091,177
2024.0,42.0,SC,4205308.0,Faxinal dos Guedes,MUNICIPAL,52.7,66.52,13.819999999999993,57.2,9.319999999999993,1,61.6,65.82,69.81,73.51,76.92,80.0,3,84.31372549019608,2284,155
2024.0,29.0,BA,2910776.0,Feira da Mata,MUNICIPAL,55.7,45.45,-10.25,59.76,-14.309999999999995,0,63.66,67.39,70.91,74.19,77.23,80.0,1,95.65217391304348,3953,77
2024.0,42.0,SC,4210308.0,Major Vieira,MUNICIPAL,69.1,74.01,4.910000000000011,70.82,3.190000000000012,1,72.51,74.14,75.7,77.2,78.63,80.0,4,82.4074074074074,1595,94
2024.0,24.0,RN,2410009.0,Pilões,MUNICIPAL,64.7,63.16,-1.5400000000000063,67.21,-4.049999999999997,0,69.62,71.92,74.12,76.2,78.16,80.0,3,100.0,2581,12
2024.0,52.0,GO,5205901.0,Corumbaíba,MUNICIPAL,71.4,82.63,11.22999999999999,72.79,9.83999999999999,1,74.1,75.36,76.59,77.77,78.91,80.0,5,85.59322033898306,827,98
2024.0,41.0,PR,4114302.0,Mandirituba,MUNICIPAL,79.4,64.48,-14.920000000000002,79.47,-14.989999999999995,0,79.56,79.65,79.74,79.82,79.91,80.0,3,86.08923884514435,2459,298
2024.0,43.0,RS,4306502.0,Dom Feliciano,MUNICIPAL,59.6,35.0,-24.6,63.01,-28.009999999999998,0,66.26,69.37,72.3,75.06,77.63,80.0,0,86.31578947368422,4556,372
2024.0,28.0,SE,2807402.0,Tobias Barreto,MUNICIPAL,41.9,46.26,4.359999999999999,47.95,-1.6900000000000048,0,54.06,60.04,65.75,71.03,75.8,80.0,1,96.96969696969695,3905,14
2024.0,31.0,MG,3122207.0,Divinolândia de Minas,MUNICIPAL,67.5,87.10000000000001,19.60000000000001,69.54,17.560000000000002,1,71.49,73.35,75.14,76.84,78.46,80.0,5,100.0,543,123
2024.0,31.0,MG,3112505.0,Capim Branco,MUNICIPAL,,77.92,,,,,78.27,78.63,78.98,79.32,79.66,80.0,4,89.43089430894308,1208,328
2024.0,50.0,MS,5001003.0,Aparecida do Taboado,MUNICIPAL,51.5,57.5,6.0,56.16,1.3400000000000034,1,60.77,65.19,69.36,73.24,76.79,80.0,2,93.33333333333331,3046,35
2024.0,43.0,RS,4308201.0,Flores da Cunha,MUNICIPAL,79.0,59.6,-19.4,79.15,-19.550000000000004,0,79.3,79.44,79.58,79.72,79.86,80.0,2,91.02564102564102,2889,131
2024.0,29.0,BA,2911204.0,Gandu,MUNICIPAL,33.3,47.2,13.900000000000006,40.16,7.040000000000006,1,47.47,54.89,62.1,68.81,74.81,80.0,1,90.29535864978902,3840,61
2024.0,21.0,MA,2111409.0,São Luís Gonzaga do Maranhão,MUNICIPAL,74.8,70.44,-4.359999999999999,75.6,-5.159999999999997,0,76.38,77.14,77.88,78.6,79.31,80.0,4,88.0,1903,69
2024.0,31.0,MG,3153400.0,Presidente Olegário,MUNICIPAL,77.4,78.27,0.8699999999999903,77.76,0.5099999999999909,1,78.15,78.53,78.9,79.27,79.64,80.0,4,90.47619047619048,1172,315
2024.0,31.0,MG,3108800.0,Braúnas,MUNICIPAL,72.2,63.3,-8.900000000000006,73.45,-10.150000000000006,0,74.63,75.77,76.89,77.96,79.0,80.0,3,83.78378378378379,2567,642
2024.0,41.0,PR,4120606.0,Prudentópolis,MUNICIPAL,82.7,82.91,0.20999999999999375,80.0,2.9099999999999966,1,80.0,80.0,80.0,80.0,80.0,80.0,5,92.39543726235742,807,76
2024.0,29.0,BA,2909901.0,Curaçá,MUNICIPAL,29.7,22.94,-6.759999999999998,36.77,-13.830000000000002,0,44.5,52.51,60.4,67.78,74.36,80.0,0,96.5174129353234,4908,348
2024.0,27.0,AL,2703908.0,Jundiá,MUNICIPAL,34.6,44.34,9.740000000000002,41.39,2.950000000000003,1,48.53,55.73,62.7,69.17,74.98,80.0,1,94.54545454545456,4032,58
2024.0,35.0,SP,3519105.0,Iacanga,MUNICIPAL,100.0,97.67,-2.3299999999999983,80.0,17.67,1,80.0,80.0,80.0,80.0,80.0,80.0,5,79.27927927927928,105,10
2024.0,15.0,PA,1507953.0,Tailândia,MUNICIPAL,37.7,37.9,0.19999999999999574,44.19,-6.289999999999999,0,50.91,57.6,64.02,69.98,75.33,80.0,0,82.64462809917356,4405,104
2024.0,41.0,PR,4106506.0,Coronel Vivida,MUNICIPAL,80.5,74.60000000000001,-5.8999999999999915,80.0,-5.3999999999999915,0,80.0,80.0,80.0,80.0,80.0,80.0,4,92.04892966360856,1543,186
2024.0,22.0,PI,2210508.0,São Pedro do Piauí,MUNICIPAL,49.3,67.14,17.840000000000003,54.3,12.840000000000003,1,59.26,64.04,68.55,72.74,76.57,80.0,3,98.96907216494846,2226,97
2024.0,51.0,MT,5106273.0,Novo Horizonte do Norte,MUNICIPAL,63.0,69.12,6.1200000000000045,65.77,3.3500000000000085,1,68.47,71.04,73.49,75.8,77.97,80.0,3,89.0909090909091,2045,51
2024.0,43.0,RS,4306973.0,Erebango,MUNICIPAL,73.3,38.5,-34.8,74.36,-35.86,0,75.37,76.35,77.31,78.23,79.13,80.0,0,100.0,4367,338
2024.0,25.0,PB,2502201.0,Bom Jesus,MUNICIPAL,25.6,68.42,42.82,32.78,35.64,1,40.92,49.58,58.27,66.48,73.8,80.0,3,100.0,2110,62
2024.0,24.0,RN,2407401.0,Martins,MUNICIPAL,41.6,53.91,12.309999999999995,47.7,6.209999999999994,1,53.85,59.89,65.64,70.96,75.77,80.0,2,87.20930232558139,3358,25
2024.0,31.0,MG,3159704.0,Santa Rosa da Serra,MUNICIPAL,73.0,79.88,6.8799999999999955,74.06,5.819999999999993,1,75.13,76.16,77.17,78.14,79.09,80.0,4,84.21052631578947,1056,283
2024.0,29.0,BA,2916302.0,Itapebi,MUNICIPAL,15.0,23.44,8.440000000000001,21.57,1.870000000000001,1,30.06,40.17,51.19,62.1,71.91,80.0,0,82.05128205128204,4903,343
2024.0,21.0,MA,2107803.0,Parnarama,MUNICIPAL,90.7,54.65,-36.050000000000004,80.0,-25.35,0,80.0,80.0,80.0,80.0,80.0,80.0,2,92.79538904899135,3293,142
2024.0,23.0,CE,2303204.0,Caririaçu,MUNICIPAL,90.1,82.61,-7.489999999999995,80.0,2.6099999999999994,1,80.0,80.0,80.0,80.0,80.0,80.0,5,98.25581395348836,832,136
2024.0,21.0,MA,2103307.0,Codó,MUNICIPAL,46.9,50.85,3.950000000000003,52.32,-1.4699999999999989,0,57.65,62.81,67.69,72.22,76.33,80.0,2,88.9397406559878,3578,157
2024.0,31.0,MG,3103306.0,Aracitaba,MUNICIPAL,80.0,86.96000000000001,6.960000000000008,80.0,6.960000000000008,1,80.0,80.0,80.0,80.0,80.0,80.0,5,100.0,550,125
2024.0,25.0,PB,2509396.0,Maturéia,MUNICIPAL,50.6,60.76,10.159999999999997,55.48,5.280000000000001,1,60.21,64.77,69.06,73.06,76.71,80.0,3,97.67441860465117,2771,89
2024.0,31.0,MG,3148004.0,Patos de Minas,MUNICIPAL,69.1,76.9,7.800000000000011,70.88,6.02000000000001,1,72.56,74.17,75.73,77.22,78.64,80.0,4,89.2430278884462,1322,361
2024.0,11.0,RO,1100072.0,Corumbiara,MUNICIPAL,58.2,72.68,14.480000000000004,61.82,10.860000000000007,1,65.31,68.64,71.79,74.74,77.48,80.0,4,88.35616438356165,1708,11
2024.0,31.0,MG,3113206.0,Carandaí,MUNICIPAL,71.8,80.43,8.63000000000001,73.09,7.340000000000003,1,74.34,75.55,76.72,77.85,78.95,80.0,5,89.52879581151832,999,266
2024.0,35.0,SP,3557154.0,Zacarias,MUNICIPAL,38.3,80.0,41.7,44.78,35.22,1,51.41,57.99,64.3,70.15,75.4,80.0,5,100.0,1035,81
2024.0,35.0,SP,3547809.0,Santo André,MUNICIPAL,52.8,56.5,3.700000000000003,57.33,-0.8299999999999983,0,61.71,65.91,69.87,73.55,76.93,80.0,2,86.13034137025542,3137,391
2024.0,26.0,PE,2602605.0,Brejo da Madre de Deus,MUNICIPAL,53.0,48.73,-4.270000000000003,57.44,-8.71,0,61.79,65.97,69.91,73.58,76.94,80.0,1,96.3302752293578,3730,152
2024.0,24.0,RN,2415008.0,Vila Flor,MUNICIPAL,19.4,39.06,19.660000000000004,26.43,12.630000000000003,1,34.93,44.51,54.52,64.17,72.8,80.0,0,80.64516129032258,4334,76
2024.0,31.0,MG,3123304.0,Dores do Turvo,MUNICIPAL,76.7,95.99,19.289999999999992,77.19,18.799999999999997,1,77.68,78.16,78.63,79.09,79.55,80.0,5,87.71929824561403,160,15
2024.0,29.0,BA,2902500.0,Baianópolis,MUNICIPAL,39.9,35.92,-3.979999999999997,46.14,-10.219999999999999,0,52.55,58.88,64.92,70.53,75.57,80.0,0,88.75,4518,183
2024.0,22.0,PI,2206506.0,Monsenhor Hipólito,MUNICIPAL,100.0,97.7,-2.299999999999997,80.0,17.700000000000003,1,80.0,80.0,80.0,80.0,80.0,80.0,5,100.0,104,13
2024.0,31.0,MG,3109402.0,Buritizeiro,MUNICIPAL,37.7,62.63,24.93,44.21,18.42,1,50.93,57.62,64.04,69.99,75.33,80.0,3,91.46757679180888,2621,653
2024.0,23.0,CE,2311108.0,Porteiras,MUNICIPAL,93.5,92.09,-1.4099999999999966,80.0,12.090000000000003,1,80.0,80.0,80.0,80.0,80.0,80.0,5,99.60474308300395,309,95
2024.0,35.0,SP,3507308.0,Boracéia,MUNICIPAL,71.2,66.62,-4.579999999999998,72.55,-5.929999999999993,0,73.9,75.21,76.48,77.7,78.87,80.0,3,94.28571428571428,2278,222
2024.0,31.0,MG,3157807.0,Santa Luzia,MUNICIPAL,51.5,72.16,20.659999999999997,56.2,15.959999999999994,1,60.8,65.21,69.38,73.25,76.8,80.0,4,86.59935750344194,1750,475
2024.0,29.0,BA,2918407.0,Juazeiro,MUNICIPAL,31.2,29.31,-1.8900000000000006,38.21,-8.900000000000002,0,45.77,53.54,61.13,68.22,74.56,80.0,0,91.18829981718464,4761,274
2024.0,25.0,PB,2505709.0,Dona Inês,MUNICIPAL,48.9,96.29,47.39000000000001,53.98,42.31000000000001,1,59.0,63.84,68.42,72.66,76.53,80.0,5,84.04255319148936,145,9
2024.0,28.0,SE,2807600.0,Umbaúba,MUNICIPAL,25.4,39.34,13.940000000000005,32.62,6.720000000000006,1,40.77,49.46,58.19,66.43,73.78,80.0,0,86.3849765258216,4320,25
2024.0,35.0,SP,3549250.0,São João de Iracema,MUNICIPAL,44.0,44.44,0.4399999999999977,49.78,-5.340000000000003,0,55.57,61.21,66.57,71.53,76.02,80.0,1,100.0,4025,544
2024.0,21.0,MA,2101251.0,Bacabeira,MUNICIPAL,51.5,53.73,2.229999999999997,56.2,-2.470000000000006,0,60.79,65.21,69.38,73.25,76.79,80.0,2,90.23255813953487,3371,146
2024.0,23.0,CE,2301208.0,Aracoiaba,MUNICIPAL,87.3,90.87,3.5700000000000074,80.0,10.870000000000005,1,80.0,80.0,80.0,80.0,80.0,80.0,5,95.48192771084338,369,108
2024.0,51.0,MT,5100508.0,Alto Paraguai,MUNICIPAL,67.6,52.43,-15.169999999999995,69.57,-17.139999999999993,0,71.51,73.37,75.15,76.85,78.47,80.0,2,86.90476190476191,3457,111
2024.0,22.0,PI,2206803.0,Nossa Senhora dos Remédios,MUNICIPAL,64.2,45.57,-18.630000000000003,66.78,-21.21,0,69.27,71.66,73.93,76.08,78.1,80.0,1,100.0,3947,172
2024.0,28.0,SE,2804300.0,Muribeca,MUNICIPAL,10.0,22.01,12.010000000000002,15.64,6.370000000000001,1,23.62,34.04,46.27,58.96,70.57,80.0,0,94.5945945945946,4919,64
2024.0,52.0,GO,5201405.0,Aparecida de Goiânia,MUNICIPAL,60.7,69.22,8.519999999999996,63.87,5.350000000000001,1,66.95,69.88,72.67,75.29,77.73,80.0,3,89.2798690671031,2030,179
2024.0,31.0,MG,3171907.0,Virgolândia,MUNICIPAL,87.3,70.97,-16.33,80.0,-9.030000000000001,0,80.0,80.0,80.0,80.0,80.0,80.0,4,100.0,1850,503
2024.0,31.0,MG,3123007.0,Dores de Campos,MUNICIPAL,54.7,76.43,21.730000000000004,58.87,17.56000000000001,1,62.95,66.84,70.53,73.96,77.12,80.0,4,98.05825242718448,1365,372
2024.0,52.0,GO,5212907.0,Marzagão,MUNICIPAL,92.2,83.33,-8.870000000000005,80.0,3.3299999999999983,1,80.0,80.0,80.0,80.0,80.0,80.0,5,100.0,777,89
2024.0,43.0,RS,4311304.0,Lagoa Vermelha,MUNICIPAL,61.0,54.6,-6.399999999999999,64.16,-9.559999999999995,0,67.18,70.06,72.79,75.37,77.77,80.0,2,86.08695652173914,3296,173
2024.0,23.0,CE,2301406.0,Aratuba,MUNICIPAL,86.3,80.42,-5.8799999999999955,80.0,0.4200000000000017,1,80.0,80.0,80.0,80.0,80.0,80.0,5,98.87640449438202,1000,144
2024.0,42.0,SC,4202073.0,Balneário Gaivota,MUNICIPAL,,49.21,,,,,55.1,60.85,66.31,71.37,75.95,80.0,1,70.31963470319634,3694,226
2024.0,24.0,RN,2403905.0,Francisco Dantas,MUNICIPAL,45.0,78.95,33.95,50.65,28.300000000000004,1,56.29,61.76,66.96,71.77,76.13,80.0,4,90.47619047619048,1125,1
2024.0,42.0,SC,4201109.0,Anitápolis,MUNICIPAL,,56.94,,,,,61.39,65.66,69.7,73.44,76.88,80.0,2,86.66666666666667,3101,201
2024.0,35.0,SP,3520004.0,Igaraçu do Tietê,MUNICIPAL,68.6,77.29,8.690000000000012,70.4,6.890000000000001,1,72.17,73.88,75.52,77.08,78.58,80.0,4,95.87155963302752,1275,108
2024.0,21.0,MA,2106003.0,Lima Campos,MUNICIPAL,86.7,90.91,4.209999999999994,80.0,10.909999999999997,1,80.0,80.0,80.0,80.0,80.0,80.0,5,97.03703703703704,362,12
2024.0,43.0,RS,4306809.0,Encantado,MUNICIPAL,80.8,53.2,-27.599999999999994,80.0,-26.799999999999997,0,80.0,80.0,80.0,80.0,80.0,80.0,2,85.3146853146853,3408,188
2024.0,31.0,MG,3124401.0,Espírito Santo do Dourado,MUNICIPAL,66.5,66.53,0.030000000000001137,68.68,-2.1500000000000057,0,70.8,72.82,74.76,76.6,78.35,80.0,3,90.56603773584906,2283,595
2024.0,42.0,SC,4213807.0,Praia Grande,MUNICIPAL,65.6,69.36,3.760000000000005,67.96,1.4000000000000057,1,70.21,72.38,74.44,76.4,78.25,80.0,3,79.41176470588235,2018,133
2024.0,52.0,GO,5219258.0,Santa Fé de Goiás,MUNICIPAL,76.9,92.78,15.879999999999995,77.35,15.430000000000007,1,77.81,78.26,78.71,79.14,79.58,80.0,5,90.54054054054052,282,35
2024.0,42.0,SC,4217253.0,São Pedro de Alcântara,MUNICIPAL,74.0,59.93,-14.07,74.91,-14.979999999999997,0,75.81,76.7,77.56,78.39,79.21,80.0,2,80.0,2858,184
2024.0,31.0,MG,3110905.0,Campanha,MUNICIPAL,42.0,64.8,22.799999999999997,48.0,16.799999999999997,1,54.1,60.08,65.77,71.04,75.8,80.0,3,94.01197604790418,2420,622
2024.0,28.0,SE,2802106.0,Estância,MUNICIPAL,34.0,29.77,-4.23,40.81,-11.040000000000003,0,48.03,55.33,62.41,69.0,74.9,80.0,0,90.9433962264151,4746,48
2024.0,21.0,MA,2111250.0,São José dos Basílios,MUNICIPAL,12.9,56.16,43.26,19.22,36.94,1,27.58,37.87,49.38,60.96,71.42,80.0,2,100.0,3162,130
2024.0,21.0,MA,2108702.0,Pio XII,MUNICIPAL,24.9,63.6,38.7,32.07,31.53,1,40.27,49.04,57.88,66.24,73.69,80.0,3,88.66396761133603,2544,98
2024.0,32.0,ES,3205309.0,Vitória,MUNICIPAL,65.9,73.2,7.299999999999997,68.18,5.019999999999996,1,70.39,72.51,74.54,76.46,78.28,80.0,4,92.01909959072306,1667,54
2024.0,35.0,SP,3530409.0,Mirassolândia,MUNICIPAL,59.2,55.96,-3.240000000000002,62.66,-6.699999999999996,0,65.98,69.15,72.15,74.96,77.58,80.0,2,96.0,3176,404
2024.0,17.0,TO,1709005.0,Goiatins,MUNICIPAL,12.5,38.49,25.990000000000002,18.74,19.750000000000004,1,27.07,37.38,48.99,60.71,71.32,80.0,0,77.4390243902439,4370,94
2024.0,35.0,SP,3527306.0,Louveira,MUNICIPAL,54.6,58.25,3.6499999999999986,58.84,-0.5900000000000034,0,62.92,66.82,70.51,73.95,77.11,80.0,2,86.78720445062586,2993,361
2024.0,35.0,SP,3542404.0,Regente Feijó,MUNICIPAL,77.7,61.09,-16.61,78.07,-16.97999999999999,0,78.4,78.72,79.05,79.37,79.69,80.0,3,92.3913043478261,2748,318
2024.0,21.0,MA,2100501.0,Alto Parnaíba,MUNICIPAL,46.8,51.99,5.190000000000005,52.17,-0.17999999999999972,0,57.53,62.71,67.62,72.17,76.31,80.0,2,93.4131736526946,3496,149
2024.0,29.0,BA,2910305.0,Elísio Medrado,MUNICIPAL,30.0,35.29,5.289999999999999,37.06,-1.7700000000000031,0,44.76,52.72,60.54,67.87,74.4,80.0,0,97.14285714285714,4547,190
2024.0,13.0,AM,1301902.0,Itacoatiara,MUNICIPAL,46.3,42.66,-3.6400000000000006,51.78,-9.120000000000005,0,57.21,62.47,67.45,72.07,76.26,80.0,1,86.33301251203079,4135,28
2024.0,31.0,MG,3151305.0,Piraúba,MUNICIPAL,74.7,87.11,12.409999999999997,75.54,11.569999999999993,1,76.33,77.1,77.85,78.59,79.3,80.0,5,93.27731092436974,542,122
2024.0,29.0,BA,2924603.0,Pindobaçu,MUNICIPAL,34.2,39.19,4.989999999999995,41.0,-1.8100000000000023,0,48.19,55.46,62.51,69.06,74.92,80.0,0,98.23008849557522,4328,135
2024.0,26.0,PE,2610103.0,Palmeirina,MUNICIPAL,60.6,59.45,-1.1499999999999986,63.78,-4.329999999999998,0,66.87,69.83,72.63,75.26,77.72,80.0,2,98.4126984126984,2903,111
2024.0,41.0,PR,4116802.0,Nova Cantu,MUNICIPAL,79.5,88.03,8.530000000000001,79.57,8.460000000000008,1,79.64,79.72,79.79,79.86,79.93,80.0,5,87.61061946902655,487,34
2024.0,31.0,MG,3147303.0,Paraisópolis,MUNICIPAL,60.8,81.68,20.88000000000001,63.95,17.730000000000004,1,67.01,69.94,72.71,75.31,77.74,80.0,5,93.0,910,239
2024.0,26.0,PE,2608404.0,Jurema,MUNICIPAL,53.5,60.64,7.140000000000001,57.86,2.780000000000001,1,62.13,66.23,70.09,73.69,77.0,80.0,3,98.1012658227848,2786,104
2024.0,23.0,CE,2307304.0,Juazeiro do Norte,MUNICIPAL,60.6,59.48,-1.1200000000000045,63.78,-4.300000000000004,0,66.87,69.83,72.63,75.26,77.72,80.0,2,98.53923205342235,2899,169
2024.0,43.0,RS,4315313.0,Quatro Irmãos,MUNICIPAL,52.9,40.0,-12.899999999999999,57.42,-17.42,0,61.78,65.96,69.9,73.57,76.94,80.0,1,78.94736842105263,4280,320
2024.0,21.0,MA,2105948.0,Lago dos Rodrigues,MUNICIPAL,88.1,92.3,4.200000000000003,80.0,12.299999999999997,1,80.0,80.0,80.0,80.0,80.0,80.0,5,96.29629629629628,304,9
2024.0,15.0,PA,1502954.0,Eldorado do Carajás,MUNICIPAL,52.9,50.59,-2.309999999999995,57.37,-6.779999999999994,0,61.74,65.93,69.88,73.56,76.94,80.0,2,85.38011695906432,3599,52
2024.0,31.0,MG,3127339.0,Gameleiras,MUNICIPAL,41.7,53.85,12.149999999999999,47.75,6.100000000000001,1,53.89,59.92,65.66,70.97,75.77,80.0,2,100.0,3363,721
2024.0,41.0,PR,4117008.0,Nova Fátima,MUNICIPAL,81.7,79.65,-2.049999999999997,80.0,-0.3499999999999943,0,80.0,80.0,80.0,80.0,80.0,80.0,4,90.78947368421052,1075,110
2024.0,35.0,SP,3535606.0,Paraibuna,MUNICIPAL,63.5,58.56,-4.939999999999998,66.21,-7.6499999999999915,0,68.82,71.31,73.68,75.92,78.03,80.0,2,91.04477611940298,2963,354
2024.0,43.0,RS,4309902.0,Ibiraiaras,MUNICIPAL,78.5,49.1,-29.4,78.69,-29.589999999999996,0,78.91,79.13,79.35,79.57,79.79,80.0,1,91.3793103448276,3705,230
2024.0,21.0,MA,2108900.0,Poção de Pedras,MUNICIPAL,89.3,77.27,-12.030000000000001,80.0,-2.730000000000004,0,80.0,80.0,80.0,80.0,80.0,80.0,4,88.88888888888889,1277,41
2024.0,31.0,MG,3143450.0,Montezuma,MUNICIPAL,54.2,88.98,34.78,58.49,30.490000000000002,1,62.64,66.61,70.36,73.85,77.07,80.0,5,92.85714285714286,446,90
2024.0,41.0,PR,4118907.0,Pérola,MUNICIPAL,78.4,62.28,-16.120000000000005,78.63,-16.349999999999994,0,78.87,79.1,79.33,79.55,79.78,80.0,3,92.46575342465754,2654,314
2024.0,43.0,RS,4301602.0,Bagé,MUNICIPAL,62.0,46.6,-15.399999999999999,64.98,-18.380000000000003,0,67.83,70.56,73.15,75.59,77.87,80.0,1,83.67911479944675,3883,252
2024.0,35.0,SP,3517505.0,Guapiaçu,MUNICIPAL,56.3,70.54,14.240000000000009,60.24,10.300000000000004,1,64.05,67.68,71.11,74.32,77.29,80.0,4,79.48717948717949,1895,174
2024.0,31.0,MG,3118809.0,Coração de Jesus,MUNICIPAL,65.6,68.05,2.450000000000003,67.95,0.09999999999999432,1,70.21,72.37,74.44,76.4,78.25,80.0,3,80.64516129032258,2148,567
2024.0,51.0,MT,5106224.0,Nova Mutum,MUNICIPAL,64.2,74.86,10.659999999999997,66.79,8.069999999999993,1,69.28,71.66,73.93,76.08,78.1,80.0,4,90.47131147540983,1525,34
2024.0,35.0,SP,3550209.0,São Miguel Arcanjo,MUNICIPAL,57.0,73.78,16.78,60.81,12.969999999999999,1,64.5,68.03,71.36,74.47,77.35,80.0,4,95.16616314199396,1619,139
2024.0,52.0,GO,5203559.0,Bonfinópolis,MUNICIPAL,58.0,86.32000000000001,28.320000000000007,61.67,24.650000000000006,1,65.19,68.55,71.73,74.7,77.46,80.0,5,94.6153846153846,585,67
2024.0,31.0,MG,3102902.0,Antônio Carlos,MUNICIPAL,78.0,71.37,-6.6299999999999955,78.32,-6.949999999999989,0,78.61,78.89,79.17,79.45,79.73,80.0,4,92.06349206349206,1824,494
2024.0,41.0,PR,4103156.0,Bom Jesus do Sul,MUNICIPAL,87.4,93.48,6.079999999999998,80.0,13.480000000000004,1,80.0,80.0,80.0,80.0,80.0,80.0,5,87.5,255,7
2024.0,31.0,MG,3129202.0,Heliodora,MUNICIPAL,48.4,67.59,19.190000000000005,53.53,14.060000000000002,1,58.64,63.56,68.22,72.54,76.47,80.0,3,87.01298701298701,2188,576
2024.0,52.0,GO,5205521.0,Colinas do Sul,MUNICIPAL,62.7,58.9,-3.8000000000000043,65.56,-6.660000000000004,0,68.3,70.92,73.4,75.75,77.95,80.0,2,94.91525423728814,2940,215
2024.0,17.0,TO,1716653.0,Pequizeiro,MUNICIPAL,35.2,61.79,26.589999999999996,41.97,19.82,1,49.03,56.12,62.98,69.34,75.05,80.0,3,93.22033898305084,2689,17
2024.0,22.0,PI,2210706.0,Simões,MUNICIPAL,68.5,86.03,17.53,70.36,15.670000000000002,1,72.14,73.85,75.5,77.07,78.57,80.0,5,94.20289855072464,601,44
2024.0,29.0,BA,2908002.0,Coaraci,MUNICIPAL,37.2,39.13,1.9299999999999997,43.8,-4.669999999999995,0,50.58,57.34,63.84,69.87,75.28,80.0,0,95.0413223140496,4330,136
2024.0,17.0,TO,1714880.0,Nova Olinda,MUNICIPAL,25.5,40.7,15.200000000000003,32.67,8.030000000000001,1,40.82,49.5,58.21,66.44,73.78,80.0,1,89.13043478260869,4246,88
2024.0,35.0,SP,3532009.0,Morungaba,MUNICIPAL,47.0,47.32,0.3200000000000003,52.33,-5.009999999999998,0,57.66,62.82,67.7,72.22,76.33,80.0,1,90.14084507042254,3831,514
2024.0,41.0,PR,4108452.0,Foz do Jordão,MUNICIPAL,83.2,78.10000000000001,-5.099999999999994,80.0,-1.8999999999999915,0,80.0,80.0,80.0,80.0,80.0,80.0,4,97.61904761904762,1187,129
2024.0,43.0,RS,4311429.0,Lajeado do Bugre,MUNICIPAL,,60.0,,,,,63.85,67.53,71.01,74.26,77.26,80.0,3,90.9090909090909,2836,123
2024.0,24.0,RN,2405405.0,Japi,MUNICIPAL,15.3,31.34,16.04,21.97,9.370000000000001,1,30.47,40.54,51.49,62.29,71.99,80.0,0,92.10526315789474,4688,112
2024.0,35.0,SP,3537602.0,Peruíbe,MUNICIPAL,39.6,46.81,7.210000000000001,45.94,0.8700000000000045,1,52.38,58.75,64.83,70.47,75.55,80.0,1,89.82412060301507,3869,523
2024.0,31.0,MG,3117504.0,Conceição do Mato Dentro,MUNICIPAL,58.7,82.33,23.629999999999995,62.26,20.07,1,65.66,68.91,71.98,74.86,77.53,80.0,5,85.71428571428571,848,216
2024.0,42.0,SC,4211009.0,Mondaí,MUNICIPAL,68.6,56.85,-11.749999999999993,70.43,-13.580000000000005,0,72.2,73.9,75.53,77.09,78.58,80.0,2,85.45454545454545,3111,203
2024.0,25.0,PB,2510907.0,Paulista,MUNICIPAL,61.9,40.28,-21.619999999999997,64.86,-24.58,0,67.74,70.49,73.1,75.56,77.86,80.0,1,85.71428571428571,4268,180
2024.0,31.0,MG,3101003.0,Águas Vermelhas,MUNICIPAL,42.8,74.46000000000001,31.66000000000001,48.71,25.750000000000007,1,54.69,60.53,66.09,71.24,75.89,80.0,4,89.78102189781022,1557,424
2024.0,50.0,MS,5005251.0,Laguna Carapã,MUNICIPAL,83.0,77.47,-5.530000000000001,80.0,-2.530000000000001,0,80.0,80.0,80.0,80.0,80.0,80.0,4,92.56756756756756,1253,8
2024.0,41.0,PR,4104659.0,Carambeí,MUNICIPAL,75.1,69.2,-5.8999999999999915,75.84,-6.640000000000001,0,76.57,77.29,77.99,78.68,79.35,80.0,3,88.45070422535211,2032,266
2024.0,31.0,MG,3145109.0,Nova Resende,MUNICIPAL,69.3,86.57000000000001,17.27000000000001,71.01,15.560000000000002,1,72.66,74.26,75.79,77.26,78.66,80.0,5,87.87878787878788,572,134
2024.0,41.0,PR,4103602.0,Cambará,MUNICIPAL,62.5,58.04,-4.460000000000001,65.41,-7.369999999999997,0,68.18,70.82,73.33,75.7,77.93,80.0,2,89.9497487437186,3012,336
2024.0,35.0,SP,3519055.0,Holambra,MUNICIPAL,58.3,62.59,4.290000000000006,61.93,0.6600000000000037,1,65.4,68.71,71.84,74.77,77.49,80.0,3,92.25806451612904,2626,282
2024.0,52.0,GO,5209457.0,Guarinos,MUNICIPAL,52.4,95.65,43.25000000000001,56.95,38.7,1,61.4,65.67,69.7,73.45,76.89,80.0,5,100.0,172,21
2024.0,24.0,RN,2412104.0,São João do Sabugi,MUNICIPAL,49.5,71.7,22.200000000000003,54.48,17.220000000000006,1,59.4,64.15,68.63,72.79,76.59,80.0,4,96.42857142857144,1793,5
2024.0,35.0,SP,3520806.0,Inúbia Paulista,MUNICIPAL,89.2,94.72,5.519999999999996,80.0,14.719999999999999,1,80.0,80.0,80.0,80.0,80.0,80.0,5,97.5,212,15
2024.0,33.0,RJ,3301900.0,Itaboraí,MUNICIPAL,51.3,50.45,-0.8499999999999943,56.04,-5.589999999999996,0,60.66,65.11,69.31,73.21,76.78,80.0,2,81.59919705587153,3611,66
2024.0,25.0,PB,2517407.0,Zabelê,MUNICIPAL,91.2,64.73,-26.47,80.0,-15.269999999999996,0,80.0,80.0,80.0,80.0,80.0,80.0,3,77.41935483870968,2431,70
2024.0,51.0,MT,5105150.0,Juína,MUNICIPAL,45.5,56.58,11.079999999999998,51.09,5.489999999999995,1,56.65,62.04,67.15,71.88,76.18,80.0,2,84.61538461538461,3127,99
2024.0,35.0,SP,3540408.0,Populina,MUNICIPAL,77.9,79.69,1.789999999999992,78.22,1.4699999999999989,1,78.52,78.82,79.12,79.42,79.71,80.0,4,83.33333333333334,1071,87
2024.0,43.0,RS,4301552.0,Áurea,MUNICIPAL,86.7,37.5,-49.2,80.0,-42.5,0,80.0,80.0,80.0,80.0,80.0,80.0,0,100.0,4426,350
2024.0,26.0,PE,2603900.0,Carnaíba,MUNICIPAL,91.8,92.5,0.7000000000000028,80.0,12.5,1,80.0,80.0,80.0,80.0,80.0,80.0,5,98.82352941176472,290,6
2024.0,23.0,CE,2300705.0,Alto Santo,MUNICIPAL,99.6,94.16,-5.439999999999998,80.0,14.159999999999997,1,80.0,80.0,80.0,80.0,80.0,80.0,5,98.94179894179894,235,82
2024.0,31.0,MG,3111507.0,Campos Altos,MUNICIPAL,58.3,65.27,6.969999999999999,61.87,3.3999999999999986,1,65.35,68.67,71.81,74.76,77.49,80.0,3,85.16483516483517,2382,613
2024.0,42.0,SC,4216800.0,São José do Cerrito,MUNICIPAL,76.5,65.03,-11.469999999999999,77.0,-11.969999999999999,0,77.52,78.03,78.54,79.03,79.52,80.0,3,77.08333333333334,2398,162
2024.0,43.0,RS,4312179.0,Mato Queimado,MUNICIPAL,88.2,58.3,-29.900000000000006,80.0,-21.700000000000003,0,80.0,80.0,80.0,80.0,80.0,80.0,2,92.3076923076923,2988,141
2024.0,25.0,PB,2503902.0,Camalaú,MUNICIPAL,36.3,68.64,32.34,42.98,25.660000000000004,1,49.89,56.8,63.46,69.64,75.18,80.0,3,96.92307692307692,2089,61
2024.0,43.0,RS,4308052.0,Faxinalzinho,MUNICIPAL,78.2,51.9,-26.300000000000004,78.45,-26.550000000000004,0,78.71,78.97,79.23,79.49,79.75,80.0,2,73.68421052631578,3501,201
2024.0,22.0,PI,2210201.0,São José do Piauí,MUNICIPAL,93.8,97.06,3.260000000000005,80.0,17.060000000000002,1,80.0,80.0,80.0,80.0,80.0,80.0,5,100.0,123,15
2024.0,35.0,SP,3534500.0,Oscar Bressane,MUNICIPAL,68.2,88.17,19.97,70.12,18.049999999999997,1,71.95,73.71,75.39,77.01,78.54,80.0,5,96.15384615384616,483,40
2024.0,21.0,MA,2109452.0,Raposa,MUNICIPAL,68.1,48.35,-19.749999999999993,69.98,-21.630000000000003,0,71.84,73.62,75.33,76.97,78.52,80.0,1,87.78004073319755,3751,165
2024.0,15.0,PA,1504901.0,Muaná,MUNICIPAL,36.2,33.63,-2.5700000000000003,42.83,-9.199999999999996,0,49.76,56.7,63.38,69.59,75.16,80.0,0,91.7829457364341,4604,115
2024.0,27.0,AL,2703205.0,Igreja Nova,MUNICIPAL,47.9,50.74,2.8400000000000034,53.17,-2.4299999999999997,0,58.34,63.34,68.06,72.44,76.43,80.0,2,91.8819188191882,3585,41
2024.0,29.0,BA,2920106.0,Mairi,MUNICIPAL,40.8,23.42,-17.379999999999995,46.99,-23.57,0,53.26,59.43,65.31,70.76,75.68,80.0,0,92.5,4904,344
2024.0,23.0,CE,2303303.0,Cariús,MUNICIPAL,97.1,95.26,-1.8399999999999892,80.0,15.260000000000005,1,80.0,80.0,80.0,80.0,80.0,80.0,5,98.24561403508773,186,72
2024.0,21.0,MA,2112274.0,Tufilândia,MUNICIPAL,34.8,36.17,1.3700000000000045,41.57,-5.399999999999999,0,48.68,55.85,62.78,69.23,75.0,80.0,0,96.05263157894736,4505,197
2024.0,35.0,SP,3537107.0,Pedreira,MUNICIPAL,94.4,94.25,-0.15000000000000568,80.0,14.25,1,80.0,80.0,80.0,80.0,80.0,80.0,5,97.624703087886,232,17
2024.0,29.0,BA,2916906.0,Itiruçu,MUNICIPAL,32.9,30.0,-2.8999999999999986,39.79,-9.79,0,47.15,54.63,61.92,68.7,74.77,80.0,0,89.55223880597015,4736,263
2024.0,15.0,PA,1502152.0,Canaã dos Carajás,MUNICIPAL,62.1,65.12,3.020000000000003,65.05,0.07000000000000739,1,67.89,70.61,73.18,75.61,77.88,80.0,3,80.94688221709006,2391,14
2024.0,35.0,SP,3545803.0,Santa Bárbara d'Oeste,MUNICIPAL,54.6,64.2,9.600000000000001,58.84,5.359999999999999,1,62.92,66.82,70.51,73.95,77.11,80.0,3,89.94528043775651,2496,260
2024.0,35.0,SP,3512407.0,Cordeirópolis,MUNICIPAL,74.4,69.60000000000001,-4.799999999999997,75.28,-5.679999999999993,0,76.12,76.94,77.73,78.51,79.26,80.0,3,95.01466275659824,1990,186
2024.0,43.0,RS,4321006.0,Tapera,MUNICIPAL,61.4,68.4,7.000000000000007,64.43,3.969999999999999,1,67.4,70.23,72.91,75.44,77.8,80.0,3,91.07142857142856,2113,66
2024.0,35.0,SP,3520442.0,Ilha Solteira,MUNICIPAL,66.5,80.76,14.260000000000005,68.72,12.040000000000006,1,70.82,72.84,74.77,76.61,78.35,80.0,5,87.08333333333333,979,77
2024.0,21.0,MA,2111631.0,São Raimundo do Doca Bezerra,MUNICIPAL,56.3,55.35,-0.9499999999999957,60.22,-4.869999999999997,0,64.03,67.67,71.11,74.32,77.28,80.0,2,90.3846153846154,3232,136
2024.0,23.0,CE,2300754.0,Amontada,MUNICIPAL,83.0,82.28,-0.7199999999999989,80.0,2.280000000000001,1,80.0,80.0,80.0,80.0,80.0,80.0,5,96.81620839363242,852,138
2024.0,26.0,PE,2600807.0,Altinho,MUNICIPAL,58.4,68.08,9.68,61.99,6.089999999999996,1,65.45,68.74,71.86,74.79,77.5,80.0,3,93.27731092436974,2145,77
2024.0,21.0,MA,2107001.0,Montes Altos,MUNICIPAL,71.3,55.27,-16.029999999999994,72.68,-17.410000000000004,0,74.01,75.29,76.54,77.74,78.89,80.0,2,94.21487603305783,3238,137
2024.0,41.0,PR,4104303.0,Campo Mourão,MUNICIPAL,77.6,76.77,-0.8299999999999983,77.95,-1.1800000000000068,0,78.3,78.65,78.99,79.33,79.67,80.0,4,87.47940691927512,1336,155
2024.0,50.0,MS,5000203.0,Água Clara,MUNICIPAL,70.2,77.03,6.829999999999998,71.75,5.280000000000001,1,73.26,74.72,76.12,77.47,78.76,80.0,4,87.91469194312796,1304,9
2024.0,43.0,RS,4305504.0,Ciríaco,MUNICIPAL,86.7,85.7,-1.0,80.0,5.700000000000003,1,80.0,80.0,80.0,80.0,80.0,80.0,5,82.35294117647058,622,9
2024.0,31.0,MG,3151404.0,Pitangui,MUNICIPAL,92.1,85.71000000000001,-6.389999999999986,80.0,5.710000000000008,1,80.0,80.0,80.0,80.0,80.0,80.0,5,93.42105263157896,615,150
2024.0,32.0,ES,3205010.0,Sooretama,MUNICIPAL,67.2,70.81,3.6099999999999994,69.28,1.5300000000000011,1,71.27,73.19,75.02,76.77,78.43,80.0,4,91.70212765957449,1868,57
2024.0,31.0,MG,3160900.0,São Brás do Suaçuí,MUNICIPAL,68.4,81.31,12.909999999999997,70.24,11.070000000000007,1,72.04,73.78,75.45,77.04,78.56,80.0,5,93.47826086956522,940,249
2024.0,42.0,SC,4215687.0,Santa Terezinha do Progresso,MUNICIPAL,54.1,95.83,41.73,58.41,37.42,1,62.58,66.56,70.33,73.83,77.06,80.0,5,92.3076923076923,166,6
2024.0,29.0,BA,2906600.0,Candiba,MUNICIPAL,46.7,41.67,-5.030000000000001,52.13,-10.46,0,57.5,62.69,67.61,72.17,76.31,80.0,1,97.5609756097561,4190,113
2024.0,31.0,MG,3143708.0,Morro do Pilar,MUNICIPAL,,61.85,,,,,65.33,68.65,71.8,74.75,77.48,80.0,3,97.14285714285714,2682,660
2024.0,21.0,MA,2112902.0,Vitória do Mearim,MUNICIPAL,49.0,60.19,11.189999999999998,54.07,6.119999999999997,1,59.07,63.89,68.45,72.68,76.54,80.0,3,92.22222222222224,2823,107
2024.0,35.0,SP,3525805.0,Júlio Mesquita,MUNICIPAL,66.8,55.26,-11.54,68.91,-13.649999999999999,0,70.98,72.96,74.86,76.66,78.38,80.0,2,90.74074074074076,3239,413
2024.0,21.0,MA,2112704.0,Vargem Grande,MUNICIPAL,98.9,96.58,-2.3200000000000074,80.0,16.58,1,80.0,80.0,80.0,80.0,80.0,80.0,5,99.81024667931688,136,5
2024.0,41.0,PR,4119657.0,Pitangueiras,MUNICIPAL,94.1,83.19,-10.909999999999997,80.0,3.1899999999999977,1,80.0,80.0,80.0,80.0,80.0,80.0,5,92.10526315789474,794,73
2024.0,41.0,PR,4114708.0,Maria Helena,MUNICIPAL,64.7,49.96,-14.740000000000002,67.2,-17.240000000000002,0,69.61,71.92,74.11,76.19,78.16,80.0,1,88.88888888888889,3645,362
2024.0,31.0,MG,3112604.0,Capinópolis,MUNICIPAL,51.2,73.04,21.840000000000003,55.94,17.10000000000001,1,60.59,65.05,69.27,73.18,76.76,80.0,4,91.05263157894736,1683,455
2024.0,35.0,SP,3544608.0,Sabino,MUNICIPAL,54.4,46.98,-7.420000000000002,58.64,-11.660000000000004,0,62.76,66.71,70.43,73.9,77.09,80.0,1,93.47826086956522,3855,519
2024.0,29.0,BA,2926905.0,Rio do Pires,MUNICIPAL,36.5,15.62,-20.880000000000003,43.13,-27.510000000000005,0,50.01,56.9,63.53,69.68,75.2,80.0,0,80.0,4960,367
2024.0,31.0,MG,3161007.0,São Domingos do Prata,MUNICIPAL,69.1,84.25,15.150000000000006,70.8,13.450000000000003,1,72.5,74.13,75.7,77.2,78.63,80.0,5,92.36641221374046,721,187
2024.0,35.0,SP,3535101.0,Palmares Paulista,MUNICIPAL,82.7,77.46000000000001,-5.239999999999995,80.0,-2.539999999999992,0,80.0,80.0,80.0,80.0,80.0,80.0,4,98.0,1255,104
2024.0,25.0,PB,2513604.0,Santana dos Garrotes,MUNICIPAL,32.7,52.77,20.07,39.63,13.14,1,47.01,54.52,61.84,68.65,74.75,80.0,2,97.43589743589745,3435,117
2024.0,35.0,SP,3509502.0,Campinas,MUNICIPAL,41.7,41.49,-0.21000000000000085,47.76,-6.269999999999996,0,53.9,59.93,65.66,70.98,75.77,80.0,1,86.8495742667928,4202,560
2024.0,23.0,CE,2304277.0,Ereré,MUNICIPAL,98.6,95.0,-3.5999999999999943,80.0,15.0,1,80.0,80.0,80.0,80.0,80.0,80.0,5,98.33333333333331,202,78
2024.0,21.0,MA,2106904.0,Monção,MUNICIPAL,52.0,36.19,-15.810000000000002,56.61,-20.42,0,61.13,65.46,69.55,73.36,76.84,80.0,0,90.74074074074076,4502,196
2024.0,26.0,PE,2602506.0,Brejinho,MUNICIPAL,71.5,79.05,7.549999999999997,72.8,6.25,1,74.1,75.37,76.59,77.77,78.91,80.0,4,100.0,1119,38
2024.0,31.0,MG,3139508.0,Manhumirim,MUNICIPAL,68.6,68.84,0.2400000000000091,70.43,-1.5900000000000034,0,72.2,73.9,75.53,77.09,78.58,80.0,3,88.08510638297872,2067,551
2024.0,29.0,BA,2910057.0,Dias d'Ávila,MUNICIPAL,35.5,32.25,-3.25,42.22,-9.969999999999999,0,49.24,56.29,63.09,69.42,75.08,80.0,0,86.04651162790698,4658,225
2024.0,29.0,BA,2921401.0,Mirangaba,MUNICIPAL,33.7,29.41,-4.290000000000003,40.59,-11.180000000000003,0,47.84,55.19,62.31,68.94,74.87,80.0,0,82.06896551724138,4758,272
2024.0,31.0,MG,3111903.0,Cana Verde,MUNICIPAL,50.8,93.33,42.53,55.6,37.73,1,60.31,64.84,69.12,73.09,76.72,80.0,5,93.87755102040816,259,33
2024.0,29.0,BA,2908507.0,Conceição do Jacuípe,MUNICIPAL,34.3,37.5,3.200000000000003,41.12,-3.6199999999999974,0,48.3,55.55,62.57,69.09,74.94,80.0,0,78.49056603773586,4426,151
2024.0,27.0,AL,2703304.0,Inhapi,MUNICIPAL,65.1,83.03,17.930000000000007,67.49,15.540000000000006,1,69.84,72.09,74.24,76.27,78.19,80.0,5,97.28506787330316,799,8
2024.0,51.0,MT,5106208.0,Nova Brasilândia,MUNICIPAL,55.7,81.37,25.67,59.69,21.680000000000007,1,63.6,67.34,70.88,74.17,77.22,80.0,5,93.87755102040816,932,20
2024.0,52.0,GO,5205406.0,Ceres,MUNICIPAL,88.1,94.51,6.410000000000011,80.0,14.510000000000005,1,80.0,80.0,80.0,80.0,80.0,80.0,5,100.0,219,26
2024.0,29.0,BA,2927002.0,Rio Real,MUNICIPAL,41.0,33.21,-7.789999999999999,47.13,-13.920000000000002,0,53.38,59.52,65.38,70.8,75.7,80.0,0,86.45161290322581,4626,212
2024.0,43.0,RS,4312906.0,Nova Bassano,MUNICIPAL,77.9,51.8,-26.10000000000001,78.22,-26.42,0,78.52,78.82,79.12,79.42,79.71,80.0,2,88.52459016393442,3508,202
2024.0,41.0,PR,4122800.0,Salgado Filho,MUNICIPAL,89.4,93.11,3.7099999999999937,80.0,13.11,1,80.0,80.0,80.0,80.0,80.0,80.0,5,95.08196721311477,269,8
2024.0,43.0,RS,4320909.0,Tapejara,MUNICIPAL,69.7,46.2,-23.5,71.34,-25.14,0,72.93,74.46,75.94,77.35,78.71,80.0,1,94.75409836065572,3909,257
2024.0,52.0,GO,5221403.0,Trindade,MUNICIPAL,66.3,77.21000000000001,10.91000000000001,68.56,8.650000000000006,1,70.7,72.75,74.71,76.57,78.33,80.0,4,93.34126040428062,1289,142
2024.0,22.0,PI,2209971.0,São João do Arraial,MUNICIPAL,33.6,87.8,54.199999999999996,40.46,47.339999999999996,1,47.73,55.1,62.25,68.9,74.85,80.0,5,98.29059829059828,501,38
2024.0,21.0,MA,2110807.0,São Félix de Balsas,MUNICIPAL,43.8,44.69,0.8900000000000006,49.59,-4.900000000000006,0,55.41,61.09,66.49,71.48,76.0,80.0,1,76.92307692307693,4011,174
2024.0,31.0,MG,3100302.0,Abre Campo,MUNICIPAL,85.7,86.67,0.9699999999999989,80.0,6.670000000000002,1,80.0,80.0,80.0,80.0,80.0,80.0,5,78.94736842105263,564,129
2024.0,43.0,RS,4319372.0,São Pedro do Butiá,MUNICIPAL,85.7,64.3,-21.400000000000006,80.0,-15.700000000000003,0,80.0,80.0,80.0,80.0,80.0,80.0,3,93.33333333333331,2478,95
2024.0,31.0,MG,3161205.0,São Francisco de Paula,MUNICIPAL,78.7,90.73,12.030000000000001,78.86,11.870000000000005,1,79.06,79.25,79.44,79.63,79.81,80.0,5,88.88888888888889,374,67
2024.0,43.0,RS,4310538.0,Itaara,MUNICIPAL,58.9,38.5,-20.4,62.43,-23.93,0,65.8,69.01,72.05,74.9,77.55,80.0,0,74.64788732394366,4367,338
2024.0,26.0,PE,2614204.0,Sirinhaém,MUNICIPAL,60.3,74.49,14.189999999999998,63.56,10.929999999999993,1,66.7,69.7,72.54,75.21,77.69,80.0,4,98.60335195530726,1554,48
2024.0,43.0,RS,4307906.0,Farroupilha,MUNICIPAL,83.0,56.7,-26.299999999999997,80.0,-23.299999999999997,0,80.0,80.0,80.0,80.0,80.0,80.0,2,91.5702479338843,3118,158
2024.0,31.0,MG,3165578.0,Senador Amaral,MUNICIPAL,70.2,76.97,6.769999999999996,71.75,5.219999999999999,1,73.26,74.72,76.12,77.47,78.76,80.0,4,86.79245283018868,1315,358
2024.0,33.0,RJ,3304508.0,Rio das Flores,MUNICIPAL,59.7,67.73,8.030000000000001,63.05,4.680000000000007,1,66.3,69.39,72.32,75.07,77.63,80.0,3,85.22727272727273,2174,22
2024.0,24.0,RN,2402006.0,Caicó,MUNICIPAL,35.6,44.58,8.979999999999997,42.3,2.280000000000001,1,49.31,56.34,63.13,69.44,75.09,80.0,1,77.70700636942675,4016,52
2024.0,28.0,SE,2806800.0,São Domingos,MUNICIPAL,29.6,29.79,0.18999999999999773,36.7,-6.910000000000004,0,44.44,52.47,60.36,67.75,74.35,80.0,0,100.0,4745,47
2024.0,52.0,GO,5205307.0,Cavalcante,MUNICIPAL,60.2,84.5,24.299999999999997,63.47,21.03,1,66.63,69.64,72.5,75.18,77.68,80.0,5,94.23076923076924,707,78
2024.0,25.0,PB,2506251.0,Gado Bravo,MUNICIPAL,78.3,70.71000000000001,-7.589999999999989,78.52,-7.809999999999988,0,78.77,79.02,79.27,79.51,79.76,80.0,4,96.42857142857144,1880,54
2024.0,42.0,SC,4218954.0,Urupema,MUNICIPAL,80.2,36.34,-43.86,80.0,-43.66,0,80.0,80.0,80.0,80.0,80.0,80.0,0,86.66666666666667,4495,239
2024.0,41.0,PR,4101507.0,Arapongas,MUNICIPAL,76.0,70.97,-5.030000000000001,76.59,-5.6200000000000045,0,77.18,77.77,78.34,78.91,79.46,80.0,4,86.89002184996359,1850,244
2024.0,52.0,GO,5200159.0,Adelândia,MUNICIPAL,81.0,81.99,0.9899999999999949,80.0,1.9899999999999949,1,80.0,80.0,80.0,80.0,80.0,80.0,5,97.05882352941175,882,102
2024.0,29.0,BA,2904209.0,Botuporã,MUNICIPAL,62.1,47.37,-14.730000000000004,65.03,-17.660000000000004,0,67.88,70.6,73.17,75.6,77.88,80.0,1,71.25,3823,57
2024.0,43.0,RS,4306551.0,Dom Pedro de Alcântara,MUNICIPAL,95.5,57.1,-38.4,80.0,-22.9,0,80.0,80.0,80.0,80.0,80.0,80.0,2,77.77777777777779,3087,153
2024.0,23.0,CE,2311603.0,Redenção,MUNICIPAL,85.0,92.45,7.450000000000003,80.0,12.450000000000003,1,80.0,80.0,80.0,80.0,80.0,80.0,5,100.0,295,94
2024.0,35.0,SP,3549706.0,São José do Rio Pardo,MUNICIPAL,47.7,63.96,16.259999999999998,52.98,10.980000000000004,1,58.19,63.22,67.98,72.39,76.41,80.0,3,91.49797570850204,2521,264
2024.0,25.0,PB,2509909.0,Natuba,MUNICIPAL,58.8,47.23,-11.57,62.3,-15.07,0,65.69,68.93,72.0,74.87,77.54,80.0,1,92.5,3839,149
2024.0,21.0,MA,2102804.0,Carolina,MUNICIPAL,44.5,50.96,6.460000000000001,50.25,0.7100000000000009,1,55.96,61.51,66.78,71.66,76.08,80.0,2,88.73239436619718,3570,156
2024.0,51.0,MT,5108956.0,Nova Monte Verde,MUNICIPAL,77.2,92.37,15.170000000000002,77.58,14.790000000000006,1,78.0,78.41,78.82,79.22,79.61,80.0,5,88.1578947368421,299,8
2024.0,27.0,AL,2704104.0,Lagoa da Canoa,MUNICIPAL,45.6,44.19,-1.4100000000000037,51.14,-6.950000000000003,0,56.69,62.07,67.17,71.9,76.19,80.0,1,93.5251798561151,4044,60
2024.0,51.0,MT,5102702.0,Canarana,MUNICIPAL,32.5,42.06,9.560000000000002,39.4,2.6600000000000037,1,46.81,54.37,61.73,68.58,74.72,80.0,1,83.93351800554017,4170,127
2024.0,43.0,RS,4309126.0,Gramado dos Loureiros,MUNICIPAL,,37.5,,,,,45.15,53.04,60.77,68.0,74.46,80.0,0,80.0,4426,350
2024.0,31.0,MG,3132305.0,Itaipé,MUNICIPAL,57.5,55.18,-2.3200000000000003,61.22,-6.039999999999999,0,64.83,68.27,71.53,74.58,77.4,80.0,2,88.76404494382022,3250,715
2024.0,32.0,ES,3200607.0,Aracruz,MUNICIPAL,70.9,74.36,3.4599999999999937,72.36,2.0,1,73.75,75.09,76.39,77.64,78.85,80.0,4,88.21859474804826,1566,53
2024.0,31.0,MG,3160801.0,São Bento Abade,MUNICIPAL,58.2,76.67,18.47,61.84,14.829999999999998,1,65.33,68.65,71.8,74.75,77.48,80.0,4,100.0,1350,365
2024.0,41.0,PR,4117107.0,Nova Londrina,MUNICIPAL,77.7,74.05,-3.6500000000000057,78.01,-3.960000000000008,0,78.35,78.69,79.02,79.35,79.68,80.0,4,89.87341772151899,1594,201
2024.0,25.0,PB,2513653.0,Joca Claudino,MUNICIPAL,39.7,90.09,50.39,46.0,44.09,1,52.44,58.79,64.86,70.49,75.56,80.0,5,96.7741935483871,397,22
2024.0,22.0,PI,2204907.0,Isaías Coelho,MUNICIPAL,27.9,34.44,6.539999999999999,35.03,-0.5900000000000034,0,42.95,51.25,59.49,67.22,74.12,80.0,0,100.0,4578,200
2024.0,41.0,PR,4125357.0,São Jorge do Patrocínio,MUNICIPAL,74.3,90.23,15.930000000000007,75.2,15.030000000000001,1,76.05,76.88,77.69,78.48,79.25,80.0,5,89.87341772151899,392,19
2024.0,50.0,MS,5006259.0,Novo Horizonte do Sul,MUNICIPAL,47.4,78.44,31.04,52.69,25.75,1,57.95,63.04,67.85,72.31,76.37,80.0,4,96.34146341463416,1159,7
2024.0,23.0,CE,2300101.0,Abaiara,MUNICIPAL,88.3,91.49,3.1899999999999977,80.0,11.489999999999995,1,80.0,80.0,80.0,80.0,80.0,80.0,5,98.95833333333334,340,102
2024.0,24.0,RN,2408805.0,Parazinho,MUNICIPAL,47.0,28.27,-18.73,52.37,-24.099999999999998,0,57.7,62.84,67.71,72.23,76.33,80.0,0,80.0,4796,124
2024.0,23.0,CE,2310001.0,Palhano,MUNICIPAL,70.5,74.59,4.090000000000003,72.04,2.549999999999997,1,73.49,74.9,76.25,77.55,78.8,80.0,4,100.0,1544,158
2024.0,25.0,PB,2511004.0,Pedra Branca,MUNICIPAL,95.6,69.89,-25.709999999999994,80.0,-10.11,0,80.0,80.0,80.0,80.0,80.0,80.0,3,88.88888888888889,1971,57
2024.0,21.0,MA,2106631.0,Matões do Norte,MUNICIPAL,63.8,57.42,-6.3799999999999955,66.46,-9.039999999999992,0,69.02,71.46,73.79,75.99,78.06,80.0,2,94.44444444444444,3052,124
2024.0,24.0,RN,2404705.0,Ipanguaçu,MUNICIPAL,13.7,43.03,29.330000000000002,20.1,22.93,1,28.51,38.75,50.08,61.4,71.61,80.0,1,82.08955223880598,4114,60
2024.0,24.0,RN,2407906.0,Monte das Gameleiras,MUNICIPAL,33.4,32.92,-0.4799999999999969,40.25,-7.329999999999998,0,47.55,54.95,62.14,68.84,74.83,80.0,0,91.17647058823528,4638,101
2024.0,52.0,GO,5209903.0,Iaciara,MUNICIPAL,64.0,65.45,1.4500000000000028,66.63,-1.1799999999999926,0,69.15,71.57,73.86,76.04,78.08,80.0,3,90.37037037037037,2360,198
2024.0,35.0,SP,3510203.0,Capão Bonito,MUNICIPAL,62.4,74.63,12.229999999999997,65.3,9.329999999999998,1,68.09,70.76,73.29,75.67,77.91,80.0,4,92.64705882352942,1541,130
2024.0,31.0,MG,3108008.0,Bom Sucesso,MUNICIPAL,67.3,83.73,16.430000000000007,69.34,14.39,1,71.32,73.22,75.05,76.78,78.44,80.0,5,90.51094890510949,751,191
2024.0,42.0,SC,4212270.0,Passos Maia,MUNICIPAL,49.3,60.0,10.700000000000003,54.31,5.689999999999998,1,59.27,64.04,68.56,72.75,76.57,80.0,3,90.9090909090909,2836,183
2024.0,12.0,AC,1200427.0,Rodrigues Alves,MUNICIPAL,,38.92,,,,,46.4,54.04,61.49,68.44,74.65,80.0,0,75.66137566137566,4343,15
2024.0,43.0,RS,4317954.0,Santo Expedito do Sul,MUNICIPAL,100.0,66.7,-33.3,80.0,-13.299999999999997,0,80.0,80.0,80.0,80.0,80.0,80.0,3,90.0,2253,73
2024.0,29.0,BA,2913200.0,Ibotirama,MUNICIPAL,42.4,32.87,-9.530000000000001,48.37,-15.5,0,54.41,60.31,65.94,71.15,75.85,80.0,0,92.33226837060704,4640,218
2024.0,31.0,MG,3170305.0,Umburatiba,MUNICIPAL,63.7,52.43,-11.270000000000003,66.38,-13.949999999999996,0,68.95,71.41,73.75,75.97,78.05,80.0,2,93.75,3457,724
2024.0,52.0,GO,5219001.0,Sanclerlândia,MUNICIPAL,78.1,91.82,13.719999999999999,78.37,13.449999999999989,1,78.65,78.92,79.2,79.47,79.73,80.0,5,96.7032967032967,317,37
2024.0,43.0,RS,4310900.0,Jacutinga,MUNICIPAL,84.6,61.9,-22.699999999999996,80.0,-18.1,0,80.0,80.0,80.0,80.0,80.0,80.0,3,100.0,2675,109
2024.0,31.0,MG,3154457.0,Riachinho,MUNICIPAL,69.6,72.81,3.210000000000008,71.24,1.5700000000000074,1,72.85,74.4,75.89,77.32,78.69,80.0,4,90.81632653061224,1698,459
2024.0,24.0,RN,2402808.0,Coronel Ezequiel,MUNICIPAL,40.7,32.68,-8.020000000000003,46.85,-14.170000000000002,0,53.15,59.34,65.25,70.73,75.66,80.0,0,88.88888888888889,4646,104
2024.0,41.0,PR,4118303.0,Paranapoema,MUNICIPAL,59.2,61.71,2.509999999999998,62.63,-0.9200000000000017,0,65.96,69.13,72.14,74.96,77.58,80.0,3,97.5,2693,320
2024.0,35.0,SP,3518008.0,Guarani d'Oeste,MUNICIPAL,94.1,57.14,-36.959999999999994,80.0,-22.86,0,80.0,80.0,80.0,80.0,80.0,80.0,2,93.33333333333331,3080,380
2024.0,35.0,SP,3540853.0,Pracinha,MUNICIPAL,94.4,80.0,-14.400000000000006,80.0,0.0,1,80.0,80.0,80.0,80.0,80.0,80.0,5,100.0,1035,81
2024.0,43.0,RS,4307831.0,Eugênio de Castro,MUNICIPAL,,50.0,,,,,55.76,61.36,66.67,71.59,76.05,80.0,2,100.0,3631,217
2024.0,31.0,MG,3141108.0,Matozinhos,MUNICIPAL,47.5,57.88,10.380000000000003,52.79,5.090000000000003,1,58.03,63.1,67.89,72.34,76.38,80.0,2,88.96103896103897,3025,697
2024.0,42.0,SC,4217402.0,Schroeder,MUNICIPAL,63.1,75.91,12.809999999999995,65.84,10.069999999999993,1,68.52,71.08,73.52,75.82,77.98,80.0,4,83.26996197718631,1422,81
2024.0,23.0,CE,2305332.0,Ibicuitinga,MUNICIPAL,96.1,96.67,0.5700000000000074,80.0,16.67,1,80.0,80.0,80.0,80.0,80.0,80.0,5,98.88888888888889,132,57
2024.0,24.0,RN,2403004.0,Cruzeta,MUNICIPAL,51.8,60.81,9.010000000000005,56.46,4.350000000000001,1,61.01,65.37,69.49,73.32,76.83,80.0,3,88.88888888888889,2767,16
2024.0,15.0,PA,1503705.0,Itupiranga,MUNICIPAL,42.7,44.08,1.3799999999999955,48.62,-4.539999999999999,0,54.62,60.48,66.05,71.21,75.88,80.0,1,86.65480427046263,4049,84
2024.0,32.0,ES,3202702.0,Itaguaçu,MUNICIPAL,74.0,87.99,13.989999999999995,74.88,13.11,1,75.79,76.68,77.54,78.39,79.2,80.0,5,92.0863309352518,489,7
2024.0,29.0,BA,2925931.0,Quixabeira,MUNICIPAL,38.7,75.47,36.769999999999996,45.13,30.339999999999996,1,51.7,58.22,64.46,70.25,75.45,80.0,4,96.36363636363636,1456,1
2024.0,31.0,MG,3107109.0,Boa Esperança,MUNICIPAL,53.8,74.5,20.700000000000003,58.17,16.33,1,62.38,66.41,70.22,73.77,77.03,80.0,4,94.90445859872612,1553,423
2024.0,42.0,SC,4219309.0,Videira,MUNICIPAL,57.3,64.11,6.810000000000002,61.06,3.049999999999997,1,64.7,68.18,71.46,74.54,77.39,80.0,3,80.23255813953489,2503,170
2024.0,52.0,GO,5213806.0,Morrinhos,MUNICIPAL,62.3,65.87,3.5700000000000074,65.2,0.6700000000000017,1,68.01,70.7,73.24,75.65,77.9,80.0,3,88.82466281310212,2326,194
2024.0,29.0,BA,2921005.0,Mata de São João,MUNICIPAL,54.0,56.92,2.9200000000000017,58.32,-1.3999999999999986,0,62.5,66.51,70.29,73.81,77.05,80.0,2,89.95756718528996,3104,15
2024.0,26.0,PE,2606408.0,Gravatá,MUNICIPAL,42.3,43.1,0.8000000000000043,48.26,-5.159999999999997,0,54.32,60.25,65.89,71.12,75.84,80.0,1,96.12903225806453,4110,163
2024.0,41.0,PR,4124806.0,São João,MUNICIPAL,87.0,87.16,0.1599999999999966,80.0,7.159999999999997,1,80.0,80.0,80.0,80.0,80.0,80.0,5,91.15646258503402,540,39
2024.0,15.0,PA,1506005.0,Prainha,MUNICIPAL,57.3,43.28,-14.019999999999996,61.1,-17.82,0,64.73,68.2,71.48,74.55,77.39,80.0,1,86.09523809523809,4097,86
2024.0,41.0,PR,4102109.0,Astorga,MUNICIPAL,79.6,75.21000000000001,-4.389999999999986,79.63,-4.4199999999999875,0,79.69,79.76,79.82,79.88,79.94,80.0,4,88.58131487889274,1478,172
2024.0,31.0,MG,3137304.0,Lagoa dos Patos,MUNICIPAL,41.0,69.48,28.480000000000004,47.19,22.290000000000006,1,53.43,59.56,65.41,70.82,75.7,80.0,3,90.9090909090909,2007,538
2024.0,29.0,BA,2912301.0,Ibicuí,MUNICIPAL,58.9,50.0,-8.899999999999999,62.43,-12.43,0,65.8,69.01,72.05,74.9,77.55,80.0,2,93.33333333333331,3631,41
2024.0,35.0,SP,3533205.0,Nova Independência,MUNICIPAL,49.8,88.79,38.99000000000001,54.76,34.03000000000001,1,59.63,64.32,68.75,72.87,76.62,80.0,5,95.74468085106383,451,37
2024.0,43.0,RS,4320651.0,Silveira Martins,MUNICIPAL,66.7,35.7,-31.0,68.83,-33.129999999999995,0,70.92,72.91,74.82,76.64,78.37,80.0,0,70.0,4532,369
2024.0,25.0,PB,2515906.0,Serraria,MUNICIPAL,83.6,74.71000000000001,-8.889999999999986,80.0,-5.289999999999992,0,80.0,80.0,80.0,80.0,80.0,80.0,4,96.49122807017544,1535,48
2024.0,29.0,BA,2933455.0,Wanderley,MUNICIPAL,54.0,55.370000000000005,1.3700000000000045,58.33,-2.9599999999999937,0,62.52,66.52,70.3,73.81,77.05,80.0,2,96.8,3231,21
2024.0,22.0,PI,2202604.0,Castelo do Piauí,MUNICIPAL,75.1,82.63,7.530000000000001,75.84,6.789999999999992,1,76.57,77.29,77.99,78.68,79.35,80.0,5,98.81656804733728,827,52
2024.0,24.0,RN,2407203.0,Macau,MUNICIPAL,27.3,32.32,5.02,34.46,-2.1400000000000006,0,42.44,50.84,59.19,67.04,74.04,80.0,0,80.55555555555556,4656,106
2024.0,35.0,SP,3505203.0,Bariri,MUNICIPAL,64.8,72.3,7.5,67.3,5.0,1,69.69,71.98,74.16,76.22,78.17,80.0,4,93.50180505415162,1736,155
2024.0,35.0,SP,3519303.0,Ibaté,MUNICIPAL,52.8,68.78,15.980000000000004,57.31,11.469999999999999,1,61.69,65.89,69.85,73.54,76.93,80.0,3,91.415313225058,2076,195
2024.0,28.0,SE,2807105.0,Simão Dias,MUNICIPAL,33.2,30.35,-2.8500000000000014,40.09,-9.740000000000002,0,47.41,54.84,62.07,68.79,74.81,80.0,0,96.29629629629628,4728,45
2024.0,31.0,MG,3141504.0,Mendes Pimentel,MUNICIPAL,79.7,60.0,-19.700000000000003,79.7,-19.700000000000003,0,79.75,79.8,79.85,79.9,79.95,80.0,3,100.0,2836,676
2024.0,35.0,SP,3511607.0,Cesário Lange,MUNICIPAL,55.7,51.32,-4.380000000000003,59.73,-8.409999999999997,0,63.64,67.37,70.9,74.19,77.22,80.0,2,91.66666666666666,3547,473
2024.0,23.0,CE,2313252.0,Tarrafas,MUNICIPAL,95.1,91.6,-3.5,80.0,11.599999999999994,1,80.0,80.0,80.0,80.0,80.0,80.0,5,95.09803921568628,332,99
2024.0,43.0,RS,4322400.0,Uruguaiana,MUNICIPAL,61.3,47.3,-14.0,64.39,-17.090000000000003,0,67.36,70.2,72.89,75.43,77.8,80.0,1,74.64183381088824,3834,246
2024.0,31.0,MG,3107802.0,Bom Jesus do Galho,MUNICIPAL,93.2,75.91,-17.290000000000006,80.0,-4.090000000000003,0,80.0,80.0,80.0,80.0,80.0,80.0,4,98.0392156862745,1422,393
2024.0,52.0,GO,5219407.0,Santa Rita do Araguaia,MUNICIPAL,78.8,83.33,4.530000000000001,78.93,4.3999999999999915,1,79.11,79.29,79.47,79.65,79.82,80.0,5,97.5,777,89
2024.0,17.0,TO,1703602.0,Brasilândia do Tocantins,MUNICIPAL,29.7,68.9,39.2,36.84,32.06,1,44.56,52.56,60.43,67.8,74.37,80.0,3,90.625,2065,7
2024.0,31.0,MG,3142908.0,Monte Azul,MUNICIPAL,80.0,66.67,-13.329999999999998,80.0,-13.329999999999998,0,80.0,80.0,80.0,80.0,80.0,80.0,3,90.0,2265,590
2024.0,31.0,MG,3110004.0,Caeté,MUNICIPAL,73.5,70.95,-2.549999999999997,74.49,-3.539999999999992,0,75.47,76.43,77.36,78.27,79.15,80.0,4,87.34177215189874,1853,504
2024.0,32.0,ES,3200805.0,Baixo Guandu,MUNICIPAL,68.8,74.59,5.790000000000006,70.62,3.969999999999999,1,72.35,74.02,75.61,77.15,78.61,80.0,4,88.70967741935483,1544,51
2024.0,31.0,MG,3134103.0,Itueta,MUNICIPAL,55.5,79.92,24.42,59.6,20.32,1,63.53,67.29,70.84,74.15,77.21,80.0,4,77.77777777777779,1050,280
2024.0,25.0,PB,2516755.0,Tenório,MUNICIPAL,62.2,48.73,-13.470000000000006,65.1,-16.369999999999997,0,67.93,70.64,73.2,75.62,77.89,80.0,1,85.36585365853658,3730,136
2024.0,23.0,CE,2313203.0,Tamboril,MUNICIPAL,97.2,98.31,1.1099999999999994,80.0,18.310000000000002,1,80.0,80.0,80.0,80.0,80.0,80.0,5,100.0,85,37
2024.0,29.0,BA,2932002.0,Uauá,MUNICIPAL,44.9,40.28,-4.619999999999997,50.59,-10.310000000000002,0,56.24,61.72,66.93,71.75,76.12,80.0,1,96.42857142857144,4268,129
2024.0,43.0,RS,4301909.0,Barra do Ribeiro,MUNICIPAL,68.6,43.6,-24.999999999999993,70.43,-26.830000000000005,0,72.2,73.9,75.53,77.09,78.58,80.0,1,82.8125,4082,289
2024.0,28.0,SE,2804706.0,Nossa Senhora de Lourdes,MUNICIPAL,19.2,58.77,39.57000000000001,26.18,32.59,1,34.69,44.3,54.36,64.08,72.76,80.0,2,98.36065573770492,2949,5
2024.0,35.0,SP,3539509.0,Pitangueiras,MUNICIPAL,62.9,67.24,4.339999999999996,65.71,1.5300000000000011,1,68.42,71.01,73.47,75.79,77.97,80.0,3,95.2247191011236,2215,214
2024.0,35.0,SP,3506805.0,Bocaina,MUNICIPAL,32.8,49.59,16.790000000000006,39.68,9.910000000000004,1,47.06,54.56,61.86,68.67,74.75,80.0,1,86.25,3669,490
2024.0,33.0,RJ,3302270.0,Japeri,MUNICIPAL,39.1,36.88,-2.219999999999999,45.46,-8.579999999999998,0,51.98,58.44,64.61,70.34,75.49,80.0,0,80.48961424332344,4465,82
2024.0,31.0,MG,3131505.0,Ipuiúna,MUNICIPAL,52.9,63.82,10.920000000000002,57.35,6.469999999999999,1,61.72,65.92,69.87,73.55,76.93,80.0,3,93.67088607594935,2528,633
2024.0,35.0,SP,3549904.0,São José dos Campos,MUNICIPAL,57.4,64.75,7.350000000000001,61.18,3.5700000000000003,1,64.8,68.25,71.52,74.57,77.4,80.0,3,93.37439653737306,2428,247
2024.0,41.0,PR,4105300.0,Céu Azul,MUNICIPAL,81.6,84.56,2.960000000000008,80.0,4.560000000000002,1,80.0,80.0,80.0,80.0,80.0,80.0,5,89.65517241379311,702,61
2024.0,50.0,MS,5003702.0,Dourados,MUNICIPAL,40.4,53.43,13.030000000000001,46.65,6.780000000000001,1,52.98,59.21,65.16,70.67,75.64,80.0,2,83.10774228478614,3391,48
2024.0,26.0,PE,2607703.0,Itapetim,MUNICIPAL,65.3,89.12,23.820000000000007,67.68,21.439999999999998,1,70.0,72.21,74.32,76.33,78.22,80.0,5,99.17355371900828,443,11
2024.0,29.0,BA,2911808.0,Guaratinga,MUNICIPAL,22.7,22.64,-0.05999999999999872,29.89,-7.25,0,38.24,47.34,56.63,65.47,73.36,80.0,0,91.90751445086704,4911,349
2024.0,21.0,MA,2101350.0,Bacurituba,MUNICIPAL,88.9,100.0,11.099999999999994,80.0,20.0,1,80.0,80.0,80.0,80.0,80.0,80.0,5,100.0,1,1
2024.0,31.0,MG,3157336.0,Santa Cruz de Minas,MUNICIPAL,63.9,43.82,-20.08,66.51,-22.690000000000005,0,69.06,71.49,73.81,76.0,78.07,80.0,1,92.94117647058825,4065,750
2024.0,31.0,MG,3165206.0,São Tomé das Letras,MUNICIPAL,86.0,88.25,2.25,80.0,8.25,1,80.0,80.0,80.0,80.0,80.0,80.0,5,91.30434782608695,477,101
2024.0,52.0,GO,5221502.0,Turvânia,MUNICIPAL,72.6,80.7,8.100000000000009,73.74,6.960000000000008,1,74.86,75.96,77.02,78.05,79.04,80.0,5,100.0,981,116
2024.0,31.0,MG,3169059.0,Tocos do Moji,MUNICIPAL,78.4,93.75,15.349999999999994,78.63,15.120000000000005,1,78.87,79.1,79.33,79.55,79.78,80.0,5,100.0,249,31
2024.0,17.0,TO,1712801.0,Maurilândia do Tocantins,MUNICIPAL,19.3,20.67,1.370000000000001,26.36,-5.689999999999998,0,34.87,44.46,54.48,64.15,72.79,80.0,0,95.0,4934,124
2024.0,31.0,MG,3100203.0,Abaeté,MUNICIPAL,52.3,73.11,20.810000000000002,56.9,16.21,1,61.36,65.64,69.68,73.43,76.88,80.0,4,89.39393939393939,1675,453
2024.0,24.0,RN,2408201.0,Nísia Floresta,MUNICIPAL,32.2,49.76,17.559999999999995,39.14,10.619999999999997,1,46.59,54.19,61.6,68.5,74.68,80.0,1,79.30029154518951,3658,38
2024.0,42.0,SC,4208005.0,Itá,MUNICIPAL,69.1,77.62,8.52000000000001,70.81,6.810000000000002,1,72.5,74.13,75.7,77.2,78.63,80.0,4,80.58252427184466,1242,58
2024.0,29.0,BA,2931608.0,Teolândia,MUNICIPAL,47.3,44.76,-2.539999999999999,52.65,-7.890000000000001,0,57.92,63.01,67.83,72.3,76.37,80.0,1,94.70198675496688,4005,82
2024.0,29.0,BA,2903805.0,Boa Vista do Tupim,MUNICIPAL,33.4,32.14,-1.259999999999998,40.29,-8.149999999999999,0,47.58,54.98,62.16,68.85,74.83,80.0,0,97.2222222222222,4664,229
2024.0,24.0,RN,2400406.0,Água Nova,MUNICIPAL,33.3,39.66,6.359999999999999,40.19,-0.5300000000000011,0,47.49,54.91,62.11,68.82,74.82,80.0,0,87.87878787878788,4307,73
2024.0,31.0,MG,3126604.0,Francisco Dumont,MUNICIPAL,31.5,37.5,6.0,38.49,-0.990000000000002,0,46.02,53.74,61.27,68.31,74.6,80.0,0,100.0,4426,755
2024.0,11.0,RO,1100304.0,Vilhena,MUNICIPAL,65.6,71.66,6.060000000000002,67.96,3.700000000000003,1,70.22,72.38,74.44,76.4,78.26,80.0,4,86.26553302812296,1799,15
2024.0,29.0,BA,2924306.0,Piatã,MUNICIPAL,42.2,45.33,3.1299999999999955,48.21,-2.8800000000000026,0,54.27,60.21,65.87,71.1,75.83,80.0,1,81.9672131147541,3971,80
2024.0,27.0,AL,2704302.0,Maceió,MUNICIPAL,39.2,40.95,1.75,45.58,-4.6299999999999955,0,52.09,58.52,64.67,70.37,75.51,80.0,1,91.4646814404432,4227,70
2024.0,43.0,RS,4321907.0,Três Passos,MUNICIPAL,82.9,57.0,-25.900000000000006,80.0,-23.0,0,80.0,80.0,80.0,80.0,80.0,80.0,2,92.18106995884774,3095,154
2024.0,35.0,SP,3550100.0,São Manuel,MUNICIPAL,59.7,60.53,0.8299999999999983,63.06,-2.530000000000001,0,66.3,69.4,72.32,75.07,77.63,80.0,3,93.45372460496614,2792,326
2024.0,31.0,MG,3150505.0,Pimenta,MUNICIPAL,72.8,94.39,21.590000000000003,73.93,20.459999999999994,1,75.02,76.08,77.11,78.1,79.07,80.0,5,95.94594594594594,227,26
2024.0,43.0,RS,4300901.0,Aratiba,MUNICIPAL,85.0,39.2,-45.8,80.0,-40.8,0,80.0,80.0,80.0,80.0,80.0,80.0,0,93.18181818181816,4326,332
2024.0,42.0,SC,4214904.0,Rio Fortuna,MUNICIPAL,78.4,68.78,-9.620000000000005,78.6,-9.819999999999993,0,78.84,79.07,79.31,79.54,79.77,80.0,3,87.5,2076,137
2024.0,31.0,MG,3127206.0,Funilândia,MUNICIPAL,51.4,69.2,17.800000000000004,56.12,13.080000000000005,1,60.73,65.16,69.34,73.23,76.79,80.0,3,87.5,2032,547
2024.0,31.0,MG,3114204.0,Carmo do Cajuru,MUNICIPAL,67.2,72.37,5.170000000000002,69.28,3.0900000000000034,1,71.27,73.19,75.02,76.77,78.43,80.0,4,91.11111111111111,1732,470
2024.0,21.0,MA,2102036.0,Bom Jesus das Selvas,MUNICIPAL,63.6,63.18,-0.4200000000000017,66.3,-3.1199999999999974,0,68.89,71.37,73.72,75.95,78.04,80.0,3,93.31797235023042,2580,99
2024.0,24.0,RN,2401651.0,Bodó,MUNICIPAL,65.0,60.0,-5.0,67.45,-7.450000000000003,0,69.81,72.07,74.22,76.26,78.19,80.0,3,83.33333333333334,2836,18
2024.0,13.0,AM,1300839.0,Caapiranga,MUNICIPAL,,21.72,,,,,30.23,40.33,51.32,62.18,71.95,80.0,0,89.87341772151899,4923,51
2024.0,26.0,PE,2600708.0,Aliança,MUNICIPAL,55.2,39.22,-15.980000000000004,59.27,-20.050000000000004,0,63.27,67.09,70.7,74.06,77.17,80.0,0,93.67588932806323,4325,169
2024.0,32.0,ES,3203502.0,Montanha,MUNICIPAL,63.1,80.21000000000001,17.110000000000007,65.84,14.370000000000005,1,68.52,71.08,73.52,75.82,77.98,80.0,5,93.22033898305084,1020,37
2024.0,16.0,AP,1600501.0,Oiapoque,MUNICIPAL,26.1,21.03,-5.07,33.3,-12.269999999999996,0,41.39,49.98,58.56,66.66,73.88,80.0,0,75.0,4930,15
2024.0,31.0,MG,3128303.0,Guaranésia,MUNICIPAL,73.6,65.21000000000001,-8.389999999999986,74.61,-9.399999999999991,0,75.58,76.51,77.42,78.31,79.17,80.0,3,95.8904109589041,2386,614
2024.0,21.0,MA,2102101.0,Brejo,MUNICIPAL,50.3,58.08,7.780000000000001,55.2,2.8799999999999955,1,59.99,64.59,68.94,72.98,76.67,80.0,2,94.11764705882352,3010,118
2024.0,15.0,PA,1505304.0,Oriximiná,MUNICIPAL,34.5,30.61,-3.8900000000000006,41.32,-10.71,0,48.47,55.68,62.66,69.15,74.97,80.0,0,82.28699551569507,4719,124
2024.0,31.0,MG,3137700.0,Lajinha,MUNICIPAL,72.0,69.27,-2.730000000000004,73.28,-4.010000000000005,0,74.49,75.67,76.81,77.91,78.97,80.0,3,91.66666666666666,2024,542
2024.0,43.0,RS,4304200.0,Candelária,MUNICIPAL,75.4,53.2,-22.200000000000003,76.07,-22.86999999999999,0,76.76,77.43,78.1,78.74,79.38,80.0,2,92.42424242424242,3408,188
2024.0,31.0,MG,3137106.0,Lagamar,MUNICIPAL,91.7,56.25,-35.45,80.0,-23.75,0,80.0,80.0,80.0,80.0,80.0,80.0,2,90.2439024390244,3154,707
2024.0,25.0,PB,2513307.0,Santa Helena,MUNICIPAL,52.8,96.58,43.78,57.33,39.25,1,61.7,65.9,69.86,73.55,76.93,80.0,5,95.0,136,8
2024.0,15.0,PA,1506302.0,Salvaterra,MUNICIPAL,52.0,49.47,-2.530000000000001,56.58,-7.109999999999999,0,61.11,65.45,69.54,73.35,76.84,80.0,1,84.88888888888889,3680,61
2024.0,35.0,SP,3502507.0,Aparecida,MUNICIPAL,43.5,53.75,10.25,49.33,4.420000000000002,1,55.2,60.93,66.37,71.41,75.97,80.0,2,92.77456647398844,3370,444
2024.0,21.0,MA,2110500.0,São Bento,MUNICIPAL,93.8,79.26,-14.539999999999992,80.0,-0.7399999999999949,0,80.0,80.0,80.0,80.0,80.0,80.0,4,91.1504424778761,1103,32
2024.0,43.0,RS,4316428.0,Sagrada Família,MUNICIPAL,78.8,43.8,-35.0,78.98,-35.18000000000001,0,79.16,79.33,79.5,79.67,79.83,80.0,1,100.0,4067,285
2024.0,31.0,MG,3107208.0,Bocaina de Minas,MUNICIPAL,50.0,73.33,23.33,54.93,18.4,1,59.77,64.43,68.83,72.91,76.64,80.0,4,96.36363636363636,1652,449
2024.0,42.0,SC,4214607.0,Rio do Oeste,MUNICIPAL,81.4,70.60000000000001,-10.799999999999997,80.0,-9.399999999999991,0,80.0,80.0,80.0,80.0,80.0,80.0,4,72.5,1891,116
2024.0,31.0,MG,3110202.0,Cajuri,MUNICIPAL,64.2,69.57000000000001,5.3700000000000045,66.8,2.7700000000000102,1,69.29,71.67,73.94,76.08,78.1,80.0,3,100.0,1996,535
2024.0,22.0,PI,2201200.0,Barras,MUNICIPAL,55.7,60.13,4.43,59.72,0.4100000000000037,1,63.62,67.36,70.89,74.18,77.22,80.0,3,97.20767888307157,2824,123
2024.0,52.0,GO,5221007.0,Taquaral de Goiás,MUNICIPAL,69.6,75.0,5.400000000000006,71.25,3.75,1,72.86,74.41,75.9,77.32,78.69,80.0,4,88.0,1497,154
2024.0,31.0,MG,3110400.0,Camacho,MUNICIPAL,91.3,86.64,-4.659999999999997,80.0,6.640000000000001,1,80.0,80.0,80.0,80.0,80.0,80.0,5,96.7741935483871,569,132
2024.0,51.0,MT,5107180.0,Ribeirão Cascalheira,MUNICIPAL,63.4,70.87,7.470000000000006,66.14,4.730000000000004,1,68.76,71.27,73.65,75.9,78.02,80.0,4,88.52459016393442,1861,46
2024.0,35.0,SP,3548104.0,Santo Antônio do Jardim,MUNICIPAL,71.5,72.45,0.9500000000000028,72.81,-0.35999999999999943,0,74.11,75.37,76.59,77.77,78.91,80.0,4,95.83333333333334,1725,154
2024.0,32.0,ES,3200169.0,Água Doce do Norte,MUNICIPAL,77.4,81.68,4.280000000000001,77.74,3.940000000000012,1,78.13,78.52,78.89,79.27,79.64,80.0,5,93.82716049382717,910,29
2024.0,31.0,MG,3162807.0,São João Evangelista,MUNICIPAL,92.6,70.27,-22.33,80.0,-9.730000000000004,0,80.0,80.0,80.0,80.0,80.0,80.0,4,88.30409356725146,1922,521
2024.0,41.0,PR,4112603.0,Jardim Olinda,MUNICIPAL,50.0,92.31,42.31,54.93,37.38,1,59.77,64.43,68.83,72.91,76.64,80.0,5,100.0,300,12
2024.0,22.0,PI,2206720.0,Nazária,MUNICIPAL,77.7,52.15,-25.550000000000004,78.0,-25.85,0,78.34,78.68,79.02,79.35,79.68,80.0,2,96.96969696969695,3486,150
2024.0,31.0,MG,3133808.0,Itaúna,MUNICIPAL,69.8,88.76,18.960000000000008,71.43,17.33,1,73.0,74.51,75.97,77.37,78.72,80.0,5,86.28389154704944,452,92
2024.0,41.0,PR,4107801.0,Floraí,MUNICIPAL,77.3,85.2,7.900000000000006,77.73,7.469999999999999,1,78.12,78.51,78.89,79.26,79.63,80.0,5,87.09677419354838,648,52
2024.0,41.0,PR,4111902.0,Jaguapitã,MUNICIPAL,76.3,62.26,-14.04,76.81,-14.550000000000004,0,77.37,77.91,78.45,78.98,79.49,80.0,3,82.00836820083683,2656,315
2024.0,41.0,PR,4100608.0,Alto Paraná,MUNICIPAL,65.0,70.12,5.1200000000000045,67.45,2.6700000000000017,1,69.81,72.07,74.22,76.26,78.19,80.0,4,85.24590163934425,1938,254
2024.0,35.0,SP,3548708.0,São Bernardo do Campo,MUNICIPAL,55.6,54.16,-1.4400000000000048,59.62,-5.460000000000001,0,63.55,67.3,70.85,74.16,77.21,80.0,2,85.15051859347331,3340,433
2024.0,52.0,GO,5208152.0,Gameleira de Goiás,MUNICIPAL,98.2,79.76,-18.439999999999998,80.0,-0.23999999999999488,0,80.0,80.0,80.0,80.0,80.0,80.0,4,98.33333333333331,1063,125
2024.0,22.0,PI,2202109.0,Campinas do Piauí,MUNICIPAL,90.6,100.0,9.400000000000006,80.0,20.0,1,80.0,80.0,80.0,80.0,80.0,80.0,5,100.0,1,1
2024.0,35.0,SP,3545506.0,Sandovalina,MUNICIPAL,79.1,89.83,10.730000000000004,79.23,10.599999999999994,1,79.36,79.49,79.62,79.75,79.87,80.0,5,94.33962264150944,413,34
2024.0,41.0,PR,4108007.0,Florestópolis,MUNICIPAL,64.4,63.48,-0.9200000000000088,66.94,-3.460000000000001,0,69.4,71.76,74.0,76.12,78.12,80.0,3,82.35294117647058,2553,303
2024.0,41.0,PR,4112801.0,Joaquim Távora,MUNICIPAL,85.5,85.12,-0.37999999999999545,80.0,5.1200000000000045,1,80.0,80.0,80.0,80.0,80.0,80.0,5,85.9375,652,54
2024.0,31.0,MG,3158904.0,Santana do Manhuaçu,MUNICIPAL,90.6,77.24,-13.36,80.0,-2.760000000000005,0,80.0,80.0,80.0,80.0,80.0,80.0,4,94.5945945945946,1284,349
2024.0,29.0,BA,2933059.0,Várzea da Roça,MUNICIPAL,32.6,20.73,-11.870000000000001,39.52,-18.790000000000003,0,46.92,54.45,61.79,68.62,74.73,80.0,0,92.13483146067416,4932,357
2024.0,52.0,GO,5219605.0,Santa Tereza de Goiás,MUNICIPAL,96.2,91.67,-4.530000000000001,80.0,11.670000000000002,1,80.0,80.0,80.0,80.0,80.0,80.0,5,100.0,322,38
2024.0,29.0,BA,2905503.0,Caldeirão Grande,MUNICIPAL,21.3,28.19,6.890000000000001,28.45,-0.259999999999998,0,36.88,46.19,55.78,64.95,73.14,80.0,0,96.12903225806453,4799,296
2024.0,21.0,MA,2103554.0,Conceição do Lago-Açu,MUNICIPAL,43.9,54.26,10.36,49.69,4.57,1,55.49,61.15,66.53,71.5,76.01,80.0,2,90.86294416243656,3330,144
2024.0,27.0,AL,2707602.0,Quebrangulo,MUNICIPAL,57.5,61.05,3.549999999999997,61.22,-0.1700000000000017,0,64.83,68.27,71.53,74.58,77.4,80.0,3,97.09302325581396,2751,24
2024.0,31.0,MG,3105004.0,Baldim,MUNICIPAL,74.3,89.89,15.590000000000003,75.13,14.760000000000005,1,76.0,76.84,77.66,78.46,79.24,80.0,5,89.28571428571429,408,79
2024.0,43.0,RS,4316758.0,Santa Clara do Sul,MUNICIPAL,91.1,54.2,-36.89999999999999,80.0,-25.799999999999997,0,80.0,80.0,80.0,80.0,80.0,80.0,2,93.84615384615384,3335,176
2024.0,31.0,MG,3113701.0,Carlos Chagas,MUNICIPAL,56.5,55.83,-0.6700000000000017,60.36,-4.530000000000001,0,64.14,67.75,71.16,74.35,77.3,80.0,2,92.66666666666666,3187,710
2024.0,22.0,PI,2206902.0,Novo Oriente do Piauí,MUNICIPAL,69.0,89.56,20.560000000000002,70.76,18.799999999999997,1,72.46,74.1,75.68,77.19,78.63,80.0,5,96.55172413793105,424,34
2024.0,21.0,MA,2105500.0,João Lisboa,MUNICIPAL,35.0,55.83,20.83,41.8,14.030000000000001,1,48.88,56.01,62.89,69.29,75.03,80.0,2,87.5,3187,132
2024.0,21.0,MA,2105609.0,Joselândia,MUNICIPAL,54.6,75.31,20.71,58.77,16.54,1,62.87,66.78,70.48,73.93,77.11,80.0,4,96.0,1469,49
2024.0,35.0,SP,3509205.0,Cajamar,MUNICIPAL,50.9,53.17,2.270000000000003,55.71,-2.539999999999999,0,60.4,64.91,69.16,73.12,76.74,80.0,2,87.03870387038704,3410,453
2024.0,42.0,SC,4211256.0,Morro Grande,MUNICIPAL,71.4,81.82000000000001,10.420000000000002,72.78,9.040000000000006,1,74.09,75.36,76.58,77.77,78.9,80.0,5,91.66666666666666,897,33
2024.0,31.0,MG,3120870.0,Curral de Dentro,MUNICIPAL,79.3,80.36,1.0600000000000023,79.36,1.0,1,79.47,79.57,79.68,79.79,79.89,80.0,5,95.32710280373831,1007,269
2024.0,31.0,MG,3102852.0,Angelândia,MUNICIPAL,59.7,84.97,25.269999999999996,63.08,21.89,1,66.32,69.41,72.33,75.08,77.63,80.0,5,95.6043956043956,668,171
2024.0,41.0,PR,4116604.0,Nova América da Colina,MUNICIPAL,62.5,78.8,16.299999999999997,65.42,13.379999999999995,1,68.18,70.83,73.34,75.71,77.93,80.0,4,84.61538461538461,1137,121
2024.0,22.0,PI,2206753.0,Nossa Senhora de Nazaré,MUNICIPAL,21.7,95.24,73.53999999999999,28.91,66.33,1,37.31,46.56,56.05,65.12,73.21,80.0,5,100.0,187,22
2024.0,42.0,SC,4201257.0,Apiúna,MUNICIPAL,63.7,70.88,7.179999999999993,66.35,4.530000000000001,1,68.93,71.4,73.74,75.96,78.05,80.0,4,86.11111111111111,1860,114
2024.0,35.0,SP,3507605.0,Bragança Paulista,MUNICIPAL,52.0,53.36,1.3599999999999994,56.64,-3.280000000000001,0,61.15,65.48,69.56,73.36,76.85,80.0,2,86.52094717668488,3395,450
2024.0,26.0,PE,2608008.0,Jataúba,MUNICIPAL,51.9,37.15,-14.75,56.54,-19.39,0,61.07,65.42,69.52,73.34,76.84,80.0,0,93.57142857142856,4452,170
2024.0,29.0,BA,2908200.0,Conceição da Feira,MUNICIPAL,31.7,27.46,-4.239999999999998,38.68,-11.219999999999999,0,46.19,53.87,61.37,68.37,74.62,80.0,0,84.02366863905326,4818,305
2024.0,22.0,PI,2200509.0,Amarante,MUNICIPAL,22.3,32.94,10.639999999999997,29.44,3.4999999999999964,1,37.82,46.99,56.37,65.31,73.29,80.0,0,99.0,4637,202
2024.0,41.0,PR,4102901.0,Bituruna,MUNICIPAL,80.8,70.06,-10.739999999999995,80.0,-9.939999999999998,0,80.0,80.0,80.0,80.0,80.0,80.0,4,83.27272727272728,1950,255
2024.0,35.0,SP,3536703.0,Pederneiras,MUNICIPAL,36.4,46.77,10.370000000000005,43.06,3.710000000000001,1,49.95,56.85,63.49,69.66,75.19,80.0,1,91.95402298850574,3872,524
2024.0,17.0,TO,1714302.0,Nazaré,MUNICIPAL,45.9,34.230000000000004,-11.669999999999995,51.46,-17.229999999999997,0,56.95,62.27,67.31,71.98,76.22,80.0,0,92.5925925925926,4588,110
2024.0,43.0,RS,4313904.0,Panambi,MUNICIPAL,75.3,51.2,-24.099999999999994,76.0,-24.799999999999997,0,76.7,77.39,78.06,78.72,79.37,80.0,2,91.76136363636364,3555,205
2024.0,35.0,SP,3509809.0,Campos Novos Paulista,MUNICIPAL,32.1,86.59,54.49,39.06,47.53,1,46.51,54.13,61.55,68.48,74.67,80.0,5,93.84615384615384,570,47
2024.0,13.0,AM,1303700.0,Santo Antônio do Içá,MUNICIPAL,59.7,37.94,-21.760000000000005,63.05,-25.11,0,66.29,69.39,72.32,75.07,77.63,80.0,0,91.02803738317758,4403,32
2024.0,41.0,PR,4103305.0,Borrazópolis,MUNICIPAL,87.2,75.03,-12.170000000000002,80.0,-4.969999999999999,0,80.0,80.0,80.0,80.0,80.0,80.0,4,86.51685393258427,1492,176
2024.0,35.0,SP,3531506.0,Monte Azul Paulista,MUNICIPAL,72.9,55.38,-17.520000000000003,74.01,-18.630000000000003,0,75.09,76.13,77.14,78.13,79.08,80.0,2,77.63975155279503,3229,411
2024.0,31.0,MG,3103751.0,Araporã,MUNICIPAL,62.7,73.61,10.909999999999997,65.56,8.049999999999997,1,68.3,70.92,73.4,75.75,77.95,80.0,4,91.40625,1633,442
2024.0,41.0,PR,4121604.0,Renascença,MUNICIPAL,70.8,82.55,11.75,72.28,10.269999999999996,1,73.69,75.05,76.36,77.62,78.83,80.0,5,86.31578947368422,838,82
2024.0,27.0,AL,2700706.0,Batalha,MUNICIPAL,33.2,45.96,12.759999999999998,40.06,5.899999999999999,1,47.38,54.82,62.05,68.78,74.8,80.0,1,96.05263157894736,3925,50
2024.0,31.0,MG,3162575.0,São João do Manteninha,MUNICIPAL,79.9,71.7,-8.200000000000003,79.91,-8.209999999999994,0,79.92,79.94,79.95,79.97,79.98,80.0,4,96.72131147540983,1793,486
2024.0,35.0,SP,3519501.0,Ibirarema,MUNICIPAL,89.0,71.85000000000001,-17.14999999999999,80.0,-8.149999999999991,0,80.0,80.0,80.0,80.0,80.0,80.0,4,89.04109589041096,1780,162
2024.0,23.0,CE,2307106.0,Jardim,MUNICIPAL,77.9,70.8,-7.1000000000000085,78.19,-7.390000000000001,0,78.5,78.81,79.11,79.41,79.71,80.0,4,99.43019943019942,1869,162
2024.0,31.0,MG,3130655.0,Indaiabira,MUNICIPAL,56.1,89.58,33.48,60.09,29.489999999999995,1,63.93,67.59,71.05,74.28,77.27,80.0,5,100.0,423,84
2024.0,41.0,PR,4122008.0,Rio Azul,MUNICIPAL,89.6,89.22,-0.37999999999999545,80.0,9.219999999999999,1,80.0,80.0,80.0,80.0,80.0,80.0,5,96.90721649484536,438,24
2024.0,52.0,GO,5207253.0,Doverlândia,MUNICIPAL,78.2,83.34,5.140000000000001,78.47,4.8700000000000045,1,78.73,78.99,79.25,79.5,79.75,80.0,5,94.73684210526316,775,88
2024.0,41.0,PR,4113502.0,Loanda,MUNICIPAL,72.4,73.8,1.3999999999999915,73.6,0.20000000000000284,1,74.76,75.87,76.96,78.01,79.02,80.0,4,91.17647058823528,1616,207
2024.0,41.0,PR,4106902.0,Curitiba,MUNICIPAL,70.4,65.96000000000001,-4.439999999999998,71.93,-5.969999999999999,0,73.41,74.83,76.2,77.52,78.79,80.0,3,81.41498141498141,2317,288
2024.0,31.0,MG,3122355.0,Divisa Alegre,MUNICIPAL,50.9,62.690000000000005,11.790000000000006,55.72,6.970000000000006,1,60.41,64.92,69.17,73.12,76.74,80.0,3,97.05882352941175,2618,652
2024.0,51.0,MT,5103353.0,Confresa,MUNICIPAL,35.6,54.24,18.64,42.31,11.93,1,49.32,56.35,63.14,69.44,75.09,80.0,2,92.39302694136292,3331,105
2024.0,51.0,MT,5108352.0,Vale de São Domingos,MUNICIPAL,48.8,23.86,-24.939999999999998,53.92,-30.060000000000002,0,58.95,63.81,68.39,72.64,76.52,80.0,0,91.30434782608695,4896,134
2024.0,31.0,MG,3100401.0,Acaiaca,MUNICIPAL,87.4,73.93,-13.469999999999999,80.0,-6.069999999999993,0,80.0,80.0,80.0,80.0,80.0,80.0,4,89.28571428571429,1602,433
2024.0,35.0,SP,3507506.0,Botucatu,MUNICIPAL,59.1,57.09,-2.009999999999998,62.56,-5.469999999999999,0,65.9,69.09,72.11,74.94,77.57,80.0,2,90.56603773584906,3089,383
2024.0,31.0,MG,3135902.0,Jesuânia,MUNICIPAL,62.1,81.14,19.04,65.01,16.129999999999995,1,67.86,70.58,73.16,75.6,77.88,80.0,5,90.9090909090909,953,254
2024.0,29.0,BA,2922102.0,Mundo Novo,MUNICIPAL,26.6,33.33,6.729999999999997,33.82,-0.490000000000002,0,41.86,50.36,58.84,66.83,73.95,80.0,0,96.92307692307692,4617,210
2024.0,43.0,RS,4314472.0,Pinhal Grande,MUNICIPAL,63.6,47.5,-16.1,66.33,-18.83,0,68.91,71.38,73.73,75.95,78.04,80.0,1,87.5,3810,240
2024.0,22.0,PI,2206407.0,Monsenhor Gil,MUNICIPAL,60.3,42.48,-17.82,63.58,-21.1,0,66.72,69.71,72.55,75.21,77.7,80.0,1,94.57364341085272,4144,183
2024.0,25.0,PB,2506301.0,Guarabira,MUNICIPAL,36.1,59.620000000000005,23.520000000000003,42.78,16.840000000000003,1,49.72,56.67,63.36,69.58,75.15,80.0,2,89.21775898520085,2887,95
2024.0,50.0,MS,5006309.0,Paranaíba,MUNICIPAL,30.7,55.2,24.500000000000004,37.71,17.490000000000002,1,45.33,53.18,60.88,68.07,74.49,80.0,2,96.16204690831556,3245,44
2024.0,51.0,MT,5107941.0,Tabaporã,MUNICIPAL,51.4,62.36,10.96,56.15,6.210000000000001,1,60.75,65.18,69.35,73.23,76.79,80.0,3,86.69950738916256,2647,79
2024.0,31.0,MG,3137601.0,Lagoa Santa,MUNICIPAL,61.7,72.24,10.539999999999992,64.72,7.519999999999996,1,67.63,70.4,73.04,75.52,77.84,80.0,4,79.2834890965732,1741,472
2024.0,50.0,MS,5003504.0,Douradina,MUNICIPAL,28.8,68.7,39.900000000000006,35.93,32.77,1,43.76,51.92,59.97,67.51,74.25,80.0,3,85.0,2082,15
2024.0,25.0,PB,2516607.0,Tavares,MUNICIPAL,75.3,67.47,-7.829999999999998,75.99,-8.519999999999996,0,76.69,77.38,78.06,78.72,79.37,80.0,3,90.58823529411764,2197,65
2024.0,25.0,PB,2502300.0,Bom Sucesso,MUNICIPAL,65.4,45.24,-20.160000000000004,67.77,-22.529999999999994,0,70.07,72.27,74.36,76.35,78.23,80.0,1,86.36363636363636,3979,161
2024.0,33.0,RJ,3302304.0,Laje do Muriaé,MUNICIPAL,45.2,48.41,3.2099999999999937,50.82,-2.4100000000000037,0,56.42,61.87,67.03,71.81,76.15,80.0,1,83.11688311688312,3745,71
2024.0,21.0,MA,2100550.0,Amapá do Maranhão,MUNICIPAL,23.0,43.0,20.0,30.17,12.829999999999998,1,38.5,47.57,56.8,65.58,73.41,80.0,1,99.02912621359224,4115,177
2024.0,27.0,AL,2706406.0,Pão de Açúcar,MUNICIPAL,47.7,55.26,7.559999999999995,52.93,2.3299999999999983,1,58.15,63.19,67.96,72.38,76.4,80.0,2,96.84542586750788,3239,30
2024.0,17.0,TO,1713700.0,Monte Santo do Tocantins,MUNICIPAL,29.3,44.77,15.470000000000002,36.45,8.32,1,44.22,52.29,60.24,67.68,74.32,80.0,1,81.25,4004,74
2024.0,32.0,ES,3203700.0,Muniz Freire,MUNICIPAL,88.2,82.24,-5.960000000000008,80.0,2.239999999999995,1,80.0,80.0,80.0,80.0,80.0,80.0,5,97.65625,857,24
2024.0,15.0,PA,1506187.0,Rondon do Pará,MUNICIPAL,60.2,68.8,8.599999999999994,63.45,5.349999999999994,1,66.61,69.63,72.49,75.18,77.68,80.0,3,85.45454545454545,2072,10
2024.0,43.0,RS,4308003.0,Faxinal do Soturno,MUNICIPAL,79.1,66.7,-12.399999999999991,79.26,-12.560000000000002,0,79.38,79.51,79.63,79.75,79.88,80.0,3,80.0,2253,73
2024.0,15.0,PA,1501303.0,Barcarena,MUNICIPAL,46.6,39.5,-7.100000000000001,51.99,-12.490000000000002,0,57.38,62.6,67.54,72.13,76.29,80.0,0,86.36636636636636,4314,99
2024.0,43.0,RS,4315057.0,Porto Mauá,MUNICIPAL,41.1,95.2,54.1,47.22,47.980000000000004,1,53.45,59.58,65.42,70.83,75.71,80.0,5,88.0,192,3
2024.0,43.0,RS,4310504.0,Iraí,MUNICIPAL,67.2,59.4,-7.800000000000004,69.28,-9.880000000000003,0,71.27,73.19,75.02,76.77,78.43,80.0,2,90.74074074074076,2904,132
2024.0,17.0,TO,1720002.0,Santa Terezinha do Tocantins,MUNICIPAL,56.1,57.14,1.0399999999999991,60.03,-2.8900000000000006,0,63.88,67.55,71.02,74.27,77.26,80.0,2,93.33333333333331,3080,32
2024.0,29.0,BA,2926400.0,Riacho de Santana,MUNICIPAL,42.2,52.53,10.329999999999998,48.17,4.359999999999999,1,54.24,60.19,65.85,71.09,75.82,80.0,2,86.46288209606988,3452,31
2024.0,13.0,AM,1300805.0,Borba,MUNICIPAL,28.4,22.82,-5.579999999999998,35.51,-12.689999999999998,0,43.38,51.61,59.74,67.38,74.19,80.0,0,82.6923076923077,4909,50
2024.0,22.0,PI,2210383.0,São Miguel da Baixa Grande,MUNICIPAL,24.1,80.0,55.9,31.36,48.64,1,39.61,48.5,57.48,65.99,73.59,80.0,5,88.23529411764706,1035,65
2024.0,23.0,CE,2312700.0,Senador Pompeu,MUNICIPAL,100.0,98.44,-1.5600000000000023,80.0,18.439999999999998,1,80.0,80.0,80.0,80.0,80.0,80.0,5,99.47916666666666,81,35
2024.0,43.0,RS,4306304.0,David Canabarro,MUNICIPAL,,45.5,,,,,52.02,58.46,64.63,70.35,75.5,80.0,1,100.0,3948,266
2024.0,35.0,SP,3549300.0,São João do Pau d'Alho,MUNICIPAL,81.0,100.0,19.0,80.0,20.0,1,80.0,80.0,80.0,80.0,80.0,80.0,5,100.0,1,1
2024.0,43.0,RS,4322509.0,Vacaria,MUNICIPAL,66.0,38.1,-27.9,68.24,-30.139999999999993,0,70.45,72.55,74.57,76.48,78.29,80.0,0,85.68773234200744,4393,344
2024.0,41.0,PR,4116208.0,Morretes,MUNICIPAL,68.4,59.7,-8.700000000000003,70.28,-10.579999999999998,0,72.08,73.81,75.46,77.05,78.56,80.0,2,84.61538461538461,2878,333
2024.0,31.0,MG,3140902.0,Matipó,MUNICIPAL,85.5,65.0,-20.5,80.0,-15.0,0,80.0,80.0,80.0,80.0,80.0,80.0,3,95.06172839506172,2401,617
2024.0,35.0,SP,3503604.0,Areiópolis,MUNICIPAL,72.3,75.02,2.719999999999999,73.52,1.5,1,74.69,75.82,76.92,77.98,79.01,80.0,4,96.32352941176472,1494,123
2024.0,22.0,PI,2210938.0,Sussuapara,MUNICIPAL,27.1,55.84,28.740000000000002,34.28,21.560000000000002,1,42.28,50.7,59.09,66.98,74.01,80.0,2,96.875,3185,134
2024.0,13.0,AM,1300102.0,Anori,MUNICIPAL,76.0,77.45,1.4500000000000028,76.6,0.8500000000000085,1,77.19,77.77,78.35,78.91,79.46,80.0,4,90.43062200956938,1256,3
2024.0,31.0,MG,3106903.0,Bicas,MUNICIPAL,45.2,70.71000000000001,25.510000000000005,50.81,19.900000000000006,1,56.41,61.86,67.02,71.81,76.14,80.0,4,86.99186991869918,1880,511
2024.0,35.0,SP,3512506.0,Coroados,MUNICIPAL,69.4,72.95,3.549999999999997,71.12,1.8299999999999983,1,72.75,74.32,75.84,77.29,78.67,80.0,4,85.07462686567165,1687,149
2024.0,50.0,MS,5003157.0,Coronel Sapucaia,MUNICIPAL,79.0,60.75,-18.25,79.13,-18.379999999999995,0,79.28,79.42,79.57,79.71,79.86,80.0,3,93.68131868131869,2773,26
2024.0,50.0,MS,5006606.0,Ponta Porã,MUNICIPAL,57.8,71.07000000000001,13.27000000000001,61.45,9.620000000000005,1,65.01,68.42,71.63,74.64,77.43,80.0,4,96.50473933649288,1841,12
2024.0,22.0,PI,2205581.0,Lagoa do Piauí,MUNICIPAL,7.2,44.87,37.669999999999995,11.95,32.92,1,19.26,29.54,42.43,56.43,69.47,80.0,1,84.61538461538461,3998,175
2024.0,42.0,SC,4205001.0,Dionísio Cerqueira,MUNICIPAL,59.7,66.23,6.530000000000001,63.02,3.210000000000001,1,66.27,69.37,72.31,75.06,77.63,80.0,3,82.14285714285714,2299,156
2024.0,35.0,SP,3517000.0,Getulina,MUNICIPAL,49.5,68.1,18.599999999999994,54.54,13.559999999999995,1,59.46,64.19,68.66,72.81,76.6,80.0,3,80.0,2141,204
2024.0,31.0,MG,3109808.0,Cachoeira Dourada,MUNICIPAL,80.6,94.74,14.14,80.0,14.739999999999995,1,80.0,80.0,80.0,80.0,80.0,80.0,5,82.6086956521739,210,22
2024.0,35.0,SP,3544103.0,Rio Grande da Serra,MUNICIPAL,31.7,57.14,25.44,38.67,18.47,1,46.18,53.86,61.36,68.36,74.62,80.0,2,93.33333333333331,3080,380
2024.0,43.0,RS,4301701.0,Barão de Cotegipe,MUNICIPAL,92.2,76.60000000000001,-15.599999999999994,80.0,-3.3999999999999915,0,80.0,80.0,80.0,80.0,80.0,80.0,4,96.7741935483871,1354,32
2024.0,42.0,SC,4207684.0,Ipuaçu,MUNICIPAL,59.5,77.74,18.239999999999995,62.89,14.849999999999994,1,66.16,69.29,72.25,75.03,77.61,80.0,4,95.16129032258064,1225,55
2024.0,41.0,PR,4112108.0,Jandaia do Sul,MUNICIPAL,77.0,68.64,-8.36,77.44,-8.799999999999997,0,77.88,78.32,78.75,79.17,79.59,80.0,3,90.19607843137256,2089,271
2024.0,29.0,BA,2933257.0,Vereda,MUNICIPAL,67.8,35.85,-31.949999999999996,69.8,-33.949999999999996,0,71.69,73.51,75.25,76.91,78.5,80.0,0,96.36363636363636,4522,184
2024.0,17.0,TO,1722081.0,Wanderlândia,MUNICIPAL,35.2,41.89,6.689999999999998,41.91,-0.01999999999999602,0,48.97,56.08,62.95,69.32,75.04,80.0,1,81.73913043478261,4177,84
2024.0,17.0,TO,1718303.0,Praia Norte,MUNICIPAL,18.1,38.49,20.39,25.02,13.470000000000002,1,33.54,43.3,53.6,63.61,72.56,80.0,0,90.69767441860463,4370,94
2024.0,51.0,MT,5107602.0,Rondonópolis,MUNICIPAL,52.8,60.49,7.690000000000005,57.26,3.230000000000004,1,61.65,65.86,69.83,73.53,76.92,80.0,3,88.98889888988899,2796,85
2024.0,43.0,RS,4323408.0,Vila Maria,MUNICIPAL,94.4,66.7,-27.700000000000003,80.0,-13.299999999999997,0,80.0,80.0,80.0,80.0,80.0,80.0,3,100.0,2253,73
2024.0,13.0,AM,1302553.0,Manaquiri,MUNICIPAL,47.0,20.56,-26.44,52.37,-31.81,0,57.7,62.84,67.71,72.23,76.33,80.0,0,78.48101265822784,4935,52
2024.0,31.0,MG,3144672.0,Nova Belém,MUNICIPAL,50.0,48.0,-2.0,54.93,-6.93,0,59.77,64.43,68.83,72.91,76.64,80.0,1,96.15384615384616,3773,739
2024.0,35.0,SP,3523909.0,Itu,MUNICIPAL,65.3,61.67,-3.6299999999999955,67.66,-5.989999999999995,0,69.98,72.19,74.31,76.32,78.22,80.0,3,88.44643858665171,2701,299
2024.0,50.0,MS,5000906.0,Antônio João,MUNICIPAL,54.1,56.2,2.1000000000000014,58.37,-2.1699999999999946,0,62.54,66.54,70.31,73.82,77.06,80.0,2,93.5483870967742,3161,41
2024.0,35.0,SP,3541901.0,Queluz,MUNICIPAL,61.9,68.79,6.890000000000008,64.92,3.8700000000000045,1,67.79,70.52,73.12,75.57,77.87,80.0,3,90.47619047619048,2074,194
2024.0,35.0,SP,3506409.0,Bilac,MUNICIPAL,60.0,74.74,14.739999999999995,63.3,11.439999999999998,1,66.49,69.54,72.43,75.14,77.66,80.0,4,94.44444444444444,1532,128
2024.0,29.0,BA,2914208.0,Irajuba,MUNICIPAL,40.3,65.38,25.08,46.57,18.809999999999995,1,52.91,59.16,65.12,70.65,75.63,80.0,3,92.85714285714286,2368,5
2024.0,26.0,PE,2603454.0,Camaragibe,MUNICIPAL,58.7,57.57,-1.1300000000000026,62.2,-4.630000000000003,0,65.61,68.87,71.95,74.84,77.53,80.0,2,93.85826771653544,3043,119
2024.0,35.0,SP,3554953.0,Tuiuti,MUNICIPAL,65.7,55.64,-10.060000000000002,68.04,-12.400000000000006,0,70.28,72.43,74.48,76.42,78.26,80.0,2,94.20289855072464,3206,408
2024.0,42.0,SC,4209904.0,Lontras,MUNICIPAL,59.8,58.41,-1.3900000000000006,63.17,-4.760000000000005,0,66.39,69.46,72.37,75.1,77.65,80.0,2,83.25581395348837,2974,194
2024.0,33.0,RJ,3302908.0,Miguel Pereira,MUNICIPAL,57.4,70.49,13.089999999999996,61.15,9.339999999999996,1,64.77,68.23,71.5,74.56,77.4,80.0,4,81.98529411764706,1898,11
2024.0,52.0,GO,5204003.0,Cabeceiras,MUNICIPAL,69.7,93.81,24.11,71.31,22.5,1,72.9,74.44,75.92,77.34,78.7,80.0,5,97.9381443298969,247,30
2024.0,26.0,PE,2614709.0,Tacaimbó,MUNICIPAL,45.9,43.99,-1.9099999999999966,51.45,-7.460000000000001,0,56.94,62.26,67.31,71.98,76.22,80.0,1,95.04950495049503,4055,158
2024.0,41.0,PR,4126900.0,Tapira,MUNICIPAL,90.5,77.42,-13.079999999999998,80.0,-2.5799999999999983,0,80.0,80.0,80.0,80.0,80.0,80.0,4,89.79591836734694,1260,145
2024.0,28.0,SE,2802502.0,General Maynard,MUNICIPAL,20.0,21.91,1.9100000000000001,27.09,-5.18,0,35.57,45.07,54.93,64.43,72.91,80.0,0,94.11764705882352,4920,65
2024.0,52.0,GO,5201108.0,Anápolis,MUNICIPAL,72.2,73.22,1.019999999999996,73.43,-0.21000000000000796,0,74.61,75.76,76.88,77.95,79.0,80.0,4,89.00255754475704,1663,159
2024.0,42.0,SC,4200051.0,Abdon Batista,MUNICIPAL,72.1,77.08,4.980000000000004,73.3,3.780000000000001,1,74.51,75.69,76.82,77.92,78.98,80.0,4,97.5,1299,64
2024.0,15.0,PA,1503309.0,Igarapé-Miri,MUNICIPAL,36.7,41.34,4.640000000000001,43.33,-1.9899999999999949,0,50.18,57.03,63.62,69.74,75.22,80.0,1,83.22324966974901,4209,92
2024.0,29.0,BA,2900702.0,Alagoinhas,MUNICIPAL,33.6,36.64,3.039999999999999,40.44,-3.799999999999997,0,47.72,55.09,62.24,68.89,74.85,80.0,0,90.06381039197812,4485,174
2024.0,31.0,MG,3116902.0,Comendador Gomes,MUNICIPAL,35.7,74.3,38.599999999999994,42.41,31.89,1,49.4,56.42,63.19,69.47,75.11,80.0,4,90.69767441860463,1572,426
2024.0,29.0,BA,2913457.0,Igrapiúna,MUNICIPAL,30.3,43.64,13.34,37.38,6.259999999999998,1,45.04,52.95,60.71,67.97,74.45,80.0,1,90.1639344262295,4080,89
2024.0,22.0,PI,2202737.0,Coivaras,MUNICIPAL,78.1,94.47,16.370000000000005,78.41,16.060000000000002,1,78.68,78.95,79.22,79.48,79.74,80.0,5,96.05263157894736,222,25
2024.0,31.0,MG,3124807.0,Estrela do Sul,MUNICIPAL,46.8,69.36,22.560000000000002,52.24,17.119999999999997,1,57.58,62.76,67.65,72.19,76.32,80.0,3,95.45454545454544,2018,540
2024.0,35.0,SP,3506904.0,Bofete,MUNICIPAL,45.8,69.75,23.950000000000003,51.32,18.43,1,56.84,62.19,67.25,71.95,76.21,80.0,3,90.5511811023622,1983,185
2024.0,21.0,MA,2104081.0,Fernando Falcão,MUNICIPAL,29.9,77.76,47.86000000000001,36.99,40.77,1,44.7,52.67,60.51,67.84,74.39,80.0,4,91.25,1222,38
2024.0,21.0,MA,2102200.0,Buriti,MUNICIPAL,45.0,28.95,-16.05,50.62,-21.669999999999998,0,56.26,61.74,66.94,71.76,76.12,80.0,0,89.96415770609319,4769,202
2024.0,33.0,RJ,3301306.0,Casimiro de Abreu,MUNICIPAL,54.9,58.33,3.4299999999999997,59.09,-0.7600000000000051,0,63.12,66.98,70.62,74.01,77.14,80.0,2,81.30081300813008,2982,47
2024.0,52.0,GO,5209150.0,Gouvelândia,MUNICIPAL,39.8,81.36,41.56,46.07,35.29,1,52.5,58.84,64.9,70.51,75.57,80.0,5,100.0,934,109
2024.0,15.0,PA,1502806.0,Curralinho,MUNICIPAL,25.1,24.03,-1.0700000000000003,32.28,-8.25,0,40.46,49.2,58.0,66.31,73.73,80.0,0,74.12790697674419,4890,127
2024.0,52.0,GO,5221197.0,Terezópolis de Goiás,MUNICIPAL,57.8,71.39,13.590000000000003,61.52,9.869999999999997,1,65.07,68.46,71.66,74.66,77.44,80.0,4,91.45299145299144,1821,171
2024.0,52.0,GO,5204557.0,Caldazinha,MUNICIPAL,72.0,60.870000000000005,-11.129999999999995,73.27,-12.399999999999991,0,74.49,75.66,76.81,77.91,78.97,80.0,3,100.0,2764,212
2024.0,31.0,MG,3133501.0,Itapecerica,MUNICIPAL,72.4,84.46000000000001,12.060000000000002,73.56,10.900000000000006,1,74.72,75.85,76.94,77.99,79.01,80.0,5,85.18518518518519,710,185
2024.0,35.0,SP,3555356.0,Ubarana,MUNICIPAL,60.6,74.44,13.839999999999996,63.84,10.599999999999994,1,66.93,69.87,72.66,75.28,77.73,80.0,4,95.83333333333334,1560,134
2024.0,35.0,SP,3521408.0,Iracemápolis,MUNICIPAL,59.6,62.26,2.6599999999999966,62.96,-0.7000000000000028,0,66.22,69.34,72.28,75.05,77.62,80.0,3,92.578125,2656,290
2024.0,31.0,MG,3108206.0,Bonfinópolis de Minas,MUNICIPAL,81.8,71.88,-9.920000000000002,80.0,-8.120000000000005,0,80.0,80.0,80.0,80.0,80.0,80.0,4,90.69767441860463,1776,481
2024.0,29.0,BA,2928406.0,Santa Rita de Cássia,MUNICIPAL,47.0,32.05,-14.950000000000003,52.33,-20.28,0,57.66,62.82,67.7,72.22,76.33,80.0,0,95.22058823529412,4666,230
2024.0,23.0,CE,2302800.0,Canindé,MUNICIPAL,96.9,95.0,-1.9000000000000057,80.0,15.0,1,80.0,80.0,80.0,80.0,80.0,80.0,5,98.89162561576354,202,78
2024.0,26.0,PE,2602209.0,Bom Jardim,MUNICIPAL,60.9,69.15,8.250000000000007,64.09,5.060000000000002,1,67.12,70.02,72.77,75.35,77.76,80.0,3,97.69736842105264,2040,65
2024.0,29.0,BA,2910800.0,Feira de Santana,MUNICIPAL,32.0,33.19,1.1899999999999977,38.95,-5.760000000000005,0,46.42,54.05,61.5,68.45,74.66,80.0,0,82.71981242672919,4628,213
2024.0,31.0,MG,3146503.0,Pains,MUNICIPAL,67.5,86.83,19.33,69.54,17.289999999999992,1,71.49,73.35,75.14,76.84,78.46,80.0,5,98.59154929577466,559,128
2024.0,35.0,SP,3508900.0,Caiabu,MUNICIPAL,44.4,65.71000000000001,21.31000000000001,50.17,15.540000000000006,1,55.89,61.46,66.74,71.63,76.07,80.0,3,85.71428571428571,2335,226
2024.0,22.0,PI,2205102.0,Itaueira,MUNICIPAL,25.2,85.9,60.7,32.37,53.53000000000001,1,40.54,49.27,58.05,66.34,73.74,80.0,5,98.46153846153848,608,45
2024.0,31.0,MG,3111150.0,Campo Azul,MUNICIPAL,84.7,73.26,-11.439999999999998,80.0,-6.739999999999995,0,80.0,80.0,80.0,80.0,80.0,80.0,4,88.09523809523809,1658,450
2024.0,31.0,MG,3125804.0,Fernandes Tourinho,MUNICIPAL,63.5,52.38,-11.119999999999997,66.17,-13.79,0,68.78,71.29,73.66,75.91,78.02,80.0,2,84.0,3468,726
2024.0,35.0,SP,3521101.0,Ipeúna,MUNICIPAL,44.0,62.620000000000005,18.620000000000005,49.81,12.810000000000002,1,55.59,61.23,66.58,71.54,76.02,80.0,3,97.05882352941175,2624,281
2024.0,42.0,SC,4216107.0,São Domingos,MUNICIPAL,78.5,76.94,-1.5600000000000023,78.68,-1.740000000000009,0,78.9,79.12,79.35,79.57,79.78,80.0,4,85.71428571428571,1320,68
2024.0,25.0,PB,2500502.0,Alagoinha,MUNICIPAL,57.3,53.1,-4.199999999999996,61.06,-7.960000000000001,0,64.7,68.18,71.46,74.54,77.39,80.0,2,94.0,3416,115
2024.0,21.0,MA,2104800.0,Grajaú,MUNICIPAL,42.4,45.8,3.3999999999999986,48.35,-2.5500000000000043,0,54.39,60.3,65.93,71.14,75.85,80.0,1,93.02544769085767,3934,171
2024.0,43.0,RS,4301503.0,Augusto Pestana,MUNICIPAL,82.8,63.2,-19.599999999999994,80.0,-16.799999999999997,0,80.0,80.0,80.0,80.0,80.0,80.0,3,90.47619047619048,2578,101
2024.0,35.0,SP,3536000.0,Parapuã,MUNICIPAL,75.6,73.38,-2.219999999999999,76.25,-2.8700000000000045,0,76.91,77.55,78.18,78.8,79.41,80.0,4,94.23076923076924,1647,145
2024.0,41.0,PR,4105607.0,Cidade Gaúcha,MUNICIPAL,64.7,63.42,-1.2800000000000011,67.22,-3.799999999999997,0,69.62,71.93,74.12,76.2,78.16,80.0,3,91.71597633136096,2558,305
2024.0,41.0,PR,4103008.0,Boa Esperança,MUNICIPAL,93.8,92.95,-0.8499999999999943,80.0,12.950000000000003,1,80.0,80.0,80.0,80.0,80.0,80.0,5,93.10344827586206,277,11
2024.0,26.0,PE,2611309.0,Pombos,MUNICIPAL,47.0,40.45,-6.549999999999997,52.33,-11.879999999999995,0,57.66,62.82,67.7,72.22,76.33,80.0,1,91.72413793103448,4260,167
2024.0,35.0,SP,3556107.0,Valentim Gentil,MUNICIPAL,67.1,85.95,18.85000000000001,69.19,16.760000000000005,1,71.2,73.13,74.98,76.74,78.42,80.0,5,91.78082191780824,606,50
2024.0,31.0,MG,3102209.0,Alvarenga,MUNICIPAL,39.5,87.5,48.0,45.84,41.66,1,52.3,58.69,64.79,70.45,75.54,80.0,5,93.75,518,110
2024.0,31.0,MG,3135803.0,Jequitinhonha,MUNICIPAL,44.0,55.65,11.649999999999999,49.76,5.890000000000001,1,55.55,61.2,66.56,71.52,76.02,80.0,2,91.05691056910568,3204,711
2024.0,33.0,RJ,3300605.0,Bom Jesus do Itabapoana,MUNICIPAL,57.9,70.64,12.740000000000002,61.57,9.07,1,65.11,68.49,71.69,74.68,77.45,80.0,4,85.56701030927834,1888,10
2024.0,29.0,BA,2922706.0,Nova Canaã,MUNICIPAL,29.5,50.0,20.5,36.6,13.399999999999999,1,44.35,52.39,60.31,67.72,74.34,80.0,2,100.0,3631,41
2024.0,22.0,PI,2206050.0,Massapê do Piauí,MUNICIPAL,45.9,60.66,14.759999999999998,51.46,9.199999999999996,1,56.95,62.27,67.31,71.98,76.22,80.0,3,97.72727272727272,2784,121
2024.0,52.0,GO,5212055.0,Jesúpolis,MUNICIPAL,100.0,100.0,0.0,80.0,20.0,1,80.0,80.0,80.0,80.0,80.0,80.0,5,100.0,1,1
2024.0,26.0,PE,2607802.0,Itaquitinga,MUNICIPAL,48.3,57.35,9.050000000000004,53.48,3.8700000000000045,1,58.59,63.53,68.2,72.53,76.47,80.0,2,93.97590361445783,3059,121
2024.0,17.0,TO,1721208.0,Tocantinópolis,MUNICIPAL,34.4,35.44,1.0399999999999991,41.22,-5.780000000000001,0,48.38,55.61,62.61,69.12,74.95,80.0,0,90.08264462809916,4539,109
2024.0,13.0,AM,1304062.0,Tabatinga,MUNICIPAL,41.5,37.75,-3.75,47.62,-9.869999999999997,0,53.79,59.84,65.6,70.94,75.76,80.0,0,87.45283018867924,4414,33
2024.0,43.0,RS,4301875.0,Barra do Quaraí,MUNICIPAL,61.0,25.5,-35.5,64.15,-38.650000000000006,0,67.17,70.06,72.79,75.36,77.77,80.0,0,100.0,4862,396
2024.0,35.0,SP,3535200.0,Palmeira d'Oeste,MUNICIPAL,67.6,83.91,16.310000000000002,69.6,14.310000000000002,1,71.53,73.39,75.16,76.86,78.47,80.0,5,95.0,742,60
2024.0,22.0,PI,2209203.0,Santa Filomena,MUNICIPAL,27.7,62.47,34.769999999999996,34.92,27.549999999999997,1,42.85,51.18,59.43,67.19,74.11,80.0,3,96.15384615384616,2638,114
2024.0,25.0,PB,2515807.0,Serra Redonda,MUNICIPAL,14.6,85.71000000000001,71.11000000000001,21.09,64.62,1,29.56,39.71,50.84,61.88,71.82,80.0,5,100.0,615,30
2024.0,25.0,PB,2514008.0,São João do Cariri,MUNICIPAL,29.6,60.71,31.11,36.7,24.009999999999998,1,44.44,52.47,60.36,67.75,74.35,80.0,3,97.61904761904762,2778,90
2024.0,29.0,BA,2931053.0,Tanque Novo,MUNICIPAL,63.5,61.8,-1.7000000000000028,66.17,-4.3700000000000045,0,68.78,71.29,73.66,75.91,78.02,80.0,3,94.6808510638298,2687,7
2024.0,43.0,RS,4305355.0,Charqueadas,MUNICIPAL,63.8,51.3,-12.5,66.43,-15.13000000000001,0,68.99,71.44,73.77,75.98,78.06,80.0,2,94.6153846153846,3548,204
2024.0,26.0,PE,2613503.0,São José do Belmonte,MUNICIPAL,46.7,60.42,13.719999999999999,52.12,8.300000000000004,1,57.48,62.68,67.6,72.16,76.3,80.0,3,96.22641509433964,2803,105
2024.0,27.0,AL,2702900.0,Girau do Ponciano,MUNICIPAL,35.7,39.96,4.259999999999998,42.43,-2.469999999999999,0,49.42,56.43,63.19,69.48,75.11,80.0,0,94.27207637231504,4289,72
2024.0,29.0,BA,2901106.0,Amélia Rodrigues,MUNICIPAL,37.5,47.14,9.64,44.02,3.1199999999999974,1,50.77,57.49,63.95,69.93,75.31,80.0,1,99.29078014184395,3847,63
2024.0,52.0,GO,5205703.0,Córrego do Ouro,MUNICIPAL,77.4,100.0,22.599999999999994,77.79,22.209999999999994,1,78.17,78.54,78.91,79.28,79.64,80.0,5,100.0,1,1
2024.0,43.0,RS,4318481.0,São José do Hortêncio,MUNICIPAL,78.8,43.8,-35.0,78.94,-35.14,0,79.12,79.3,79.48,79.65,79.83,80.0,1,100.0,4067,285
2024.0,17.0,TO,1718758.0,Rio Sono,MUNICIPAL,27.8,26.8,-1.0,35.01,-8.209999999999997,0,42.93,51.24,59.48,67.22,74.12,80.0,0,81.60919540229885,4831,119
2024.0,31.0,MG,3112703.0,Capitão Enéas,MUNICIPAL,61.9,63.8,1.8999999999999986,64.86,-1.0600000000000023,0,67.74,70.49,73.1,75.56,77.86,80.0,3,86.1271676300578,2530,634
2024.0,23.0,CE,2301307.0,Araripe,MUNICIPAL,75.5,77.22,1.7199999999999989,76.18,1.039999999999992,1,76.85,77.51,78.15,78.78,79.4,80.0,4,99.65034965034964,1288,150
2024.0,52.0,GO,5221700.0,Uruana,MUNICIPAL,75.6,97.73,22.13000000000001,76.25,21.480000000000004,1,76.91,77.55,78.18,78.8,79.41,80.0,5,100.0,102,12
2024.0,35.0,SP,3536257.0,Parisi,MUNICIPAL,76.7,90.72,14.019999999999996,77.23,13.489999999999995,1,77.71,78.18,78.65,79.1,79.56,80.0,5,96.96969696969695,375,32
2024.0,25.0,PB,2512309.0,Princesa Isabel,MUNICIPAL,97.5,86.29,-11.209999999999994,80.0,6.290000000000006,1,80.0,80.0,80.0,80.0,80.0,80.0,5,97.8494623655914,587,28
2024.0,33.0,RJ,3306008.0,Três Rios,MUNICIPAL,53.5,51.43,-2.0700000000000003,57.88,-6.450000000000003,0,62.15,66.24,70.1,73.69,77.0,80.0,2,88.2108183079057,3541,63
2024.0,51.0,MT,5107875.0,Sapezal,MUNICIPAL,69.8,84.38,14.579999999999998,71.39,12.989999999999995,1,72.97,74.49,75.96,77.37,78.71,80.0,5,79.2828685258964,714,13
2024.0,29.0,BA,2929701.0,Sátiro Dias,MUNICIPAL,15.4,30.68,15.28,22.02,8.66,1,30.51,40.59,51.52,62.31,72.0,80.0,0,91.66666666666666,4716,251
2024.0,23.0,CE,2308609.0,Monsenhor Tabosa,MUNICIPAL,96.5,99.36,2.8599999999999994,80.0,19.36,1,80.0,80.0,80.0,80.0,80.0,80.0,5,100.0,57,15
2024.0,21.0,MA,2101905.0,Bequimão,MUNICIPAL,33.0,59.75,26.75,39.93,19.82,1,47.27,54.73,61.98,68.74,74.78,80.0,2,92.7710843373494,2872,111
2024.0,41.0,PR,4120655.0,Quarto Centenário,MUNICIPAL,79.9,61.75,-18.150000000000006,79.9,-18.150000000000006,0,79.91,79.93,79.95,79.97,79.98,80.0,3,88.09523809523809,2692,319
2024.0,24.0,RN,2402907.0,Coronel João Pessoa,MUNICIPAL,23.9,47.83,23.93,31.08,16.75,1,39.35,48.28,57.32,65.9,73.55,80.0,1,86.95652173913044,3789,43
2024.0,29.0,BA,2914604.0,Irecê,MUNICIPAL,42.0,46.83,4.829999999999998,48.05,-1.2199999999999989,0,54.14,60.11,65.8,71.06,75.81,80.0,1,96.7741935483871,3865,66
2024.0,43.0,RS,4311007.0,Jaguarão,MUNICIPAL,48.2,33.6,-14.600000000000001,53.41,-19.809999999999995,0,58.54,63.49,68.17,72.51,76.46,80.0,0,81.75182481751825,4607,379
2024.0,22.0,PI,2202208.0,Campo Maior,MUNICIPAL,52.2,54.48,2.279999999999994,56.83,-2.3500000000000014,0,61.3,65.6,69.65,73.42,76.87,80.0,2,92.9460580912863,3307,144
2024.0,31.0,MG,3123601.0,Elói Mendes,MUNICIPAL,57.9,64.98,7.080000000000005,61.57,3.4100000000000037,1,65.11,68.49,71.69,74.68,77.45,80.0,3,87.98586572438163,2406,618
2024.0,21.0,MA,2113009.0,Vitorino Freire,MUNICIPAL,51.0,73.10000000000001,22.10000000000001,55.82,17.28000000000001,1,60.49,64.97,69.21,73.15,76.75,80.0,4,88.35616438356165,1676,55
2024.0,31.0,MG,3120409.0,Cristiano Otoni,MUNICIPAL,72.1,89.96000000000001,17.860000000000014,73.35,16.610000000000014,1,74.55,75.72,76.84,77.93,78.99,80.0,5,95.16129032258064,406,77
2024.0,31.0,MG,3157708.0,Santa Juliana,MUNICIPAL,62.9,58.13,-4.769999999999996,65.71,-7.579999999999991,0,68.42,71.01,73.47,75.79,77.97,80.0,2,92.92035398230088,3007,696
2024.0,29.0,BA,2914802.0,Itabuna,MUNICIPAL,31.6,29.75,-1.8500000000000014,38.61,-8.86,0,46.12,53.81,61.33,68.34,74.61,80.0,0,85.25641025641025,4747,265
2024.0,32.0,ES,3204302.0,Presidente Kennedy,MUNICIPAL,68.4,69.85000000000001,1.4500000000000028,70.22,-0.36999999999999034,0,72.03,73.77,75.44,77.03,78.55,80.0,3,90.54726368159204,1976,59
2024.0,41.0,PR,4107850.0,Flor da Serra do Sul,MUNICIPAL,85.7,85.55,-0.15000000000000568,80.0,5.549999999999997,1,80.0,80.0,80.0,80.0,80.0,80.0,5,96.875,630,47
2024.0,50.0,MS,5002605.0,Camapuã,MUNICIPAL,32.2,60.41,28.209999999999994,39.17,21.239999999999995,1,46.61,54.21,61.61,68.51,74.68,80.0,3,92.3913043478261,2806,27
2024.0,31.0,MG,3147709.0,Passa Tempo,MUNICIPAL,80.6,78.42,-2.1799999999999926,80.0,-1.5799999999999983,0,80.0,80.0,80.0,80.0,80.0,80.0,4,93.6842105263158,1161,313
2024.0,41.0,PR,4104428.0,Candói,MUNICIPAL,73.4,64.69,-8.710000000000008,74.4,-9.710000000000008,0,75.4,76.37,77.32,78.24,79.13,80.0,3,89.25619834710744,2438,295
2024.0,52.0,GO,5201306.0,Anicuns,MUNICIPAL,92.3,98.09,5.790000000000006,80.0,18.090000000000003,1,80.0,80.0,80.0,80.0,80.0,80.0,5,98.75776397515529,92,10
2024.0,35.0,SP,3519071.0,Hortolândia,MUNICIPAL,58.0,55.05,-2.950000000000003,61.65,-6.600000000000001,0,65.17,68.54,71.72,74.7,77.46,80.0,2,88.90935887988209,3261,417
2024.0,29.0,BA,2908408.0,Conceição do Coité,MUNICIPAL,28.6,30.94,2.34,35.73,-4.789999999999996,0,43.58,51.77,59.86,67.45,74.22,80.0,0,87.79527559055119,4707,247
2024.0,41.0,PR,4115358.0,Maripá,MUNICIPAL,81.0,76.69,-4.310000000000002,80.0,-3.3100000000000023,0,80.0,80.0,80.0,80.0,80.0,80.0,4,89.25619834710744,1346,157
2024.0,17.0,TO,1717909.0,Ponte Alta do Tocantins,MUNICIPAL,47.6,30.99,-16.610000000000003,52.89,-21.900000000000002,0,58.11,63.16,67.94,72.37,76.4,80.0,0,83.19327731092437,4705,116
2024.0,31.0,MG,3129400.0,Ibertioga,MUNICIPAL,89.4,87.87,-1.5300000000000011,80.0,7.8700000000000045,1,80.0,80.0,80.0,80.0,80.0,80.0,5,90.9090909090909,498,106
2024.0,41.0,PR,4108502.0,General Carneiro,MUNICIPAL,79.1,55.52,-23.57999999999999,79.19,-23.669999999999995,0,79.32,79.46,79.6,79.73,79.87,80.0,2,87.95180722891565,3222,347
2024.0,32.0,ES,3202900.0,Itarana,MUNICIPAL,78.0,82.15,4.150000000000006,78.33,3.8200000000000074,1,78.61,78.9,79.18,79.45,79.73,80.0,5,95.2941176470588,867,27
2024.0,35.0,SP,3515202.0,Estrela d'Oeste,MUNICIPAL,54.0,58.91,4.909999999999997,58.28,0.6299999999999955,1,62.47,66.48,70.27,73.8,77.05,80.0,2,88.76404494382022,2937,352
2024.0,22.0,PI,2210391.0,São Miguel do Fidalgo,MUNICIPAL,55.8,64.42,8.620000000000005,59.81,4.609999999999999,1,63.7,67.42,70.93,74.21,77.23,80.0,3,96.15384615384616,2465,104
2024.0,21.0,MA,2106672.0,Milagres do Maranhão,MUNICIPAL,100.0,96.86,-3.1400000000000006,80.0,16.86,1,80.0,80.0,80.0,80.0,80.0,80.0,5,97.05882352941175,128,4
2024.0,13.0,AM,1301308.0,Codajás,MUNICIPAL,43.7,40.59,-3.1099999999999994,49.49,-8.899999999999999,0,55.33,61.03,66.44,71.45,75.98,80.0,1,86.86868686868688,4252,29
2024.0,51.0,MT,5106505.0,Poconé,MUNICIPAL,31.4,38.36,6.960000000000001,38.45,-0.09000000000000341,0,45.98,53.7,61.25,68.29,74.59,80.0,0,91.60493827160494,4377,131
2024.0,29.0,BA,2917334.0,Iuiu,MUNICIPAL,49.0,25.53,-23.47,54.11,-28.58,0,59.11,63.92,68.47,72.69,76.54,80.0,0,94.94949494949496,4861,324
2024.0,35.0,SP,3506706.0,Boa Esperança do Sul,MUNICIPAL,42.1,55.34,13.240000000000002,48.12,7.220000000000006,1,54.2,60.16,65.83,71.08,75.82,80.0,2,94.0,3233,412
2024.0,42.0,SC,4216404.0,São João do Sul,MUNICIPAL,,76.69,,,,,77.27,77.84,78.39,78.94,79.47,80.0,4,79.3103448275862,1346,72
2024.0,35.0,SP,3516408.0,Franco da Rocha,MUNICIPAL,50.9,46.57,-4.329999999999998,55.69,-9.119999999999997,0,60.38,64.9,69.16,73.11,76.73,80.0,1,90.01085776330075,3887,527
2024.0,35.0,SP,3553856.0,Taquarivaí,MUNICIPAL,62.1,47.19,-14.910000000000004,65.02,-17.83,0,67.87,70.59,73.17,75.6,77.88,80.0,1,88.29787234042553,3842,516
2024.0,31.0,MG,3169604.0,Tupaciguara,MUNICIPAL,39.0,58.34,19.340000000000003,45.41,12.930000000000007,1,51.94,58.4,64.59,70.32,75.48,80.0,2,89.01960784313725,2981,692
2024.0,31.0,MG,3132404.0,Itajubá,MUNICIPAL,59.8,79.10000000000001,19.30000000000001,63.11,15.990000000000009,1,66.34,69.43,72.35,75.09,77.64,80.0,4,87.192118226601,1112,296
2024.0,27.0,AL,2706448.0,Paripueira,MUNICIPAL,53.4,35.800000000000004,-17.599999999999994,57.82,-22.019999999999996,0,62.1,66.2,70.08,73.68,76.99,80.0,0,99.57081545064378,4524,84
2024.0,23.0,CE,2313955.0,Varjota,MUNICIPAL,99.6,98.06,-1.539999999999992,80.0,18.060000000000002,1,80.0,80.0,80.0,80.0,80.0,80.0,5,99.51456310679612,94,42
2024.0,31.0,MG,3168309.0,Taquaraçu de Minas,MUNICIPAL,66.1,94.4,28.30000000000001,68.34,26.060000000000002,1,70.52,72.61,74.61,76.51,78.3,80.0,5,85.48387096774194,225,25
2024.0,29.0,BA,2915403.0,Itaju do Colônia,MUNICIPAL,20.2,15.25,-4.949999999999999,27.27,-12.02,0,35.74,45.21,55.05,64.5,72.94,80.0,0,74.68354430379746,4963,369
2024.0,31.0,MG,3132503.0,Itamarandiba,MUNICIPAL,59.1,81.25,22.15,62.57,18.68,1,65.91,69.1,72.11,74.94,77.57,80.0,5,94.2528735632184,943,251
2024.0,41.0,PR,4103222.0,Bom Sucesso do Sul,MUNICIPAL,82.0,71.33,-10.670000000000002,80.0,-8.670000000000002,0,80.0,80.0,80.0,80.0,80.0,80.0,4,92.45283018867924,1828,239
2024.0,35.0,SP,3503505.0,Areias,MUNICIPAL,59.5,56.95,-2.549999999999997,62.9,-5.949999999999996,0,66.17,69.29,72.25,75.03,77.61,80.0,2,81.08108108108108,3099,384
2024.0,15.0,PA,1506500.0,Santa Izabel do Pará,MUNICIPAL,40.8,34.18,-6.619999999999997,46.98,-12.799999999999997,0,53.25,59.42,65.31,70.76,75.68,80.0,0,88.35063437139561,4589,113
2024.0,35.0,SP,3523107.0,Itaquaquecetuba,MUNICIPAL,43.0,57.19,14.189999999999998,48.89,8.299999999999997,1,54.84,60.65,66.17,71.29,75.91,80.0,2,92.72987917263976,3072,378
2024.0,41.0,PR,4117271.0,Nova Tebas,MUNICIPAL,89.2,84.88,-4.320000000000007,80.0,4.8799999999999955,1,80.0,80.0,80.0,80.0,80.0,80.0,5,95.34883720930232,675,57
2024.0,24.0,RN,2408003.0,Mossoró,MUNICIPAL,38.1,45.41,7.309999999999995,44.54,0.8699999999999974,1,51.21,57.83,64.19,70.08,75.37,80.0,1,80.69073783359497,3963,50
2024.0,31.0,MG,3162450.0,São João das Missões,MUNICIPAL,40.9,33.42,-7.479999999999997,47.08,-13.659999999999997,0,53.33,59.48,65.35,70.79,75.69,80.0,0,89.85507246376811,4612,757
2024.0,29.0,BA,2901908.0,Aporá,MUNICIPAL,17.8,16.52,-1.2800000000000011,24.7,-8.18,0,33.23,43.02,53.39,63.48,72.5,80.0,0,96.63865546218489,4959,366
2024.0,43.0,RS,4300646.0,Ametista do Sul,MUNICIPAL,49.0,70.8,21.799999999999997,54.07,16.729999999999997,1,59.07,63.89,68.45,72.68,76.54,80.0,4,88.88888888888889,1869,52
2024.0,15.0,PA,1502202.0,Capanema,MUNICIPAL,62.0,59.49,-2.509999999999998,64.97,-5.479999999999997,0,67.83,70.55,73.14,75.59,77.87,80.0,2,84.05405405405405,2898,20
2024.0,41.0,PR,4117453.0,Ouro Verde do Oeste,MUNICIPAL,86.7,90.05,3.3499999999999943,80.0,10.049999999999997,1,80.0,80.0,80.0,80.0,80.0,80.0,5,84.52380952380952,399,20
2024.0,52.0,GO,5213053.0,Mimoso de Goiás,MUNICIPAL,66.7,80.0,13.299999999999997,68.83,11.170000000000002,1,70.92,72.91,74.82,76.64,78.37,80.0,5,100.0,1035,123
2024.0,51.0,MT,5106828.0,Porto Esperidião,MUNICIPAL,44.0,49.8,5.799999999999997,49.74,0.05999999999999517,1,55.54,61.19,66.55,71.52,76.02,80.0,1,88.125,3655,119
2024.0,41.0,PR,4105102.0,Centenário do Sul,MUNICIPAL,54.3,74.15,19.85000000000001,58.53,15.620000000000005,1,62.67,66.64,70.38,73.87,77.08,80.0,4,81.73913043478261,1584,197
2024.0,41.0,PR,4114104.0,Mandaguaçu,MUNICIPAL,60.2,62.29,2.0899999999999963,63.44,-1.1499999999999986,0,66.6,69.62,72.48,75.17,77.68,80.0,3,90.13333333333333,2652,313
2024.0,35.0,SP,3549102.0,São João da Boa Vista,MUNICIPAL,54.6,61.6,7.0,58.79,2.8100000000000023,1,62.88,66.79,70.49,73.93,77.11,80.0,3,90.08620689655172,2706,304
2024.0,15.0,PA,1508100.0,Tucuruí,MUNICIPAL,37.3,44.7,7.400000000000006,43.83,0.8700000000000045,1,50.61,57.37,63.86,69.88,75.29,80.0,1,81.70028818443804,4010,83
2024.0,29.0,BA,2919157.0,Lapão,MUNICIPAL,25.1,25.25,0.14999999999999858,32.3,-7.049999999999997,0,40.48,49.22,58.01,66.32,73.73,80.0,0,96.78456591639872,4866,326
2024.0,29.0,BA,2902252.0,Arataca,MUNICIPAL,16.9,13.11,-3.789999999999999,23.69,-10.580000000000002,0,32.22,42.13,52.71,63.05,72.32,80.0,0,79.22077922077922,4967,371
2024.0,31.0,MG,3170578.0,Vargem Alegre,MUNICIPAL,82.7,83.44,0.7399999999999949,80.0,3.4399999999999977,1,80.0,80.0,80.0,80.0,80.0,80.0,5,93.75,768,194
2024.0,35.0,SP,3539202.0,Pirapozinho,MUNICIPAL,75.1,69.44,-5.659999999999997,75.83,-6.390000000000001,0,76.56,77.28,77.99,78.67,79.34,80.0,3,87.12121212121212,2012,191
2024.0,31.0,MG,3164407.0,São Sebastião da Bela Vista,MUNICIPAL,67.0,90.92,23.92,69.08,21.840000000000003,1,71.11,73.07,74.93,76.71,78.4,80.0,5,93.75,360,61
2024.0,52.0,GO,5214838.0,Nova Crixás,MUNICIPAL,64.4,71.87,7.469999999999999,66.92,4.950000000000003,1,69.39,71.75,73.99,76.12,78.12,80.0,4,97.94520547945206,1778,168
2024.0,26.0,PE,2600500.0,Águas Belas,MUNICIPAL,57.6,59.77,2.1700000000000017,61.28,-1.509999999999998,0,64.88,68.31,71.56,74.6,77.41,80.0,2,98.0603448275862,2871,108
2024.0,17.0,TO,1718709.0,Rio dos Bois,MUNICIPAL,17.5,46.58,29.08,24.42,22.159999999999997,1,32.95,42.77,53.2,63.36,72.45,80.0,1,92.85714285714286,3885,69
2024.0,51.0,MT,5107297.0,São José do Povo,MUNICIPAL,80.7,74.75,-5.950000000000003,80.0,-5.25,0,80.0,80.0,80.0,80.0,80.0,80.0,4,93.93939393939394,1531,35
2024.0,41.0,PR,4109609.0,Guaratuba,MUNICIPAL,67.4,66.9,-0.5,69.4,-2.5,0,71.37,73.26,75.07,76.8,78.44,80.0,3,84.77088948787062,2241,282
2024.0,33.0,RJ,3300100.0,Angra dos Reis,MUNICIPAL,57.0,60.8,3.799999999999997,60.82,-0.020000000000003126,0,64.51,68.03,71.36,74.47,77.36,80.0,3,85.63855421686746,2768,41
2024.0,43.0,RS,4319109.0,São Martinho,MUNICIPAL,83.6,64.5,-19.099999999999994,80.0,-15.5,0,80.0,80.0,80.0,80.0,80.0,80.0,3,90.76923076923076,2456,93
2024.0,51.0,MT,5103056.0,Cláudia,MUNICIPAL,58.4,66.28,7.880000000000003,61.97,4.310000000000002,1,65.43,68.73,71.86,74.78,77.5,80.0,3,93.42105263157896,2297,66
2024.0,35.0,SP,3507456.0,Borebi,MUNICIPAL,61.1,53.42,-7.68,64.23,-10.810000000000002,0,67.24,70.11,72.83,75.39,77.78,80.0,2,94.54545454545456,3392,448
2024.0,26.0,PE,2602803.0,Buíque,MUNICIPAL,52.5,55.5,3.0,57.08,-1.5799999999999983,0,61.51,65.75,69.76,73.48,76.9,80.0,2,96.57794676806084,3223,132
2024.0,21.0,MA,2110237.0,Santana do Maranhão,MUNICIPAL,85.9,54.17,-31.730000000000004,80.0,-25.83,0,80.0,80.0,80.0,80.0,80.0,80.0,2,93.75,3339,145
2024.0,31.0,MG,3149002.0,Pedra Dourada,MUNICIPAL,53.7,80.0,26.299999999999997,58.09,21.909999999999997,1,62.32,66.37,70.19,73.75,77.02,80.0,5,100.0,1035,275
2024.0,11.0,RO,1101435.0,Nova União,MUNICIPAL,60.7,70.92,10.219999999999999,63.85,7.07,1,66.93,69.87,72.66,75.28,77.73,80.0,4,90.42553191489364,1855,18
2024.0,21.0,MA,2108009.0,Pastos Bons,MUNICIPAL,74.2,64.01,-10.189999999999998,75.06,-11.049999999999997,0,75.94,76.79,77.63,78.44,79.23,80.0,3,95.0207468879668,2514,94
2024.0,43.0,RS,4304655.0,Capão do Cipó,MUNICIPAL,88.7,71.8,-16.900000000000006,80.0,-8.200000000000003,0,80.0,80.0,80.0,80.0,80.0,80.0,4,84.0,1787,47
2024.0,43.0,RS,4320206.0,Seberi,MUNICIPAL,83.7,68.0,-15.700000000000003,80.0,-12.0,0,80.0,80.0,80.0,80.0,80.0,80.0,3,88.88888888888889,2152,68
2024.0,15.0,PA,1506906.0,Santarém Novo,MUNICIPAL,52.2,78.25,26.049999999999997,56.76,21.490000000000002,1,61.25,65.56,69.62,73.4,76.86,80.0,4,89.70588235294117,1176,2
2024.0,25.0,PB,2511202.0,Pedras de Fogo,MUNICIPAL,37.3,48.58,11.280000000000001,43.85,4.729999999999997,1,50.63,57.38,63.87,69.88,75.29,80.0,1,93.53233830845772,3735,138
2024.0,35.0,SP,3503356.0,Arco-Íris,MUNICIPAL,28.6,77.27,48.669999999999995,35.72,41.55,1,43.57,51.76,59.86,67.45,74.22,80.0,4,100.0,1277,109
2024.0,43.0,RS,4307815.0,Estrela Velha,MUNICIPAL,96.8,60.0,-36.8,80.0,-20.0,0,80.0,80.0,80.0,80.0,80.0,80.0,3,100.0,2836,123
2024.0,17.0,TO,1718907.0,Santa Rosa do Tocantins,MUNICIPAL,20.9,36.92,16.020000000000003,27.99,8.930000000000003,1,36.44,45.81,55.5,64.78,73.06,80.0,0,89.28571428571429,4463,102
2024.0,26.0,PE,2601805.0,Betânia,MUNICIPAL,70.5,76.97,6.469999999999999,71.97,5.0,1,73.43,74.85,76.22,77.53,78.79,80.0,4,98.9247311827957,1315,43
2024.0,15.0,PA,1508001.0,Tomé-Açu,MUNICIPAL,48.0,49.49,1.490000000000002,53.23,-3.739999999999995,0,58.39,63.38,68.09,72.46,76.44,80.0,1,88.25878594249201,3676,59
2024.0,42.0,SC,4209805.0,Leoberto Leal,MUNICIPAL,75.0,62.5,-12.5,75.76,-13.260000000000005,0,76.51,77.24,77.95,78.65,79.33,80.0,3,100.0,2630,176
2024.0,27.0,AL,2707701.0,Rio Largo,MUNICIPAL,36.9,38.78,1.8800000000000026,43.48,-4.699999999999996,0,50.31,57.13,63.69,69.78,75.24,80.0,0,90.57971014492752,4354,77
2024.0,28.0,SE,2801900.0,Cumbe,MUNICIPAL,44.1,54.53,10.43,49.89,4.640000000000001,1,55.66,61.28,66.62,71.56,76.03,80.0,2,89.1891891891892,3304,9
2024.0,25.0,PB,2500205.0,Aguiar,MUNICIPAL,68.7,61.96,-6.740000000000002,70.54,-8.580000000000005,0,72.28,73.96,75.58,77.12,78.6,80.0,3,97.82608695652172,2674,85
2024.0,22.0,PI,2209906.0,São João da Serra,MUNICIPAL,49.3,93.97,44.67,54.3,39.67,1,59.26,64.04,68.55,72.74,76.57,80.0,5,98.0392156862745,241,26
2024.0,29.0,BA,2906873.0,Capim Grosso,MUNICIPAL,26.2,29.34,3.1400000000000006,33.41,-4.069999999999997,0,41.49,50.06,58.62,66.69,73.89,80.0,0,92.01520912547528,4760,273
2024.0,31.0,MG,3129608.0,Ibiaí,MUNICIPAL,57.0,76.41,19.409999999999997,60.78,15.629999999999995,1,64.47,68.01,71.34,74.46,77.35,80.0,4,96.7741935483871,1368,374
2024.0,32.0,ES,3201308.0,Cariacica,MUNICIPAL,57.2,64.57000000000001,7.3700000000000045,60.94,3.6300000000000097,1,64.61,68.11,71.41,74.51,77.37,80.0,3,87.43104806934593,2448,67
2024.0,41.0,PR,4115705.0,Matinhos,MUNICIPAL,70.4,63.15,-7.250000000000007,71.91,-8.759999999999998,0,73.39,74.81,76.19,77.51,78.78,80.0,3,80.43117744610282,2583,307
2024.0,29.0,BA,2919900.0,Macururé,MUNICIPAL,4.7,12.5,7.8,8.39,4.109999999999999,1,14.66,24.38,37.7,53.17,68.06,80.0,0,100.0,4970,372
2024.0,35.0,SP,3503109.0,Arandu,MUNICIPAL,54.2,56.61,2.4099999999999966,58.49,-1.8800000000000026,0,62.64,66.61,70.36,73.85,77.07,80.0,2,90.0,3125,388
2024.0,17.0,TO,1708205.0,Formoso do Araguaia,MUNICIPAL,63.7,45.42,-18.28,66.36,-20.939999999999998,0,68.94,71.4,73.75,75.96,78.05,80.0,1,88.0,3959,73
2024.0,35.0,SP,3525904.0,Jundiaí,MUNICIPAL,69.2,70.49,1.289999999999992,70.94,-0.45000000000000284,0,72.61,74.22,75.76,77.24,78.65,80.0,4,90.8595170085692,1898,175
2024.0,26.0,PE,2616100.0,Verdejante,MUNICIPAL,53.4,68.84,15.440000000000005,57.8,11.040000000000006,1,62.08,66.19,70.06,73.67,76.99,80.0,3,96.82539682539682,2067,69
2024.0,31.0,MG,3155405.0,Rio Novo,MUNICIPAL,39.0,65.4,26.400000000000006,45.41,19.99000000000001,1,51.94,58.4,64.59,70.32,75.48,80.0,3,86.40776699029125,2365,612
2024.0,35.0,SP,3527702.0,Luiziânia,MUNICIPAL,54.6,54.95,0.3500000000000014,58.85,-3.8999999999999986,0,62.93,66.83,70.51,73.95,77.12,80.0,2,92.15686274509804,3268,420
2024.0,51.0,MT,5106257.0,Nova Xavantina,MUNICIPAL,71.6,45.12,-26.479999999999997,72.93,-27.81000000000001,0,74.21,75.45,76.65,77.81,78.93,80.0,1,89.41605839416059,3986,125
2024.0,21.0,MA,2103158.0,Centro do Guilherme,MUNICIPAL,92.9,87.93,-4.969999999999999,80.0,7.930000000000007,1,80.0,80.0,80.0,80.0,80.0,80.0,5,95.90163934426228,492,16
2024.0,35.0,SP,3507803.0,Brodowski,MUNICIPAL,53.7,54.27,0.5700000000000003,58.03,-3.759999999999998,0,62.27,66.33,70.17,73.73,77.02,80.0,2,88.19188191881919,3328,431
2024.0,41.0,PR,4120903.0,Quedas do Iguaçu,MUNICIPAL,71.7,62.11,-9.590000000000003,73.0,-10.89,0,74.27,75.5,76.68,77.83,78.94,80.0,3,87.73006134969326,2665,316
2024.0,26.0,PE,2608800.0,Lajedo,MUNICIPAL,47.7,57.42,9.719999999999999,52.98,4.440000000000005,1,58.19,63.22,67.98,72.39,76.41,80.0,2,94.65116279069768,3052,120
2024.0,43.0,RS,4313508.0,Osório,MUNICIPAL,67.8,44.5,-23.299999999999997,69.76,-25.260000000000005,0,71.66,73.48,75.23,76.9,78.49,80.0,1,83.75634517766497,4018,275
2024.0,51.0,MT,5103858.0,Gaúcha do Norte,MUNICIPAL,45.0,59.6,14.600000000000001,50.68,8.920000000000002,1,56.31,61.78,66.97,71.77,76.13,80.0,2,87.71929824561403,2889,89
2024.0,51.0,MT,5101852.0,Bom Jesus do Araguaia,MUNICIPAL,31.3,82.63,51.33,38.34,44.28999999999999,1,45.89,53.63,61.2,68.26,74.58,80.0,5,90.4,827,17
2024.0,35.0,SP,3532504.0,Neves Paulista,MUNICIPAL,90.6,74.47,-16.129999999999995,80.0,-5.530000000000001,0,80.0,80.0,80.0,80.0,80.0,80.0,4,95.1219512195122,1555,132
2024.0,22.0,PI,2207900.0,Pedro II,MUNICIPAL,25.1,41.98,16.879999999999995,32.31,9.669999999999995,1,40.49,49.23,58.01,66.32,73.73,80.0,1,93.1472081218274,4172,185
2024.0,28.0,SE,2805901.0,Riachuelo,MUNICIPAL,11.3,31.48,20.18,17.27,14.21,1,25.46,35.84,47.75,59.92,70.98,80.0,0,98.9247311827957,4685,41
2024.0,43.0,RS,4319737.0,São Valério do Sul,MUNICIPAL,71.4,46.2,-25.200000000000003,72.78,-26.58,0,74.09,75.36,76.58,77.77,78.9,80.0,1,100.0,3909,257
2024.0,43.0,RS,4319802.0,São Vicente do Sul,MUNICIPAL,77.3,45.7,-31.599999999999994,77.73,-32.03,0,78.12,78.5,78.89,79.26,79.63,80.0,1,88.05970149253731,3938,262
2024.0,31.0,MG,3125903.0,Ferros,MUNICIPAL,38.1,70.78,32.68,44.57,26.21,1,51.24,57.85,64.2,70.09,75.38,80.0,4,86.36363636363636,1874,508
2024.0,35.0,SP,3513900.0,Divinolândia,MUNICIPAL,52.3,61.36,9.060000000000002,56.9,4.460000000000001,1,61.36,65.64,69.68,73.43,76.88,80.0,3,94.31818181818184,2725,313
2024.0,42.0,SC,4204806.0,Curitibanos,MUNICIPAL,48.6,53.48,4.8799999999999955,53.71,-0.23000000000000398,0,58.78,63.67,68.3,72.59,76.5,80.0,2,72.41379310344827,3387,218
2024.0,51.0,MT,5103254.0,Colniza,MUNICIPAL,41.7,69.19,27.489999999999995,47.78,21.409999999999997,1,53.92,59.94,65.67,70.98,75.78,80.0,3,90.27149321266968,2037,50
2024.0,51.0,MT,5105234.0,Lambari D'Oeste,MUNICIPAL,87.1,51.5,-35.599999999999994,80.0,-28.5,0,80.0,80.0,80.0,80.0,80.0,80.0,2,85.29411764705883,3537,115
2024.0,17.0,TO,1713304.0,Miranorte,MUNICIPAL,52.6,63.01,10.409999999999997,57.09,5.919999999999995,1,61.51,65.76,69.76,73.49,76.9,80.0,3,86.8421052631579,2590,14
2024.0,25.0,PB,2505279.0,Curral de Cima,MUNICIPAL,57.1,55.56,-1.5399999999999991,60.93,-5.369999999999997,0,64.6,68.1,71.41,74.5,77.37,80.0,2,100.0,3214,105
2024.0,35.0,SP,3535507.0,Paraguaçu Paulista,MUNICIPAL,48.2,56.93,8.729999999999997,53.39,3.539999999999999,1,58.52,63.47,68.16,72.5,76.46,80.0,2,88.98678414096916,3103,385
2024.0,43.0,RS,4321402.0,Tenente Portela,MUNICIPAL,67.6,65.0,-2.5999999999999943,69.61,-4.609999999999999,0,71.54,73.39,75.17,76.86,78.47,80.0,3,94.56521739130434,2401,85
2024.0,52.0,GO,5208905.0,Goiás,MUNICIPAL,67.5,87.52,20.019999999999996,69.49,18.03,1,71.44,73.32,75.11,76.83,78.46,80.0,5,89.47368421052632,515,57
2024.0,43.0,RS,4300638.0,Amaral Ferrador,MUNICIPAL,70.6,57.2,-13.399999999999991,72.06,-14.86,0,73.51,74.91,76.26,77.56,78.8,80.0,2,76.66666666666667,3070,151
2024.0,17.0,TO,1710508.0,Itacajá,MUNICIPAL,60.5,41.1,-19.4,63.69,-22.589999999999996,0,66.81,69.78,72.59,75.24,77.71,80.0,1,93.61702127659576,4217,85
2024.0,52.0,GO,5218904.0,Rubiataba,MUNICIPAL,77.5,87.69,10.189999999999998,77.9,9.789999999999992,1,78.26,78.61,78.97,79.32,79.66,80.0,5,92.37668161434978,508,54
2024.0,51.0,MT,5100102.0,Acorizal,MUNICIPAL,38.0,40.41,2.4099999999999966,44.52,-4.1100000000000065,0,51.19,57.82,64.18,70.07,75.37,80.0,1,95.3846153846154,4265,130
2024.0,31.0,MG,3135407.0,Jeceaba,MUNICIPAL,67.6,88.66,21.060000000000002,69.58,19.08,1,71.51,73.37,75.15,76.85,78.47,80.0,5,95.8904109589041,454,94
2024.0,32.0,ES,3202306.0,Guaçuí,MUNICIPAL,74.0,76.71000000000001,2.710000000000008,74.96,1.7500000000000142,1,75.85,76.73,77.58,78.41,79.22,80.0,4,92.22520107238606,1343,46
2024.0,51.0,MT,5103809.0,Figueirópolis D'Oeste,MUNICIPAL,86.0,58.78,-27.22,80.0,-21.22,0,80.0,80.0,80.0,80.0,80.0,80.0,2,87.8048780487805,2947,93
2024.0,26.0,PE,2600054.0,Abreu e Lima,MUNICIPAL,47.4,46.4,-1.0,52.75,-6.350000000000001,0,58.0,63.08,67.88,72.33,76.38,80.0,1,90.36295369211514,3899,156
2024.0,22.0,PI,2200954.0,Aroeiras do Itaim,MUNICIPAL,53.3,80.95,27.650000000000006,57.75,23.200000000000003,1,62.04,66.16,70.04,73.66,76.98,80.0,5,100.0,964,63
2024.0,35.0,SP,3549409.0,São Joaquim da Barra,MUNICIPAL,45.5,50.24,4.740000000000002,51.12,-0.8799999999999955,0,56.67,62.06,67.16,71.89,76.18,80.0,2,88.18897637795276,3622,485
2024.0,50.0,MS,5007695.0,São Gabriel do Oeste,MUNICIPAL,52.3,62.1,9.800000000000004,56.9,5.200000000000003,1,61.36,65.64,69.68,73.43,76.88,80.0,3,95.3061224489796,2667,23
2024.0,29.0,BA,2927507.0,Santa Bárbara,MUNICIPAL,21.0,31.58,10.579999999999998,28.15,3.4299999999999997,1,36.59,45.94,55.59,64.84,73.09,80.0,0,92.36111111111111,4677,238
2024.0,21.0,MA,2112308.0,Tuntum,MUNICIPAL,38.9,66.43,27.53000000000001,45.32,21.110000000000007,1,51.86,58.34,64.55,70.3,75.47,80.0,3,93.125,2289,85
2024.0,41.0,PR,4110078.0,Imbaú,MUNICIPAL,71.9,70.26,-1.6400000000000006,73.19,-2.9299999999999926,0,74.42,75.61,76.77,77.88,78.96,80.0,4,89.26829268292683,1925,250
2024.0,31.0,MG,3129301.0,Iapu,MUNICIPAL,37.1,67.68,30.580000000000005,43.66,24.02000000000001,1,50.47,57.25,63.78,69.83,75.26,80.0,3,93.75,2177,572
2024.0,31.0,MG,3144300.0,Nanuque,MUNICIPAL,52.0,57.67,5.670000000000002,56.6,1.0700000000000003,1,61.12,65.46,69.55,73.36,76.84,80.0,2,90.9090909090909,3033,700
2024.0,35.0,SP,3550803.0,São Sebastião da Grama,MUNICIPAL,64.8,68.66,3.8599999999999994,67.26,1.3999999999999915,1,69.66,71.95,74.14,76.21,78.16,80.0,3,91.58878504672896,2086,197
2024.0,41.0,PR,4127205.0,Terra Boa,MUNICIPAL,86.0,89.10000000000001,3.1000000000000085,80.0,9.100000000000009,1,80.0,80.0,80.0,80.0,80.0,80.0,5,85.09803921568627,445,25
2024.0,41.0,PR,4102406.0,Bandeirantes,MUNICIPAL,75.4,72.78,-2.6200000000000045,76.11,-3.3299999999999983,0,76.79,77.46,78.12,78.76,79.39,80.0,4,89.88095238095238,1701,223
2024.0,43.0,RS,4318200.0,São Francisco de Paula,MUNICIPAL,56.8,37.7,-19.099999999999994,60.65,-22.949999999999996,0,64.37,67.93,71.29,74.43,77.34,80.0,0,92.5925925925926,4418,349
2024.0,41.0,PR,4124053.0,Santa Terezinha de Itaipu,MUNICIPAL,81.3,79.46000000000001,-1.8399999999999892,80.0,-0.539999999999992,0,80.0,80.0,80.0,80.0,80.0,80.0,4,85.21400778210116,1090,113
2024.0,31.0,MG,3129905.0,Ibitiúra de Minas,MUNICIPAL,38.1,78.04,39.940000000000005,44.57,33.470000000000006,1,51.24,57.85,64.2,70.09,75.38,80.0,4,91.42857142857144,1193,323
2024.0,26.0,PE,2603926.0,Carnaubeira da Penha,MUNICIPAL,84.3,100.0,15.700000000000003,80.0,20.0,1,80.0,80.0,80.0,80.0,80.0,80.0,5,100.0,1,1
2024.0,50.0,MS,5002407.0,Caarapó,MUNICIPAL,52.9,66.23,13.330000000000005,57.41,8.820000000000007,1,61.77,65.95,69.9,73.57,76.94,80.0,3,85.2112676056338,2299,19
2024.0,13.0,AM,1303536.0,Presidente Figueiredo,MUNICIPAL,34.2,35.31,1.1099999999999994,41.0,-5.689999999999998,0,48.19,55.46,62.51,69.06,74.92,80.0,0,71.656050955414,4545,37
2024.0,29.0,BA,2903102.0,Barra do Rocha,MUNICIPAL,38.1,39.62,1.519999999999996,44.61,-4.990000000000002,0,51.27,57.88,64.22,70.1,75.38,80.0,0,96.36363636363636,4309,131
2024.0,26.0,PE,2606606.0,Ibimirim,MUNICIPAL,50.8,61.76,10.96,55.58,6.18,1,60.3,64.83,69.11,73.08,76.72,80.0,3,98.44961240310076,2690,102
2024.0,31.0,MG,3121100.0,Delfim Moreira,MUNICIPAL,63.5,93.02,29.519999999999996,66.18,26.83999999999999,1,68.79,71.29,73.67,75.91,78.02,80.0,5,100.0,275,38
2024.0,25.0,PB,2502151.0,Boa Vista,MUNICIPAL,68.6,49.49,-19.109999999999992,70.41,-20.919999999999995,0,72.18,73.88,75.52,77.08,78.58,80.0,1,91.25,3676,130
2024.0,31.0,MG,3143906.0,Muriaé,MUNICIPAL,58.5,73.13,14.629999999999995,62.06,11.069999999999993,1,65.5,68.78,71.89,74.8,77.51,80.0,4,83.07349665924276,1673,452
2024.0,31.0,MG,3157278.0,Santa Bárbara do Monte Verde,MUNICIPAL,52.0,67.82000000000001,15.820000000000007,56.62,11.20000000000001,1,61.13,65.47,69.56,73.36,76.85,80.0,3,83.33333333333334,2166,570
2024.0,35.0,SP,3513504.0,Cubatão,MUNICIPAL,48.5,45.43,-3.0700000000000003,53.65,-8.219999999999999,0,58.73,63.64,68.27,72.57,76.49,80.0,1,85.76675849403122,3958,532
2024.0,50.0,MS,5003306.0,Coxim,MUNICIPAL,39.7,39.19,-0.5100000000000051,45.99,-6.800000000000004,0,52.43,58.78,64.86,70.49,75.56,80.0,0,92.1104536489152,4328,70
2024.0,24.0,RN,2410207.0,Portalegre,MUNICIPAL,50.9,65.36,14.46,55.67,9.689999999999998,1,60.37,64.89,69.15,73.11,76.73,80.0,3,87.65432098765432,2371,9
2024.0,42.0,SC,4206652.0,Guatambú,MUNICIPAL,44.4,38.7,-5.699999999999996,50.17,-11.469999999999999,0,55.89,61.46,66.74,71.63,76.07,80.0,0,81.34328358208955,4358,237
2024.0,12.0,AC,1200450.0,Senador Guiomard,MUNICIPAL,,43.66,,,,,50.47,57.26,63.78,69.83,75.27,80.0,1,76.66666666666667,4078,11
2024.0,41.0,PR,4109500.0,Guaraqueçaba,MUNICIPAL,70.1,57.18,-12.919999999999995,71.7,-14.520000000000003,0,73.22,74.68,76.1,77.45,78.75,80.0,2,72.41379310344827,3073,342
2024.0,35.0,SP,3549508.0,São José da Bela Vista,MUNICIPAL,47.6,50.38,2.780000000000001,52.91,-2.529999999999994,0,58.14,63.18,67.95,72.37,76.4,80.0,2,91.01123595505618,3617,483
2024.0,43.0,RS,4309308.0,Guaíba,MUNICIPAL,49.7,31.5,-18.200000000000003,54.7,-23.200000000000003,0,59.58,64.28,68.73,72.85,76.61,80.0,0,81.72757475083057,4683,386
2024.0,52.0,GO,5219712.0,Santo Antônio da Barra,MUNICIPAL,82.5,91.64,9.14,80.0,11.64,1,80.0,80.0,80.0,80.0,80.0,80.0,5,93.5897435897436,329,39
2024.0,28.0,SE,2802908.0,Itabaiana,MUNICIPAL,26.6,41.79,15.189999999999998,33.84,7.949999999999996,1,41.88,50.37,58.85,66.83,73.95,80.0,1,88.18791946308725,4183,19
2024.0,31.0,MG,3157609.0,Santa Fé de Minas,MUNICIPAL,33.4,72.51,39.11000000000001,40.26,32.25000000000001,1,47.56,54.96,62.15,68.84,74.83,80.0,4,97.5609756097561,1715,464
2024.0,31.0,MG,3101631.0,Alfredo Vasconcelos,MUNICIPAL,72.0,78.08,6.079999999999998,73.26,4.819999999999993,1,74.48,75.66,76.8,77.91,78.97,80.0,4,94.84536082474226,1190,321
2024.0,15.0,PA,1501956.0,Cachoeira do Piriá,MUNICIPAL,47.7,52.04,4.339999999999996,53.0,-0.9600000000000009,0,58.2,63.23,67.99,72.4,76.41,80.0,2,75.80645161290323,3492,43
2024.0,31.0,MG,3127503.0,Gonzaga,MUNICIPAL,66.4,82.31,15.909999999999997,68.63,13.680000000000007,1,70.75,72.79,74.73,76.59,78.34,80.0,5,90.9090909090909,850,217
2024.0,31.0,MG,3135605.0,Jequitaí,MUNICIPAL,39.9,70.71000000000001,30.81000000000001,46.21,24.500000000000007,1,52.61,58.92,64.96,70.55,75.58,80.0,4,95.34883720930232,1880,511
2024.0,35.0,SP,3544400.0,Rubiácea,MUNICIPAL,53.4,82.14,28.740000000000002,57.81,24.33,1,62.1,66.2,70.07,73.68,76.99,80.0,5,93.33333333333331,870,70
2024.0,31.0,MG,3139300.0,Manga,MUNICIPAL,24.0,41.04,17.04,31.24,9.8,1,39.5,48.4,57.41,65.95,73.57,80.0,1,84.61538461538461,4223,752
2024.0,41.0,PR,4126702.0,Tamboara,MUNICIPAL,47.6,46.83,-0.7700000000000031,52.89,-6.060000000000002,0,58.11,63.16,67.94,72.37,76.4,80.0,1,94.0,3865,365
2024.0,22.0,PI,2202901.0,Corrente,MUNICIPAL,47.8,37.78,-10.019999999999996,53.03,-15.25,0,58.23,63.25,68.0,72.4,76.41,80.0,0,97.06959706959708,4413,193
2024.0,32.0,ES,3203353.0,Marilândia,MUNICIPAL,78.5,78.31,-0.18999999999999773,78.73,-0.4200000000000017,0,78.94,79.16,79.37,79.58,79.79,80.0,4,84.35374149659864,1170,41
2024.0,43.0,RS,4308854.0,Gentil,MUNICIPAL,94.4,85.7,-8.700000000000003,80.0,5.700000000000003,1,80.0,80.0,80.0,80.0,80.0,80.0,5,93.33333333333331,622,9
2024.0,24.0,RN,2404101.0,Galinhos,MUNICIPAL,38.3,55.2,16.900000000000006,44.78,10.420000000000002,1,51.41,57.99,64.3,70.15,75.4,80.0,2,83.33333333333334,3245,24
2024.0,41.0,PR,4122701.0,Sabáudia,MUNICIPAL,81.5,78.98,-2.519999999999996,80.0,-1.019999999999996,0,80.0,80.0,80.0,80.0,80.0,80.0,4,90.56603773584906,1122,119
2024.0,25.0,PB,2513851.0,Santo André,MUNICIPAL,45.1,35.81,-9.29,50.76,-14.949999999999996,0,56.38,61.83,67.01,71.8,76.14,80.0,0,89.28571428571429,4523,193
2024.0,52.0,GO,5215801.0,Palmelo,MUNICIPAL,28.6,64.71000000000001,36.11000000000001,35.72,28.99000000000001,1,43.57,51.76,59.86,67.45,74.22,80.0,3,89.47368421052632,2432,202
2024.0,12.0,AC,1200104.0,Brasiléia,MUNICIPAL,,46.68,,,,,53.01,59.23,65.18,70.68,75.64,80.0,1,80.15665796344648,3879,9
2024.0,29.0,BA,2911709.0,Guanambi,MUNICIPAL,48.6,46.39,-2.210000000000001,53.73,-7.339999999999996,0,58.8,63.68,68.3,72.59,76.5,80.0,1,95.21472392638036,3901,71
2024.0,51.0,MT,5101209.0,Araguainha,MUNICIPAL,22.2,100.0,77.8,29.4,70.6,1,37.78,46.96,56.35,65.3,73.29,80.0,5,83.33333333333334,1,1
2024.0,28.0,SE,2805703.0,Propriá,MUNICIPAL,19.6,29.59,9.989999999999998,26.71,2.879999999999999,1,35.2,44.74,54.69,64.28,72.85,80.0,0,86.62790697674419,4753,49
2024.0,22.0,PI,2205201.0,Jaicós,MUNICIPAL,79.0,58.67,-20.33,79.14,-20.47,0,79.28,79.43,79.57,79.72,79.86,80.0,2,97.61904761904762,2952,128
2024.0,35.0,SP,3514106.0,Dois Córregos,MUNICIPAL,61.4,57.41,-3.990000000000002,64.5,-7.090000000000003,0,67.45,70.27,72.94,75.46,77.81,80.0,2,93.25842696629212,3054,373
2024.0,23.0,CE,2310704.0,Pentecoste,MUNICIPAL,93.1,91.29,-1.809999999999988,80.0,11.290000000000006,1,80.0,80.0,80.0,80.0,80.0,80.0,5,98.89196675900276,348,103
2024.0,31.0,MG,3144409.0,Natércia,MUNICIPAL,70.2,86.3,16.099999999999994,71.74,14.560000000000002,1,73.25,74.71,76.11,77.46,78.76,80.0,5,89.58333333333334,586,139
2024.0,24.0,RN,2414001.0,Tangará,MUNICIPAL,42.9,36.85,-6.049999999999997,48.84,-11.990000000000002,0,54.8,60.62,66.15,71.27,75.91,80.0,0,77.23577235772358,4468,86
2024.0,35.0,SP,3547908.0,Santo Antônio da Alegria,MUNICIPAL,49.7,67.18,17.480000000000004,54.65,12.530000000000008,1,59.54,64.25,68.7,72.84,76.61,80.0,3,91.42857142857144,2220,217
2024.0,31.0,MG,3138708.0,Luminárias,MUNICIPAL,67.3,97.5,30.200000000000003,69.32,28.180000000000007,1,71.31,73.21,75.04,76.78,78.43,80.0,5,95.34883720930232,107,9
2024.0,24.0,RN,2407252.0,Major Sales,MUNICIPAL,31.4,60.04,28.64,38.44,21.6,1,45.97,53.7,61.25,68.29,74.59,80.0,3,90.0,2832,17
2024.0,25.0,PB,2503001.0,Caaporã,MUNICIPAL,37.8,29.81,-7.989999999999998,44.29,-14.48,0,50.99,57.67,64.07,70.01,75.34,80.0,0,90.9433962264151,4743,200
2024.0,35.0,SP,3528007.0,Macatuba,MUNICIPAL,65.0,62.4,-2.6000000000000014,67.48,-5.080000000000005,0,69.83,72.08,74.23,76.27,78.19,80.0,3,92.38578680203044,2642,288
2024.0,42.0,SC,4219705.0,Xaxim,MUNICIPAL,66.6,59.5,-7.099999999999994,68.78,-9.280000000000001,0,70.88,72.88,74.8,76.63,78.36,80.0,2,80.19607843137256,2897,192
2024.0,43.0,RS,4313607.0,Paim Filho,MUNICIPAL,79.0,53.1,-25.9,79.11,-26.009999999999998,0,79.26,79.41,79.56,79.71,79.85,80.0,2,93.75,3416,190
2024.0,23.0,CE,2310100.0,Palmácia,MUNICIPAL,98.7,94.31,-4.390000000000001,80.0,14.310000000000002,1,80.0,80.0,80.0,80.0,80.0,80.0,5,100.0,228,80
2024.0,41.0,PR,4108650.0,Goioxim,MUNICIPAL,92.6,90.42,-2.1799999999999926,80.0,10.420000000000002,1,80.0,80.0,80.0,80.0,80.0,80.0,5,92.64705882352942,381,16
2024.0,43.0,RS,4318507.0,São José do Norte,MUNICIPAL,53.9,38.2,-15.699999999999996,58.23,-20.029999999999994,0,62.43,66.45,70.25,73.79,77.04,80.0,0,83.2579185520362,4389,343
2024.0,31.0,MG,3145455.0,Olhos-d'Água,MUNICIPAL,68.2,90.16,21.959999999999994,70.12,20.039999999999992,1,71.95,73.71,75.39,77.01,78.54,80.0,5,96.875,395,74
2024.0,26.0,PE,2613701.0,São Lourenço da Mata,MUNICIPAL,44.1,53.32,9.219999999999999,49.84,3.479999999999997,1,55.62,61.25,66.6,71.55,76.03,80.0,2,93.05283757338552,3402,141
2024.0,52.0,GO,5204102.0,Cachoeira Alta,MUNICIPAL,73.2,78.35000000000001,5.150000000000006,74.25,4.1000000000000085,1,75.28,76.28,77.25,78.2,79.11,80.0,4,96.99248120300751,1167,132
2024.0,29.0,BA,2903409.0,Belmonte,MUNICIPAL,35.8,33.93,-1.8699999999999974,42.49,-8.560000000000002,0,49.47,56.47,63.22,69.49,75.12,80.0,0,90.32258064516128,4595,203
2024.0,41.0,PR,4101101.0,Andirá,MUNICIPAL,65.0,64.82000000000001,-0.1799999999999926,67.47,-2.6499999999999915,0,69.82,72.08,74.23,76.27,78.19,80.0,3,93.45794392523364,2417,292
2024.0,41.0,PR,4121000.0,Querência do Norte,MUNICIPAL,45.3,50.32,5.020000000000003,50.89,-0.5700000000000003,0,56.48,61.91,67.06,71.83,76.16,80.0,2,88.88888888888889,3618,361
2024.0,21.0,MA,2100873.0,Araguanã,MUNICIPAL,98.2,91.6,-6.6000000000000085,80.0,11.599999999999994,1,80.0,80.0,80.0,80.0,80.0,80.0,5,95.39473684210526,332,11
2024.0,52.0,GO,5220058.0,São João da Paraúna,MUNICIPAL,87.5,87.5,0.0,80.0,7.5,1,80.0,80.0,80.0,80.0,80.0,80.0,5,96.0,518,59
2024.0,24.0,RN,2404853.0,Itajá,MUNICIPAL,57.0,40.01,-16.990000000000002,60.78,-20.770000000000003,0,64.47,68.01,71.34,74.46,77.35,80.0,1,77.38095238095238,4279,70
2024.0,31.0,MG,3141801.0,Minas Novas,MUNICIPAL,70.2,78.82000000000001,8.620000000000005,71.72,7.1000000000000085,1,73.23,74.69,76.1,77.46,78.76,80.0,4,95.96774193548389,1134,303
2024.0,35.0,SP,3533403.0,Nova Odessa,MUNICIPAL,54.9,57.96,3.0600000000000023,59.09,-1.1300000000000026,0,63.12,66.98,70.62,74.01,77.14,80.0,2,92.81663516068052,3016,366
2024.0,22.0,PI,2200400.0,Altos,MUNICIPAL,61.9,61.82,-0.0799999999999983,64.89,-3.0700000000000003,0,67.77,70.51,73.11,75.57,77.86,80.0,3,94.28104575163398,2684,115
2024.0,26.0,PE,2611002.0,Petrolândia,MUNICIPAL,51.9,66.17,14.270000000000003,56.52,9.649999999999999,1,61.05,65.4,69.51,73.33,76.83,80.0,3,95.1501154734411,2302,85
2024.0,35.0,SP,3505609.0,Barrinha,MUNICIPAL,55.5,51.43,-4.07,59.52,-8.090000000000003,0,63.47,67.24,70.81,74.13,77.2,80.0,2,89.0,3541,472
2024.0,42.0,SC,4202206.0,Benedito Novo,MUNICIPAL,61.4,71.71000000000001,10.31000000000001,64.47,7.240000000000009,1,67.43,70.25,72.93,75.45,77.81,80.0,4,88.63636363636364,1791,108
2024.0,41.0,PR,4122651.0,Rosário do Ivaí,MUNICIPAL,69.4,77.0,7.599999999999994,71.09,5.909999999999997,1,72.73,74.31,75.83,77.28,78.67,80.0,4,95.8904109589041,1310,151
2024.0,35.0,SP,3545001.0,Salesópolis,MUNICIPAL,64.6,65.52,0.9200000000000017,67.15,-1.6300000000000097,0,69.57,71.89,74.09,76.18,78.15,80.0,3,90.41095890410958,2350,230
2024.0,35.0,SP,3547403.0,Santa Rita d'Oeste,MUNICIPAL,60.4,52.94,-7.460000000000001,63.62,-10.68,0,66.75,69.73,72.56,75.22,77.7,80.0,2,89.47368421052632,3425,457
2024.0,42.0,SC,4201604.0,Arroio Trinta,MUNICIPAL,92.0,76.24,-15.760000000000005,80.0,-3.760000000000005,0,80.0,80.0,80.0,80.0,80.0,80.0,4,80.35714285714286,1388,75
2024.0,21.0,MA,2112233.0,Trizidela do Vale,MUNICIPAL,59.0,90.87,31.870000000000005,62.49,28.380000000000003,1,65.84,69.05,72.08,74.92,77.56,80.0,5,95.9349593495935,369,13
2024.0,22.0,PI,2201804.0,Bocaina,MUNICIPAL,90.8,55.0,-35.8,80.0,-25.0,0,80.0,80.0,80.0,80.0,80.0,80.0,2,90.9090909090909,3263,138
2024.0,25.0,PB,2503704.0,Cajazeiras,MUNICIPAL,51.7,50.91,-0.7900000000000063,56.36,-5.450000000000003,0,60.92,65.31,69.44,73.29,76.81,80.0,2,90.24896265560166,3572,125
2024.0,35.0,SP,3514957.0,Embaúba,MUNICIPAL,88.9,73.08,-15.820000000000007,80.0,-6.920000000000002,0,80.0,80.0,80.0,80.0,80.0,80.0,4,92.85714285714286,1678,148
2024.0,21.0,MA,2103208.0,Chapadinha,MUNICIPAL,47.1,41.58,-5.520000000000003,52.46,-10.880000000000003,0,57.77,62.9,67.75,72.25,76.34,80.0,1,95.94405594405592,4198,182
2024.0,26.0,PE,2614402.0,Solidão,MUNICIPAL,74.6,93.99,19.39,75.45,18.539999999999992,1,76.26,77.04,77.81,78.56,79.29,80.0,5,94.5945945945946,240,5
2024.0,35.0,SP,3535002.0,Palestina,MUNICIPAL,58.0,72.03,14.030000000000001,61.63,10.399999999999999,1,65.16,68.53,71.71,74.69,77.46,80.0,4,97.74436090225564,1763,160
2024.0,51.0,MT,5100359.0,Alto Boa Vista,MUNICIPAL,93.7,48.84,-44.86,80.0,-31.159999999999997,0,80.0,80.0,80.0,80.0,80.0,80.0,1,93.20388349514565,3721,120
2024.0,35.0,SP,3531902.0,Morro Agudo,MUNICIPAL,55.2,45.3,-9.900000000000006,59.31,-14.010000000000005,0,63.3,67.11,70.71,74.07,77.17,80.0,1,87.46081504702194,3974,536
2024.0,26.0,PE,2603702.0,Canhotinho,MUNICIPAL,48.3,65.49,17.189999999999998,53.45,12.039999999999992,1,58.57,63.51,68.19,72.52,76.46,80.0,3,94.56066945606696,2355,89
2024.0,32.0,ES,3203130.0,João Neiva,MUNICIPAL,71.8,77.28,5.480000000000004,73.12,4.159999999999997,1,74.37,75.57,76.74,77.86,78.95,80.0,4,91.24087591240875,1276,43
2024.0,42.0,SC,4210209.0,Major Gercino,MUNICIPAL,51.4,76.42,25.020000000000003,56.12,20.300000000000004,1,60.73,65.16,69.34,73.23,76.79,80.0,4,81.48148148148148,1366,73
2024.0,51.0,MT,5103304.0,Comodoro,MUNICIPAL,57.8,47.59,-10.209999999999994,61.46,-13.869999999999997,0,65.02,68.42,71.64,74.64,77.43,80.0,1,89.84375,3807,121
2024.0,35.0,SP,3509304.0,Cajobi,MUNICIPAL,61.2,60.42,-0.7800000000000011,64.32,-3.8999999999999915,0,67.31,70.16,72.87,75.41,77.79,80.0,3,94.11764705882352,2803,328
2024.0,35.0,SP,3506300.0,Bernardino de Campos,MUNICIPAL,68.3,47.5,-20.799999999999997,70.21,-22.709999999999994,0,72.02,73.76,75.43,77.03,78.55,80.0,1,90.19607843137256,3810,511
2024.0,33.0,RJ,3303856.0,Paty do Alferes,MUNICIPAL,66.5,75.96000000000001,9.460000000000008,68.68,7.280000000000001,1,70.79,72.82,74.76,76.6,78.35,80.0,4,77.24867724867724,1417,6
2024.0,31.0,MG,3136801.0,Juramento,MUNICIPAL,63.2,55.56,-7.640000000000001,65.99,-10.429999999999993,0,68.64,71.17,73.58,75.86,78.0,80.0,2,100.0,3214,712
2024.0,42.0,SC,4204194.0,Chapadão do Lageado,MUNICIPAL,52.4,65.91,13.509999999999998,57.0,8.909999999999997,1,61.44,65.7,69.72,73.46,76.89,80.0,3,94.0,2324,158
2024.0,11.0,RO,1101609.0,Theobroma,MUNICIPAL,50.7,78.73,28.03,55.53,23.200000000000003,1,60.25,64.8,69.09,73.07,76.71,80.0,4,91.2,1140,4
2024.0,50.0,MS,5005806.0,Nioaque,MUNICIPAL,53.9,60.98,7.079999999999998,58.26,2.719999999999999,1,62.45,66.47,70.26,73.79,77.04,80.0,3,86.32075471698113,2755,24
2024.0,35.0,SP,3533254.0,Novais,MUNICIPAL,68.6,63.99,-4.609999999999992,70.41,-6.419999999999995,0,72.18,73.89,75.52,77.09,78.58,80.0,3,97.5,2519,263
2024.0,22.0,PI,2211001.0,Teresina,MUNICIPAL,48.2,57.25,9.049999999999997,53.41,3.8400000000000034,1,58.54,63.49,68.17,72.51,76.46,80.0,2,91.73095141426444,3066,131
2024.0,35.0,SP,3505104.0,Barbosa,MUNICIPAL,64.8,65.05,0.25,67.3,-2.25,0,69.69,71.98,74.16,76.22,78.17,80.0,3,85.0574712643678,2397,243
2024.0,24.0,RN,2402204.0,Canguaretama,MUNICIPAL,37.7,32.26,-5.440000000000005,44.21,-11.950000000000003,0,50.93,57.62,64.04,69.99,75.33,80.0,0,84.65753424657534,4657,107
2024.0,22.0,PI,2203503.0,Elesbão Veloso,MUNICIPAL,50.1,51.08,0.9799999999999969,55.01,-3.9299999999999997,0,59.84,64.48,68.86,72.93,76.65,80.0,2,98.9247311827957,3566,156
2024.0,35.0,SP,3544301.0,Roseira,MUNICIPAL,63.6,67.2,3.6000000000000014,66.26,0.9399999999999977,1,68.86,71.34,73.7,75.94,78.04,80.0,3,90.2097902097902,2218,215
2024.0,31.0,MG,3141207.0,Matutina,MUNICIPAL,91.3,91.94,0.6400000000000006,80.0,11.939999999999998,1,80.0,80.0,80.0,80.0,80.0,80.0,5,84.0909090909091,314,50
2024.0,52.0,GO,5212105.0,Joviânia,MUNICIPAL,57.9,67.17,9.270000000000003,61.57,5.600000000000001,1,65.11,68.49,71.68,74.67,77.45,80.0,3,91.86046511627907,2222,186
2024.0,27.0,AL,2705002.0,Mata Grande,MUNICIPAL,40.1,42.45,2.3500000000000014,46.37,-3.9199999999999946,0,52.74,59.03,65.03,70.59,75.6,80.0,1,96.0,4148,64
2024.0,27.0,AL,2704609.0,Maravilha,MUNICIPAL,68.8,74.38,5.579999999999998,70.6,3.780000000000001,1,72.33,74.0,75.6,77.14,78.6,80.0,4,99.10714285714286,1564,14
2024.0,31.0,MG,3123205.0,Dores do Indaiá,MUNICIPAL,65.8,85.44,19.64,68.1,17.340000000000003,1,70.33,72.46,74.5,76.44,78.27,80.0,5,94.35483870967742,637,157
2024.0,41.0,PR,4120200.0,Porto Rico,MUNICIPAL,60.4,71.94,11.54,63.64,8.299999999999997,1,66.77,69.75,72.57,75.23,77.71,80.0,4,82.6086956521739,1769,231
2024.0,43.0,RS,4305871.0,Coronel Barros,MUNICIPAL,84.8,67.8,-17.0,80.0,-12.200000000000003,0,80.0,80.0,80.0,80.0,80.0,80.0,3,88.57142857142857,2167,70
2024.0,52.0,GO,5221809.0,Urutaí,MUNICIPAL,78.1,66.86,-11.239999999999995,78.38,-11.519999999999996,0,78.66,78.93,79.2,79.47,79.74,80.0,3,91.8918918918919,2242,188
2024.0,41.0,PR,4102604.0,Barracão,MUNICIPAL,72.6,73.99,1.3900000000000006,73.73,0.2599999999999909,1,74.86,75.95,77.01,78.04,79.04,80.0,4,87.41258741258741,1600,203
2024.0,33.0,RJ,3301207.0,Carmo,MUNICIPAL,43.6,67.98,24.380000000000003,49.44,18.540000000000006,1,55.29,60.99,66.42,71.44,75.98,80.0,3,84.33734939759037,2155,21
2024.0,43.0,RS,4319901.0,Sapiranga,MUNICIPAL,72.8,41.1,-31.699999999999996,73.9,-32.800000000000004,0,74.99,76.06,77.09,78.09,79.06,80.0,1,83.08457711442786,4217,313
2024.0,41.0,PR,4102208.0,Atalaia,MUNICIPAL,91.9,88.32000000000001,-3.5799999999999983,80.0,8.320000000000007,1,80.0,80.0,80.0,80.0,80.0,80.0,5,86.27450980392157,473,28
2024.0,52.0,GO,5200100.0,Abadiânia,MUNICIPAL,79.0,79.39,0.39000000000000057,79.11,0.28000000000000114,1,79.26,79.41,79.56,79.71,79.85,80.0,4,88.78048780487805,1094,127
2024.0,35.0,SP,3501806.0,Américo de Campos,MUNICIPAL,60.0,78.38,18.379999999999995,63.29,15.089999999999996,1,66.48,69.53,72.42,75.13,77.66,80.0,4,90.2439024390244,1163,98
2024.0,31.0,MG,3166907.0,Serrania,MUNICIPAL,63.8,80.88,17.08,66.47,14.409999999999997,1,69.02,71.47,73.79,75.99,78.06,80.0,5,95.06172839506172,972,258
2024.0,42.0,SC,4219358.0,Vitor Meireles,MUNICIPAL,44.6,76.12,31.520000000000003,50.26,25.860000000000007,1,55.97,61.52,66.78,71.66,76.08,80.0,4,85.24590163934425,1401,77
2024.0,41.0,PR,4105706.0,Clevelândia,MUNICIPAL,73.1,74.84,1.740000000000009,74.18,0.6599999999999966,1,75.22,76.24,77.22,78.18,79.1,80.0,4,87.28070175438597,1526,183
2024.0,31.0,MG,3139201.0,Malacacheta,MUNICIPAL,77.2,77.47,0.269999999999996,77.62,-0.15000000000000568,0,78.03,78.44,78.84,79.23,79.62,80.0,4,96.875,1253,341
2024.0,25.0,PB,2514305.0,São José de Caiana,MUNICIPAL,48.2,52.39,4.189999999999998,53.39,-1.0,0,58.52,63.48,68.16,72.5,76.46,80.0,2,95.0,3466,120
2024.0,42.0,SC,4205704.0,Garopaba,MUNICIPAL,70.6,75.75,5.150000000000006,72.08,3.6700000000000017,1,73.53,74.92,76.27,77.56,78.81,80.0,4,76.85393258426966,1438,83
2024.0,25.0,PB,2515401.0,São Vicente do Seridó,MUNICIPAL,55.9,54.16,-1.740000000000002,59.88,-5.720000000000006,0,63.76,67.46,70.96,74.23,77.24,80.0,2,96.42857142857144,3340,111
2024.0,24.0,RN,2414407.0,Touros,MUNICIPAL,24.7,38.35,13.650000000000002,31.91,6.440000000000001,1,40.12,48.92,57.79,66.19,73.67,80.0,0,80.50314465408806,4378,79
2024.0,25.0,PB,2516102.0,Soledade,MUNICIPAL,33.5,47.26,13.759999999999998,40.39,6.869999999999997,1,47.67,55.05,62.21,68.88,74.85,80.0,1,78.72340425531915,3838,148
2024.0,29.0,BA,2905107.0,Caém,MUNICIPAL,35.4,36.71,1.3100000000000023,42.1,-5.390000000000001,0,49.14,56.21,63.04,69.38,75.07,80.0,0,96.34146341463416,4480,171
2024.0,29.0,BA,2901304.0,Andaraí,MUNICIPAL,44.8,47.79,2.990000000000002,50.48,-2.6899999999999977,0,56.14,61.65,66.88,71.72,76.1,80.0,1,94.44444444444444,3796,53
2024.0,26.0,PE,2604809.0,Cortês,MUNICIPAL,61.8,70.4,8.600000000000009,64.81,5.590000000000003,1,67.7,70.46,73.08,75.54,77.85,80.0,4,96.5909090909091,1908,57
2024.0,52.0,GO,5203609.0,Brazabrantes,MUNICIPAL,48.9,90.96,42.059999999999995,54.03,36.92999999999999,1,59.04,63.87,68.43,72.67,76.53,80.0,5,91.3793103448276,359,44
2024.0,11.0,RO,1100940.0,Cujubim,MUNICIPAL,77.5,67.6,-9.900000000000006,77.84,-10.240000000000009,0,78.22,78.58,78.94,79.3,79.65,80.0,3,89.96539792387543,2185,27
2024.0,41.0,PR,4121505.0,Rebouças,MUNICIPAL,86.3,77.0,-9.299999999999997,80.0,-3.0,0,80.0,80.0,80.0,80.0,80.0,80.0,4,93.23671497584542,1310,151
2024.0,31.0,MG,3116001.0,Chalé,MUNICIPAL,89.1,70.09,-19.00999999999999,80.0,-9.909999999999997,0,80.0,80.0,80.0,80.0,80.0,80.0,4,85.71428571428571,1943,525
2024.0,51.0,MT,5103700.0,Feliz Natal,MUNICIPAL,65.2,51.15,-14.050000000000004,67.6,-16.449999999999996,0,69.93,72.16,74.29,76.3,78.21,80.0,2,90.53254437869822,3563,118
2024.0,35.0,SP,3513009.0,Cotia,MUNICIPAL,50.7,49.49,-1.2100000000000009,55.5,-6.009999999999998,0,60.23,64.78,69.08,73.06,76.71,80.0,1,86.54133094598627,3676,492
2024.0,31.0,MG,3117306.0,Conceição das Alagoas,MUNICIPAL,55.4,58.64,3.240000000000002,59.46,-0.8200000000000003,0,63.42,67.21,70.78,74.11,77.19,80.0,2,87.85310734463276,2955,688
2024.0,32.0,ES,3200409.0,Anchieta,MUNICIPAL,81.8,88.41,6.609999999999999,80.0,8.409999999999997,1,80.0,80.0,80.0,80.0,80.0,80.0,5,92.10526315789474,467,6
2024.0,31.0,MG,3102704.0,Cachoeira de Pajeú,MUNICIPAL,60.3,77.96000000000001,17.66000000000001,63.57,14.390000000000008,1,66.71,69.7,72.54,75.21,77.7,80.0,4,95.16129032258064,1204,326
2024.0,35.0,SP,3549201.0,São João das Duas Pontes,MUNICIPAL,86.4,80.0,-6.400000000000006,80.0,0.0,1,80.0,80.0,80.0,80.0,80.0,80.0,5,71.42857142857143,1035,81
2024.0,43.0,RS,4309753.0,Ibarama,MUNICIPAL,71.0,41.4,-29.6,72.44,-31.04,0,73.81,75.14,76.43,77.67,78.86,80.0,1,87.87878787878788,4204,309
2024.0,35.0,SP,3500907.0,Altair,MUNICIPAL,55.8,62.85,7.050000000000004,59.85,3.0,1,63.73,67.44,70.95,74.22,77.24,80.0,3,81.81818181818183,2602,276
2024.0,25.0,PB,2506509.0,Gurjão,MUNICIPAL,73.3,100.0,26.700000000000003,74.35,25.650000000000006,1,75.36,76.34,77.3,78.23,79.13,80.0,5,90.625,1,1
2024.0,17.0,TO,1710904.0,Itapiratins,MUNICIPAL,35.1,53.53,18.43,41.84,11.689999999999998,1,48.92,56.04,62.91,69.31,75.03,80.0,2,93.75,3382,43
2024.0,29.0,BA,2930204.0,Sento Sé,MUNICIPAL,26.4,24.24,-2.16,33.62,-9.379999999999999,0,41.68,50.21,58.73,66.76,73.92,80.0,0,87.73006134969326,4888,337
2024.0,31.0,MG,3146008.0,Ouro Fino,MUNICIPAL,63.8,84.81,21.010000000000005,66.49,18.320000000000007,1,69.04,71.48,73.8,76.0,78.06,80.0,5,90.1639344262295,682,178
2024.0,43.0,RS,4312351.0,Montauri,MUNICIPAL,100.0,75.0,-25.0,80.0,-5.0,0,80.0,80.0,80.0,80.0,80.0,80.0,4,100.0,1497,36
2024.0,35.0,SP,3540754.0,Potim,MUNICIPAL,40.9,46.58,5.68,47.02,-0.44000000000000483,0,53.29,59.45,65.33,70.77,75.68,80.0,1,84.1880341880342,3885,526
2024.0,27.0,AL,2706901.0,Pilar,MUNICIPAL,37.6,45.81,8.21,44.11,1.7000000000000028,1,50.85,57.55,63.99,69.96,75.32,80.0,1,96.0,3933,52
2024.0,42.0,SC,4213708.0,Pouso Redondo,MUNICIPAL,66.5,60.13,-6.369999999999997,68.69,-8.559999999999995,0,70.8,72.83,74.76,76.6,78.35,80.0,3,74.19354838709677,2824,181
2024.0,26.0,PE,2601904.0,Bezerros,MUNICIPAL,51.5,56.84,5.340000000000003,56.18,0.6600000000000037,1,60.78,65.2,69.37,73.24,76.79,80.0,2,95.47619047619048,3114,127
2024.0,35.0,SP,3553807.0,Taquarituba,MUNICIPAL,52.5,56.67,4.170000000000002,57.07,-0.3999999999999986,0,61.5,65.75,69.75,73.48,76.9,80.0,2,89.10505836575877,3121,387
2024.0,35.0,SP,3504107.0,Atibaia,MUNICIPAL,70.6,65.46000000000001,-5.139999999999986,72.05,-6.589999999999989,0,73.5,74.9,76.25,77.55,78.8,80.0,3,92.29499174463402,2358,234
2024.0,27.0,AL,2706109.0,Ouro Branco,MUNICIPAL,20.4,52.43,32.03,27.52,24.91,1,35.99,45.43,55.2,64.6,72.98,80.0,2,94.11764705882352,3457,38
2024.0,35.0,SP,3521804.0,Itaí,MUNICIPAL,47.4,46.71,-0.6899999999999977,52.73,-6.019999999999996,0,57.98,63.06,67.87,72.32,76.38,80.0,1,92.15686274509804,3875,525
2024.0,24.0,RN,2413003.0,São Vicente,MUNICIPAL,63.0,47.83,-15.170000000000002,65.76,-17.930000000000007,0,68.46,71.04,73.49,75.8,77.97,80.0,1,85.18518518518519,3789,43
2024.0,31.0,MG,3155603.0,Rio Pardo de Minas,MUNICIPAL,73.4,85.31,11.909999999999997,74.39,10.920000000000002,1,75.39,76.37,77.32,78.24,79.13,80.0,5,96.44444444444444,644,160
2024.0,27.0,AL,2708006.0,Santana do Ipanema,MUNICIPAL,34.8,44.16,9.36,41.57,2.5899999999999963,1,48.68,55.85,62.78,69.23,75.0,80.0,1,97.71428571428572,4046,61
2024.0,42.0,SC,4207809.0,Irani,MUNICIPAL,73.9,71.4,-2.5,74.83,-3.4299999999999926,0,75.75,76.65,77.52,78.37,79.2,80.0,4,80.0,1815,109
2024.0,17.0,TO,1715101.0,Novo Acordo,MUNICIPAL,39.2,36.09,-3.1099999999999994,45.59,-9.5,0,52.09,58.52,64.67,70.38,75.51,80.0,0,94.0,4509,105
2024.0,32.0,ES,3204104.0,Pinheiros,MUNICIPAL,77.3,82.38,5.079999999999998,77.69,4.689999999999998,1,78.09,78.48,78.87,79.25,79.63,80.0,5,94.98069498069498,843,22
2024.0,43.0,RS,4312450.0,Morro Redondo,MUNICIPAL,73.0,47.4,-25.6,74.06,-26.660000000000004,0,75.12,76.16,77.16,78.14,79.08,80.0,1,79.62962962962963,3821,244
2024.0,29.0,BA,2911253.0,Gavião,MUNICIPAL,60.5,47.37,-13.130000000000003,63.7,-16.330000000000005,0,66.81,69.78,72.6,75.24,77.71,80.0,1,90.47619047619048,3823,57
2024.0,25.0,PB,2512721.0,Pedro Régis,MUNICIPAL,47.4,23.99,-23.41,52.73,-28.74,0,57.98,63.06,67.87,72.32,76.38,80.0,0,90.69767441860463,4893,207
2024.0,29.0,BA,2903300.0,Barro Preto,MUNICIPAL,39.3,24.72,-14.579999999999998,45.64,-20.92,0,52.13,58.55,64.7,70.39,75.51,80.0,0,89.0,4877,330
2024.0,22.0,PI,2207207.0,Padre Marcos,MUNICIPAL,86.4,100.0,13.599999999999994,80.0,20.0,1,80.0,80.0,80.0,80.0,80.0,80.0,5,100.0,1,1
2024.0,21.0,MA,2102408.0,Cajapió,MUNICIPAL,66.0,64.0,-2.0,68.3,-4.299999999999997,0,70.49,72.59,74.59,76.5,78.3,80.0,3,90.66666666666666,2516,95
2024.0,15.0,PA,1500859.0,Anapu,MUNICIPAL,48.8,48.45,-0.3499999999999943,53.88,-5.43,0,58.92,63.78,68.37,72.63,76.52,80.0,1,77.37226277372264,3742,66
2024.0,22.0,PI,2207355.0,Pajeú do Piauí,MUNICIPAL,66.0,64.0,-2.0,68.29,-4.290000000000006,0,70.48,72.58,74.59,76.49,78.3,80.0,3,100.0,2516,110
2024.0,17.0,TO,1704600.0,Chapada de Areia,MUNICIPAL,50.0,6.25,-43.75,54.93,-48.68,0,59.77,64.43,68.83,72.91,76.64,80.0,0,76.19047619047619,4978,134
2024.0,11.0,RO,1101708.0,Urupá,MUNICIPAL,70.9,61.28,-9.620000000000005,72.36,-11.079999999999998,0,73.75,75.09,76.39,77.64,78.85,80.0,3,92.9936305732484,2730,39
2024.0,22.0,PI,2203305.0,Demerval Lobão,MUNICIPAL,70.2,73.33,3.1299999999999955,71.72,1.6099999999999994,1,73.23,74.69,76.1,77.46,78.76,80.0,4,96.1904761904762,1652,82
2024.0,43.0,RS,4320578.0,Sete de Setembro,MUNICIPAL,78.6,66.7,-11.899999999999991,78.78,-12.079999999999998,0,78.99,79.19,79.4,79.6,79.8,80.0,3,92.3076923076923,2253,73
2024.0,31.0,MG,3159100.0,Santana dos Montes,MUNICIPAL,61.4,94.44,33.04,64.44,30.0,1,67.4,70.23,72.92,75.44,77.8,80.0,5,90.0,224,24
2024.0,31.0,MG,3125200.0,Fama,MUNICIPAL,72.0,86.96000000000001,14.960000000000008,73.24,13.720000000000013,1,74.46,75.64,76.79,77.9,78.97,80.0,5,100.0,550,125
2024.0,52.0,GO,5205513.0,Cocalzinho de Goiás,MUNICIPAL,79.5,88.60000000000001,9.100000000000009,79.6,9.000000000000014,1,79.67,79.73,79.8,79.87,79.93,80.0,5,98.25783972125436,457,52
2024.0,35.0,SP,3543501.0,Riversul,MUNICIPAL,81.1,64.17,-16.929999999999993,80.0,-15.829999999999998,0,80.0,80.0,80.0,80.0,80.0,80.0,3,95.40229885057472,2498,261
2024.0,43.0,RS,4316402.0,Rosário do Sul,MUNICIPAL,35.2,34.1,-1.1000000000000014,41.94,-7.839999999999996,0,49.0,56.1,62.96,69.33,75.04,80.0,0,76.86567164179104,4590,377
2024.0,50.0,MS,5005608.0,Miranda,MUNICIPAL,26.6,38.78,12.18,33.82,4.960000000000001,1,41.86,50.36,58.84,66.83,73.95,80.0,0,84.97854077253218,4354,71
2024.0,43.0,RS,4305124.0,Cerrito,MUNICIPAL,75.1,39.8,-35.3,75.82,-36.019999999999996,0,76.56,77.28,77.98,78.67,79.34,80.0,0,87.2340425531915,4295,326
2024.0,31.0,MG,3144359.0,Naque,MUNICIPAL,79.5,64.96000000000001,-14.539999999999992,79.61,-14.649999999999991,0,79.67,79.74,79.8,79.87,79.93,80.0,3,93.42105263157896,2407,619
2024.0,17.0,TO,1719004.0,Santa Tereza do Tocantins,MUNICIPAL,48.1,24.65,-23.450000000000003,53.31,-28.660000000000004,0,58.46,63.42,68.12,72.48,76.45,80.0,0,79.03225806451613,4879,120
2024.0,41.0,PR,4106704.0,Cruzeiro do Sul,MUNICIPAL,71.4,71.42,0.01999999999999602,72.78,-1.3599999999999994,0,74.09,75.36,76.58,77.77,78.9,80.0,4,96.07843137254902,1812,237
2024.0,23.0,CE,2310605.0,Penaforte,MUNICIPAL,77.7,63.67,-14.030000000000001,78.04,-14.370000000000005,0,78.38,78.71,79.04,79.36,79.68,80.0,3,96.72131147540983,2539,166
2024.0,35.0,SP,3527900.0,Lutécia,MUNICIPAL,71.6,78.67,7.070000000000007,72.92,5.75,1,74.2,75.45,76.65,77.81,78.92,80.0,4,88.0,1144,95
2024.0,23.0,CE,2301950.0,Barreira,MUNICIPAL,88.8,91.15,2.3500000000000085,80.0,11.150000000000006,1,80.0,80.0,80.0,80.0,80.0,80.0,5,99.67320261437908,354,105
2024.0,31.0,MG,3122009.0,Divino,MUNICIPAL,49.2,67.15,17.950000000000003,54.23,12.920000000000009,1,59.2,64.0,68.52,72.73,76.56,80.0,3,90.2439024390244,2224,582
2024.0,31.0,MG,3133907.0,Itaverava,MUNICIPAL,,76.97,,,,,77.49,78.01,78.52,79.02,79.52,80.0,4,89.47368421052632,1315,358
2024.0,41.0,PR,4112959.0,Juranda,MUNICIPAL,59.8,63.48,3.6799999999999997,63.12,0.35999999999999943,1,66.35,69.43,72.35,75.09,77.64,80.0,3,89.6103896103896,2553,303
2024.0,31.0,MG,3120201.0,Cristais,MUNICIPAL,67.3,86.07000000000001,18.77000000000001,69.33,16.74000000000001,1,71.31,73.22,75.04,76.78,78.43,80.0,5,97.6,599,144
2024.0,42.0,SC,4210803.0,Meleiro,MUNICIPAL,54.8,48.04,-6.759999999999998,58.99,-10.950000000000003,0,63.04,66.92,70.58,73.99,77.13,80.0,1,83.0,3770,228
2024.0,11.0,RO,1101450.0,Parecis,MUNICIPAL,61.0,70.60000000000001,9.600000000000009,64.17,6.430000000000007,1,67.19,70.07,72.8,75.37,77.77,80.0,4,92.1875,1891,22
2024.0,31.0,MG,3158201.0,Santa Maria do Suaçuí,MUNICIPAL,61.6,66.73,5.130000000000003,64.62,2.1099999999999994,1,67.55,70.34,72.99,75.49,77.83,80.0,3,85.45454545454545,2249,587
2024.0,41.0,PR,4102703.0,Barra do Jacaré,MUNICIPAL,63.0,72.41,9.409999999999997,65.76,6.6499999999999915,1,68.46,71.04,73.49,75.8,77.97,80.0,4,86.8421052631579,1728,226
2024.0,35.0,SP,3518107.0,Guarantã,MUNICIPAL,66.9,47.49,-19.410000000000004,69.04,-21.550000000000004,0,71.08,73.04,74.92,76.7,78.4,80.0,1,87.3015873015873,3815,512
2024.0,32.0,ES,3201902.0,Domingos Martins,MUNICIPAL,80.6,81.13,0.5300000000000011,80.0,1.1299999999999955,1,80.0,80.0,80.0,80.0,80.0,80.0,5,90.5982905982906,954,33
2024.0,35.0,SP,3517406.0,Guaíra,MUNICIPAL,54.9,53.49,-1.4099999999999966,59.03,-5.539999999999999,0,63.07,66.94,70.59,74.0,77.14,80.0,2,95.03105590062113,3385,447
2024.0,17.0,TO,1702406.0,Arraias,MUNICIPAL,34.3,61.2,26.900000000000006,41.11,20.090000000000003,1,48.29,55.54,62.56,69.09,74.94,80.0,3,89.47368421052632,2736,21
2024.0,43.0,RS,4321857.0,Três Palmeiras,MUNICIPAL,81.0,62.5,-18.5,80.0,-17.5,0,80.0,80.0,80.0,80.0,80.0,80.0,3,87.14285714285714,2630,106
2024.0,11.0,RO,1100114.0,Jaru,MUNICIPAL,62.8,63.99,1.1900000000000048,65.65,-1.6600000000000037,0,68.37,70.97,73.44,75.77,77.96,80.0,3,91.78981937602629,2519,36
2024.0,22.0,PI,2201408.0,Barro Duro,MUNICIPAL,38.3,40.17,1.8700000000000045,44.76,-4.589999999999996,0,51.39,57.98,64.29,70.14,75.4,80.0,1,94.33962264150944,4275,188
2024.0,24.0,RN,2412807.0,São Rafael,MUNICIPAL,19.8,25.47,5.669999999999998,26.88,-1.4100000000000001,0,35.36,44.89,54.8,64.35,72.88,80.0,0,80.3921568627451,4864,132
2024.0,35.0,SP,3510906.0,Cássia dos Coqueiros,MUNICIPAL,67.2,75.0,7.799999999999997,69.29,5.709999999999994,1,71.28,73.19,75.03,76.77,78.43,80.0,4,88.88888888888889,1497,124
2024.0,31.0,MG,3145000.0,Nova Ponte,MUNICIPAL,72.3,78.86,6.560000000000002,73.54,5.319999999999993,1,74.7,75.83,76.93,77.99,79.01,80.0,4,90.47619047619048,1132,302
2024.0,29.0,BA,2914109.0,Ipupiara,MUNICIPAL,66.8,59.15,-7.649999999999999,68.9,-9.750000000000007,0,70.97,72.96,74.85,76.66,78.38,80.0,2,97.26027397260276,2921,12
2024.0,31.0,MG,3130002.0,Ibituruna,MUNICIPAL,60.6,83.33,22.729999999999997,63.8,19.53,1,66.89,69.84,72.64,75.27,77.72,80.0,5,75.0,777,197
2024.0,26.0,PE,2604601.0,Condado,MUNICIPAL,45.6,43.24,-2.3599999999999994,51.14,-7.899999999999999,0,56.69,62.07,67.17,71.9,76.19,80.0,1,97.1291866028708,4100,162
2024.0,52.0,GO,5210562.0,Itaguari,MUNICIPAL,85.8,77.71000000000001,-8.08999999999999,80.0,-2.289999999999992,0,80.0,80.0,80.0,80.0,80.0,80.0,4,92.6829268292683,1230,137
2024.0,51.0,MT,5100607.0,Alto Taquari,MUNICIPAL,72.3,70.01,-2.289999999999992,73.52,-3.509999999999991,0,74.69,75.82,76.92,77.98,79.01,80.0,4,90.0,1957,47
2024.0,29.0,BA,2929800.0,Saúde,MUNICIPAL,15.0,20.73,5.73,21.63,-0.8999999999999986,0,30.12,40.22,51.24,62.13,71.92,80.0,0,94.2528735632184,4932,357
2024.0,23.0,CE,2312205.0,Santa Quitéria,MUNICIPAL,98.2,95.08,-3.1200000000000045,80.0,15.079999999999998,1,80.0,80.0,80.0,80.0,80.0,80.0,5,99.74093264248704,196,75
2024.0,31.0,MG,3171204.0,Vespasiano,MUNICIPAL,54.1,70.35000000000001,16.250000000000007,58.37,11.980000000000011,1,62.54,66.54,70.31,73.82,77.06,80.0,4,90.0375939849624,1912,518
2024.0,23.0,CE,2307007.0,Jaguaruana,MUNICIPAL,84.2,88.24,4.039999999999992,80.0,8.239999999999995,1,80.0,80.0,80.0,80.0,80.0,80.0,5,94.7945205479452,478,122
2024.0,31.0,MG,3162922.0,São Joaquim de Bicas,MUNICIPAL,48.2,82.15,33.95,53.39,28.760000000000005,1,58.52,63.48,68.16,72.5,76.46,80.0,5,87.14285714285714,867,220
2024.0,32.0,ES,3201803.0,Divino de São Lourenço,MUNICIPAL,46.1,82.15,36.050000000000004,51.59,30.560000000000002,1,57.06,62.35,67.37,72.02,76.24,80.0,5,94.91525423728814,867,27
2024.0,32.0,ES,3201209.0,Cachoeiro de Itapemirim,MUNICIPAL,65.3,71.69,6.390000000000001,67.7,3.989999999999995,1,70.01,72.22,74.33,76.33,78.22,80.0,4,89.86083499005964,1795,56
2024.0,35.0,SP,3541653.0,Quadra,MUNICIPAL,50.7,65.39,14.689999999999998,55.49,9.899999999999999,1,60.22,64.77,69.07,73.06,76.71,80.0,3,86.76470588235294,2367,237
2024.0,35.0,SP,3515186.0,Espírito Santo do Pinhal,MUNICIPAL,65.4,61.16,-4.240000000000009,67.8,-6.640000000000001,0,70.09,72.28,74.37,76.36,78.23,80.0,3,92.3076923076923,2740,315
2024.0,29.0,BA,2919801.0,Macaúbas,MUNICIPAL,43.5,31.5,-12.0,49.35,-17.85,0,55.21,60.94,66.38,71.41,75.97,80.0,0,97.15302491103202,4683,240
2024.0,29.0,BA,2931103.0,Tanquinho,MUNICIPAL,18.9,30.67,11.770000000000003,25.95,4.720000000000002,1,34.46,44.1,54.21,63.98,72.72,80.0,0,96.15384615384616,4717,252
2024.0,41.0,PR,4103404.0,Cafeara,MUNICIPAL,80.1,63.42,-16.679999999999993,80.0,-16.58,0,80.0,80.0,80.0,80.0,80.0,80.0,3,91.66666666666666,2558,305
2024.0,31.0,MG,3115359.0,Catas Altas,MUNICIPAL,67.4,71.35000000000001,3.950000000000003,69.4,1.9500000000000028,1,71.37,73.26,75.07,76.8,78.44,80.0,4,96.72131147540983,1827,496
2024.0,22.0,PI,2204600.0,Hugo Napoleão,MUNICIPAL,82.4,81.47,-0.9300000000000068,80.0,1.4699999999999989,1,80.0,80.0,80.0,80.0,80.0,80.0,5,94.33962264150944,926,60
2024.0,17.0,TO,1702554.0,Augustinópolis,MUNICIPAL,50.0,59.95,9.950000000000003,54.94,5.010000000000005,1,59.78,64.44,68.83,72.92,76.64,80.0,2,92.71844660194176,2854,24
2024.0,26.0,PE,2601607.0,Belém do São Francisco,MUNICIPAL,51.6,62.620000000000005,11.020000000000003,56.25,6.3700000000000045,1,60.84,65.24,69.4,73.26,76.8,80.0,3,89.69072164948454,2624,99
2024.0,26.0,PE,2606804.0,Igarassu,MUNICIPAL,62.6,66.97,4.369999999999997,65.47,1.5,1,68.23,70.86,73.36,75.72,77.94,80.0,3,96.61436829066888,2237,81
2024.0,31.0,MG,3143153.0,Monte Formoso,MUNICIPAL,49.9,82.61,32.71,54.82,27.79,1,59.68,64.36,68.78,72.88,76.63,80.0,5,100.0,832,212
2024.0,31.0,MG,3162104.0,São Gotardo,MUNICIPAL,53.0,75.49,22.489999999999995,57.5,17.989999999999995,1,61.85,66.01,69.94,73.59,76.95,80.0,4,87.7659574468085,1455,401
2024.0,23.0,CE,2304103.0,Crateús,MUNICIPAL,97.1,97.31,0.21000000000000796,80.0,17.310000000000002,1,80.0,80.0,80.0,80.0,80.0,80.0,5,98.51411589895989,114,52
2024.0,43.0,RS,4303004.0,Cachoeira do Sul,MUNICIPAL,57.5,40.2,-17.299999999999997,61.21,-21.009999999999998,0,64.82,68.27,71.53,74.58,77.4,80.0,1,79.44664031620553,4272,318
2024.0,22.0,PI,2203206.0,Curimatá,MUNICIPAL,68.2,81.77,13.569999999999993,70.09,11.679999999999993,1,71.92,73.69,75.38,77.0,78.54,80.0,5,97.26027397260276,903,59
2024.0,51.0,MT,5100250.0,Alta Floresta,MUNICIPAL,53.5,71.46000000000001,17.960000000000008,57.91,13.550000000000011,1,62.17,66.26,70.11,73.7,77.0,80.0,4,88.66396761133603,1804,42
2024.0,43.0,RS,4320008.0,Sapucaia do Sul,MUNICIPAL,59.1,48.0,-11.100000000000001,62.6,-14.600000000000001,0,65.93,69.11,72.12,74.95,77.58,80.0,1,91.61237785016286,3773,237
2024.0,31.0,MG,3153103.0,Presidente Bernardes,MUNICIPAL,57.1,88.0,30.9,60.93,27.07,1,64.6,68.1,71.41,74.5,77.37,80.0,5,92.5925925925926,488,104
2024.0,27.0,AL,2701704.0,Capela,MUNICIPAL,41.2,42.53,1.3299999999999983,47.36,-4.829999999999998,0,53.57,59.67,65.48,70.87,75.72,80.0,1,97.10144927536231,4141,63
2024.0,42.0,SC,4206108.0,Grão-Pará,MUNICIPAL,65.2,70.23,5.030000000000001,67.57,2.660000000000011,1,69.91,72.14,74.27,76.3,78.2,80.0,4,78.65168539325843,1929,121
2024.0,22.0,PI,2209351.0,Santana do Piauí,MUNICIPAL,33.1,68.1,34.99999999999999,40.02,28.07999999999999,1,47.35,54.79,62.03,68.77,74.8,80.0,3,95.23809523809524,2141,94
2024.0,41.0,PR,4101804.0,Araucária,MUNICIPAL,69.5,69.02,-0.480000000000004,71.19,-2.1700000000000017,0,72.81,74.37,75.87,77.31,78.69,80.0,3,83.89464594127807,2053,268
2024.0,25.0,PB,2512507.0,Queimadas,MUNICIPAL,85.0,92.65,7.650000000000006,80.0,12.650000000000006,1,80.0,80.0,80.0,80.0,80.0,80.0,5,94.28571428571428,285,18
2024.0,43.0,RS,4321204.0,Taquara,MUNICIPAL,63.9,44.6,-19.299999999999997,66.57,-21.96999999999999,0,69.1,71.53,73.84,76.02,78.07,80.0,1,95.41547277936962,4015,274
2024.0,22.0,PI,2210631.0,Sebastião Leal,MUNICIPAL,93.5,76.86,-16.64,80.0,-3.1400000000000006,0,80.0,80.0,80.0,80.0,80.0,80.0,4,96.29629629629628,1329,71
2024.0,35.0,SP,3516002.0,Flórida Paulista,MUNICIPAL,82.9,54.56,-28.340000000000003,80.0,-25.439999999999998,0,80.0,80.0,80.0,80.0,80.0,80.0,2,96.55172413793105,3299,427
2024.0,23.0,CE,2310258.0,Paraipaba,MUNICIPAL,98.2,93.78,-4.420000000000002,80.0,13.780000000000001,1,80.0,80.0,80.0,80.0,80.0,80.0,5,98.2646420824295,248,85
2024.0,41.0,PR,4107900.0,Floresta,MUNICIPAL,76.4,74.01,-2.3900000000000006,76.93,-2.9200000000000017,0,77.47,77.99,78.51,79.01,79.51,80.0,4,94.35028248587572,1595,202
2024.0,11.0,RO,1100254.0,Presidente Médici,MUNICIPAL,62.4,71.14,8.740000000000002,65.31,5.829999999999998,1,68.1,70.76,73.29,75.68,77.91,80.0,4,91.71974522292994,1839,17
2024.0,27.0,AL,2702801.0,Flexeiras,MUNICIPAL,34.7,49.34,14.64,41.5,7.840000000000003,1,48.62,55.8,62.75,69.2,74.99,80.0,1,93.45238095238096,3684,44
2024.0,27.0,AL,2705705.0,Olho d'Água das Flores,MUNICIPAL,40.1,45.46,5.359999999999999,46.38,-0.9200000000000017,0,52.75,59.03,65.03,70.59,75.6,80.0,1,96.16724738675958,3952,54
2024.0,21.0,MA,2104008.0,Esperantinópolis,MUNICIPAL,59.4,81.48,22.080000000000005,62.78,18.700000000000003,1,66.08,69.22,72.2,75.0,77.6,80.0,5,100.0,923,27
2024.0,35.0,SP,3500402.0,Águas da Prata,MUNICIPAL,64.8,61.82,-2.979999999999997,67.26,-5.440000000000005,0,69.66,71.95,74.14,76.21,78.16,80.0,3,96.36363636363636,2684,296
2024.0,25.0,PB,2512002.0,Pocinhos,MUNICIPAL,42.2,54.09,11.89,48.17,5.920000000000002,1,54.24,60.19,65.85,71.09,75.82,80.0,2,91.21338912133892,3347,113
2024.0,32.0,ES,3201506.0,Colatina,MUNICIPAL,73.8,77.5,3.700000000000003,74.72,2.780000000000001,1,75.66,76.58,77.47,78.34,79.18,80.0,4,91.46341463414636,1251,42
2024.0,43.0,RS,4311254.0,Lagoão,MUNICIPAL,84.6,42.9,-41.699999999999996,80.0,-37.1,0,80.0,80.0,80.0,80.0,80.0,80.0,1,100.0,4120,296
2024.0,35.0,SP,3505500.0,Barretos,MUNICIPAL,59.7,58.42,-1.2800000000000011,63.04,-4.619999999999997,0,66.28,69.38,72.31,75.07,77.63,80.0,2,87.81446540880503,2972,356
2024.0,43.0,RS,4323606.0,Vista Alegre do Prata,MUNICIPAL,95.0,85.7,-9.299999999999997,80.0,5.700000000000003,1,80.0,80.0,80.0,80.0,80.0,80.0,5,100.0,622,9
2024.0,41.0,PR,4125209.0,São Jorge d'Oeste,MUNICIPAL,88.3,84.59,-3.7099999999999937,80.0,4.590000000000003,1,80.0,80.0,80.0,80.0,80.0,80.0,5,85.34482758620689,700,60
2024.0,43.0,RS,4304952.0,Caseiros,MUNICIPAL,86.1,40.0,-46.099999999999994,80.0,-40.0,0,80.0,80.0,80.0,80.0,80.0,80.0,1,80.0,4280,320
2024.0,22.0,PI,2202133.0,Campo Grande do Piauí,MUNICIPAL,85.6,95.8,10.200000000000003,80.0,15.799999999999997,1,80.0,80.0,80.0,80.0,80.0,80.0,5,97.2972972972973,169,20
2024.0,24.0,RN,2406106.0,Jucurutu,MUNICIPAL,27.6,43.69,16.089999999999996,34.74,8.949999999999996,1,42.7,51.05,59.34,67.13,74.08,80.0,1,85.12396694214877,4077,57
2024.0,35.0,SP,3505708.0,Barueri,MUNICIPAL,62.8,68.13,5.329999999999998,65.63,2.5,1,68.35,70.96,73.43,75.76,77.96,80.0,3,86.07214428857716,2136,203
2024.0,27.0,AL,2700201.0,Anadia,MUNICIPAL,53.4,45.26,-8.14,57.84,-12.580000000000005,0,62.12,66.21,70.08,73.68,76.99,80.0,1,94.375,3978,55
2024.0,42.0,SC,4216503.0,São Joaquim,MUNICIPAL,34.5,43.26,8.759999999999998,41.26,2.0,1,48.42,55.64,62.63,69.13,74.96,80.0,1,88.84297520661157,4098,233
2024.0,41.0,PR,4110052.0,Iguatu,MUNICIPAL,,43.48,,,,,50.31,57.13,63.69,69.78,75.24,80.0,1,92.0,4088,369
2024.0,23.0,CE,2310951.0,Pires Ferreira,MUNICIPAL,99.1,100.0,0.9000000000000057,80.0,20.0,1,80.0,80.0,80.0,80.0,80.0,80.0,5,100.0,1,1
2024.0,35.0,SP,3510807.0,Casa Branca,MUNICIPAL,45.0,61.98,16.979999999999997,50.63,11.349999999999994,1,56.27,61.75,66.95,71.76,76.12,80.0,3,88.9344262295082,2672,295
2024.0,31.0,MG,3121704.0,Diogo de Vasconcelos,MUNICIPAL,78.4,76.25,-2.1500000000000057,78.65,-2.4000000000000057,0,78.88,79.11,79.33,79.56,79.78,80.0,4,94.5945945945946,1386,383
2024.0,24.0,RN,2404002.0,Frutuoso Gomes,MUNICIPAL,20.0,47.06,27.060000000000002,27.09,19.970000000000002,1,35.57,45.07,54.93,64.43,72.91,80.0,1,89.47368421052632,3852,47
2024.0,25.0,PB,2510006.0,Nazarezinho,MUNICIPAL,36.5,63.86,27.36,43.11,20.75,1,50.0,56.89,63.52,69.67,75.19,80.0,3,91.30434782608695,2527,75
2024.0,51.0,MT,5103452.0,Denise,MUNICIPAL,58.2,83.58,25.379999999999995,61.8,21.78,1,65.29,68.63,71.78,74.74,77.48,80.0,5,94.2528735632184,761,16
2024.0,27.0,AL,2706505.0,Passo de Camaragibe,MUNICIPAL,42.0,32.59,-9.409999999999997,48.06,-15.469999999999999,0,54.15,60.12,65.8,71.06,75.81,80.0,0,97.72727272727272,4647,87
2024.0,29.0,BA,2919058.0,Lajedo do Tabocal,MUNICIPAL,55.1,43.1,-12.0,59.2,-16.1,0,63.21,67.04,70.67,74.04,77.16,80.0,1,98.30508474576273,4110,96
2024.0,25.0,PB,2508802.0,Malta,MUNICIPAL,68.4,48.74,-19.660000000000004,70.29,-21.550000000000004,0,72.08,73.81,75.47,77.05,78.56,80.0,1,92.1875,3728,135
2024.0,35.0,SP,3548609.0,São Bento do Sapucaí,MUNICIPAL,61.9,57.89,-4.009999999999998,64.92,-7.030000000000001,0,67.79,70.52,73.12,75.57,77.87,80.0,2,96.15384615384616,3023,368
2024.0,35.0,SP,3556404.0,Vargem Grande do Sul,MUNICIPAL,69.5,61.51,-7.990000000000002,71.16,-9.649999999999999,0,72.78,74.35,75.85,77.3,78.68,80.0,3,91.81141439205956,2715,308
2024.0,51.0,MT,5104500.0,Indiavaí,MUNICIPAL,44.7,67.61,22.909999999999997,50.4,17.21,1,56.08,61.6,66.84,71.7,76.1,80.0,3,85.71428571428571,2183,61
2024.0,29.0,BA,2918001.0,Jequié,MUNICIPAL,37.9,39.48,1.5799999999999983,44.37,-4.890000000000001,0,51.06,57.72,64.11,70.03,75.35,80.0,0,85.04587155963303,4316,132
2024.0,41.0,PR,4126603.0,Siqueira Campos,MUNICIPAL,85.7,82.88,-2.8200000000000074,80.0,2.8799999999999955,1,80.0,80.0,80.0,80.0,80.0,80.0,5,94.66192170818503,812,77
2024.0,17.0,TO,1709302.0,Guaraí,MUNICIPAL,36.1,48.16,12.059999999999995,42.74,5.419999999999995,1,49.68,56.64,63.34,69.57,75.15,80.0,1,83.26693227091634,3763,66
2024.0,43.0,RS,4303509.0,Camaquã,MUNICIPAL,58.6,56.4,-2.200000000000003,62.16,-5.759999999999998,0,65.58,68.85,71.94,74.83,77.52,80.0,2,85.78947368421052,3144,159
2024.0,23.0,CE,2309003.0,Mucambo,MUNICIPAL,97.9,98.82,0.9199999999999875,80.0,18.819999999999993,1,80.0,80.0,80.0,80.0,80.0,80.0,5,100.0,71,26
2024.0,21.0,MA,2109809.0,Santa Helena,MUNICIPAL,57.1,72.74,15.639999999999993,60.93,11.809999999999995,1,64.59,68.1,71.41,74.5,77.37,80.0,4,74.34944237918215,1704,58
2024.0,31.0,MG,3154804.0,Rio Acima,MUNICIPAL,40.7,72.91,32.209999999999994,46.93,25.979999999999997,1,53.21,59.39,65.28,70.75,75.67,80.0,4,90.2439024390244,1689,457
2024.0,43.0,RS,4313037.0,Nova Esperança do Sul,MUNICIPAL,86.2,80.7,-5.5,80.0,0.7000000000000028,1,80.0,80.0,80.0,80.0,80.0,80.0,5,92.6829268292683,981,21
2024.0,35.0,SP,3539004.0,Pirangi,MUNICIPAL,83.7,75.61,-8.090000000000003,80.0,-4.390000000000001,0,80.0,80.0,80.0,80.0,80.0,80.0,4,91.96428571428572,1449,120
2024.0,42.0,SC,4212809.0,Balneário Piçarras,MUNICIPAL,61.5,53.84,-7.659999999999997,64.55,-10.709999999999994,0,67.49,70.3,72.97,75.47,77.82,80.0,2,70.0374531835206,3367,216
2024.0,35.0,SP,3536901.0,Pedranópolis,MUNICIPAL,39.1,72.73,33.63,45.5,27.230000000000004,1,52.01,58.46,64.63,70.35,75.49,80.0,4,91.66666666666666,1705,151
2024.0,41.0,PR,4115200.0,Maringá,MUNICIPAL,80.5,78.37,-2.1299999999999955,80.0,-1.6299999999999955,0,80.0,80.0,80.0,80.0,80.0,80.0,4,83.93039918116683,1164,124
2024.0,35.0,SP,3510609.0,Carapicuíba,MUNICIPAL,45.2,44.8,-0.4000000000000057,50.83,-6.030000000000001,0,56.43,61.88,67.04,71.81,76.15,80.0,1,81.28491620111731,4001,541
2024.0,24.0,RN,2408953.0,Rio do Fogo,MUNICIPAL,14.9,31.56,16.659999999999997,21.44,10.119999999999997,1,29.91,40.04,51.09,62.04,71.89,80.0,0,70.96774193548387,4681,111
2024.0,31.0,MG,3117207.0,Conceição das Pedras,MUNICIPAL,57.9,76.67,18.770000000000003,61.58,15.090000000000003,1,65.12,68.5,71.69,74.68,77.45,80.0,4,93.75,1350,365
2024.0,35.0,SP,3508504.0,Caçapava,MUNICIPAL,53.1,44.26,-8.840000000000003,57.51,-13.25,0,61.85,66.01,69.94,73.6,76.95,80.0,1,84.68468468468468,4035,548
2024.0,24.0,RN,2414753.0,Venha-Ver,MUNICIPAL,41.2,53.85,12.649999999999999,47.31,6.539999999999999,1,53.53,59.64,65.46,70.85,75.72,80.0,2,100.0,3363,26
2024.0,13.0,AM,1300706.0,Boca do Acre,MUNICIPAL,59.1,44.78,-14.32,62.56,-17.78,0,65.9,69.09,72.11,74.94,77.57,80.0,1,77.91164658634538,4003,26
2024.0,26.0,PE,2608453.0,Lagoa do Carro,MUNICIPAL,48.4,59.78,11.380000000000003,53.55,6.230000000000004,1,58.65,63.57,68.23,72.54,76.48,80.0,2,98.58156028368792,2870,107
2024.0,21.0,MA,2105351.0,Itaipava do Grajaú,MUNICIPAL,86.1,72.99,-13.11,80.0,-7.010000000000005,0,80.0,80.0,80.0,80.0,80.0,80.0,4,98.1818181818182,1685,57
2024.0,25.0,PB,2513984.0,São Francisco,MUNICIPAL,56.6,97.5,40.9,60.48,37.02,1,64.23,67.82,71.21,74.38,77.31,80.0,5,97.5,107,7
2024.0,35.0,SP,3547106.0,Santa Mercedes,MUNICIPAL,95.6,81.08,-14.519999999999996,80.0,1.0799999999999983,1,80.0,80.0,80.0,80.0,80.0,80.0,5,97.2972972972973,956,73
2024.0,31.0,MG,3148202.0,Patrocínio do Muriaé,MUNICIPAL,72.6,80.53,7.930000000000007,73.79,6.739999999999995,1,74.9,75.99,77.04,78.06,79.05,80.0,5,90.0,994,263
2024.0,42.0,SC,4202875.0,Brunópolis,MUNICIPAL,66.7,68.75,2.049999999999997,68.83,-0.0799999999999983,0,70.92,72.91,74.82,76.64,78.37,80.0,3,94.11764705882352,2081,138
2024.0,23.0,CE,2311264.0,Quiterianópolis,MUNICIPAL,98.5,99.49,0.9899999999999949,80.0,19.489999999999995,1,80.0,80.0,80.0,80.0,80.0,80.0,5,100.0,56,14
2024.0,13.0,AM,1304302.0,Urucará,MUNICIPAL,57.0,73.95,16.950000000000003,60.83,13.120000000000005,1,64.52,68.04,71.37,74.48,77.36,80.0,4,95.06172839506172,1601,4
2024.0,25.0,PB,2513000.0,Salgadinho,MUNICIPAL,72.7,83.93,11.230000000000004,73.86,10.070000000000007,1,74.97,76.04,77.08,78.08,79.06,80.0,5,95.0,741,32
2024.0,43.0,RS,4311205.0,Júlio de Castilhos,MUNICIPAL,,42.2,,,,,49.24,56.29,63.09,69.42,75.08,80.0,1,72.38805970149254,4161,300
2024.0,42.0,SC,4212007.0,Palma Sola,MUNICIPAL,80.1,79.92,-0.1799999999999926,80.0,-0.0799999999999983,0,80.0,80.0,80.0,80.0,80.0,80.0,4,83.17757009345794,1050,40
2024.0,35.0,SP,3540705.0,Porto Ferreira,MUNICIPAL,48.9,50.08,1.1799999999999997,54.0,-3.9200000000000017,0,59.02,63.85,68.42,72.66,76.53,80.0,2,91.26984126984128,3628,486
2024.0,23.0,CE,2302008.0,Barro,MUNICIPAL,67.8,63.940000000000005,-3.8599999999999923,69.8,-5.859999999999992,0,71.69,73.51,75.25,76.91,78.5,80.0,3,99.3939393939394,2523,165
2024.0,31.0,MG,3155009.0,Rio Doce,MUNICIPAL,87.9,90.43,2.530000000000001,80.0,10.430000000000007,1,80.0,80.0,80.0,80.0,80.0,80.0,5,91.30434782608695,379,69
2024.0,43.0,RS,4304853.0,Carlos Gomes,MUNICIPAL,54.6,50.0,-4.600000000000001,58.77,-8.770000000000003,0,62.87,66.78,70.48,73.93,77.11,80.0,2,100.0,3631,217
2024.0,25.0,PB,2512754.0,Riachão do Bacamarte,MUNICIPAL,44.6,46.23,1.6299999999999955,50.27,-4.040000000000006,0,55.97,61.52,66.79,71.66,76.08,80.0,1,92.5,3907,152
2024.0,17.0,TO,1703008.0,Babaçulândia,MUNICIPAL,20.5,19.17,-1.3299999999999983,27.6,-8.43,0,36.07,45.49,55.26,64.63,73.0,80.0,0,81.92771084337349,4946,128
2024.0,27.0,AL,2705101.0,Matriz de Camaragibe,MUNICIPAL,35.3,48.77,13.470000000000006,41.99,6.780000000000001,1,49.04,56.14,62.98,69.35,75.05,80.0,1,98.08429118773944,3726,47
2024.0,31.0,MG,3123809.0,Engenheiro Navarro,MUNICIPAL,44.7,76.22,31.519999999999996,50.36,25.86,1,56.04,61.58,66.82,71.69,76.09,80.0,4,95.8762886597938,1390,384
2024.0,42.0,SC,4210605.0,Massaranduba,MUNICIPAL,71.0,77.07000000000001,6.070000000000007,72.41,4.660000000000011,1,73.79,75.12,76.41,77.66,78.85,80.0,4,88.83495145631069,1302,66
2024.0,25.0,PB,2509305.0,Mataraca,MUNICIPAL,85.9,50.43,-35.470000000000006,80.0,-29.57,0,80.0,80.0,80.0,80.0,80.0,80.0,2,92.70833333333334,3613,128
2024.0,35.0,SP,3529906.0,Miracatu,MUNICIPAL,43.6,65.52,21.919999999999995,49.39,16.129999999999995,1,55.25,60.97,66.4,71.42,75.97,80.0,3,90.9090909090909,2350,230
2024.0,43.0,RS,4310405.0,Independência,MUNICIPAL,66.6,57.7,-8.899999999999991,68.77,-11.069999999999993,0,70.86,72.87,74.8,76.63,78.36,80.0,2,92.15686274509804,3029,149
2024.0,35.0,SP,3507209.0,Borá,MUNICIPAL,,58.33,,,,,62.52,66.52,70.3,73.81,77.05,80.0,2,100.0,2982,359
2024.0,31.0,MG,3127404.0,Gonçalves,MUNICIPAL,62.2,77.02,14.819999999999993,65.09,11.929999999999993,1,67.92,70.63,73.2,75.62,77.89,80.0,4,97.95918367346938,1305,353
2024.0,31.0,MG,3133709.0,Itatiaiuçu,MUNICIPAL,72.4,80.42,8.019999999999996,73.57,6.8500000000000085,1,74.73,75.85,76.94,78.0,79.02,80.0,5,84.26966292134831,1000,267
2024.0,52.0,GO,5206909.0,Davinópolis,MUNICIPAL,87.1,83.12,-3.9799999999999898,80.0,3.1200000000000045,1,80.0,80.0,80.0,80.0,80.0,80.0,5,82.14285714285714,796,92
2024.0,25.0,PB,2503506.0,Cacimba de Dentro,MUNICIPAL,79.5,63.3,-16.200000000000003,79.56,-16.260000000000005,0,79.64,79.71,79.78,79.86,79.93,80.0,3,94.48275862068964,2567,78
2024.0,43.0,RS,4302303.0,Bom Jesus,MUNICIPAL,72.6,40.2,-32.39999999999999,73.75,-33.55,0,74.87,75.96,77.02,78.05,79.04,80.0,1,84.61538461538461,4272,318
2024.0,25.0,PB,2500577.0,Algodão de Jandaíra,MUNICIPAL,44.3,50.16,5.859999999999999,50.06,0.09999999999999432,1,55.8,61.39,66.69,71.61,76.05,80.0,2,89.65517241379311,3625,129
2024.0,35.0,SP,3518701.0,Guarujá,MUNICIPAL,48.2,44.13,-4.07,53.43,-9.299999999999997,0,58.55,63.5,68.17,72.51,76.46,80.0,1,83.39285714285715,4047,550
2024.0,15.0,PA,1505494.0,Palestina do Pará,MUNICIPAL,33.8,44.75,10.950000000000003,40.66,4.090000000000003,1,47.9,55.23,62.34,68.96,74.88,80.0,1,91.93548387096774,4007,82
2024.0,43.0,RS,4309605.0,Horizontina,MUNICIPAL,71.2,57.2,-14.0,72.61,-15.409999999999997,0,73.96,75.25,76.51,77.72,78.88,80.0,2,92.57425742574256,3070,151
2024.0,35.0,SP,3533809.0,Óleo,MUNICIPAL,57.1,70.0,12.899999999999999,60.93,9.07,1,64.6,68.1,71.41,74.5,77.37,80.0,4,100.0,1958,182
2024.0,25.0,PB,2502805.0,Brejo do Cruz,MUNICIPAL,53.6,51.6,-2.0,57.95,-6.350000000000001,0,62.2,66.28,70.13,73.71,77.01,80.0,2,85.84070796460178,3530,122
2024.0,31.0,MG,3110806.0,Campanário,MUNICIPAL,61.5,47.62,-13.880000000000003,64.52,-16.9,0,67.47,70.28,72.95,75.46,77.82,80.0,1,92.85714285714286,3805,743
2024.0,31.0,MG,3150208.0,Piedade de Ponte Nova,MUNICIPAL,35.2,80.01,44.81,41.95,38.06,1,49.01,56.11,62.97,69.34,75.05,80.0,5,85.71428571428571,1032,274
2024.0,16.0,AP,1600204.0,Calçoene,MUNICIPAL,35.1,39.25,4.149999999999999,41.81,-2.5600000000000023,0,48.89,56.01,62.9,69.3,75.03,80.0,0,81.05263157894737,4323,12
2024.0,21.0,MA,2103703.0,Cururupu,MUNICIPAL,65.8,66.32000000000001,0.5200000000000102,68.14,-1.8199999999999932,0,70.36,72.49,74.52,76.45,78.28,80.0,3,92.61744966442951,2295,86
2024.0,23.0,CE,2313104.0,Tabuleiro do Norte,MUNICIPAL,89.0,84.32000000000001,-4.679999999999993,80.0,4.320000000000007,1,80.0,80.0,80.0,80.0,80.0,80.0,5,97.3076923076923,716,132
2024.0,25.0,PB,2502003.0,Belém do Brejo do Cruz,MUNICIPAL,57.5,40.07,-17.43,61.23,-21.159999999999997,0,64.84,68.28,71.54,74.58,77.41,80.0,1,98.21428571428572,4276,181
2024.0,50.0,MS,5004502.0,Itaporã,MUNICIPAL,69.0,57.29,-11.71,70.79,-13.500000000000007,0,72.48,74.12,75.69,77.19,78.63,80.0,2,86.53061224489797,3063,36
2024.0,23.0,CE,2310902.0,Piquet Carneiro,MUNICIPAL,100.0,100.0,0.0,80.0,20.0,1,80.0,80.0,80.0,80.0,80.0,80.0,5,100.0,1,1
2024.0,51.0,MT,5106752.0,Pontes e Lacerda,MUNICIPAL,68.0,66.49,-1.5100000000000051,69.94,-3.450000000000003,0,71.81,73.6,75.31,76.95,78.52,80.0,3,88.34586466165413,2287,65
2024.0,35.0,SP,3540507.0,Porangaba,MUNICIPAL,69.9,60.38,-9.520000000000003,71.51,-11.130000000000003,0,73.06,74.57,76.01,77.4,78.73,80.0,3,89.13043478260869,2809,329
2024.0,41.0,PR,4121752.0,Reserva do Iguaçu,MUNICIPAL,77.9,83.13,5.22999999999999,78.22,4.909999999999997,1,78.52,78.82,79.12,79.42,79.71,80.0,5,84.90566037735849,795,74
2024.0,31.0,MG,3132701.0,Itambacuri,MUNICIPAL,51.6,56.95,5.350000000000001,56.29,0.6600000000000037,1,60.87,65.27,69.42,73.27,76.81,80.0,2,93.80530973451329,3099,704
2024.0,43.0,RS,4316436.0,Saldanha Marinho,MUNICIPAL,42.9,69.60000000000001,26.70000000000001,48.79,20.81000000000001,1,54.75,60.58,66.13,71.26,75.9,80.0,3,100.0,1990,58
2024.0,24.0,RN,2400901.0,Antônio Martins,MUNICIPAL,25.2,37.67,12.470000000000002,32.45,5.219999999999999,1,40.62,49.33,58.09,66.37,73.75,80.0,0,91.8918918918919,4420,83
2024.0,29.0,BA,2932606.0,Urandi,MUNICIPAL,59.2,40.54,-18.660000000000004,62.68,-22.14,0,66.0,69.16,72.16,74.97,77.59,80.0,1,96.73202614379085,4254,126
2024.0,52.0,GO,5210000.0,Inhumas,MUNICIPAL,81.3,87.57000000000001,6.27000000000001,80.0,7.570000000000007,1,80.0,80.0,80.0,80.0,80.0,80.0,5,94.22718808193667,511,56
2024.0,41.0,PR,4107702.0,Fênix,MUNICIPAL,65.2,61.86,-3.3400000000000034,67.58,-5.719999999999999,0,69.92,72.15,74.28,76.3,78.21,80.0,3,89.36170212765957,2681,318
2024.0,16.0,AP,1600402.0,Mazagão,MUNICIPAL,29.4,44.22,14.82,36.5,7.719999999999999,1,44.27,52.32,60.26,67.69,74.33,80.0,1,88.07106598984772,4037,8
2024.0,23.0,CE,2313609.0,Ubajara,MUNICIPAL,97.0,95.13,-1.8700000000000045,80.0,15.129999999999995,1,80.0,80.0,80.0,80.0,80.0,80.0,5,98.90350877192982,193,73
2024.0,25.0,PB,2509206.0,Massaranduba,MUNICIPAL,44.3,40.69,-3.6099999999999994,50.02,-9.330000000000005,0,55.77,61.36,66.67,71.59,76.05,80.0,1,85.59322033898306,4248,176
2024.0,52.0,GO,5222054.0,Vicentinópolis,MUNICIPAL,78.2,84.21000000000001,6.010000000000005,78.5,5.710000000000008,1,78.75,79.01,79.26,79.51,79.76,80.0,5,100.0,724,79
2024.0,23.0,CE,2307601.0,Limoeiro do Norte,MUNICIPAL,87.8,89.65,1.8500000000000085,80.0,9.650000000000006,1,80.0,80.0,80.0,80.0,80.0,80.0,5,92.25352112676056,421,113
2024.0,35.0,SP,3540804.0,Potirendaba,MUNICIPAL,60.7,62.55,1.8499999999999943,63.91,-1.3599999999999994,0,66.98,69.91,72.69,75.3,77.74,80.0,3,87.89237668161435,2627,283
2024.0,29.0,BA,2913408.0,Igaporã,MUNICIPAL,57.2,42.57,-14.630000000000003,60.96,-18.39,0,64.62,68.12,71.42,74.51,77.37,80.0,1,92.6605504587156,4139,102
2024.0,35.0,SP,3547700.0,Santo Anastácio,MUNICIPAL,80.0,79.01,-0.9899999999999949,79.99,-0.9799999999999898,0,79.99,79.99,80.0,80.0,80.0,80.0,4,95.6043956043956,1121,92
2024.0,41.0,PR,4122206.0,Rio Branco do Sul,MUNICIPAL,62.3,61.35,-0.9499999999999957,65.21,-3.8599999999999923,0,68.02,70.7,73.25,75.65,77.9,80.0,3,90.3292181069959,2728,324
2024.0,21.0,MA,2111706.0,São Vicente Ferrer,MUNICIPAL,61.0,76.82000000000001,15.820000000000007,64.17,12.650000000000006,1,67.18,70.07,72.8,75.37,77.77,80.0,4,97.2972972972973,1334,44
2024.0,43.0,RS,4305975.0,Coxilha,MUNICIPAL,63.4,52.3,-11.100000000000001,66.14,-13.840000000000003,0,68.76,71.27,73.65,75.9,78.02,80.0,2,88.88888888888889,3478,198
2024.0,28.0,SE,2803609.0,Laranjeiras,MUNICIPAL,16.3,27.35,11.05,23.05,4.300000000000001,1,31.57,41.54,52.26,62.77,72.2,80.0,0,89.75409836065575,4821,55
2024.0,25.0,PB,2514602.0,São José do Bonfim,MUNICIPAL,12.0,29.62,17.62,18.06,11.560000000000002,1,26.33,36.68,48.43,60.35,71.16,80.0,0,91.17647058823528,4751,201
2024.0,42.0,SC,4215406.0,Salto Veloso,MUNICIPAL,85.4,72.08,-13.320000000000007,80.0,-7.920000000000002,0,80.0,80.0,80.0,80.0,80.0,80.0,4,85.0,1759,103
2024.0,29.0,BA,2905206.0,Caetité,MUNICIPAL,49.2,39.02,-10.18,54.21,-15.189999999999998,0,59.19,63.98,68.52,72.72,76.56,80.0,0,92.84164859002168,4338,139
2024.0,26.0,PE,2613909.0,Serra Talhada,MUNICIPAL,76.1,77.92,1.8200000000000074,76.71,1.210000000000008,1,77.29,77.85,78.4,78.94,79.48,80.0,4,96.3356973995272,1208,40
2024.0,27.0,AL,2704500.0,Maragogi,MUNICIPAL,32.4,45.6,13.200000000000003,39.36,6.240000000000002,1,46.77,54.34,61.7,68.57,74.71,80.0,1,94.00921658986177,3945,53
2024.0,31.0,MG,3116605.0,Cláudio,MUNICIPAL,61.1,82.99,21.889999999999993,64.18,18.809999999999988,1,67.2,70.08,72.81,75.37,77.77,80.0,5,93.63057324840764,801,205
2024.0,31.0,MG,3103405.0,Araçuaí,MUNICIPAL,44.3,50.75,6.450000000000003,50.02,0.7299999999999969,1,55.77,61.36,66.67,71.59,76.05,80.0,2,93.24324324324324,3584,730
2024.0,35.0,SP,3509452.0,Campina do Monte Alegre,MUNICIPAL,45.8,43.46,-2.3399999999999963,51.32,-7.859999999999999,0,56.83,62.18,67.25,71.95,76.21,80.0,1,94.20289855072464,4089,555
2024.0,29.0,BA,2920601.0,Maragogipe,MUNICIPAL,47.4,54.49,7.090000000000003,52.74,1.75,1,58.0,63.07,67.88,72.33,76.38,80.0,2,84.34343434343434,3306,22
2024.0,52.0,GO,5221601.0,Uruaçu,MUNICIPAL,69.3,76.87,7.570000000000007,71.02,5.8500000000000085,1,72.67,74.26,75.79,77.26,78.66,80.0,4,98.39228295819936,1328,144
2024.0,29.0,BA,2915106.0,Itagi,MUNICIPAL,37.8,23.53,-14.269999999999996,44.26,-20.729999999999997,0,50.97,57.65,64.06,70.0,75.34,80.0,0,97.54098360655738,4901,342
2024.0,35.0,SP,3500758.0,Alambari,MUNICIPAL,71.6,61.45,-10.149999999999991,72.91,-11.459999999999994,0,74.2,75.44,76.64,77.8,78.92,80.0,3,87.32394366197182,2718,310
2024.0,35.0,SP,3502101.0,Andradina,MUNICIPAL,57.0,65.48,8.480000000000004,60.79,4.690000000000005,1,64.49,68.02,71.35,74.47,77.35,80.0,3,94.37984496124032,2356,233
2024.0,25.0,PB,2508554.0,Logradouro,MUNICIPAL,80.8,94.6,13.799999999999997,80.0,14.599999999999994,1,80.0,80.0,80.0,80.0,80.0,80.0,5,88.63636363636364,214,13
2024.0,29.0,BA,2919306.0,Lençóis,MUNICIPAL,36.2,37.66,1.4599999999999937,42.83,-5.170000000000002,0,49.76,56.7,63.38,69.59,75.16,80.0,0,85.55555555555556,4421,150
2024.0,43.0,RS,4318606.0,São José do Ouro,MUNICIPAL,62.5,37.2,-25.299999999999997,65.42,-28.22,0,68.18,70.83,73.34,75.71,77.93,80.0,0,87.5,4449,353
2024.0,21.0,MA,2109106.0,Presidente Dutra,MUNICIPAL,54.8,45.11,-9.689999999999998,58.95,-13.840000000000003,0,63.01,66.9,70.56,73.98,77.13,80.0,1,92.25806451612904,3989,173
2024.0,31.0,MG,3117405.0,Conceição de Ipanema,MUNICIPAL,90.0,74.88,-15.120000000000005,80.0,-5.1200000000000045,0,80.0,80.0,80.0,80.0,80.0,80.0,4,88.88888888888889,1524,418
2024.0,43.0,RS,4304663.0,Capão do Leão,MUNICIPAL,48.7,28.2,-20.500000000000004,53.81,-25.610000000000003,0,58.86,63.74,68.34,72.61,76.51,80.0,0,75.27675276752768,4798,388
2024.0,43.0,RS,4317509.0,Santo Ângelo,MUNICIPAL,64.4,41.5,-22.900000000000006,66.92,-25.42,0,69.39,71.75,73.99,76.12,78.12,80.0,1,89.05325443786982,4200,308
2024.0,27.0,AL,2709202.0,Traipu,MUNICIPAL,31.6,47.49,15.89,38.63,8.86,1,46.14,53.83,61.34,68.35,74.61,80.0,1,94.67455621301777,3815,48
2024.0,29.0,BA,2901353.0,Andorinha,MUNICIPAL,33.0,28.44,-4.559999999999999,39.88,-11.440000000000001,0,47.23,54.7,61.96,68.73,74.78,80.0,0,97.32142857142856,4787,288
2024.0,35.0,SP,3515707.0,Ferraz de Vasconcelos,MUNICIPAL,52.7,65.07000000000001,12.370000000000005,57.23,7.8400000000000105,1,61.63,65.84,69.82,73.52,76.92,80.0,3,94.68855625301786,2396,242
2024.0,41.0,PR,4115903.0,Mirador,MUNICIPAL,70.4,56.0,-14.400000000000006,71.89,-15.89,0,73.37,74.8,76.18,77.51,78.78,80.0,2,89.28571428571429,3173,346
2024.0,25.0,PB,2506004.0,Esperança,MUNICIPAL,61.5,64.21000000000001,2.710000000000008,64.55,-0.3399999999999892,0,67.49,70.3,72.97,75.47,77.82,80.0,3,93.01470588235294,2493,73
2024.0,42.0,SC,4215208.0,Romelândia,MUNICIPAL,52.1,78.04,25.940000000000005,56.69,21.35000000000001,1,61.19,65.51,69.59,73.38,76.85,80.0,4,95.34883720930232,1193,52
2024.0,22.0,PI,2211308.0,Valença do Piauí,MUNICIPAL,51.9,42.13,-9.769999999999996,56.58,-14.449999999999996,0,61.1,65.44,69.54,73.35,76.84,80.0,1,93.4010152284264,4167,184
2024.0,43.0,RS,4300851.0,Arambaré,MUNICIPAL,57.5,55.0,-2.5,61.27,-6.270000000000003,0,64.87,68.3,71.55,74.59,77.41,80.0,2,76.92307692307693,3263,172
2024.0,29.0,BA,2901502.0,Anguera,MUNICIPAL,38.7,55.95,17.25,45.15,10.800000000000004,1,51.72,58.23,64.47,70.25,75.45,80.0,2,98.82352941176472,3177,18
2024.0,27.0,AL,2702108.0,Colônia Leopoldina,MUNICIPAL,84.7,73.25,-11.450000000000003,80.0,-6.75,0,80.0,80.0,80.0,80.0,80.0,80.0,4,93.4010152284264,1661,15
2024.0,29.0,BA,2918555.0,Jussari,MUNICIPAL,35.9,31.58,-4.32,42.54,-10.96,0,49.51,56.5,63.25,69.51,75.12,80.0,0,91.93548387096774,4677,238
2024.0,31.0,MG,3142007.0,Mirabela,MUNICIPAL,59.0,48.06,-10.939999999999998,62.46,-14.399999999999999,0,65.82,69.03,72.07,74.91,77.56,80.0,1,97.75280898876404,3768,738
2024.0,15.0,PA,1508308.0,Viseu,MUNICIPAL,34.3,38.21,3.9100000000000037,41.1,-2.8900000000000006,0,48.28,55.53,62.56,69.09,74.94,80.0,0,88.80208333333334,4386,101
2024.0,21.0,MA,2112209.0,Timon,MUNICIPAL,67.8,75.74,7.939999999999998,69.77,5.969999999999999,1,71.67,73.49,75.24,76.9,78.49,80.0,4,93.7007874015748,1442,47
2024.0,33.0,RJ,3300225.0,Areal,MUNICIPAL,62.5,63.64,1.1400000000000006,65.34,-1.7000000000000028,0,68.12,70.78,73.31,75.69,77.92,80.0,3,85.71428571428571,2542,36
2024.0,35.0,SP,3526902.0,Limeira,MUNICIPAL,62.4,62.75,0.3500000000000014,65.28,-2.530000000000001,0,68.08,70.75,73.28,75.67,77.91,80.0,3,90.098231827112,2612,279
2024.0,31.0,MG,3115003.0,Cascalho Rico,MUNICIPAL,63.9,85.84,21.940000000000005,66.54,19.299999999999997,1,69.08,71.51,73.83,76.01,78.07,80.0,5,90.32258064516128,610,148
2024.0,43.0,RS,4313805.0,Palmitinho,MUNICIPAL,84.1,68.4,-15.699999999999989,80.0,-11.599999999999994,0,80.0,80.0,80.0,80.0,80.0,80.0,3,96.36363636363636,2113,66
2024.0,31.0,MG,3169802.0,Turvolândia,MUNICIPAL,61.7,67.31,5.609999999999999,64.7,2.6099999999999994,1,67.61,70.39,73.03,75.51,77.84,80.0,3,95.8904109589041,2210,580
2024.0,17.0,TO,1702158.0,Araguanã,MUNICIPAL,37.7,37.81,0.10999999999999943,44.23,-6.419999999999995,0,50.95,57.63,64.04,69.99,75.34,80.0,0,91.30434782608695,4411,99
2024.0,21.0,MA,2102002.0,Bom Jardim,MUNICIPAL,94.6,69.64,-24.959999999999994,80.0,-10.36,0,80.0,80.0,80.0,80.0,80.0,80.0,3,96.6867469879518,1987,72
2024.0,26.0,PE,2602308.0,Bonito,MUNICIPAL,56.7,79.75,23.049999999999997,60.58,19.17,1,64.31,67.88,71.26,74.41,77.33,80.0,4,96.65738161559888,1064,33
2024.0,26.0,PE,2604502.0,Chã Grande,MUNICIPAL,55.3,58.51,3.210000000000001,59.42,-0.9100000000000037,0,63.39,67.18,70.76,74.1,77.19,80.0,2,95.703125,2966,116
2024.0,29.0,BA,2922755.0,Nova Ibiá,MUNICIPAL,50.3,48.98,-1.3200000000000003,55.22,-6.240000000000002,0,60.01,64.61,68.95,72.99,76.68,80.0,1,92.45283018867924,3711,47
2024.0,43.0,RS,4305850.0,Coqueiros do Sul,MUNICIPAL,86.6,41.7,-44.89999999999999,80.0,-38.3,0,80.0,80.0,80.0,80.0,80.0,80.0,1,80.0,4188,306
2024.0,42.0,SC,4202859.0,Braço do Trombudo,MUNICIPAL,62.2,64.21000000000001,2.010000000000005,65.11,-0.8999999999999915,0,67.94,70.64,73.21,75.62,77.89,80.0,3,71.9298245614035,2493,168
2024.0,41.0,PR,4105409.0,Chopinzinho,MUNICIPAL,80.7,70.85000000000001,-9.849999999999994,80.0,-9.149999999999991,0,80.0,80.0,80.0,80.0,80.0,80.0,4,89.92248062015504,1862,246
2024.0,29.0,BA,2928505.0,Santa Terezinha,MUNICIPAL,26.6,27.63,1.0299999999999976,33.84,-6.210000000000004,0,41.88,50.37,58.85,66.83,73.95,80.0,0,96.20253164556962,4812,302
2024.0,11.0,RO,1100403.0,Alto Paraíso,MUNICIPAL,61.5,60.45,-1.0499999999999972,64.58,-4.1299999999999955,0,67.51,70.32,72.98,75.48,77.82,80.0,3,85.5,2801,40
2024.0,29.0,BA,2922300.0,Muritiba,MUNICIPAL,23.3,51.72,28.419999999999998,30.55,21.169999999999998,1,38.86,47.87,57.02,65.71,73.47,80.0,2,92.5531914893617,3513,34
2024.0,43.0,RS,4322376.0,Unistalda,MUNICIPAL,58.8,38.1,-20.699999999999996,62.33,-24.229999999999997,0,65.72,68.95,72.01,74.88,77.54,80.0,0,78.57142857142857,4393,344
2024.0,35.0,SP,3504206.0,Auriflama,MUNICIPAL,68.6,77.87,9.27000000000001,70.43,7.439999999999998,1,72.2,73.9,75.53,77.09,78.58,80.0,4,90.09009009009009,1211,102
2024.0,22.0,PI,2210003.0,São João do Piauí,MUNICIPAL,44.4,65.25,20.85,50.09,15.159999999999997,1,55.82,61.41,66.71,71.61,76.06,80.0,3,97.66536964980544,2384,100
2024.0,13.0,AM,1304401.0,Urucurituba,MUNICIPAL,,46.46,,,,,52.79,59.07,65.06,70.61,75.61,80.0,1,93.56223175965664,3893,24
2024.0,41.0,PR,4107405.0,Enéas Marques,MUNICIPAL,83.6,85.24,1.6400000000000006,80.0,5.239999999999995,1,80.0,80.0,80.0,80.0,80.0,80.0,5,85.71428571428571,647,51
2024.0,29.0,BA,2919702.0,Macarani,MUNICIPAL,49.1,44.74,-4.359999999999999,54.13,-9.39,0,59.12,63.93,68.48,72.7,76.55,80.0,1,93.44262295081968,4009,83
2024.0,52.0,GO,5215256.0,Novo Planalto,MUNICIPAL,84.7,94.54,9.840000000000003,80.0,14.540000000000006,1,80.0,80.0,80.0,80.0,80.0,80.0,5,100.0,216,25
2024.0,21.0,MA,2104552.0,Governador Edison Lobão,MUNICIPAL,80.4,67.46000000000001,-12.939999999999998,80.0,-12.539999999999992,0,80.0,80.0,80.0,80.0,80.0,80.0,3,91.61676646706589,2200,81
2024.0,35.0,SP,3549805.0,São José do Rio Preto,MUNICIPAL,52.1,56.85,4.75,56.68,0.1700000000000017,1,61.18,65.5,69.58,73.38,76.85,80.0,2,84.7518642324505,3111,386
2024.0,43.0,RS,4310413.0,Inhacorá,MUNICIPAL,62.7,35.300000000000004,-27.4,65.51,-30.21,0,68.26,70.88,73.38,75.73,77.94,80.0,0,77.27272727272727,4546,371
2024.0,17.0,TO,1716307.0,Pau D'Arco,MUNICIPAL,6.5,37.96,31.46,11.05,26.91,1,18.14,28.32,41.34,55.7,69.16,80.0,0,93.5483870967742,4401,97
2024.0,29.0,BA,2905602.0,Camacan,MUNICIPAL,34.0,24.61,-9.39,40.84,-16.230000000000004,0,48.06,55.36,62.43,69.01,74.9,80.0,0,83.77192982456141,4881,332
2024.0,26.0,PE,2609006.0,Macaparana,MUNICIPAL,72.6,81.95,9.350000000000009,73.76,8.189999999999998,1,74.88,75.97,77.03,78.05,79.04,80.0,5,97.71689497716896,885,29
2024.0,31.0,MG,3117900.0,Congonhal,MUNICIPAL,73.5,83.44,9.939999999999998,74.47,8.969999999999999,1,75.46,76.42,77.36,78.26,79.15,80.0,5,91.40625,768,194
2024.0,35.0,SP,3554656.0,Torre de Pedra,MUNICIPAL,33.3,30.77,-2.5299999999999976,40.22,-9.45,0,47.52,54.93,62.13,68.83,74.82,80.0,0,100.0,4711,573
2024.0,32.0,ES,3203908.0,Nova Venécia,MUNICIPAL,83.5,83.24,-0.2600000000000051,80.0,3.239999999999995,1,80.0,80.0,80.0,80.0,80.0,80.0,5,93.93939393939394,793,19
2024.0,31.0,MG,3162609.0,São João do Oriente,MUNICIPAL,83.4,67.66,-15.740000000000009,80.0,-12.340000000000003,0,80.0,80.0,80.0,80.0,80.0,80.0,3,96.20253164556962,2179,573
2024.0,31.0,MG,3115474.0,Catuti,MUNICIPAL,61.3,75.75,14.450000000000003,64.35,11.400000000000006,1,67.33,70.18,72.88,75.42,77.79,80.0,4,94.91525423728814,1438,396
2024.0,17.0,TO,1715259.0,Novo Jardim,MUNICIPAL,22.3,61.24,38.94,29.51,31.73,1,37.88,47.04,56.41,65.34,73.3,80.0,3,87.17948717948718,2733,20
2024.0,35.0,SP,3555208.0,Turiúba,MUNICIPAL,100.0,93.33,-6.670000000000002,80.0,13.329999999999998,1,80.0,80.0,80.0,80.0,80.0,80.0,5,88.23529411764706,259,20
2024.0,31.0,MG,3119500.0,Coronel Murta,MUNICIPAL,65.7,67.56,1.8599999999999994,68.05,-0.4899999999999949,0,70.29,72.43,74.48,76.43,78.27,80.0,3,96.92307692307692,2192,578
2024.0,43.0,RS,4310702.0,Itatiba do Sul,MUNICIPAL,88.9,36.8,-52.10000000000001,80.0,-43.2,0,80.0,80.0,80.0,80.0,80.0,80.0,0,95.0,4470,359
2024.0,23.0,CE,2305308.0,Ibiapina,MUNICIPAL,95.0,97.38,2.3799999999999955,80.0,17.379999999999995,1,80.0,80.0,80.0,80.0,80.0,80.0,5,99.36507936507935,112,51
2024.0,52.0,GO,5204201.0,Cachoeira de Goiás,MUNICIPAL,65.0,64.29,-0.7099999999999937,67.45,-3.1599999999999966,0,69.81,72.07,74.22,76.26,78.19,80.0,3,93.33333333333331,2482,205
2024.0,42.0,SC,4206702.0,Herval d'Oeste,MUNICIPAL,53.2,59.83,6.6299999999999955,57.65,2.1799999999999997,1,61.96,66.1,70.0,73.63,76.97,80.0,2,82.39999999999999,2866,188
2024.0,43.0,RS,4302006.0,Barros Cassal,MUNICIPAL,51.1,46.9,-4.200000000000003,55.82,-8.920000000000002,0,60.49,64.98,69.21,73.15,76.75,80.0,1,84.78260869565217,3859,250
2024.0,31.0,MG,3155702.0,Rio Piracicaba,MUNICIPAL,77.0,76.96000000000001,-0.03999999999999204,77.46,-0.4999999999999858,0,77.9,78.33,78.76,79.18,79.59,80.0,4,94.73684210526316,1319,360
2024.0,29.0,BA,2931004.0,Tanhaçu,MUNICIPAL,58.7,47.42,-11.280000000000001,62.26,-14.839999999999996,0,65.66,68.91,71.98,74.86,77.53,80.0,1,93.26923076923076,3818,56
2024.0,35.0,SP,3538105.0,Pindorama,MUNICIPAL,46.5,63.370000000000005,16.870000000000005,51.97,11.400000000000006,1,57.37,62.59,67.54,72.12,76.29,80.0,3,90.4,2561,271
2024.0,43.0,RS,4312252.0,Minas do Leão,MUNICIPAL,73.3,69.60000000000001,-3.6999999999999886,74.31,-4.709999999999994,0,75.32,76.32,77.28,78.21,79.12,80.0,3,93.22033898305084,1990,58
2024.0,43.0,RS,4323457.0,Vila Nova do Sul,MUNICIPAL,49.0,44.0,-5.0,54.11,-10.11,0,59.11,63.92,68.47,72.69,76.54,80.0,1,91.42857142857144,4052,282
2024.0,43.0,RS,4305173.0,Cerro Grande do Sul,MUNICIPAL,57.5,41.7,-15.799999999999997,61.22,-19.519999999999996,0,64.83,68.27,71.53,74.58,77.4,80.0,1,82.8125,4188,306
2024.0,29.0,BA,2924504.0,Pindaí,MUNICIPAL,71.0,38.33,-32.67,72.46,-34.129999999999995,0,73.83,75.15,76.44,77.67,78.86,80.0,0,95.23809523809524,4379,144
2024.0,35.0,SP,3541208.0,Presidente Bernardes,MUNICIPAL,64.2,79.72,15.519999999999996,66.81,12.909999999999997,1,69.3,71.68,73.94,76.09,78.11,80.0,4,88.88888888888889,1067,86
2024.0,21.0,MA,2105963.0,Lagoa Grande do Maranhão,MUNICIPAL,81.7,97.12,15.420000000000002,80.0,17.120000000000005,1,80.0,80.0,80.0,80.0,80.0,80.0,5,99.06542056074768,119,2
2024.0,35.0,SP,3512605.0,Coronel Macedo,MUNICIPAL,46.3,38.69,-7.609999999999999,51.76,-13.07,0,57.19,62.46,67.44,72.06,76.26,80.0,0,91.66666666666666,4362,567
2024.0,52.0,GO,5209101.0,Goiatuba,MUNICIPAL,68.2,77.63,9.429999999999993,70.09,7.539999999999992,1,71.92,73.69,75.38,77.0,78.54,80.0,4,98.0295566502463,1241,138
2024.0,21.0,MA,2112605.0,Urbano Santos,MUNICIPAL,76.8,38.63,-38.169999999999995,77.24,-38.60999999999999,0,77.72,78.19,78.65,79.11,79.56,80.0,0,93.58108108108108,4364,191
2024.0,25.0,PB,2505204.0,Cuitegi,MUNICIPAL,29.3,24.78,-4.52,36.38,-11.600000000000001,0,44.16,52.23,60.2,67.65,74.31,80.0,0,83.82352941176471,4876,205
2024.0,15.0,PA,1503507.0,Irituia,MUNICIPAL,45.3,49.64,4.340000000000003,50.89,-1.25,0,56.48,61.91,67.06,71.83,76.16,80.0,1,83.19327731092437,3666,58
2024.0,25.0,PB,2514909.0,São Mamede,MUNICIPAL,37.7,49.02,11.32,44.17,4.850000000000001,1,50.89,57.59,64.01,69.97,75.33,80.0,1,89.55223880597015,3708,133
2024.0,35.0,SP,3546504.0,Santa Ernestina,MUNICIPAL,83.7,92.26,8.560000000000002,80.0,12.260000000000005,1,80.0,80.0,80.0,80.0,80.0,80.0,5,87.03703703703704,306,23
2024.0,42.0,SC,4202800.0,Braço do Norte,MUNICIPAL,60.6,59.36,-1.240000000000002,63.84,-4.480000000000004,0,66.93,69.87,72.66,75.28,77.73,80.0,2,77.77777777777779,2907,193
2024.0,29.0,BA,2901205.0,Anagé,MUNICIPAL,36.5,32.17,-4.329999999999998,43.17,-11.0,0,50.04,56.92,63.54,69.69,75.2,80.0,0,95.0413223140496,4662,228
2024.0,31.0,MG,3170602.0,Vargem Bonita,MUNICIPAL,58.8,69.23,10.430000000000007,62.33,6.900000000000006,1,65.72,68.95,72.01,74.88,77.54,80.0,3,92.85714285714286,2027,543
2024.0,26.0,PE,2601706.0,Belo Jardim,MUNICIPAL,49.7,43.93,-5.770000000000003,54.67,-10.740000000000002,0,59.56,64.27,68.72,72.84,76.61,80.0,1,90.3846153846154,4060,159
2024.0,41.0,PR,4112009.0,Jaguariaíva,MUNICIPAL,80.9,79.14,-1.7600000000000051,80.0,-0.8599999999999994,0,80.0,80.0,80.0,80.0,80.0,80.0,4,88.0,1109,116
2024.0,52.0,GO,5212204.0,Jussara,MUNICIPAL,59.0,79.77,20.769999999999996,62.46,17.309999999999995,1,65.82,69.03,72.07,74.91,77.56,80.0,4,97.86096256684492,1062,124
2024.0,26.0,PE,2609907.0,Ouricuri,MUNICIPAL,36.2,30.78,-5.420000000000002,42.82,-12.04,0,49.75,56.69,63.38,69.59,75.16,80.0,0,89.16083916083916,4710,171
2024.0,41.0,PR,4113429.0,Lidianópolis,MUNICIPAL,92.6,83.47,-9.129999999999995,80.0,3.469999999999999,1,80.0,80.0,80.0,80.0,80.0,80.0,5,79.62962962962963,766,69
2024.0,35.0,SP,3501707.0,Américo Brasiliense,MUNICIPAL,66.4,71.18,4.780000000000001,68.63,2.5500000000000114,1,70.76,72.79,74.74,76.59,78.34,80.0,4,90.65656565656566,1833,168
2024.0,25.0,PB,2505352.0,Damião,MUNICIPAL,37.7,50.86,13.159999999999997,44.24,6.619999999999997,1,50.96,57.64,64.05,70.0,75.34,80.0,2,92.45283018867924,3576,126
2024.0,31.0,MG,3127107.0,Frutal,MUNICIPAL,53.9,73.59,19.690000000000005,58.24,15.350000000000001,1,62.44,66.46,70.26,73.79,77.04,80.0,4,88.08724832214764,1636,443
2024.0,21.0,MA,2111078.0,São João do Soter,MUNICIPAL,24.4,53.45,29.050000000000004,31.6,21.85,1,39.83,48.68,57.62,66.08,73.62,80.0,2,96.98795180722892,3389,147
2024.0,41.0,PR,4108700.0,Grandes Rios,MUNICIPAL,65.0,61.6,-3.3999999999999986,67.46,-5.859999999999992,0,69.82,72.07,74.22,76.26,78.19,80.0,3,84.46601941747572,2706,323
2024.0,28.0,SE,2800407.0,Arauá,MUNICIPAL,31.0,28.6,-2.3999999999999986,38.07,-9.469999999999999,0,45.65,53.44,61.06,68.18,74.54,80.0,0,96.42857142857144,4779,51
2024.0,41.0,PR,4103800.0,Cambira,MUNICIPAL,86.2,83.63,-2.5700000000000074,80.0,3.6299999999999955,1,80.0,80.0,80.0,80.0,80.0,80.0,5,88.3495145631068,760,68
2024.0,31.0,MG,3101904.0,Alpinópolis,MUNICIPAL,42.3,78.56,36.260000000000005,48.26,30.300000000000004,1,54.32,60.25,65.89,71.12,75.84,80.0,4,93.93939393939394,1153,309
2024.0,23.0,CE,2306504.0,Itapiúna,MUNICIPAL,96.1,92.57,-3.530000000000001,80.0,12.569999999999993,1,80.0,80.0,80.0,80.0,80.0,80.0,5,98.86363636363636,289,92
2024.0,31.0,MG,3136900.0,Juruaia,MUNICIPAL,78.5,82.69,4.189999999999998,78.72,3.969999999999999,1,78.94,79.15,79.37,79.58,79.79,80.0,5,91.72932330827066,823,209
2024.0,41.0,PR,4107108.0,Diamante do Norte,MUNICIPAL,73.0,78.26,5.260000000000005,74.08,4.180000000000007,1,75.14,76.17,77.17,78.15,79.09,80.0,4,87.5,1173,126
2024.0,42.0,SC,4209300.0,Lages,MUNICIPAL,48.6,55.85,7.25,53.71,2.1400000000000006,1,58.78,63.67,68.3,72.59,76.5,80.0,2,73.5266604303087,3184,210
2024.0,43.0,RS,4316709.0,Santa Bárbara do Sul,MUNICIPAL,66.0,37.9,-28.1,68.31,-30.410000000000004,0,70.5,72.59,74.6,76.5,78.3,80.0,0,91.13924050632912,4405,346
2024.0,50.0,MS,5004304.0,Iguatemi,MUNICIPAL,38.3,60.02,21.720000000000006,44.73,15.290000000000006,1,51.37,57.96,64.28,70.13,75.4,80.0,3,96.4,2833,28
2024.0,31.0,MG,3160207.0,Santo Antônio do Itambé,MUNICIPAL,47.0,47.84,0.8400000000000034,52.34,-4.5,0,57.67,62.82,67.7,72.22,76.33,80.0,1,85.29411764705883,3788,741
2024.0,17.0,TO,1718881.0,Santa Maria do Tocantins,MUNICIPAL,24.6,39.73,15.129999999999995,31.78,7.949999999999996,1,40.0,48.82,57.72,66.14,73.65,80.0,0,83.6734693877551,4302,92
2024.0,29.0,BA,2924702.0,Piripá,MUNICIPAL,64.3,56.47,-7.829999999999998,66.84,-10.370000000000005,0,69.32,71.69,73.95,76.09,78.11,80.0,2,95.50561797752808,3139,17
2024.0,52.0,GO,5200209.0,Água Limpa,MUNICIPAL,69.6,78.26,8.66000000000001,71.23,7.030000000000001,1,72.84,74.4,75.89,77.32,78.69,80.0,4,95.83333333333334,1173,133
2024.0,29.0,BA,2917201.0,Ituaçu,MUNICIPAL,57.5,43.98,-13.520000000000003,61.25,-17.270000000000003,0,64.85,68.29,71.55,74.59,77.41,80.0,1,93.62745098039215,4057,86
2024.0,15.0,PA,1501907.0,Bujaru,MUNICIPAL,51.4,51.61,0.21000000000000085,56.12,-4.509999999999998,0,60.73,65.16,69.34,73.23,76.79,80.0,2,89.10505836575877,3529,47
2024.0,28.0,SE,2804201.0,Monte Alegre de Sergipe,MUNICIPAL,24.8,35.07,10.27,31.99,3.080000000000002,1,40.19,48.98,57.84,66.21,73.68,80.0,0,96.02272727272728,4553,35
2024.0,31.0,MG,3164605.0,São Sebastião do Oeste,MUNICIPAL,71.5,76.46000000000001,4.960000000000008,72.84,3.6200000000000045,1,74.14,75.39,76.61,77.78,78.91,80.0,4,89.04109589041096,1361,371
2024.0,41.0,PR,4120853.0,Quatro Pontes,MUNICIPAL,91.8,89.52,-2.280000000000001,80.0,9.519999999999996,1,80.0,80.0,80.0,80.0,80.0,80.0,5,85.0,427,23
2024.0,23.0,CE,2303006.0,Caridade,MUNICIPAL,96.7,98.73,2.030000000000001,80.0,18.730000000000004,1,80.0,80.0,80.0,80.0,80.0,80.0,5,100.0,77,31
2024.0,17.0,TO,1711803.0,Juarina,MUNICIPAL,35.4,49.1,13.700000000000003,42.09,7.009999999999998,1,49.13,56.2,63.03,69.38,75.06,80.0,1,97.2972972972973,3705,62
2024.0,25.0,PB,2502052.0,Bernardino Batista,MUNICIPAL,61.4,93.94,32.54,64.46,29.480000000000004,1,67.42,70.24,72.92,75.45,77.81,80.0,5,97.2222222222222,244,15
2024.0,51.0,MT,5104609.0,Itiquira,MUNICIPAL,42.6,58.16,15.559999999999995,48.53,9.629999999999995,1,54.54,60.42,66.01,71.19,75.87,80.0,2,88.46153846153845,3002,97
2024.0,29.0,BA,2930501.0,Serrinha,MUNICIPAL,25.2,19.92,-5.279999999999998,32.42,-12.5,0,40.59,49.31,58.08,66.36,73.75,80.0,0,92.76190476190476,4938,360
2024.0,21.0,MA,2101103.0,Axixá,MUNICIPAL,81.9,71.88,-10.02000000000001,80.0,-8.120000000000005,0,80.0,80.0,80.0,80.0,80.0,80.0,4,93.4640522875817,1776,64
2024.0,52.0,GO,5219803.0,São Domingos,MUNICIPAL,45.7,65.94,20.239999999999995,51.24,14.699999999999996,1,56.77,62.13,67.22,71.92,76.2,80.0,3,96.93877551020408,2318,193
2024.0,22.0,PI,2205540.0,Lagoinha do Piauí,MUNICIPAL,81.9,87.79,5.890000000000001,80.0,7.790000000000006,1,80.0,80.0,80.0,80.0,80.0,80.0,5,97.14285714285714,502,39
2024.0,28.0,SE,2803104.0,Itabi,MUNICIPAL,19.4,33.65,14.25,26.4,7.25,1,34.9,44.48,54.5,64.16,72.8,80.0,0,83.33333333333334,4603,40
2024.0,31.0,MG,3170206.0,Uberlândia,MUNICIPAL,50.9,62.63,11.730000000000004,55.71,6.920000000000002,1,60.41,64.91,69.17,73.12,76.74,80.0,3,82.24402888354008,2621,653
2024.0,52.0,GO,5222203.0,Vila Boa,MUNICIPAL,83.8,78.69,-5.109999999999999,80.0,-1.3100000000000023,0,80.0,80.0,80.0,80.0,80.0,80.0,4,100.0,1142,130
2024.0,31.0,MG,3165552.0,Setubinha,MUNICIPAL,48.7,60.0,11.299999999999997,53.85,6.149999999999999,1,58.89,63.76,68.36,72.62,76.51,80.0,3,100.0,2836,676
2024.0,17.0,TO,1703206.0,Bernardo Sayão,MUNICIPAL,52.8,59.26,6.460000000000001,57.3,1.9600000000000009,1,61.68,65.89,69.85,73.54,76.93,80.0,2,96.55172413793105,2913,25
2024.0,35.0,SP,3522653.0,Itapirapuã Paulista,MUNICIPAL,45.7,29.85,-15.850000000000001,51.28,-21.43,0,56.8,62.16,67.23,71.94,76.2,80.0,0,91.93548387096774,4741,574
2024.0,21.0,MA,2107100.0,Morros,MUNICIPAL,94.8,66.98,-27.819999999999993,80.0,-13.019999999999996,0,80.0,80.0,80.0,80.0,80.0,80.0,3,92.27799227799228,2235,82
2024.0,22.0,PI,2201176.0,Barra D'Alcântara,MUNICIPAL,61.1,93.18,32.080000000000005,64.23,28.950000000000003,1,67.24,70.11,72.83,75.39,77.78,80.0,5,100.0,267,27
2024.0,52.0,GO,5200829.0,Amaralina,MUNICIPAL,84.2,89.83,5.6299999999999955,80.0,9.829999999999998,1,80.0,80.0,80.0,80.0,80.0,80.0,5,97.5,413,48
2024.0,29.0,BA,2918308.0,Jitaúna,MUNICIPAL,24.2,40.82,16.62,31.37,9.45,1,39.62,48.5,57.49,66.0,73.59,80.0,1,97.02970297029702,4237,121
2024.0,35.0,SP,3545209.0,Salto,MUNICIPAL,56.2,60.52,4.32,60.17,0.3500000000000014,1,63.99,67.63,71.08,74.3,77.28,80.0,3,91.27272727272728,2794,327
2024.0,17.0,TO,1702901.0,Axixá do Tocantins,MUNICIPAL,30.3,40.2,9.900000000000002,37.42,2.780000000000001,1,45.08,52.98,60.73,67.98,74.45,80.0,1,86.60714285714286,4272,90
2024.0,31.0,MG,3115102.0,Cássia,MUNICIPAL,70.7,76.99,6.289999999999992,72.14,4.849999999999994,1,73.57,74.96,76.29,77.58,78.82,80.0,4,92.48554913294798,1314,357
2024.0,22.0,PI,2202505.0,Caracol,MUNICIPAL,61.0,49.31,-11.689999999999998,64.12,-14.810000000000002,0,67.14,70.04,72.78,75.36,77.76,80.0,1,89.39393939393939,3686,161
2024.0,31.0,MG,3117009.0,Comercinho,MUNICIPAL,58.3,68.38,10.079999999999998,61.87,6.509999999999998,1,65.35,68.67,71.81,74.76,77.49,80.0,3,95.91836734693877,2116,559
2024.0,29.0,BA,2912103.0,Ibicaraí,MUNICIPAL,,37.95,,,,,45.54,53.35,61.0,68.14,74.52,80.0,0,97.07602339181284,4402,148
2024.0,22.0,PI,2202091.0,Caldeirão Grande do Piauí,MUNICIPAL,100.0,100.0,0.0,80.0,20.0,1,80.0,80.0,80.0,80.0,80.0,80.0,5,100.0,1,1
2024.0,35.0,SP,3523008.0,Itapura,MUNICIPAL,49.6,79.05,29.449999999999996,54.6,24.449999999999996,1,59.5,64.22,68.68,72.82,76.6,80.0,4,92.15686274509804,1119,91
2024.0,22.0,PI,2205458.0,Joca Marques,MUNICIPAL,38.3,43.83,5.530000000000001,44.75,-0.9200000000000017,0,51.39,57.97,64.29,70.14,75.4,80.0,1,93.75,4064,176
2024.0,35.0,SP,3542701.0,Restinga,MUNICIPAL,70.3,55.18,-15.119999999999997,71.82,-16.639999999999993,0,73.32,74.76,76.15,77.49,78.77,80.0,2,98.13084112149532,3250,414
2024.0,41.0,PR,4119103.0,Piên,MUNICIPAL,85.9,83.34,-2.5600000000000023,80.0,3.3400000000000034,1,80.0,80.0,80.0,80.0,80.0,80.0,5,91.70731707317074,775,70
2024.0,43.0,RS,4300802.0,Antônio Prado,MUNICIPAL,65.9,46.6,-19.300000000000004,68.22,-21.619999999999997,0,70.43,72.54,74.56,76.47,78.29,80.0,1,93.65079365079364,3883,252
2024.0,25.0,PB,2504900.0,Cruz do Espírito Santo,MUNICIPAL,56.4,47.63,-8.769999999999996,60.34,-12.71,0,64.13,67.74,71.16,74.35,77.3,80.0,1,87.78625954198473,3804,147
2024.0,41.0,PR,4100459.0,Altamira do Paraná,MUNICIPAL,79.1,74.47,-4.6299999999999955,79.21,-4.739999999999995,0,79.35,79.48,79.61,79.74,79.87,80.0,4,100.0,1555,189
2024.0,50.0,MS,5000708.0,Anastácio,MUNICIPAL,27.4,40.97,13.57,34.56,6.409999999999997,1,42.53,50.91,59.24,67.07,74.06,80.0,1,90.97387173396676,4226,67
2024.0,43.0,RS,4316501.0,Salvador do Sul,MUNICIPAL,88.1,70.4,-17.69999999999999,80.0,-9.599999999999994,0,80.0,80.0,80.0,80.0,80.0,80.0,4,93.84615384615384,1908,55
2024.0,41.0,PR,4104907.0,Castro,MUNICIPAL,74.3,74.56,0.2600000000000051,75.14,-0.5799999999999983,0,76.0,76.84,77.67,78.46,79.24,80.0,4,90.08016032064128,1547,187
2024.0,29.0,BA,2930006.0,Sebastião Laranjeiras,MUNICIPAL,59.0,42.37,-16.630000000000003,62.51,-20.14,0,65.86,69.06,72.09,74.92,77.56,80.0,1,100.0,4157,107
2024.0,33.0,RJ,3300258.0,Arraial do Cabo,MUNICIPAL,50.5,58.05,7.549999999999997,55.35,2.6999999999999957,1,60.11,64.69,69.01,73.02,76.69,80.0,2,77.57201646090535,3011,49
2024.0,32.0,ES,3204500.0,Santa Leopoldina,MUNICIPAL,83.8,74.54,-9.259999999999991,80.0,-5.459999999999994,0,80.0,80.0,80.0,80.0,80.0,80.0,4,96.11650485436894,1551,52
2024.0,32.0,ES,3202207.0,Fundão,MUNICIPAL,61.3,62.28,0.980000000000004,64.41,-2.1299999999999955,0,67.38,70.22,72.91,75.44,77.8,80.0,3,89.25233644859813,2654,70
2024.0,23.0,CE,2307650.0,Maracanaú,MUNICIPAL,82.4,84.92,2.519999999999996,80.0,4.920000000000002,1,80.0,80.0,80.0,80.0,80.0,80.0,5,98.36747759282972,671,131
2024.0,11.0,RO,1100130.0,Machadinho D'Oeste,MUNICIPAL,51.4,64.75,13.350000000000001,56.12,8.630000000000003,1,60.73,65.16,69.34,73.23,76.79,80.0,3,86.53846153846155,2428,35
2024.0,23.0,CE,2300606.0,Altaneira,MUNICIPAL,100.0,88.52,-11.480000000000004,80.0,8.519999999999996,1,80.0,80.0,80.0,80.0,80.0,80.0,5,99.12280701754386,461,119
2024.0,22.0,PI,2208551.0,Porto Alegre do Piauí,MUNICIPAL,73.9,64.29,-9.61,74.81,-10.519999999999996,0,75.73,76.63,77.51,78.36,79.19,80.0,3,100.0,2482,106
2024.0,35.0,SP,3502705.0,Apiaí,MUNICIPAL,68.4,88.38,19.97999999999999,70.29,18.08999999999999,1,72.08,73.81,75.47,77.05,78.56,80.0,5,96.55172413793105,469,39
2024.0,21.0,MA,2105203.0,Igarapé Grande,MUNICIPAL,97.8,89.11,-8.689999999999998,80.0,9.11,1,80.0,80.0,80.0,80.0,80.0,80.0,5,94.1747572815534,444,14
2024.0,43.0,RS,4319711.0,São Valentim do Sul,MUNICIPAL,94.1,73.3,-20.799999999999997,80.0,-6.700000000000003,0,80.0,80.0,80.0,80.0,80.0,80.0,4,100.0,1657,45
2024.0,17.0,TO,1720150.0,São Félix do Tocantins,MUNICIPAL,83.3,61.9,-21.4,80.0,-18.1,0,80.0,80.0,80.0,80.0,80.0,80.0,3,95.45454545454544,2675,16
2024.0,41.0,PR,4110508.0,Ipiranga,MUNICIPAL,88.2,82.28,-5.920000000000002,80.0,2.280000000000001,1,80.0,80.0,80.0,80.0,80.0,80.0,5,95.60975609756098,852,83
2024.0,52.0,GO,5219456.0,Santa Rita do Novo Destino,MUNICIPAL,87.7,95.83,8.129999999999995,80.0,15.829999999999998,1,80.0,80.0,80.0,80.0,80.0,80.0,5,95.83333333333334,166,20
2024.0,43.0,RS,4312302.0,Miraguaí,MUNICIPAL,79.0,51.7,-27.299999999999997,79.13,-27.429999999999993,0,79.28,79.42,79.57,79.71,79.86,80.0,2,84.61538461538461,3518,203
2024.0,15.0,PA,1505007.0,Nova Timboteua,MUNICIPAL,50.3,51.68,1.3800000000000026,55.21,-3.530000000000001,0,59.99,64.6,68.95,72.99,76.68,80.0,2,80.53691275167785,3521,46
2024.0,50.0,MS,5006358.0,Paranhos,MUNICIPAL,44.9,66.43,21.53000000000001,50.56,15.870000000000005,1,56.21,61.7,66.91,71.74,76.11,80.0,3,92.0,2289,18
2024.0,21.0,MA,2101970.0,Boa Vista do Gurupi,MUNICIPAL,60.0,80.0,20.0,63.3,16.700000000000003,1,66.49,69.54,72.43,75.14,77.66,80.0,5,100.0,1035,30
2024.0,41.0,PR,4116000.0,Miraselva,MUNICIPAL,77.1,51.38,-25.71999999999999,77.49,-26.109999999999992,0,77.92,78.35,78.77,79.19,79.6,80.0,2,90.625,3544,359
2024.0,31.0,MG,3123700.0,Engenheiro Caldas,MUNICIPAL,58.2,63.03,4.829999999999998,61.83,1.2000000000000028,1,65.32,68.65,71.8,74.74,77.48,80.0,3,90.42553191489364,2589,645
2024.0,15.0,PA,1507458.0,São Geraldo do Araguaia,MUNICIPAL,46.5,52.06,5.560000000000002,51.94,0.12000000000000455,1,57.34,62.57,67.52,72.11,76.28,80.0,2,86.77685950413223,3489,42
2024.0,13.0,AM,1303106.0,Nova Olinda do Norte,MUNICIPAL,51.4,32.8,-18.6,56.11,-23.310000000000002,0,60.73,65.16,69.34,73.23,76.78,80.0,0,75.93984962406014,4642,40
2024.0,42.0,SC,4202057.0,Balneário Barra do Sul,MUNICIPAL,60.3,51.19,-9.11,63.53,-12.340000000000003,0,66.68,69.68,72.53,75.2,77.69,80.0,2,71.42857142857143,3559,223
2024.0,24.0,RN,2405603.0,Jardim de Piranhas,MUNICIPAL,30.4,63.05,32.65,37.47,25.58,1,45.13,53.02,60.76,68.0,74.46,80.0,3,81.91489361702128,2587,13
2024.0,42.0,SC,4213906.0,Presidente Castello Branco,MUNICIPAL,47.1,61.9,14.799999999999997,52.43,9.469999999999999,1,57.74,62.87,67.74,72.24,76.34,80.0,3,95.45454545454544,2675,177
2024.0,29.0,BA,2908309.0,Conceição do Almeida,MUNICIPAL,53.9,41.18,-12.719999999999999,58.18,-17.0,0,62.39,66.43,70.23,73.77,77.04,80.0,1,76.11940298507463,4215,115
2024.0,28.0,SE,2800506.0,Areia Branca,MUNICIPAL,27.1,44.81,17.71,34.29,10.520000000000003,1,42.28,50.71,59.09,66.98,74.02,80.0,1,89.7590361445783,4000,17
2024.0,25.0,PB,2506608.0,Ibiara,MUNICIPAL,13.1,58.620000000000005,45.52,19.37,39.25,1,27.74,38.02,49.5,61.04,71.45,80.0,2,100.0,2956,98
2024.0,41.0,PR,4109807.0,Ibiporã,MUNICIPAL,73.4,64.9,-8.5,74.39,-9.489999999999995,0,75.39,76.37,77.32,78.24,79.13,80.0,3,88.04945054945054,2409,291
2024.0,35.0,SP,3524501.0,Jaci,MUNICIPAL,55.8,68.06,12.260000000000005,59.85,8.21,1,63.73,67.44,70.95,74.22,77.24,80.0,3,90.65420560747664,2147,205
2024.0,21.0,MA,2107357.0,Nova Olinda do Maranhão,MUNICIPAL,57.2,62.23,5.029999999999994,60.95,1.279999999999994,1,64.61,68.11,71.42,74.51,77.37,80.0,3,94.2528735632184,2658,101
2024.0,26.0,PE,2601508.0,Belém de Maria,MUNICIPAL,71.2,79.67,8.469999999999999,72.62,7.049999999999997,1,73.96,75.26,76.51,77.72,78.88,80.0,4,100.0,1074,36
2024.0,31.0,MG,3109105.0,Bueno Brandão,MUNICIPAL,63.0,82.56,19.560000000000002,65.8,16.760000000000005,1,68.49,71.06,73.51,75.81,77.98,80.0,5,92.07920792079209,836,213
2024.0,42.0,SC,4204202.0,Chapecó,MUNICIPAL,56.2,56.25,0.04999999999999716,60.17,-3.9200000000000017,0,63.99,67.63,71.08,74.3,77.28,80.0,2,80.13383521539104,3154,208
2024.0,33.0,RJ,3304524.0,Rio das Ostras,MUNICIPAL,65.8,68.67,2.8700000000000045,68.13,0.5400000000000063,1,70.35,72.48,74.52,76.45,78.28,80.0,3,83.2020997375328,2085,18
2024.0,31.0,MG,3157401.0,Santa Cruz do Escalvado,MUNICIPAL,54.6,78.33,23.729999999999997,58.77,19.559999999999995,1,62.87,66.78,70.48,73.93,77.11,80.0,4,86.36363636363636,1169,314
2024.0,52.0,GO,5203401.0,Bom Jardim de Goiás,MUNICIPAL,79.1,73.26,-5.839999999999989,79.26,-6.0,0,79.39,79.51,79.63,79.76,79.88,80.0,4,96.15384615384616,1658,158
2024.0,29.0,BA,2911907.0,Iaçu,MUNICIPAL,22.9,28.52,5.620000000000001,30.13,-1.6099999999999994,0,38.47,47.54,56.77,65.56,73.4,80.0,0,97.76951672862454,4784,286
2024.0,21.0,MA,2112456.0,Turilândia,MUNICIPAL,56.4,49.69,-6.710000000000001,60.34,-10.650000000000006,0,64.13,67.74,71.16,74.35,77.3,80.0,1,87.31884057971014,3664,161
2024.0,52.0,GO,5205059.0,Castelândia,MUNICIPAL,81.0,91.3,10.299999999999997,80.0,11.299999999999997,1,80.0,80.0,80.0,80.0,80.0,80.0,5,100.0,346,42
2024.0,17.0,TO,1703826.0,Cachoeirinha,MUNICIPAL,27.5,64.0,36.5,34.72,29.28,1,42.68,51.03,59.33,67.12,74.08,80.0,3,96.15384615384616,2516,12
2024.0,43.0,RS,4305207.0,Cerro Largo,MUNICIPAL,75.1,54.0,-21.099999999999994,75.82,-21.819999999999993,0,76.56,77.28,77.98,78.67,79.34,80.0,2,91.0,3353,179
2024.0,51.0,MT,5106315.0,Novo Santo Antônio,MUNICIPAL,71.2,58.27,-12.93,72.61,-14.339999999999996,0,73.96,75.25,76.51,77.72,78.88,80.0,2,92.3076923076923,2992,96
2024.0,25.0,PB,2510105.0,Nova Floresta,MUNICIPAL,66.1,67.53,1.4300000000000068,68.38,-0.8499999999999943,0,70.55,72.64,74.63,76.52,78.31,80.0,3,95.6140350877193,2194,64
2024.0,21.0,MA,2100105.0,Afonso Cunha,MUNICIPAL,72.1,93.1,21.0,73.36,19.739999999999995,1,74.56,75.72,76.85,77.94,78.99,80.0,5,100.0,270,8
2024.0,41.0,PR,4107736.0,Fernandes Pinheiro,MUNICIPAL,80.9,79.81,-1.0900000000000034,80.0,-0.18999999999999773,0,80.0,80.0,80.0,80.0,80.0,80.0,4,87.77777777777777,1060,109
2024.0,13.0,AM,1302603.0,Manaus,MUNICIPAL,52.2,50.13,-2.0700000000000003,56.8,-6.669999999999995,0,61.28,65.58,69.63,73.41,76.87,80.0,2,75.8060586372127,3627,18
2024.0,32.0,ES,3203163.0,Laranja da Terra,MUNICIPAL,87.5,87.5,0.0,80.0,7.5,1,80.0,80.0,80.0,80.0,80.0,80.0,5,100.0,518,10
2024.0,15.0,PA,1500958.0,Aurora do Pará,MUNICIPAL,34.0,55.54,21.54,40.81,14.729999999999997,1,48.03,55.33,62.41,69.0,74.9,80.0,2,88.88888888888889,3220,32
2024.0,29.0,BA,2932903.0,Valença,MUNICIPAL,31.0,31.89,0.8900000000000006,38.08,-6.189999999999998,0,45.66,53.44,61.07,68.18,74.54,80.0,0,87.05636743215031,4670,234
2024.0,41.0,PR,4103909.0,Campina da Lagoa,MUNICIPAL,80.2,77.67,-2.530000000000001,80.0,-2.3299999999999983,0,80.0,80.0,80.0,80.0,80.0,80.0,4,91.90283400809716,1236,141
2024.0,13.0,AM,1301159.0,Careiro da Várzea,MUNICIPAL,38.0,27.35,-10.649999999999999,44.52,-17.17,0,51.19,57.82,64.18,70.07,75.37,80.0,0,85.45454545454545,4821,48
2024.0,31.0,MG,3165503.0,Sardoá,MUNICIPAL,45.8,85.12,39.32000000000001,51.34,33.78,1,56.85,62.2,67.26,71.95,76.21,80.0,5,95.23809523809524,652,162
2024.0,35.0,SP,3506201.0,Bento de Abreu,MUNICIPAL,100.0,84.11,-15.89,80.0,4.109999999999999,1,80.0,80.0,80.0,80.0,80.0,80.0,5,91.42857142857144,733,59
2024.0,31.0,MG,3106309.0,Belo Oriente,MUNICIPAL,57.1,65.94,8.839999999999996,60.9,5.039999999999999,1,64.57,68.08,71.4,74.5,77.37,80.0,3,90.25270758122744,2318,601
2024.0,35.0,SP,3500501.0,Águas de Lindóia,MUNICIPAL,61.4,43.65,-17.75,64.46,-20.809999999999995,0,67.42,70.24,72.92,75.45,77.81,80.0,1,87.6923076923077,4079,554
2024.0,41.0,PR,4110805.0,Iretama,MUNICIPAL,87.6,80.07000000000001,-7.529999999999987,80.0,0.07000000000000739,1,80.0,80.0,80.0,80.0,80.0,80.0,5,90.0,1029,104
2024.0,35.0,SP,3552403.0,Sumaré,MUNICIPAL,52.9,50.61,-2.289999999999999,57.39,-6.780000000000001,0,61.76,65.94,69.89,73.57,76.94,80.0,2,87.05772811918064,3596,479
2024.0,29.0,BA,2932408.0,Uibaí,MUNICIPAL,33.1,27.71,-5.390000000000001,40.0,-12.29,0,47.33,54.78,62.02,68.76,74.79,80.0,0,91.2087912087912,4809,301
2024.0,31.0,MG,3141702.0,Mesquita,MUNICIPAL,53.2,63.47,10.269999999999996,57.61,5.859999999999999,1,61.93,66.08,69.99,73.62,76.97,80.0,3,87.5,2555,641
2024.0,29.0,BA,2914406.0,Iraquara,MUNICIPAL,38.9,44.24,5.340000000000003,45.26,-1.019999999999996,0,51.82,58.31,64.52,70.28,75.47,80.0,1,94.38596491228073,4036,84
2024.0,28.0,SE,2806107.0,Rosário do Catete,MUNICIPAL,39.2,39.01,-0.19000000000000483,45.54,-6.530000000000001,0,52.05,58.49,64.65,70.36,75.5,80.0,0,94.8905109489051,4339,27
2024.0,42.0,SC,4207577.0,Iomerê,MUNICIPAL,74.5,97.09,22.590000000000003,75.31,21.78,1,76.14,76.95,77.74,78.51,79.27,80.0,5,76.74418604651163,121,2
2024.0,31.0,MG,3109253.0,Bugre,MUNICIPAL,100.0,85.0,-15.0,80.0,5.0,1,80.0,80.0,80.0,80.0,80.0,80.0,5,100.0,664,168
2024.0,11.0,RO,1100015.0,Alta Floresta D'Oeste,MUNICIPAL,64.6,67.79,3.190000000000012,67.08,0.710000000000008,1,69.51,71.84,74.06,76.16,78.14,80.0,3,89.86928104575163,2169,26
2024.0,42.0,SC,4218103.0,Timbé do Sul,MUNICIPAL,71.3,80.2,8.900000000000006,72.66,7.540000000000006,1,74.0,75.28,76.53,77.73,78.89,80.0,5,74.71264367816092,1021,39
2024.0,52.0,GO,5220405.0,São Simão,MUNICIPAL,72.8,82.29,9.490000000000009,73.9,8.39,1,75.0,76.06,77.09,78.09,79.06,80.0,5,90.7949790794979,851,99
2024.0,29.0,BA,2914653.0,Itabela,MUNICIPAL,31.1,24.92,-6.18,38.14,-13.219999999999999,0,45.71,53.48,61.09,68.2,74.55,80.0,0,91.52046783625732,4875,329
2024.0,23.0,CE,2305100.0,Guaramiranga,MUNICIPAL,55.6,95.86,40.26,59.66,36.2,1,63.58,67.32,70.86,74.17,77.21,80.0,5,98.64864864864865,165,64
2024.0,43.0,RS,4309803.0,Ibiaçá,MUNICIPAL,70.3,61.8,-8.5,71.87,-10.070000000000007,0,73.35,74.79,76.17,77.5,78.78,80.0,3,96.29629629629628,2687,112
2024.0,31.0,MG,3148608.0,Peçanha,MUNICIPAL,64.7,61.48,-3.220000000000006,67.16,-5.68,0,69.58,71.89,74.09,76.18,78.15,80.0,3,81.57894736842105,2717,663
2024.0,35.0,SP,3551801.0,Sete Barras,MUNICIPAL,66.8,52.1,-14.699999999999996,68.93,-16.830000000000005,0,71.0,72.98,74.87,76.67,78.38,80.0,2,86.66666666666667,3488,463
2024.0,43.0,RS,4318499.0,São José do Inhacorá,MUNICIPAL,82.5,49.7,-32.8,80.0,-30.299999999999997,0,80.0,80.0,80.0,80.0,80.0,80.0,1,96.0,3662,224
2024.0,24.0,RN,2405801.0,João Câmara,MUNICIPAL,22.6,35.88,13.280000000000001,29.74,6.140000000000004,1,38.1,47.23,56.55,65.42,73.34,80.0,0,80.05780346820809,4521,89
2024.0,42.0,SC,4204350.0,Cordilheira Alta,MUNICIPAL,,65.36,,,,,68.14,70.79,73.31,75.69,77.92,80.0,3,93.06930693069307,2371,160
2024.0,21.0,MA,2110104.0,Santa Quitéria do Maranhão,MUNICIPAL,89.1,80.19,-8.909999999999997,80.0,0.18999999999999773,1,80.0,80.0,80.0,80.0,80.0,80.0,5,95.93908629441624,1022,29
2024.0,35.0,SP,3532900.0,Nova Europa,MUNICIPAL,50.6,68.76,18.160000000000004,55.45,13.310000000000002,1,60.19,64.75,69.05,73.05,76.71,80.0,3,88.65979381443299,2079,196
2024.0,27.0,AL,2708303.0,São José da Laje,MUNICIPAL,79.2,95.31,16.11,79.33,15.980000000000004,1,79.45,79.56,79.67,79.78,79.89,80.0,5,98.84393063583816,182,3
2024.0,41.0,PR,4113809.0,Lupionópolis,MUNICIPAL,87.0,77.71000000000001,-9.289999999999992,80.0,-2.289999999999992,0,80.0,80.0,80.0,80.0,80.0,80.0,4,96.96969696969695,1230,139
2024.0,31.0,MG,3167004.0,Serranos,MUNICIPAL,38.5,82.14,43.64,44.9,37.24,1,51.51,58.07,64.35,70.18,75.42,80.0,5,92.85714285714286,870,221
2024.0,43.0,RS,4304689.0,Capela de Santana,MUNICIPAL,67.7,54.3,-13.400000000000006,69.65,-15.350000000000009,0,71.57,73.42,75.19,76.87,78.48,80.0,2,79.43925233644859,3325,175
2024.0,41.0,PR,4110706.0,Irati,MUNICIPAL,82.7,88.31,5.609999999999999,80.0,8.310000000000002,1,80.0,80.0,80.0,80.0,80.0,80.0,5,89.78779840848806,474,29
2024.0,26.0,PE,2613602.0,São José do Egito,MUNICIPAL,67.5,73.38,5.8799999999999955,69.54,3.839999999999989,1,71.48,73.35,75.13,76.84,78.46,80.0,4,97.70491803278688,1647,50
2024.0,24.0,RN,2406007.0,José da Penha,MUNICIPAL,,49.94,,,,,55.7,61.31,66.64,71.57,76.04,80.0,1,87.5,3646,37
2024.0,52.0,GO,5202601.0,Aurilândia,MUNICIPAL,76.0,93.75,17.75,76.59,17.159999999999997,1,77.18,77.77,78.34,78.91,79.46,80.0,5,100.0,249,31
2024.0,15.0,PA,1505403.0,Ourém,MUNICIPAL,48.5,56.24,7.740000000000002,53.68,2.5600000000000023,1,58.75,63.65,68.28,72.58,76.49,80.0,2,89.58333333333334,3160,29
2024.0,22.0,PI,2206704.0,Nazaré do Piauí,MUNICIPAL,46.9,39.0,-7.899999999999999,52.31,-13.310000000000002,0,57.65,62.81,67.69,72.21,76.33,80.0,0,96.0,4340,191
2024.0,25.0,PB,2516706.0,Teixeira,MUNICIPAL,72.9,81.85000000000001,8.950000000000003,73.96,7.890000000000015,1,75.05,76.1,77.12,78.11,79.07,80.0,5,96.8503937007874,896,36
2024.0,35.0,SP,3529658.0,Mesópolis,MUNICIPAL,34.8,56.25,21.450000000000003,41.56,14.689999999999998,1,48.68,55.84,62.78,69.22,75.0,80.0,2,94.11764705882352,3154,396
2024.0,13.0,AM,1302306.0,Jutaí,MUNICIPAL,36.6,30.91,-5.690000000000001,43.26,-12.349999999999998,0,50.12,56.98,63.59,69.71,75.21,80.0,0,85.11904761904762,4708,45
2024.0,29.0,BA,2922656.0,Nordestina,MUNICIPAL,31.3,26.14,-5.16,38.28,-12.14,0,45.83,53.58,61.17,68.24,74.57,80.0,0,83.41232227488152,4850,317
2024.0,31.0,MG,3159803.0,Santa Vitória,MUNICIPAL,70.8,59.6,-11.199999999999996,72.24,-12.639999999999993,0,73.65,75.02,76.34,77.61,78.83,80.0,2,92.64705882352942,2889,681
2024.0,43.0,RS,4323309.0,Vila Flores,MUNICIPAL,90.5,68.8,-21.700000000000003,80.0,-11.200000000000003,0,80.0,80.0,80.0,80.0,80.0,80.0,3,86.66666666666667,2072,64
2024.0,41.0,PR,4118709.0,Paulo Frontin,MUNICIPAL,90.7,84.51,-6.189999999999998,80.0,4.510000000000005,1,80.0,80.0,80.0,80.0,80.0,80.0,5,94.31818181818184,704,62
2024.0,42.0,SC,4204608.0,Criciúma,MUNICIPAL,59.1,59.75,0.6499999999999986,62.54,-2.789999999999999,0,65.88,69.08,72.1,74.93,77.57,80.0,2,83.7556561085973,2872,190
2024.0,26.0,PE,2612703.0,Santa Maria do Cambucá,MUNICIPAL,83.2,70.05,-13.150000000000006,80.0,-9.950000000000003,0,80.0,80.0,80.0,80.0,80.0,80.0,4,92.6605504587156,1953,61
2024.0,15.0,PA,1502400.0,Castanhal,MUNICIPAL,,32.97,,,,,41.06,49.7,58.36,66.53,73.82,80.0,0,77.17435688035933,4635,117
2024.0,51.0,MT,5107107.0,São José dos Quatro Marcos,MUNICIPAL,90.1,68.7,-21.39999999999999,80.0,-11.299999999999997,0,80.0,80.0,80.0,80.0,80.0,80.0,3,91.91919191919192,2082,56
2024.0,35.0,SP,3535903.0,Paranapuã,MUNICIPAL,32.4,82.89,50.49,39.38,43.51,1,46.79,54.35,61.71,68.58,74.71,80.0,5,96.66666666666669,810,66
2024.0,41.0,PR,4126504.0,Sertanópolis,MUNICIPAL,66.8,61.98,-4.82,68.91,-6.93,0,70.98,72.96,74.86,76.66,78.38,80.0,3,80.12048192771084,2672,317
2024.0,52.0,GO,5218052.0,Porteirão,MUNICIPAL,83.9,75.38,-8.52000000000001,80.0,-4.6200000000000045,0,80.0,80.0,80.0,80.0,80.0,80.0,4,96.05263157894736,1462,151
2024.0,25.0,PB,2511608.0,Pilões,MUNICIPAL,41.8,61.18,19.380000000000003,47.82,13.36,1,53.95,59.97,65.69,71.0,75.78,80.0,3,90.81632653061224,2739,86
2024.0,29.0,BA,2920007.0,Maiquinique,MUNICIPAL,29.8,32.56,2.7600000000000016,36.93,-4.369999999999997,0,44.65,52.63,60.48,67.83,74.38,80.0,0,86.86868686868688,4648,220
2024.0,16.0,AP,1600105.0,Amapá,MUNICIPAL,31.2,19.03,-12.169999999999998,38.23,-19.199999999999996,0,45.79,53.55,61.14,68.23,74.56,80.0,0,86.5546218487395,4947,16
2024.0,12.0,AC,1200138.0,Bujari,MUNICIPAL,,26.69,,,,,35.2,44.74,54.69,64.28,72.85,80.0,0,79.67032967032966,4836,19
2024.0,42.0,SC,4208955.0,Jardinópolis,MUNICIPAL,81.8,77.08,-4.719999999999999,80.0,-2.9200000000000017,0,80.0,80.0,80.0,80.0,80.0,80.0,4,85.0,1299,64
2024.0,35.0,SP,3556800.0,Viradouro,MUNICIPAL,63.6,60.23,-3.3700000000000045,66.25,-6.020000000000003,0,68.85,71.34,73.7,75.93,78.03,80.0,3,95.78313253012048,2818,333
2024.0,24.0,RN,2403608.0,Extremoz,MUNICIPAL,48.0,34.550000000000004,-13.449999999999996,53.23,-18.679999999999993,0,58.39,63.38,68.09,72.46,76.44,80.0,0,76.55786350148368,4573,97
2024.0,17.0,TO,1718451.0,Pugmil,MUNICIPAL,20.7,40.91,20.209999999999997,27.85,13.059999999999995,1,36.3,45.69,55.41,64.72,73.04,80.0,1,88.0,4230,86
2024.0,21.0,MA,2109551.0,Ribamar Fiquene,MUNICIPAL,54.2,50.14,-4.060000000000002,58.51,-8.369999999999997,0,62.66,66.63,70.37,73.86,77.07,80.0,2,84.84848484848484,3626,159
2024.0,25.0,PB,2513208.0,Santa Cruz,MUNICIPAL,52.8,86.28,33.480000000000004,57.29,28.990000000000002,1,61.68,65.88,69.85,73.54,76.93,80.0,5,95.23809523809524,589,29
2024.0,51.0,MT,5102637.0,Campo Novo do Parecis,MUNICIPAL,62.2,69.9,7.700000000000003,65.16,4.740000000000009,1,67.98,70.67,73.23,75.64,77.9,80.0,3,90.10282776349614,1969,48
2024.0,31.0,MG,3134202.0,Ituiutaba,MUNICIPAL,63.0,66.72,3.719999999999999,65.79,0.9299999999999926,1,68.48,71.05,73.5,75.81,77.98,80.0,3,94.61172741679871,2251,588
2024.0,23.0,CE,2311231.0,Potiretama,MUNICIPAL,100.0,97.47,-2.530000000000001,80.0,17.47,1,80.0,80.0,80.0,80.0,80.0,80.0,5,100.0,110,50
2024.0,52.0,GO,5214606.0,Niquelândia,MUNICIPAL,72.8,80.22,7.420000000000002,73.95,6.269999999999996,1,75.04,76.09,77.12,78.11,79.07,80.0,5,96.46017699115043,1017,122
2024.0,32.0,ES,3200201.0,Alegre,MUNICIPAL,66.9,83.48,16.58,69.0,14.480000000000004,1,71.05,73.02,74.9,76.69,78.39,80.0,5,94.5273631840796,765,18
2024.0,52.0,GO,5203962.0,Buritinópolis,MUNICIPAL,49.3,85.08,35.78,54.33,30.75,1,59.29,64.06,68.57,72.75,76.57,80.0,5,91.30434782608695,659,73
2024.0,27.0,AL,2708907.0,Satuba,MUNICIPAL,42.9,55.11,12.21,48.85,6.259999999999998,1,54.8,60.62,66.15,71.28,75.91,80.0,2,95.72953736654804,3254,31
2024.0,41.0,PR,4120705.0,Quatiguá,MUNICIPAL,91.6,90.26,-1.3399999999999892,80.0,10.260000000000005,1,80.0,80.0,80.0,80.0,80.0,80.0,5,93.06930693069307,391,18
2024.0,28.0,SE,2805604.0,Porto da Folha,MUNICIPAL,23.5,16.87,-6.629999999999999,30.74,-13.869999999999997,0,39.04,48.02,57.13,65.78,73.49,80.0,0,91.30434782608695,4957,68
2024.0,29.0,BA,2907558.0,Caturama,MUNICIPAL,46.9,50.85,3.950000000000003,52.31,-1.4600000000000009,0,57.64,62.8,67.68,72.21,76.33,80.0,2,88.05970149253731,3578,38
2024.0,25.0,PB,2504355.0,Caturité,MUNICIPAL,53.0,76.68,23.680000000000007,57.47,19.210000000000008,1,61.82,65.99,69.92,73.59,76.95,80.0,4,91.8032786885246,1348,44
2024.0,35.0,SP,3515509.0,Fernandópolis,MUNICIPAL,57.6,61.01,3.4099999999999966,61.33,-0.3200000000000003,0,64.91,68.34,71.58,74.61,77.42,80.0,3,89.3048128342246,2753,319
2024.0,43.0,RS,4322707.0,Vera Cruz,MUNICIPAL,66.5,41.9,-24.6,68.66,-26.759999999999998,0,70.78,72.81,74.75,76.6,78.35,80.0,1,94.79768786127168,4174,305
2024.0,31.0,MG,3107505.0,Bom Jardim de Minas,MUNICIPAL,47.7,60.13,12.43,52.98,7.150000000000006,1,58.19,63.22,67.98,72.39,76.41,80.0,3,90.21739130434784,2824,675
2024.0,31.0,MG,3154002.0,Raul Soares,MUNICIPAL,67.1,84.96000000000001,17.860000000000014,69.16,15.800000000000011,1,71.17,73.11,74.97,76.73,78.41,80.0,5,92.6829268292683,670,172
2024.0,35.0,SP,3505005.0,Barão de Antonina,MUNICIPAL,65.6,64.23,-1.3699999999999903,67.91,-3.6799999999999926,0,70.18,72.35,74.42,76.39,78.25,80.0,3,86.95652173913044,2488,259
2024.0,21.0,MA,2105906.0,Lago Verde,MUNICIPAL,62.1,76.73,14.630000000000003,65.07,11.66000000000001,1,67.9,70.62,73.19,75.61,77.88,80.0,4,88.6178861788618,1340,45
2024.0,42.0,SC,4205357.0,Flor do Sertão,MUNICIPAL,81.4,58.33,-23.070000000000007,80.0,-21.67,0,80.0,80.0,80.0,80.0,80.0,80.0,2,92.3076923076923,2982,195
2024.0,41.0,PR,4111506.0,Ivaiporã,MUNICIPAL,66.6,72.39,5.790000000000006,68.76,3.6299999999999955,1,70.86,72.87,74.79,76.62,78.36,80.0,4,86.24161073825503,1730,227
2024.0,31.0,MG,3168051.0,Taparuba,MUNICIPAL,44.1,80.0,35.9,49.89,30.11,1,55.66,61.28,66.62,71.56,76.03,80.0,5,100.0,1035,275
2024.0,17.0,TO,1715754.0,Palmeirópolis,MUNICIPAL,47.8,77.41,29.61,53.03,24.379999999999995,1,58.23,63.25,68.0,72.41,76.41,80.0,4,94.18604651162792,1262,2
2024.0,26.0,PE,2612208.0,Salgueiro,MUNICIPAL,75.9,75.13,-0.7700000000000102,76.55,-1.4200000000000017,0,77.15,77.75,78.33,78.9,79.45,80.0,4,96.91689008042896,1483,47
2024.0,22.0,PI,2202406.0,Capitão de Campos,MUNICIPAL,53.7,54.01,0.30999999999999517,58.04,-4.030000000000001,0,62.28,66.34,70.17,73.74,77.02,80.0,2,100.0,3352,146
2024.0,29.0,BA,2915700.0,Itamari,MUNICIPAL,59.7,36.76,-22.940000000000005,63.04,-26.28,0,66.28,69.38,72.31,75.07,77.63,80.0,0,97.14285714285714,4474,167
2024.0,51.0,MT,5107859.0,São Félix do Araguaia,MUNICIPAL,34.8,33.38,-1.4199999999999946,41.62,-8.239999999999995,0,48.72,55.88,62.8,69.24,75.0,80.0,0,87.74193548387098,4615,133
2024.0,17.0,TO,1710706.0,Itaguatins,MUNICIPAL,32.5,18.09,-14.41,39.48,-21.389999999999997,0,46.88,54.42,61.76,68.61,74.73,80.0,0,81.66666666666667,4953,130
2024.0,31.0,MG,3124005.0,Ervália,MUNICIPAL,54.5,85.0,30.5,58.71,26.29,1,62.82,66.75,70.46,73.91,77.1,80.0,5,84.8314606741573,664,168
2024.0,31.0,MG,3106804.0,Bias Fortes,MUNICIPAL,68.8,100.0,31.200000000000003,70.55,29.450000000000003,1,72.3,73.98,75.59,77.13,78.6,80.0,5,100.0,1,1
2024.0,43.0,RS,4302105.0,Bento Gonçalves,MUNICIPAL,77.4,50.8,-26.60000000000001,77.77,-26.97,0,78.15,78.53,78.91,79.28,79.64,80.0,2,84.27095292766934,3583,211
2024.0,35.0,SP,3542206.0,Rancharia,MUNICIPAL,60.0,60.02,0.020000000000003126,63.34,-3.3200000000000003,0,66.53,69.57,72.45,75.15,77.67,80.0,3,92.02127659574468,2833,334
2024.0,28.0,SE,2800100.0,Amparo do São Francisco,MUNICIPAL,41.2,50.0,8.799999999999997,47.31,2.6899999999999977,1,53.53,59.64,65.46,70.85,75.72,80.0,2,90.9090909090909,3631,11
2024.0,23.0,CE,2314102.0,Viçosa do Ceará,MUNICIPAL,88.6,90.22,1.6200000000000045,80.0,10.219999999999999,1,80.0,80.0,80.0,80.0,80.0,80.0,5,98.58247422680412,394,112
2024.0,21.0,MA,2110039.0,Santa Luzia do Paruá,MUNICIPAL,93.7,85.76,-7.939999999999998,80.0,5.760000000000005,1,80.0,80.0,80.0,80.0,80.0,80.0,5,97.2,613,20
2024.0,21.0,MA,2105450.0,Jatobá,MUNICIPAL,72.8,68.34,-4.459999999999994,73.93,-5.590000000000003,0,75.02,76.08,77.11,78.1,79.07,80.0,3,94.84536082474226,2120,78
2024.0,35.0,SP,3518909.0,Guzolândia,MUNICIPAL,88.6,79.92,-8.679999999999993,80.0,-0.0799999999999983,0,80.0,80.0,80.0,80.0,80.0,80.0,4,95.45454545454544,1050,85
2024.0,35.0,SP,3546306.0,Santa Cruz das Palmeiras,MUNICIPAL,49.5,59.69,10.189999999999998,54.47,5.219999999999999,1,59.4,64.14,68.63,72.79,76.59,80.0,2,87.14733542319749,2881,343
2024.0,43.0,RS,4320859.0,Tabaí,MUNICIPAL,59.7,24.7,-35.0,63.05,-38.349999999999994,0,66.3,69.39,72.32,75.07,77.63,80.0,0,83.6734693877551,4878,399
2024.0,42.0,SC,4219176.0,Vargem Bonita,MUNICIPAL,64.2,67.69,3.489999999999995,66.82,0.8700000000000045,1,69.31,71.68,73.95,76.09,78.11,80.0,3,89.55223880597015,2176,147
2024.0,31.0,MG,3127701.0,Governador Valadares,MUNICIPAL,52.1,68.07000000000001,15.970000000000006,56.68,11.390000000000008,1,61.18,65.5,69.58,73.38,76.85,80.0,3,83.28313253012048,2146,566
2024.0,24.0,RN,2403251.0,Parnamirim,MUNICIPAL,44.3,35.27,-9.029999999999994,50.04,-14.769999999999996,0,55.79,61.38,66.69,71.6,76.05,80.0,0,72.47956403269755,4548,93
2024.0,27.0,AL,2700102.0,Água Branca,MUNICIPAL,47.1,48.8,1.6999999999999957,52.49,-3.690000000000005,0,57.79,62.92,67.77,72.26,76.35,80.0,1,96.15384615384616,3722,46
2024.0,35.0,SP,3540200.0,Pontal,MUNICIPAL,60.0,64.47,4.469999999999999,63.34,1.1299999999999955,1,66.53,69.57,72.45,75.15,77.67,80.0,3,92.8395061728395,2460,254
2024.0,52.0,GO,5203104.0,Baliza,MUNICIPAL,64.3,89.49,25.189999999999998,66.86,22.629999999999995,1,69.34,71.71,73.97,76.1,78.11,80.0,5,93.33333333333331,429,51
2024.0,43.0,RS,4321634.0,Três Arroios,MUNICIPAL,100.0,40.0,-60.0,80.0,-40.0,0,80.0,80.0,80.0,80.0,80.0,80.0,1,100.0,4280,320
2024.0,25.0,PB,2507309.0,Jacaraú,MUNICIPAL,34.8,51.18,16.380000000000003,41.56,9.619999999999997,1,48.68,55.84,62.78,69.22,75.0,80.0,2,82.48175182481752,3560,124
2024.0,29.0,BA,2902104.0,Araci,MUNICIPAL,20.3,24.47,4.169999999999998,27.37,-2.900000000000002,0,35.84,45.3,55.11,64.54,72.96,80.0,0,91.18457300275482,4882,333
2024.0,35.0,SP,3538600.0,Piracaia,MUNICIPAL,58.5,57.46,-1.0399999999999991,62.06,-4.600000000000001,0,65.5,68.78,71.89,74.8,77.51,80.0,2,90.52287581699346,3049,371
2024.0,22.0,PI,2207553.0,Paquetá,MUNICIPAL,100.0,49.8,-50.2,80.0,-30.200000000000003,0,80.0,80.0,80.0,80.0,80.0,80.0,1,97.14285714285714,3655,160
2024.0,22.0,PI,2207603.0,Parnaguá,MUNICIPAL,67.7,47.35,-20.35,69.66,-22.309999999999995,0,71.58,73.42,75.19,76.87,78.48,80.0,1,94.35483870967742,3827,167
2024.0,43.0,RS,4304804.0,Carlos Barbosa,MUNICIPAL,67.4,64.9,-2.5,69.44,-4.539999999999992,0,71.4,73.29,75.09,76.81,78.45,80.0,3,92.2279792746114,2409,87
2024.0,29.0,BA,2906006.0,Campo Formoso,MUNICIPAL,36.8,39.03,2.230000000000004,43.38,-4.350000000000001,0,50.23,57.07,63.65,69.75,75.23,80.0,0,95.82689335394129,4337,138
2024.0,52.0,GO,5200308.0,Alexânia,MUNICIPAL,76.3,75.79,-0.5099999999999909,76.84,-1.0499999999999972,0,77.39,77.93,78.46,78.98,79.5,80.0,4,91.05504587155964,1435,148
2024.0,29.0,BA,2917359.0,Jaborandi,MUNICIPAL,40.9,43.16,2.259999999999998,47.06,-3.9000000000000057,0,53.32,59.47,65.34,70.78,75.69,80.0,1,93.1372549019608,4107,95
2024.0,35.0,SP,3505807.0,Bastos,MUNICIPAL,51.9,46.89,-5.009999999999998,56.53,-9.64,0,61.06,65.41,69.52,73.34,76.83,80.0,1,93.64406779661016,3861,521
2024.0,35.0,SP,3538907.0,Pirajuí,MUNICIPAL,53.5,46.03,-7.469999999999999,57.88,-11.850000000000001,0,62.15,66.24,70.1,73.69,77.0,80.0,1,90.06211180124224,3922,530
2024.0,23.0,CE,2304954.0,Guaiúba,MUNICIPAL,72.7,79.83,7.1299999999999955,73.87,5.959999999999994,1,74.97,76.04,77.08,78.09,79.06,80.0,4,99.18367346938776,1059,146
2024.0,42.0,SC,4215075.0,Riqueza,MUNICIPAL,83.4,72.07000000000001,-11.329999999999998,80.0,-7.929999999999993,0,80.0,80.0,80.0,80.0,80.0,80.0,4,72.22222222222221,1760,104
2024.0,35.0,SP,3514601.0,Dumont,MUNICIPAL,76.8,64.5,-12.299999999999997,77.25,-12.75,0,77.73,78.2,78.66,79.11,79.56,80.0,3,90.625,2456,253
2024.0,26.0,PE,2609402.0,Moreno,MUNICIPAL,53.4,43.93,-9.469999999999999,57.79,-13.86,0,62.08,66.18,70.06,73.67,76.99,80.0,1,95.77114427860695,4060,159
2024.0,25.0,PB,2516201.0,Sousa,MUNICIPAL,44.1,66.52,22.419999999999995,49.9,16.619999999999997,1,55.67,61.29,66.62,71.56,76.03,80.0,3,88.88888888888889,2284,68
2024.0,35.0,SP,3532207.0,Narandiba,MUNICIPAL,53.2,60.6,7.399999999999999,57.61,2.990000000000002,1,61.93,66.08,69.99,73.62,76.97,80.0,3,93.4065934065934,2790,325
2024.0,43.0,RS,4309704.0,Humaitá,MUNICIPAL,90.7,60.8,-29.900000000000006,80.0,-19.200000000000003,0,80.0,80.0,80.0,80.0,80.0,80.0,3,96.07843137254902,2768,118
2024.0,51.0,MT,5103007.0,Chapada dos Guimarães,MUNICIPAL,47.7,69.0,21.299999999999997,52.97,16.03,1,58.18,63.22,67.98,72.39,76.41,80.0,3,92.4812030075188,2055,53
2024.0,13.0,AM,1300607.0,Benjamin Constant,MUNICIPAL,,34.300000000000004,,,,,42.28,50.7,59.09,66.98,74.01,80.0,0,95.82132564841498,4582,39
2024.0,23.0,CE,2300150.0,Acarape,MUNICIPAL,78.1,81.21000000000001,3.1100000000000136,78.41,2.8000000000000114,1,78.68,78.95,79.22,79.48,79.74,80.0,5,96.55172413793105,948,143
2024.0,31.0,MG,3116407.0,Claraval,MUNICIPAL,75.0,84.7,9.700000000000003,75.74,8.960000000000008,1,76.49,77.22,77.94,78.64,79.33,80.0,5,90.66666666666666,688,180
2024.0,11.0,RO,1100288.0,Rolim de Moura,MUNICIPAL,68.8,75.19,6.390000000000001,70.6,4.590000000000003,1,72.34,74.01,75.61,77.14,78.61,80.0,4,91.33034379671152,1479,8
2024.0,41.0,PR,4111704.0,Jaboti,MUNICIPAL,82.7,73.86,-8.840000000000003,80.0,-6.140000000000001,0,80.0,80.0,80.0,80.0,80.0,80.0,4,94.3820224719101,1606,204
2024.0,42.0,SC,4211603.0,Nova Veneza,MUNICIPAL,69.6,79.48,9.88000000000001,71.23,8.25,1,72.84,74.4,75.89,77.32,78.69,80.0,4,93.63636363636364,1088,44
2024.0,41.0,PR,4126272.0,Saudade do Iguaçu,MUNICIPAL,92.5,85.49,-7.010000000000005,80.0,5.489999999999995,1,80.0,80.0,80.0,80.0,80.0,80.0,5,89.90825688073394,635,49
2024.0,31.0,MG,3155306.0,Rio Manso,MUNICIPAL,71.2,98.05,26.849999999999994,72.62,25.429999999999993,1,73.96,75.26,76.51,77.72,78.88,80.0,5,90.74074074074076,95,8
2024.0,35.0,SP,3525706.0,José Bonifácio,MUNICIPAL,55.8,54.93,-0.8699999999999974,59.8,-4.869999999999997,0,63.69,67.41,70.92,74.2,77.23,80.0,2,94.8051948051948,3269,421
2024.0,50.0,MS,5003256.0,Costa Rica,MUNICIPAL,38.9,54.88,15.980000000000004,45.24,9.64,1,51.8,58.3,64.51,70.28,75.46,80.0,2,97.19827586206895,3278,45
2024.0,35.0,SP,3556008.0,Urupês,MUNICIPAL,80.6,65.68,-14.919999999999987,80.0,-14.319999999999993,0,80.0,80.0,80.0,80.0,80.0,80.0,3,90.47619047619048,2339,227
2024.0,26.0,PE,2612455.0,Santa Cruz,MUNICIPAL,69.3,69.10000000000001,-0.19999999999998863,70.98,-1.8799999999999955,0,72.64,74.24,75.77,77.25,78.66,80.0,3,95.65217391304348,2047,67
2024.0,43.0,RS,4304697.0,Capitão,MUNICIPAL,87.1,58.6,-28.499999999999993,80.0,-21.4,0,80.0,80.0,80.0,80.0,80.0,80.0,2,84.61538461538461,2960,139
2024.0,33.0,RJ,3300951.0,Comendador Levy Gasparian,MUNICIPAL,51.6,66.11,14.509999999999998,56.32,9.79,1,60.9,65.29,69.43,73.28,76.81,80.0,3,90.9090909090909,2308,25
2024.0,33.0,RJ,3305208.0,São Pedro da Aldeia,MUNICIPAL,56.2,55.74,-0.46000000000000085,60.17,-4.43,0,63.99,67.63,71.08,74.3,77.28,80.0,2,82.28571428571428,3194,56
2024.0,23.0,CE,2307908.0,Martinópole,MUNICIPAL,98.5,99.24,0.7399999999999949,80.0,19.239999999999995,1,80.0,80.0,80.0,80.0,80.0,80.0,5,100.0,59,17
2024.0,28.0,SE,2800209.0,Aquidabã,MUNICIPAL,21.4,20.53,-0.8699999999999974,28.59,-8.059999999999999,0,37.01,46.3,55.86,65.0,73.16,80.0,0,88.77551020408163,4936,66
2024.0,35.0,SP,3502903.0,Araçoiaba da Serra,MUNICIPAL,49.4,56.16,6.759999999999998,54.42,1.7399999999999949,1,59.35,64.11,68.6,72.78,76.58,80.0,2,88.62559241706161,3162,398
2024.0,42.0,SC,4212106.0,Palmitos,MUNICIPAL,58.2,64.41,6.209999999999994,61.82,2.5899999999999963,1,65.31,68.64,71.79,74.74,77.48,80.0,3,88.42975206611571,2467,167
2024.0,52.0,GO,5206305.0,Cristianópolis,MUNICIPAL,88.6,82.2,-6.3999999999999915,80.0,2.200000000000003,1,80.0,80.0,80.0,80.0,80.0,80.0,5,98.0392156862745,860,101
2024.0,24.0,RN,2404606.0,Ielmo Marinho,MUNICIPAL,41.3,30.13,-11.169999999999998,47.4,-17.27,0,53.6,59.69,65.5,70.88,75.73,80.0,0,79.02097902097903,4731,116
2024.0,43.0,RS,4301800.0,Barracão,MUNICIPAL,73.3,56.4,-16.9,74.37,-17.970000000000006,0,75.38,76.36,77.31,78.23,79.13,80.0,2,93.47826086956522,3144,159
2024.0,31.0,MG,3159407.0,Santa Rita de Ibitipoca,MUNICIPAL,65.4,88.22,22.819999999999993,67.77,20.450000000000003,1,70.06,72.26,74.36,76.35,78.23,80.0,5,86.20689655172413,479,102
2024.0,23.0,CE,2301703.0,Aurora,MUNICIPAL,72.9,73.84,0.9399999999999977,73.96,-0.11999999999999034,0,75.05,76.1,77.12,78.11,79.07,80.0,4,99.52830188679243,1609,161
2024.0,52.0,GO,5218607.0,Rialma,MUNICIPAL,68.2,97.03,28.83,70.11,26.92,1,71.94,73.7,75.39,77.0,78.54,80.0,5,98.52941176470588,124,14
2024.0,42.0,SC,4210050.0,Macieira,MUNICIPAL,80.0,56.25,-23.75,80.0,-23.75,0,80.0,80.0,80.0,80.0,80.0,80.0,2,84.21052631578947,3154,208
2024.0,35.0,SP,3535309.0,Palmital,MUNICIPAL,46.5,60.32,13.82,51.9,8.420000000000002,1,57.31,62.55,67.51,72.1,76.28,80.0,3,92.93478260869566,2813,330
2024.0,50.0,MS,5003900.0,Figueirão,MUNICIPAL,58.6,86.46000000000001,27.860000000000007,62.12,24.34000000000001,1,65.55,68.83,71.92,74.82,77.52,80.0,5,91.66666666666666,578,2
2024.0,41.0,PR,4123006.0,Salto do Lontra,MUNICIPAL,85.5,76.46000000000001,-9.039999999999992,80.0,-3.539999999999992,0,80.0,80.0,80.0,80.0,80.0,80.0,4,88.88888888888889,1361,158
2024.0,51.0,MT,5108600.0,Vila Rica,MUNICIPAL,47.9,55.24,7.340000000000003,53.14,2.1000000000000014,1,58.32,63.32,68.05,72.43,76.43,80.0,2,87.57961783439491,3243,102
2024.0,21.0,MA,2105302.0,Imperatriz,MUNICIPAL,45.2,54.73,9.529999999999994,50.82,3.9099999999999966,1,56.42,61.87,67.03,71.81,76.15,80.0,2,86.74858850880106,3288,141
2024.0,50.0,MS,5008008.0,Terenos,MUNICIPAL,60.4,47.09,-13.309999999999995,63.66,-16.569999999999993,0,66.78,69.76,72.58,75.23,77.71,80.0,1,98.0392156862745,3851,61
2024.0,22.0,PI,2204709.0,Inhuma,MUNICIPAL,55.4,67.52,12.119999999999997,59.47,8.049999999999997,1,63.43,67.21,70.78,74.12,77.19,80.0,3,94.57364341085272,2195,95
2024.0,26.0,PE,2602902.0,Cabo de Santo Agostinho,MUNICIPAL,55.1,50.72,-4.380000000000003,59.25,-8.530000000000001,0,63.25,67.07,70.69,74.06,77.16,80.0,2,91.65120593692022,3587,148
2024.0,35.0,SP,3534708.0,Ourinhos,MUNICIPAL,50.4,53.67,3.270000000000003,55.25,-1.5799999999999983,0,60.03,64.62,68.97,73.0,76.68,80.0,2,91.91256830601094,3376,446
2024.0,35.0,SP,3540101.0,Pongaí,MUNICIPAL,87.1,91.45,4.3500000000000085,80.0,11.450000000000003,1,80.0,80.0,80.0,80.0,80.0,80.0,5,84.61538461538461,341,28
2024.0,29.0,BA,2919553.0,Luís Eduardo Magalhães,MUNICIPAL,29.4,35.72,6.32,36.53,-0.8100000000000023,0,44.29,52.34,60.27,67.7,74.33,80.0,0,91.05409153952844,4531,186
2024.0,51.0,MT,5106372.0,Pedra Preta,MUNICIPAL,56.7,65.1,8.399999999999991,60.59,4.509999999999991,1,64.33,67.89,71.26,74.41,77.33,80.0,3,92.76315789473684,2393,71
2024.0,31.0,MG,3130408.0,Ijaci,MUNICIPAL,72.8,82.9,10.100000000000009,73.92,8.980000000000004,1,75.01,76.07,77.1,78.1,79.07,80.0,5,82.53968253968253,809,207
2024.0,31.0,MG,3171709.0,Virgínia,MUNICIPAL,57.9,74.66,16.759999999999998,61.6,13.059999999999995,1,65.13,68.51,71.7,74.68,77.45,80.0,4,80.0,1538,420
2024.0,29.0,BA,2929370.0,São José do Jacuípe,MUNICIPAL,23.2,28.41,5.210000000000001,30.39,-1.9800000000000004,0,38.7,47.74,56.92,65.65,73.44,80.0,0,94.6236559139785,4792,292
2024.0,31.0,MG,3166006.0,Senhora de Oliveira,MUNICIPAL,79.3,86.42,7.1200000000000045,79.39,7.030000000000001,1,79.49,79.6,79.7,79.8,79.9,80.0,5,98.07692307692308,579,135
2024.0,35.0,SP,3550308.0,São Paulo,MUNICIPAL,37.9,48.25,10.350000000000001,44.37,3.8800000000000026,1,51.06,57.72,64.11,70.03,75.35,80.0,1,85.025757976828,3757,500
2024.0,51.0,MT,5108501.0,Vera,MUNICIPAL,34.8,52.77,17.970000000000006,41.54,11.230000000000004,1,48.66,55.83,62.77,69.22,74.99,80.0,2,91.19170984455958,3435,108
2024.0,23.0,CE,2303402.0,Carnaubal,MUNICIPAL,87.0,83.8,-3.200000000000003,80.0,3.799999999999997,1,80.0,80.0,80.0,80.0,80.0,80.0,5,99.12280701754386,747,134
2024.0,11.0,RO,1100452.0,Buritis,MUNICIPAL,49.8,72.32000000000001,22.52000000000001,54.78,17.540000000000006,1,59.65,64.34,68.76,72.87,76.62,80.0,4,90.49586776859503,1735,12
2024.0,23.0,CE,2312601.0,São Luís do Curu,MUNICIPAL,81.7,65.1,-16.60000000000001,80.0,-14.900000000000006,0,80.0,80.0,80.0,80.0,80.0,80.0,3,96.52173913043478,2393,164
2024.0,31.0,MG,3130507.0,Ilicínea,MUNICIPAL,46.0,65.15,19.150000000000006,51.49,13.660000000000004,1,56.97,62.29,67.33,71.99,76.23,80.0,3,92.25806451612904,2390,616
2024.0,31.0,MG,3123528.0,Durandé,MUNICIPAL,78.2,71.43,-6.769999999999996,78.46,-7.029999999999987,0,78.73,78.99,79.24,79.5,79.75,80.0,4,90.9090909090909,1807,491
2024.0,23.0,CE,2305803.0,Ipu,MUNICIPAL,94.2,86.66,-7.540000000000006,80.0,6.659999999999997,1,80.0,80.0,80.0,80.0,80.0,80.0,5,99.54853273137697,568,127
2024.0,42.0,SC,4204400.0,Coronel Freitas,MUNICIPAL,74.3,86.74,12.439999999999998,75.16,11.579999999999998,1,76.02,76.86,77.67,78.47,79.25,80.0,5,84.29752066115702,562,19
2024.0,22.0,PI,2205805.0,Luzilândia,MUNICIPAL,51.7,54.9,3.1999999999999957,56.4,-1.5,0,60.96,65.33,69.46,73.3,76.82,80.0,2,99.52606635071088,3274,140
2024.0,35.0,SP,3553302.0,Tambaú,MUNICIPAL,47.7,59.74,12.04,53.01,6.730000000000004,1,58.21,63.24,67.99,72.4,76.41,80.0,2,94.02985074626866,2874,339
2024.0,22.0,PI,2203354.0,Dirceu Arcoverde,MUNICIPAL,33.2,11.96,-21.240000000000002,40.14,-28.18,0,47.45,54.88,62.09,68.8,74.81,80.0,0,88.0,4971,208
2024.0,16.0,AP,1600550.0,Pracuúba,MUNICIPAL,36.4,30.66,-5.739999999999998,43.05,-12.389999999999997,0,49.94,56.84,63.49,69.65,75.19,80.0,0,88.88888888888889,4718,14
2024.0,22.0,PI,2202117.0,Campo Alegre do Fidalgo,MUNICIPAL,38.5,59.33,20.83,44.96,14.369999999999997,1,51.56,58.11,64.38,70.2,75.43,80.0,2,89.47368421052632,2909,126
2024.0,22.0,PI,2202752.0,Colônia do Gurguéia,MUNICIPAL,54.4,89.29,34.89000000000001,58.67,30.620000000000005,1,62.78,66.72,70.44,73.9,77.09,80.0,5,96.96969696969695,434,35
2024.0,35.0,SP,3515301.0,Estrela do Norte,MUNICIPAL,73.0,89.26,16.260000000000005,74.08,15.180000000000007,1,75.14,76.17,77.17,78.15,79.09,80.0,5,93.33333333333331,435,35
2024.0,31.0,MG,3116704.0,Coimbra,MUNICIPAL,76.9,83.5,6.599999999999994,77.38,6.1200000000000045,1,77.83,78.28,78.72,79.15,79.58,80.0,5,96.25,764,193
2024.0,31.0,MG,3107901.0,Bom Repouso,MUNICIPAL,56.6,68.27,11.669999999999995,60.44,7.829999999999998,1,64.21,67.8,71.2,74.37,77.31,80.0,3,91.19496855345912,2126,563
2024.0,42.0,SC,4211207.0,Morro da Fumaça,MUNICIPAL,68.0,68.09,0.09000000000000341,69.95,-1.8599999999999994,0,71.81,73.6,75.32,76.96,78.52,80.0,3,88.59060402684564,2144,145
2024.0,21.0,MA,2102705.0,Cantanhede,MUNICIPAL,53.0,70.83,17.83,57.5,13.329999999999998,1,61.85,66.01,69.94,73.59,76.95,80.0,4,94.11764705882352,1864,66
2024.0,11.0,RO,1100296.0,Santa Luzia D'Oeste,MUNICIPAL,76.1,83.36,7.260000000000005,76.7,6.659999999999997,1,77.27,77.84,78.39,78.94,79.47,80.0,5,91.76470588235294,773,1
2024.0,31.0,MG,3151206.0,Pirapora,MUNICIPAL,49.5,69.81,20.310000000000002,54.52,15.29,1,59.44,64.17,68.65,72.8,76.59,80.0,3,88.05460750853243,1981,532
2024.0,23.0,CE,2301604.0,Assaré,MUNICIPAL,90.7,98.08,7.3799999999999955,80.0,18.08,1,80.0,80.0,80.0,80.0,80.0,80.0,5,99.61685823754787,93,41
2024.0,31.0,MG,3125408.0,Felício dos Santos,MUNICIPAL,82.1,79.38,-2.719999999999999,80.0,-0.6200000000000045,0,80.0,80.0,80.0,80.0,80.0,80.0,4,96.05263157894736,1096,292
2024.0,23.0,CE,2304202.0,Crato,MUNICIPAL,93.6,95.37,1.7700000000000102,80.0,15.370000000000005,1,80.0,80.0,80.0,80.0,80.0,80.0,5,99.50657894736842,179,69
2024.0,31.0,MG,3136306.0,João Pinheiro,MUNICIPAL,60.1,69.87,9.770000000000003,63.39,6.480000000000004,1,66.56,69.59,72.46,75.16,77.67,80.0,3,90.96774193548389,1975,531
2024.0,23.0,CE,2313401.0,Tianguá,MUNICIPAL,84.4,86.10000000000001,1.7000000000000028,80.0,6.1000000000000085,1,80.0,80.0,80.0,80.0,80.0,80.0,5,97.50223015165032,598,128
2024.0,31.0,MG,3106101.0,Belmiro Braga,MUNICIPAL,,57.69,,,,,61.99,66.12,70.01,73.64,76.97,80.0,2,96.66666666666669,3031,698
2024.0,22.0,PI,2204303.0,Fronteiras,MUNICIPAL,98.3,96.63,-1.6700000000000017,80.0,16.629999999999995,1,80.0,80.0,80.0,80.0,80.0,80.0,5,95.65217391304348,134,16
2024.0,35.0,SP,3520202.0,Igaratá,MUNICIPAL,61.5,50.61,-10.89,64.51,-13.900000000000006,0,67.46,70.28,72.95,75.46,77.81,80.0,2,90.2777777777778,3596,479
2024.0,25.0,PB,2504850.0,Coxixola,MUNICIPAL,75.0,93.33,18.33,75.76,17.569999999999993,1,76.51,77.24,77.95,78.65,79.33,80.0,5,100.0,259,17
2024.0,21.0,MA,2103257.0,Cidelândia,MUNICIPAL,66.4,86.24,19.83999999999999,68.64,17.599999999999994,1,70.76,72.8,74.74,76.59,78.34,80.0,5,96.045197740113,591,19
2024.0,43.0,RS,4312104.0,Mata,MUNICIPAL,65.6,45.5,-20.099999999999994,67.91,-22.409999999999997,0,70.18,72.35,74.42,76.39,78.25,80.0,1,84.61538461538461,3948,266
2024.0,31.0,MG,3169505.0,Tumiritinga,MUNICIPAL,45.4,74.58,29.18,50.96,23.619999999999997,1,56.54,61.96,67.09,71.85,76.16,80.0,4,82.25806451612904,1546,422
2024.0,25.0,PB,2501302.0,Aroeiras,MUNICIPAL,68.0,44.46,-23.54,69.89,-25.43,0,71.77,73.57,75.29,76.94,78.51,80.0,1,92.69406392694064,4022,165
2024.0,16.0,AP,1600238.0,Ferreira Gomes,MUNICIPAL,73.4,74.96000000000001,1.5600000000000023,74.45,0.5100000000000051,1,75.44,76.4,77.34,78.26,79.14,80.0,4,93.28859060402684,1519,2
2024.0,23.0,CE,2309201.0,Nova Olinda,MUNICIPAL,100.0,99.53,-0.46999999999999886,80.0,19.53,1,80.0,80.0,80.0,80.0,80.0,80.0,5,100.0,55,13
2024.0,29.0,BA,2925907.0,Quijingue,MUNICIPAL,38.5,34.85,-3.6499999999999986,44.9,-10.049999999999997,0,51.51,58.07,64.35,70.18,75.42,80.0,0,97.05882352941175,4563,194
2024.0,25.0,PB,2503407.0,Cacimba de Areia,MUNICIPAL,63.9,52.5,-11.399999999999999,66.53,-14.030000000000001,0,69.08,71.51,73.82,76.01,78.07,80.0,2,100.0,3454,119
2024.0,31.0,MG,3119609.0,Coronel Pacheco,MUNICIPAL,100.0,59.91,-40.09,80.0,-20.090000000000003,0,80.0,80.0,80.0,80.0,80.0,80.0,2,75.0,2859,679
2024.0,21.0,MA,2108801.0,Pirapemas,MUNICIPAL,83.0,42.38,-40.62,80.0,-37.62,0,80.0,80.0,80.0,80.0,80.0,80.0,1,77.44360902255639,4156,180
2024.0,26.0,PE,2601102.0,Araripina,MUNICIPAL,56.9,52.06,-4.839999999999996,60.73,-8.669999999999995,0,64.43,67.97,71.32,74.45,77.34,80.0,2,94.45564516129032,3489,145
2024.0,41.0,PR,4107553.0,Farol,MUNICIPAL,76.0,96.3,20.299999999999997,76.57,19.730000000000004,1,77.17,77.76,78.33,78.9,79.46,80.0,5,90.74074074074076,143,3
2024.0,23.0,CE,2309607.0,Pacajus,MUNICIPAL,85.7,87.91,2.2099999999999937,80.0,7.909999999999997,1,80.0,80.0,80.0,80.0,80.0,80.0,5,96.52677279305357,495,124
2024.0,52.0,GO,5202155.0,Araguapaz,MUNICIPAL,43.3,68.98,25.680000000000007,49.16,19.820000000000007,1,55.06,60.82,66.29,71.36,75.95,80.0,3,98.93617021276596,2058,181
2024.0,41.0,PR,4113700.0,Londrina,MUNICIPAL,73.9,72.99,-0.9100000000000108,74.82,-1.8299999999999983,0,75.74,76.64,77.51,78.37,79.19,80.0,4,83.86351519459747,1685,219
2024.0,21.0,MA,2109700.0,Sambaíba,MUNICIPAL,85.9,77.94,-7.960000000000008,80.0,-2.0600000000000023,0,80.0,80.0,80.0,80.0,80.0,80.0,4,93.05555555555556,1205,37
2024.0,35.0,SP,3532405.0,Nazaré Paulista,MUNICIPAL,46.8,62.5,15.700000000000003,52.23,10.270000000000003,1,57.58,62.75,67.65,72.19,76.32,80.0,3,88.96103896103897,2630,285
2024.0,43.0,RS,4312617.0,Muitos Capões,MUNICIPAL,68.8,29.4,-39.4,70.55,-41.15,0,72.3,73.98,75.59,77.13,78.6,80.0,0,89.47368421052632,4759,387
2024.0,31.0,MG,3131000.0,Inhaúma,MUNICIPAL,47.0,77.62,30.620000000000005,52.36,25.260000000000005,1,57.68,62.83,67.71,72.23,76.33,80.0,4,90.66666666666666,1242,337
2024.0,25.0,PB,2512077.0,Poço de José de Moura,MUNICIPAL,,57.57,,,,,61.89,66.05,69.96,73.61,76.96,80.0,2,87.2340425531915,3043,100
2024.0,23.0,CE,2310852.0,Pindoretama,MUNICIPAL,90.3,88.62,-1.6799999999999926,80.0,8.620000000000005,1,80.0,80.0,80.0,80.0,80.0,80.0,5,95.43859649122808,455,118
2024.0,22.0,PI,2201919.0,Bom Princípio do Piauí,MUNICIPAL,87.9,75.94,-11.960000000000008,80.0,-4.060000000000002,0,80.0,80.0,80.0,80.0,80.0,80.0,4,97.36842105263158,1419,74
2024.0,31.0,MG,3122108.0,Divino das Laranjeiras,MUNICIPAL,41.4,85.71000000000001,44.31000000000001,47.5,38.21000000000001,1,53.68,59.76,65.54,70.91,75.74,80.0,5,92.85714285714286,615,150
2024.0,31.0,MG,3164100.0,São Pedro do Suaçuí,MUNICIPAL,67.0,90.0,23.0,69.13,20.870000000000005,1,71.15,73.1,74.96,76.73,78.41,80.0,5,100.0,400,76
2024.0,21.0,MA,2101301.0,Bacuri,MUNICIPAL,67.7,57.55,-10.150000000000006,69.66,-12.11,0,71.58,73.42,75.19,76.87,78.48,80.0,2,94.14893617021278,3045,123
2024.0,41.0,PR,4116059.0,Missal,MUNICIPAL,88.7,83.28,-5.420000000000002,80.0,3.280000000000001,1,80.0,80.0,80.0,80.0,80.0,80.0,5,93.79310344827586,789,71
2024.0,31.0,MG,3165008.0,São Tiago,MUNICIPAL,90.5,94.92,4.420000000000002,80.0,14.920000000000002,1,80.0,80.0,80.0,80.0,80.0,80.0,5,100.0,206,21
2024.0,41.0,PR,4128625.0,Alto Paraíso,MUNICIPAL,,68.04,,,,,70.28,72.43,74.48,76.42,78.26,80.0,3,84.61538461538461,2150,274
2024.0,17.0,TO,1712504.0,Marianópolis do Tocantins,MUNICIPAL,24.2,36.72,12.52,31.37,5.349999999999998,1,39.62,48.5,57.49,66.0,73.59,80.0,0,81.69014084507043,4479,104
2024.0,29.0,BA,2924108.0,Pedrão,MUNICIPAL,20.7,13.33,-7.369999999999999,27.85,-14.520000000000001,0,36.3,45.69,55.41,64.72,73.04,80.0,0,93.75,4965,370
2024.0,43.0,RS,4318424.0,São João da Urtiga,MUNICIPAL,76.5,70.3,-6.200000000000003,77.05,-6.75,0,77.56,78.07,78.56,79.05,79.53,80.0,4,94.87179487179486,1919,56
2024.0,42.0,SC,4204558.0,Correia Pinto,MUNICIPAL,59.6,56.53,-3.0700000000000003,63.0,-6.469999999999999,0,66.25,69.36,72.3,75.05,77.62,80.0,2,77.9874213836478,3130,204
2024.0,27.0,AL,2707800.0,Roteiro,MUNICIPAL,64.4,45.95,-18.450000000000003,66.92,-20.97,0,69.39,71.75,73.99,76.12,78.12,80.0,1,94.39252336448598,3926,51
2024.0,43.0,RS,4311627.0,Lindolfo Collor,MUNICIPAL,67.6,36.1,-31.499999999999993,69.56,-33.46,0,71.5,73.36,75.15,76.85,78.47,80.0,0,100.0,4507,364
2024.0,26.0,PE,2611200.0,Poção,MUNICIPAL,62.6,64.18,1.5800000000000054,65.42,-1.2399999999999949,0,68.19,70.83,73.34,75.71,77.93,80.0,3,95.40229885057472,2497,93
2024.0,25.0,PB,2503555.0,Cacimbas,MUNICIPAL,32.5,47.9,15.399999999999999,39.49,8.409999999999997,1,46.89,54.43,61.77,68.61,74.73,80.0,1,98.13084112149532,3782,143
2024.0,29.0,BA,2917805.0,Jaguaripe,MUNICIPAL,25.9,46.85,20.950000000000003,33.07,13.780000000000001,1,41.18,49.8,58.43,66.58,73.84,80.0,1,94.07894736842104,3864,65
2024.0,17.0,TO,1701051.0,Angico,MUNICIPAL,40.2,59.120000000000005,18.92,46.41,12.710000000000008,1,52.78,59.05,65.05,70.6,75.61,80.0,2,91.8918918918919,2924,26
2024.0,26.0,PE,2611101.0,Petrolina,MUNICIPAL,66.2,70.25,4.049999999999997,68.42,1.8299999999999983,1,70.58,72.66,74.64,76.53,78.31,80.0,4,95.24201853759013,1928,58
2024.0,29.0,BA,2919959.0,Maetinga,MUNICIPAL,61.0,47.37,-13.630000000000003,64.12,-16.750000000000007,0,67.15,70.04,72.78,75.36,77.77,80.0,1,100.0,3823,57
2024.0,21.0,MA,2109908.0,Santa Inês,MUNICIPAL,47.1,48.48,1.3799999999999955,52.49,-4.010000000000005,0,57.79,62.92,67.77,72.26,76.35,80.0,1,86.91489361702128,3741,164
2024.0,35.0,SP,3556909.0,Vista Alegre do Alto,MUNICIPAL,81.4,52.86,-28.540000000000006,80.0,-27.14,0,80.0,80.0,80.0,80.0,80.0,80.0,2,97.75280898876404,3430,458
2024.0,35.0,SP,3514700.0,Echaporã,MUNICIPAL,77.9,95.07,17.169999999999987,78.18,16.889999999999986,1,78.49,78.8,79.1,79.4,79.7,80.0,5,94.31818181818184,198,14
2024.0,31.0,MG,3121258.0,Delta,MUNICIPAL,51.0,47.77,-3.229999999999997,55.77,-8.0,0,60.45,64.94,69.19,73.13,76.74,80.0,1,88.0,3797,742
2024.0,29.0,BA,2929602.0,Sapeaçu,MUNICIPAL,56.8,64.52,7.719999999999999,60.68,3.8399999999999963,1,64.4,67.95,71.3,74.44,77.34,80.0,3,96.875,2452,6
2024.0,41.0,PR,4114609.0,Marechal Cândido Rondon,MUNICIPAL,75.3,76.44,1.1400000000000006,76.01,0.4299999999999926,1,76.71,77.4,78.07,78.73,79.37,80.0,4,87.86666666666667,1364,159
2024.0,43.0,RS,4314407.0,Pelotas,MUNICIPAL,,39.4,,,,,46.81,54.37,61.73,68.58,74.72,80.0,0,70.03405221339388,4317,330
2024.0,35.0,SP,3552700.0,Tabatinga,MUNICIPAL,62.4,62.83,0.4299999999999997,65.32,-2.489999999999995,0,68.11,70.77,73.3,75.68,77.92,80.0,3,91.61676646706589,2605,277
2024.0,35.0,SP,3530805.0,Mogi Mirim,MUNICIPAL,53.8,57.7,3.9000000000000057,58.13,-0.4299999999999997,0,62.35,66.39,70.21,73.76,77.03,80.0,2,88.18791946308725,3029,370
2024.0,31.0,MG,3121902.0,Divinésia,MUNICIPAL,43.0,75.0,32.0,48.91,26.090000000000003,1,54.85,60.66,66.18,71.29,75.91,80.0,4,100.0,1497,414
2024.0,31.0,MG,3148509.0,Pavão,MUNICIPAL,86.9,81.4,-5.5,80.0,1.4000000000000057,1,80.0,80.0,80.0,80.0,80.0,80.0,5,97.72727272727272,931,245
2024.0,50.0,MS,5001102.0,Aquidauana,MUNICIPAL,70.0,58.42,-11.579999999999998,71.59,-13.170000000000002,0,73.13,74.62,76.05,77.42,78.74,80.0,2,92.66187050359711,2972,34
2024.0,17.0,TO,1722107.0,Xambioá,MUNICIPAL,22.0,42.82,20.82,29.18,13.64,1,37.57,46.78,56.21,65.22,73.25,80.0,1,88.14814814814815,4127,81
2024.0,31.0,MG,3137205.0,Lagoa da Prata,MUNICIPAL,72.6,79.9,7.300000000000011,73.73,6.170000000000002,1,74.86,75.95,77.01,78.04,79.04,80.0,4,96.7551622418879,1054,282
2024.0,24.0,RN,2400505.0,Alexandria,MUNICIPAL,17.8,58.98,41.17999999999999,24.68,34.3,1,33.21,43.0,53.38,63.47,72.5,80.0,2,87.58169934640523,2931,20
2024.0,50.0,MS,5001508.0,Bandeirantes,MUNICIPAL,26.0,52.42,26.42,33.17,19.25,1,41.27,49.87,58.49,66.61,73.86,80.0,2,90.78014184397163,3461,52
2024.0,50.0,MS,5002308.0,Brasilândia,MUNICIPAL,51.7,60.76,9.059999999999995,56.39,4.369999999999997,1,60.95,65.33,69.46,73.3,76.82,80.0,3,89.16256157635468,2771,25
2024.0,21.0,MA,2107605.0,Palmeirândia,MUNICIPAL,42.1,70.09,27.990000000000002,48.1,21.990000000000002,1,54.18,60.14,65.82,71.07,75.81,80.0,4,90.15151515151516,1943,70
2024.0,43.0,RS,4312476.0,Morro Reuter,MUNICIPAL,51.5,76.9,25.400000000000006,56.24,20.660000000000004,1,60.83,65.23,69.39,73.26,76.8,80.0,4,100.0,1322,29
2024.0,43.0,RS,4312955.0,Nova Boa Vista,MUNICIPAL,100.0,66.7,-33.3,80.0,-13.299999999999997,0,80.0,80.0,80.0,80.0,80.0,80.0,3,85.71428571428571,2253,73
2024.0,29.0,BA,2923209.0,Oliveira dos Brejinhos,MUNICIPAL,38.1,39.29,1.1899999999999977,44.58,-5.289999999999999,0,51.24,57.86,64.21,70.09,75.38,80.0,0,95.60975609756098,4322,134
2024.0,51.0,MT,5107040.0,Primavera do Leste,MUNICIPAL,49.2,58.79,9.589999999999996,54.21,4.579999999999998,1,59.19,63.98,68.52,72.72,76.56,80.0,2,87.43676222596964,2946,92
2024.0,31.0,MG,3127305.0,Galiléia,MUNICIPAL,47.3,62.07,14.770000000000003,52.6,9.469999999999999,1,57.88,62.98,67.81,72.29,76.36,80.0,3,93.15068493150685,2668,658
2024.0,35.0,SP,3552502.0,Suzano,MUNICIPAL,42.1,46.82,4.719999999999999,48.1,-1.2800000000000011,0,54.18,60.14,65.82,71.07,75.81,80.0,1,87.11144806671722,3868,522
2024.0,51.0,MT,5106851.0,Porto Estrela,MUNICIPAL,89.1,77.75,-11.349999999999994,80.0,-2.25,0,80.0,80.0,80.0,80.0,80.0,80.0,4,96.42857142857144,1223,27
2024.0,17.0,TO,1712009.0,Lajeado,MUNICIPAL,40.5,38.15,-2.3500000000000014,46.67,-8.520000000000003,0,52.99,59.22,65.17,70.68,75.64,80.0,0,98.21428571428572,4392,96
2024.0,24.0,RN,2414209.0,Tibau do Sul,MUNICIPAL,17.6,24.98,7.379999999999999,24.51,0.46999999999999886,1,33.04,42.85,53.26,63.39,72.47,80.0,0,82.75862068965517,4873,133
2024.0,28.0,SE,2800704.0,Brejo Grande,MUNICIPAL,27.3,34.6,7.300000000000001,34.46,0.14000000000000057,1,42.44,50.84,59.19,67.04,74.04,80.0,0,97.88732394366195,4571,38
2024.0,35.0,SP,3522109.0,Itanhaém,MUNICIPAL,54.3,48.05,-6.25,58.59,-10.540000000000006,0,62.72,66.67,70.4,73.88,77.08,80.0,1,83.66817887232664,3769,504
2024.0,31.0,MG,3139003.0,Machado,MUNICIPAL,59.9,87.02,27.119999999999997,63.26,23.759999999999998,1,66.46,69.52,72.41,75.13,77.66,80.0,5,95.3307392996109,547,124
2024.0,42.0,SC,4219606.0,Xavantina,MUNICIPAL,71.6,80.95,9.350000000000009,72.9,8.049999999999997,1,74.19,75.44,76.64,77.8,78.92,80.0,5,85.71428571428571,964,35
2024.0,31.0,MG,3158003.0,Santa Maria de Itabira,MUNICIPAL,54.6,77.79,23.190000000000005,58.85,18.940000000000005,1,62.93,66.83,70.51,73.95,77.12,80.0,4,85.83333333333333,1218,333
2024.0,27.0,AL,2709103.0,Taquarana,MUNICIPAL,44.0,38.96,-5.039999999999999,49.8,-10.839999999999996,0,55.59,61.23,66.58,71.54,76.02,80.0,0,94.09448818897636,4342,75
2024.0,31.0,MG,3161056.0,São Félix de Minas,MUNICIPAL,68.1,67.09,-1.009999999999991,70.01,-2.9200000000000017,0,71.86,73.64,75.34,76.97,78.52,80.0,3,82.5,2229,585
2024.0,42.0,SC,4201000.0,Anita Garibaldi,MUNICIPAL,66.1,77.33,11.230000000000004,68.32,9.010000000000005,1,70.5,72.6,74.6,76.5,78.3,80.0,4,70.37037037037037,1272,60
2024.0,31.0,MG,3140209.0,Maripá de Minas,MUNICIPAL,65.5,59.26,-6.240000000000002,67.84,-8.580000000000005,0,70.12,72.31,74.39,76.37,78.24,80.0,2,93.33333333333331,2913,683
2024.0,31.0,MG,3121001.0,Datas,MUNICIPAL,80.0,90.32,10.319999999999993,80.0,10.319999999999993,1,80.0,80.0,80.0,80.0,80.0,80.0,5,97.2972972972973,388,72
2024.0,29.0,BA,2930402.0,Serra Preta,MUNICIPAL,31.8,36.67,4.870000000000001,38.83,-2.1599999999999966,0,46.32,53.97,61.44,68.41,74.64,80.0,0,94.73684210526316,4483,172
2024.0,35.0,SP,3506359.0,Bertioga,MUNICIPAL,54.7,69.58,14.879999999999995,58.87,10.71,1,62.95,66.84,70.53,73.96,77.12,80.0,3,91.71428571428572,1993,187
2024.0,31.0,MG,3119708.0,Coronel Xavier Chaves,MUNICIPAL,72.5,92.31,19.810000000000002,73.66,18.650000000000006,1,74.8,75.91,76.98,78.02,79.03,80.0,5,96.22641509433964,300,47
2024.0,35.0,SP,3504404.0,Avanhandava,MUNICIPAL,70.9,77.37,6.469999999999999,72.36,5.010000000000005,1,73.75,75.1,76.39,77.64,78.85,80.0,4,92.1875,1265,106
2024.0,42.0,SC,4201802.0,Atalanta,MUNICIPAL,71.1,64.79,-6.309999999999988,72.52,-7.72999999999999,0,73.88,75.2,76.47,77.69,78.87,80.0,3,79.3103448275862,2422,164
2024.0,25.0,PB,2506400.0,Gurinhém,MUNICIPAL,35.1,27.02,-8.080000000000002,41.85,-14.830000000000002,0,48.93,56.04,62.92,69.31,75.03,80.0,0,91.57894736842104,4829,204
2024.0,50.0,MS,5005400.0,Maracaju,MUNICIPAL,40.6,46.55,5.949999999999996,46.82,-0.2700000000000031,0,53.12,59.32,65.24,70.72,75.66,80.0,1,83.82923673997412,3889,62
2024.0,28.0,SE,2806503.0,Santa Rosa de Lima,MUNICIPAL,25.0,26.74,1.7399999999999984,32.22,-5.48,0,40.4,49.16,57.96,66.29,73.72,80.0,0,95.45454545454544,4833,57
2024.0,43.0,RS,4319406.0,São Pedro do Sul,MUNICIPAL,77.1,61.6,-15.499999999999993,77.57,-15.969999999999992,0,77.99,78.4,78.81,79.21,79.61,80.0,3,86.36363636363636,2706,114
2024.0,41.0,PR,4109401.0,Guarapuava,MUNICIPAL,74.4,67.0,-7.400000000000006,75.27,-8.269999999999996,0,76.11,76.92,77.72,78.5,79.26,80.0,3,88.26237054085155,2233,280
2024.0,29.0,BA,2926004.0,Remanso,MUNICIPAL,25.1,35.26,10.159999999999997,32.32,2.9399999999999977,1,40.5,49.23,58.02,66.33,73.73,80.0,0,92.41573033707866,4549,191
2024.0,29.0,BA,2909000.0,Cordeiros,MUNICIPAL,69.3,52.46,-16.839999999999996,71.03,-18.57,0,72.68,74.27,75.8,77.26,78.66,80.0,2,92.42424242424242,3456,32
2024.0,41.0,PR,4118808.0,Peabiru,MUNICIPAL,69.5,74.24,4.739999999999995,71.16,3.0799999999999983,1,72.78,74.35,75.85,77.3,78.68,80.0,4,90.17341040462428,1580,196
2024.0,26.0,PE,2615102.0,Terezinha,MUNICIPAL,68.3,76.08,7.780000000000001,70.15,5.929999999999993,1,71.97,73.72,75.41,77.01,78.54,80.0,4,98.0392156862745,1406,45
2024.0,25.0,PB,2511905.0,Pitimbu,MUNICIPAL,76.0,51.59,-24.409999999999997,76.57,-24.97999999999999,0,77.17,77.76,78.33,78.9,79.46,80.0,2,87.08133971291866,3532,123
2024.0,43.0,RS,4316972.0,Santa Margarida do Sul,MUNICIPAL,42.4,25.7,-16.7,48.4,-22.7,0,54.43,60.33,65.95,71.15,75.85,80.0,0,94.5945945945946,4855,393
2024.0,29.0,BA,2932309.0,Ubatã,MUNICIPAL,31.4,41.9,10.5,38.45,3.4499999999999957,1,45.98,53.7,61.25,68.29,74.59,80.0,1,78.94736842105263,4174,110
2024.0,31.0,MG,3120805.0,Cruzília,MUNICIPAL,97.2,75.3,-21.900000000000006,80.0,-4.700000000000003,0,80.0,80.0,80.0,80.0,80.0,80.0,4,94.3820224719101,1471,404
2024.0,17.0,TO,1703842.0,Campos Lindos,MUNICIPAL,16.2,38.52,22.320000000000004,22.91,15.610000000000003,1,31.43,41.42,52.16,62.71,72.17,80.0,0,88.62275449101796,4365,93
2024.0,31.0,MG,3109204.0,Buenópolis,MUNICIPAL,82.0,75.91,-6.090000000000003,80.0,-4.090000000000003,0,80.0,80.0,80.0,80.0,80.0,80.0,4,92.6829268292683,1422,393
2024.0,43.0,RS,4320677.0,Sinimbu,MUNICIPAL,69.6,36.3,-33.3,71.29,-34.99000000000001,0,72.89,74.43,75.91,77.34,78.7,80.0,0,90.0,4497,361
2024.0,33.0,RJ,3302254.0,Itatiaia,MUNICIPAL,65.0,67.6,2.5999999999999943,67.45,0.14999999999999147,1,69.81,72.07,74.22,76.26,78.19,80.0,3,76.31578947368422,2185,23
2024.0,24.0,RN,2408508.0,Ouro Branco,MUNICIPAL,40.7,73.61,32.91,46.85,26.759999999999998,1,53.15,59.34,65.25,70.73,75.66,80.0,4,93.75,1633,3
2024.0,21.0,MA,2110203.0,Santa Rita,MUNICIPAL,59.5,56.53,-2.969999999999999,62.92,-6.390000000000001,0,66.19,69.31,72.26,75.03,77.62,80.0,2,86.04118993135012,3130,128
2024.0,23.0,CE,2307809.0,Marco,MUNICIPAL,94.2,96.66,2.4599999999999937,80.0,16.659999999999997,1,80.0,80.0,80.0,80.0,80.0,80.0,5,98.45132743362832,133,58
2024.0,41.0,PR,4117297.0,Novo Itacolomi,MUNICIPAL,87.4,97.3,9.899999999999991,80.0,17.299999999999997,1,80.0,80.0,80.0,80.0,80.0,80.0,5,94.5945945945946,115,2
2024.0,22.0,PI,2207777.0,Patos do Piauí,MUNICIPAL,81.6,63.04,-18.559999999999995,80.0,-16.96,0,80.0,80.0,80.0,80.0,80.0,80.0,3,100.0,2588,111
2024.0,32.0,ES,3201704.0,Conceição do Castelo,MUNICIPAL,77.5,84.19,6.689999999999998,77.84,6.349999999999994,1,78.21,78.58,78.94,79.3,79.65,80.0,5,99.34640522875816,729,16
2024.0,28.0,SE,2800308.0,Aracaju,MUNICIPAL,29.7,47.18,17.48,36.8,10.380000000000003,1,44.53,52.54,60.41,67.78,74.37,80.0,1,93.78904814406468,3844,12
2024.0,35.0,SP,3519402.0,Ibirá,MUNICIPAL,71.2,61.64,-9.560000000000002,72.56,-10.920000000000002,0,73.91,75.22,76.48,77.7,78.87,80.0,3,93.6,2705,303
2024.0,11.0,RO,1101005.0,Governador Jorge Teixeira,MUNICIPAL,65.1,70.76,5.660000000000011,67.54,3.219999999999999,1,69.88,72.12,74.26,76.29,78.2,80.0,4,91.85185185185183,1876,19
2024.0,21.0,MA,2101731.0,Belágua,MUNICIPAL,61.1,72.29,11.190000000000005,64.24,8.050000000000011,1,67.24,70.11,72.83,75.39,77.78,80.0,4,98.1818181818182,1738,62
2024.0,23.0,CE,2303931.0,Choró,MUNICIPAL,97.8,95.42,-2.3799999999999955,80.0,15.420000000000002,1,80.0,80.0,80.0,80.0,80.0,80.0,5,99.34640522875816,176,67
2024.0,42.0,SC,4216354.0,São João do Itaperiú,MUNICIPAL,55.1,64.01,8.910000000000004,59.22,4.790000000000006,1,63.23,67.06,70.68,74.05,77.16,80.0,3,96.96969696969695,2514,172
2024.0,24.0,RN,2414803.0,Vera Cruz,MUNICIPAL,58.7,43.56,-15.14,62.26,-18.699999999999996,0,65.66,68.91,71.98,74.86,77.53,80.0,1,81.98757763975155,4086,58
2024.0,41.0,PR,4112751.0,Jesuítas,MUNICIPAL,85.8,89.98,4.180000000000007,80.0,9.980000000000004,1,80.0,80.0,80.0,80.0,80.0,80.0,5,88.57142857142857,405,21
2024.0,25.0,PB,2505402.0,Desterro,MUNICIPAL,55.9,45.8,-10.100000000000001,59.88,-14.080000000000005,0,63.76,67.46,70.96,74.23,77.24,80.0,1,95.65217391304348,3934,157
2024.0,31.0,MG,3118908.0,Cordisburgo,MUNICIPAL,69.3,79.85000000000001,10.550000000000011,70.99,8.860000000000014,1,72.65,74.25,75.78,77.25,78.66,80.0,4,97.77777777777776,1057,284
2024.0,11.0,RO,1101104.0,Itapuã do Oeste,MUNICIPAL,98.8,70.62,-28.179999999999993,80.0,-9.379999999999995,0,80.0,80.0,80.0,80.0,80.0,80.0,4,90.3954802259887,1889,21
2024.0,23.0,CE,2308005.0,Massapê,MUNICIPAL,99.4,95.03,-4.3700000000000045,80.0,15.030000000000001,1,80.0,80.0,80.0,80.0,80.0,80.0,5,99.76359338061464,201,77
2024.0,35.0,SP,3502408.0,Anhumas,MUNICIPAL,67.0,57.39,-9.61,69.09,-11.700000000000003,0,71.12,73.07,74.94,76.72,78.4,80.0,2,93.02325581395348,3055,374
2024.0,23.0,CE,2308708.0,Morada Nova,MUNICIPAL,72.0,76.09,4.090000000000003,73.22,2.8700000000000045,1,74.45,75.63,76.78,77.89,78.97,80.0,4,98.07692307692308,1404,153
2024.0,35.0,SP,3511409.0,Cerqueira César,MUNICIPAL,44.0,39.99,-4.009999999999998,49.79,-9.799999999999997,0,55.58,61.22,66.57,71.53,76.02,80.0,0,94.02390438247012,4288,564
2024.0,42.0,SC,4215695.0,Santiago do Sul,MUNICIPAL,73.7,81.82000000000001,8.120000000000005,74.66,7.160000000000011,1,75.61,76.54,77.44,78.32,79.17,80.0,5,91.66666666666666,897,33
2024.0,25.0,PB,2516904.0,Uiraúna,MUNICIPAL,98.1,44.45,-53.64999999999999,80.0,-35.55,0,80.0,80.0,80.0,80.0,80.0,80.0,1,98.21428571428572,4024,166
2024.0,35.0,SP,3514924.0,Elisiário,MUNICIPAL,72.4,85.34,12.939999999999998,73.56,11.780000000000001,1,74.72,75.85,76.94,77.99,79.01,80.0,5,91.66666666666666,643,51
2024.0,26.0,PE,2612307.0,Saloá,MUNICIPAL,58.1,78.66,20.559999999999995,61.72,16.939999999999998,1,65.23,68.58,71.75,74.72,77.47,80.0,4,100.0,1146,39
2024.0,11.0,RO,1101302.0,Mirante da Serra,MUNICIPAL,59.2,73.82000000000001,14.620000000000005,62.66,11.16000000000001,1,65.98,69.15,72.15,74.96,77.58,80.0,4,85.52631578947368,1612,9
2024.0,26.0,PE,2605806.0,Frei Miguelinho,MUNICIPAL,68.0,70.68,2.680000000000007,69.96,0.7200000000000131,1,71.82,73.61,75.32,76.96,78.52,80.0,4,88.18181818181819,1883,56
2024.0,21.0,MA,2105476.0,Jenipapo dos Vieiras,MUNICIPAL,47.1,69.39,22.29,52.45,16.939999999999998,1,57.76,62.89,67.75,72.25,76.34,80.0,3,98.85057471264368,2015,73
2024.0,15.0,PA,1502756.0,Concórdia do Pará,MUNICIPAL,40.6,54.24,13.64,46.82,7.420000000000002,1,53.12,59.32,65.24,70.72,75.66,80.0,2,81.9672131147541,3331,35
2024.0,25.0,PB,2512606.0,Quixaba,MUNICIPAL,69.2,45.45,-23.75,70.95,-25.5,0,72.62,74.22,75.76,77.24,78.65,80.0,1,95.65217391304348,3953,159
2024.0,31.0,MG,3154309.0,Resplendor,MUNICIPAL,71.5,61.120000000000005,-10.379999999999995,72.87,-11.75,0,74.16,75.41,76.62,77.79,78.92,80.0,3,78.18181818181819,2743,665
2024.0,41.0,PR,4126009.0,São Sebastião da Amoreira,MUNICIPAL,82.8,87.77,4.969999999999999,80.0,7.769999999999996,1,80.0,80.0,80.0,80.0,80.0,80.0,5,86.07594936708861,505,37
2024.0,51.0,MT,5108857.0,Nova Marilândia,MUNICIPAL,44.1,80.62,36.52,49.91,30.710000000000008,1,55.67,61.29,66.62,71.56,76.04,80.0,5,93.93939393939394,990,22
2024.0,35.0,SP,3550605.0,São Roque,MUNICIPAL,52.3,51.51,-0.7899999999999991,56.9,-5.390000000000001,0,61.36,65.64,69.68,73.43,76.88,80.0,2,90.96612296110416,3536,469
2024.0,35.0,SP,3540309.0,Pontes Gestal,MUNICIPAL,71.4,74.25,2.8499999999999943,72.78,1.4699999999999989,1,74.09,75.36,76.58,77.77,78.9,80.0,4,85.18518518518519,1578,136
2024.0,23.0,CE,2309102.0,Mulungu,MUNICIPAL,85.8,88.89,3.0900000000000034,80.0,8.89,1,80.0,80.0,80.0,80.0,80.0,80.0,5,100.0,448,116
2024.0,31.0,MG,3145372.0,Novorizonte,MUNICIPAL,68.1,92.71,24.61,69.97,22.739999999999995,1,71.83,73.62,75.33,76.96,78.52,80.0,5,93.75,284,42
2024.0,51.0,MT,5106653.0,Pontal do Araguaia,MUNICIPAL,69.7,51.2,-18.5,71.32,-20.11999999999999,0,72.91,74.45,75.93,77.34,78.7,80.0,2,87.05882352941177,3555,117
2024.0,42.0,SC,4214102.0,Presidente Nereu,MUNICIPAL,51.7,58.33,6.6299999999999955,56.35,1.9799999999999969,1,60.92,65.3,69.44,73.29,76.81,80.0,2,90.0,2982,195
2024.0,27.0,AL,2703106.0,Igaci,MUNICIPAL,29.7,24.34,-5.359999999999999,36.85,-12.510000000000002,0,44.57,52.57,60.44,67.8,74.37,80.0,0,89.62962962962962,4886,92
2024.0,25.0,PB,2506905.0,Itabaiana,MUNICIPAL,25.3,54.38,29.080000000000002,32.55,21.830000000000005,1,40.71,49.41,58.15,66.4,73.77,80.0,2,93.5897435897436,3317,109
2024.0,35.0,SP,3546801.0,Santa Isabel,MUNICIPAL,72.2,67.17,-5.030000000000001,73.45,-6.280000000000001,0,74.63,75.78,76.89,77.96,79.0,80.0,3,88.15331010452961,2222,218
2024.0,25.0,PB,2513968.0,São Domingos,MUNICIPAL,83.3,54.55,-28.75,80.0,-25.450000000000003,0,80.0,80.0,80.0,80.0,80.0,80.0,2,88.0,3300,108
2024.0,29.0,BA,2912707.0,Ibirapitanga,MUNICIPAL,31.2,22.06,-9.14,38.26,-16.2,0,45.82,53.57,61.16,68.24,74.56,80.0,0,92.3076923076923,4917,351
2024.0,43.0,RS,4305405.0,Chiapetta,MUNICIPAL,78.6,84.60000000000001,6.000000000000014,78.78,5.820000000000007,1,78.99,79.19,79.4,79.6,79.8,80.0,5,100.0,699,15
2024.0,33.0,RJ,3305604.0,Silva Jardim,MUNICIPAL,55.4,57.35,1.9500000000000028,59.47,-2.1199999999999974,0,63.43,67.21,70.78,74.12,77.19,80.0,2,82.27848101265823,3059,51
2024.0,29.0,BA,2921500.0,Monte Santo,MUNICIPAL,30.9,27.49,-3.41,37.95,-10.460000000000004,0,45.54,53.35,61.0,68.14,74.52,80.0,0,86.55172413793103,4816,304
2024.0,23.0,CE,2302057.0,Barroquinha,MUNICIPAL,96.4,95.7,-0.7000000000000028,80.0,15.700000000000003,1,80.0,80.0,80.0,80.0,80.0,80.0,5,98.83268482490271,171,65
2024.0,41.0,PR,4119905.0,Ponta Grossa,MUNICIPAL,75.8,75.9,0.10000000000000853,76.43,-0.5300000000000011,0,77.05,77.66,78.27,78.86,79.43,80.0,4,85.82571274878967,1425,166
2024.0,11.0,RO,1100023.0,Ariquemes,MUNICIPAL,62.3,65.62,3.3200000000000074,65.22,0.4000000000000057,1,68.02,70.71,73.25,75.65,77.9,80.0,3,88.759367194005,2343,31
2024.0,29.0,BA,2928109.0,Santa Maria da Vitória,MUNICIPAL,32.3,26.29,-6.009999999999998,39.29,-13.0,0,46.72,54.29,61.67,68.55,74.7,80.0,0,79.68253968253968,4849,316
2024.0,22.0,PI,2210623.0,Sebastião Barros,MUNICIPAL,26.0,50.0,24.0,33.21,16.79,1,41.31,49.91,58.51,66.63,73.86,80.0,2,100.0,3631,158
2024.0,31.0,MG,3150000.0,Pescador,MUNICIPAL,88.1,77.59,-10.509999999999991,80.0,-2.4099999999999966,0,80.0,80.0,80.0,80.0,80.0,80.0,4,95.08196721311477,1246,338
2024.0,31.0,MG,3127057.0,Fronteira dos Vales,MUNICIPAL,37.3,58.66,21.36,43.82,14.839999999999996,1,50.6,57.36,63.85,69.87,75.28,80.0,2,85.29411764705883,2953,687
2024.0,29.0,BA,2911105.0,Formosa do Rio Preto,MUNICIPAL,19.7,28.21,8.510000000000002,26.73,1.4800000000000004,1,35.22,44.76,54.71,64.29,72.85,80.0,0,88.97338403041825,4797,295
2024.0,26.0,PE,2615607.0,Trindade,MUNICIPAL,59.7,69.13,9.429999999999993,63.05,6.079999999999998,1,66.29,69.39,72.32,75.07,77.63,80.0,3,97.2361809045226,2043,66
2024.0,29.0,BA,2911006.0,Floresta Azul,MUNICIPAL,15.1,41.03,25.93,21.74,19.290000000000003,1,30.23,40.33,51.32,62.18,71.95,80.0,1,98.73417721518987,4224,119
2024.0,52.0,GO,5210307.0,Israelândia,MUNICIPAL,88.1,92.59,4.490000000000009,80.0,12.590000000000003,1,80.0,80.0,80.0,80.0,80.0,80.0,5,100.0,288,36
2024.0,31.0,MG,3149952.0,Periquito,MUNICIPAL,45.3,44.47,-0.8299999999999983,50.92,-6.450000000000003,0,56.51,61.93,67.07,71.84,76.16,80.0,1,87.20930232558139,4021,749
2024.0,22.0,PI,2204006.0,Francinópolis,MUNICIPAL,78.0,84.21000000000001,6.210000000000008,78.27,5.940000000000012,1,78.56,78.86,79.15,79.43,79.72,80.0,5,100.0,724,50
2024.0,12.0,AC,1200807.0,Porto Acre,MUNICIPAL,,39.69,,,,,47.06,54.56,61.86,68.67,74.75,80.0,0,72.39263803680981,4306,14
2024.0,29.0,BA,2901155.0,América Dourada,MUNICIPAL,32.2,43.23,11.029999999999994,39.16,4.07,1,46.6,54.2,61.61,68.51,74.68,80.0,1,96.96969696969695,4101,94
2024.0,41.0,PR,4103503.0,Califórnia,MUNICIPAL,81.9,69.28,-12.620000000000005,80.0,-10.719999999999999,0,80.0,80.0,80.0,80.0,80.0,80.0,3,93.4640522875817,2023,265
2024.0,31.0,MG,3134707.0,Jacinto,MUNICIPAL,45.4,55.44,10.04,50.97,4.469999999999999,1,56.55,61.96,67.1,71.85,76.16,80.0,2,84.49612403100775,3227,713
2024.0,31.0,MG,3155801.0,Rio Pomba,MUNICIPAL,65.3,78.55,13.25,67.71,10.840000000000003,1,70.01,72.23,74.33,76.33,78.22,80.0,4,88.125,1154,310
2024.0,23.0,CE,2305209.0,Hidrolândia,MUNICIPAL,99.0,96.11,-2.8900000000000006,80.0,16.11,1,80.0,80.0,80.0,80.0,80.0,80.0,5,99.44444444444444,152,61
2024.0,42.0,SC,4219408.0,Witmarsum,MUNICIPAL,80.0,77.27,-2.730000000000004,79.97,-2.700000000000003,0,79.97,79.98,79.98,79.99,79.99,80.0,4,84.61538461538461,1277,61
2024.0,22.0,PI,2209450.0,Santo Antônio dos Milagres,MUNICIPAL,96.2,78.26,-17.939999999999998,80.0,-1.7399999999999949,0,80.0,80.0,80.0,80.0,80.0,80.0,4,100.0,1173,67
2024.0,35.0,SP,3520608.0,Indiana,MUNICIPAL,81.6,70.59,-11.009999999999991,80.0,-9.409999999999997,0,80.0,80.0,80.0,80.0,80.0,80.0,4,100.0,1894,173
2024.0,25.0,PB,2514552.0,São José de Princesa,MUNICIPAL,82.4,81.82000000000001,-0.5799999999999983,80.0,1.8200000000000074,1,80.0,80.0,80.0,80.0,80.0,80.0,5,84.61538461538461,897,37
2024.0,35.0,SP,3535705.0,Paraíso,MUNICIPAL,76.8,87.14,10.340000000000003,77.31,9.829999999999998,1,77.78,78.24,78.69,79.13,79.57,80.0,5,88.46153846153845,541,44
2024.0,23.0,CE,2301505.0,Arneiroz,MUNICIPAL,73.6,76.0,2.4000000000000057,74.62,1.3799999999999955,1,75.58,76.52,77.42,78.31,79.17,80.0,4,100.0,1411,154
2024.0,29.0,BA,2906907.0,Caravelas,MUNICIPAL,40.9,49.78,8.880000000000003,47.08,2.700000000000003,1,53.33,59.48,65.35,70.79,75.69,80.0,1,92.21311475409836,3657,45
2024.0,11.0,RO,1100106.0,Guajará-Mirim,MUNICIPAL,41.8,43.07,1.2700000000000031,47.82,-4.75,0,53.95,59.97,65.69,71.0,75.78,80.0,1,90.22869022869024,4112,49
2024.0,35.0,SP,3522000.0,Itaju,MUNICIPAL,53.8,44.34,-9.459999999999994,58.17,-13.829999999999998,0,62.39,66.42,70.23,73.77,77.03,80.0,1,95.0,4032,547
2024.0,26.0,PE,2603801.0,Capoeiras,MUNICIPAL,51.0,69.34,18.340000000000003,55.74,13.600000000000001,1,60.43,64.93,69.18,73.13,76.74,80.0,3,99.53051643192488,2020,64
2024.0,22.0,PI,2208403.0,Piripiri,MUNICIPAL,33.2,54.59,21.39,40.06,14.530000000000001,1,47.39,54.82,62.05,68.78,74.8,80.0,2,97.71812080536913,3297,142
2024.0,42.0,SC,4203154.0,Calmon,MUNICIPAL,63.0,57.9,-5.100000000000001,65.76,-7.8600000000000065,0,68.46,71.04,73.49,75.8,77.97,80.0,2,80.64516129032258,3020,198
2024.0,41.0,PR,4119806.0,Planalto,MUNICIPAL,87.6,78.93,-8.669999999999987,80.0,-1.0699999999999932,0,80.0,80.0,80.0,80.0,80.0,80.0,4,89.85507246376811,1126,120
2024.0,29.0,BA,2928059.0,Santa Luzia,MUNICIPAL,33.5,28.42,-5.079999999999998,40.34,-11.920000000000002,0,47.63,55.02,62.19,68.86,74.84,80.0,0,82.6086956521739,4789,290
2024.0,43.0,RS,4306130.0,Cruzaltense,MUNICIPAL,77.8,64.3,-13.5,78.11,-13.810000000000002,0,78.43,78.75,79.07,79.38,79.69,80.0,3,100.0,2478,95
2024.0,52.0,GO,5220280.0,São Patrício,MUNICIPAL,89.2,86.36,-2.8400000000000034,80.0,6.359999999999999,1,80.0,80.0,80.0,80.0,80.0,80.0,5,100.0,581,66
2024.0,31.0,MG,3105400.0,Barão de Cocais,MUNICIPAL,58.8,62.71,3.9100000000000037,62.28,0.4299999999999997,1,65.68,68.92,71.99,74.86,77.54,80.0,3,87.92650918635171,2616,651
2024.0,23.0,CE,2307205.0,Jati,MUNICIPAL,74.4,77.45,3.049999999999997,75.23,2.219999999999999,1,76.08,76.9,77.71,78.49,79.26,80.0,4,96.875,1256,149
2024.0,31.0,MG,3141306.0,Medeiros,MUNICIPAL,82.2,78.57000000000001,-3.6299999999999955,80.0,-1.4299999999999926,0,80.0,80.0,80.0,80.0,80.0,80.0,4,100.0,1151,308
2024.0,22.0,PI,2202778.0,Colônia do Piauí,MUNICIPAL,59.9,42.87,-17.03,63.22,-20.35,0,66.43,69.49,72.39,75.11,77.65,80.0,1,94.91525423728814,4121,181
2024.0,21.0,MA,2100402.0,Altamira do Maranhão,MUNICIPAL,90.5,73.02,-17.480000000000004,80.0,-6.980000000000004,0,80.0,80.0,80.0,80.0,80.0,80.0,4,96.29629629629628,1684,56
2024.0,15.0,PA,1501204.0,Baião,MUNICIPAL,27.5,38.16,10.659999999999997,34.71,3.4499999999999957,1,42.66,51.02,59.32,67.12,74.08,80.0,0,86.13861386138613,4391,103
2024.0,29.0,BA,2921807.0,Mortugaba,MUNICIPAL,69.0,60.0,-9.0,70.74,-10.739999999999995,0,72.44,74.09,75.67,77.18,78.62,80.0,3,88.98305084745762,2836,10
2024.0,43.0,RS,4304705.0,Carazinho,MUNICIPAL,63.9,42.0,-21.9,66.52,-24.519999999999996,0,69.06,71.5,73.81,76.01,78.07,80.0,1,86.36363636363636,4171,304
2024.0,24.0,RN,2411429.0,Santana do Seridó,MUNICIPAL,52.3,40.91,-11.39,56.91,-16.0,0,61.37,65.65,69.68,73.44,76.88,80.0,1,81.48148148148148,4230,68
2024.0,35.0,SP,3530003.0,Mira Estrela,MUNICIPAL,60.9,93.03,32.13,64.03,29.0,1,67.08,69.99,72.74,75.33,77.75,80.0,5,96.66666666666669,274,21
2024.0,29.0,BA,2923001.0,Nova Viçosa,MUNICIPAL,56.4,37.21,-19.189999999999998,60.29,-23.08,0,64.09,67.71,71.14,74.33,77.29,80.0,0,94.87179487179486,4446,159
2024.0,35.0,SP,3554300.0,Teodoro Sampaio,MUNICIPAL,66.8,70.49,3.6899999999999977,68.95,1.539999999999992,1,71.01,72.99,74.88,76.68,78.38,80.0,4,90.2654867256637,1898,175
2024.0,31.0,MG,3140605.0,Materlândia,MUNICIPAL,37.1,28.57,-8.530000000000001,43.68,-15.11,0,50.48,57.27,63.79,69.84,75.27,80.0,0,95.65217391304348,4780,759
2024.0,42.0,SC,4207908.0,Irineópolis,MUNICIPAL,71.8,79.25,7.450000000000003,73.1,6.150000000000006,1,74.35,75.56,76.73,77.86,78.95,80.0,4,88.96551724137932,1104,47
2024.0,41.0,PR,4127809.0,Tomazina,MUNICIPAL,91.7,83.7,-8.0,80.0,3.700000000000003,1,80.0,80.0,80.0,80.0,80.0,80.0,5,90.54054054054052,753,67
2024.0,31.0,MG,3123106.0,Dores de Guanhães,MUNICIPAL,42.6,72.49,29.889999999999993,48.52,23.96999999999999,1,54.53,60.41,66.0,71.19,75.87,80.0,4,86.4406779661017,1719,466
2024.0,25.0,PB,2504603.0,Conde,MUNICIPAL,62.4,69.48,7.080000000000005,65.28,4.200000000000003,1,68.08,70.75,73.28,75.67,77.91,80.0,3,90.82774049217002,2007,58
2024.0,28.0,SE,2806404.0,Santana do São Francisco,MUNICIPAL,28.9,22.21,-6.689999999999998,36.03,-13.82,0,43.85,51.98,60.02,67.54,74.26,80.0,0,94.79166666666666,4914,62
2024.0,35.0,SP,3531100.0,Mongaguá,MUNICIPAL,48.6,41.39,-7.210000000000001,53.74,-12.350000000000001,0,58.81,63.69,68.31,72.6,76.5,80.0,1,83.40757238307349,4206,561
2024.0,15.0,PA,1508407.0,Xinguara,MUNICIPAL,49.9,49.27,-0.6299999999999955,54.82,-5.549999999999997,0,59.68,64.36,68.78,72.88,76.63,80.0,1,83.65921787709497,3690,62
2024.0,15.0,PA,1507003.0,Santo Antônio do Tauá,MUNICIPAL,25.7,31.66,5.960000000000001,32.94,-1.2799999999999976,0,41.06,49.7,58.36,66.53,73.82,80.0,0,85.75129533678756,4674,121
2024.0,29.0,BA,2921708.0,Morro do Chapéu,MUNICIPAL,36.2,28.31,-7.890000000000004,42.87,-14.559999999999999,0,49.79,56.72,63.4,69.6,75.16,80.0,0,94.39655172413794,4795,294
2024.0,42.0,SC,4204905.0,Descanso,MUNICIPAL,80.4,70.31,-10.090000000000003,80.0,-9.689999999999998,0,80.0,80.0,80.0,80.0,80.0,80.0,4,92.42424242424242,1918,120
2024.0,22.0,PI,2208858.0,Riacho Frio,MUNICIPAL,98.4,92.42,-5.980000000000004,80.0,12.420000000000002,1,80.0,80.0,80.0,80.0,80.0,80.0,5,100.0,296,30
2024.0,41.0,PR,4101200.0,Antonina,MUNICIPAL,66.3,63.75,-2.549999999999997,68.53,-4.780000000000001,0,70.68,72.73,74.69,76.56,78.33,80.0,3,89.59276018099548,2536,302
2024.0,42.0,SC,4214508.0,Rio do Campo,MUNICIPAL,68.0,74.29,6.290000000000006,69.94,4.3500000000000085,1,71.81,73.6,75.31,76.95,78.52,80.0,4,78.0,1574,92
2024.0,29.0,BA,2901809.0,Antônio Gonçalves,MUNICIPAL,32.6,25.32,-7.280000000000001,39.52,-14.200000000000003,0,46.92,54.45,61.79,68.62,74.73,80.0,0,96.34146341463416,4865,325
2024.0,31.0,MG,3126703.0,Francisco Sá,MUNICIPAL,41.6,35.050000000000004,-6.549999999999997,47.71,-12.659999999999997,0,53.86,59.89,65.64,70.96,75.77,80.0,0,84.44444444444444,4554,756
2024.0,21.0,MA,2106805.0,Mirinzal,MUNICIPAL,91.5,69.37,-22.129999999999995,80.0,-10.629999999999995,0,80.0,80.0,80.0,80.0,80.0,80.0,3,92.85714285714286,2017,74
2024.0,35.0,SP,3506508.0,Birigui,MUNICIPAL,71.1,78.13,7.030000000000001,72.5,5.6299999999999955,1,73.86,75.18,76.45,77.68,78.86,80.0,4,95.4001839926403,1185,99
2024.0,22.0,PI,2204808.0,Ipiranga do Piauí,MUNICIPAL,85.4,95.83,10.429999999999993,80.0,15.829999999999998,1,80.0,80.0,80.0,80.0,80.0,80.0,5,98.63013698630137,166,19
2024.0,17.0,TO,1703107.0,Barrolândia,MUNICIPAL,59.5,49.74,-9.759999999999998,62.85,-13.11,0,66.14,69.27,72.23,75.02,77.61,80.0,1,93.15068493150685,3659,57
2024.0,35.0,SP,3532058.0,Motuca,MUNICIPAL,79.9,78.09,-1.8100000000000023,79.94,-1.8499999999999943,0,79.95,79.96,79.97,79.98,79.99,80.0,4,93.18181818181816,1189,101
2024.0,24.0,RN,2407807.0,Monte Alegre,MUNICIPAL,59.2,50.97,-8.230000000000004,62.63,-11.660000000000004,0,65.96,69.13,72.14,74.96,77.58,80.0,2,87.81512605042016,3569,34
2024.0,52.0,GO,5217104.0,Piracanjuba,MUNICIPAL,68.0,71.69,3.6899999999999977,69.9,1.789999999999992,1,71.77,73.57,75.3,76.94,78.51,80.0,4,95.41284403669724,1795,169
2024.0,41.0,PR,4122909.0,Salto do Itararé,MUNICIPAL,64.5,73.64,9.14,67.05,6.590000000000003,1,69.49,71.83,74.05,76.15,78.14,80.0,4,90.76923076923076,1631,208
2024.0,31.0,MG,3152808.0,Prata,MUNICIPAL,55.4,50.5,-4.899999999999999,59.46,-8.96,0,63.42,67.21,70.78,74.11,77.19,80.0,2,86.97916666666666,3608,731
2024.0,23.0,CE,2304269.0,Deputado Irapuan Pinheiro,MUNICIPAL,98.7,98.82,0.11999999999999034,80.0,18.819999999999993,1,80.0,80.0,80.0,80.0,80.0,80.0,5,100.0,71,26
2024.0,35.0,SP,3537701.0,Piacatu,MUNICIPAL,83.2,76.68,-6.519999999999996,80.0,-3.319999999999993,0,80.0,80.0,80.0,80.0,80.0,80.0,4,95.3846153846154,1348,111
2024.0,41.0,PR,4111555.0,Ivaté,MUNICIPAL,84.3,77.24,-7.060000000000002,80.0,-2.760000000000005,0,80.0,80.0,80.0,80.0,80.0,80.0,4,89.24731182795699,1284,148
2024.0,11.0,RO,1101203.0,Ministro Andreazza,MUNICIPAL,72.5,69.17,-3.3299999999999983,73.67,-4.5,0,74.81,75.92,76.99,78.03,79.03,80.0,3,94.2528735632184,2038,24
2024.0,31.0,MG,3170800.0,Várzea da Palma,MUNICIPAL,61.7,70.34,8.64,64.73,5.609999999999999,1,67.63,70.41,73.04,75.52,77.84,80.0,4,93.20987654320987,1914,519
2024.0,31.0,MG,3144375.0,Natalândia,MUNICIPAL,49.2,64.21000000000001,15.010000000000005,54.28,9.930000000000007,1,59.24,64.03,68.55,72.74,76.56,80.0,3,94.11764705882352,2493,631
2024.0,35.0,SP,3504909.0,Bananal,MUNICIPAL,47.8,58.620000000000005,10.820000000000007,53.04,5.580000000000005,1,58.24,63.26,68.01,72.41,76.41,80.0,2,85.36585365853658,2956,353
2024.0,24.0,RN,2413359.0,Serra do Mel,MUNICIPAL,32.7,27.68,-5.020000000000003,39.61,-11.93,0,46.99,54.51,61.83,68.65,74.74,80.0,0,70.39999999999999,4811,126
2024.0,21.0,MA,2111532.0,São Pedro da Água Branca,MUNICIPAL,33.0,55.64,22.64,39.87,15.770000000000003,1,47.22,54.69,61.96,68.72,74.78,80.0,2,89.20454545454545,3206,134
2024.0,52.0,GO,5216908.0,Pilar de Goiás,MUNICIPAL,96.0,80.87,-15.129999999999995,80.0,0.8700000000000045,1,80.0,80.0,80.0,80.0,80.0,80.0,5,92.85714285714286,974,115
2024.0,26.0,PE,2604007.0,Carpina,MUNICIPAL,65.3,59.18,-6.119999999999997,67.68,-8.500000000000007,0,70.0,72.21,74.32,76.33,78.22,80.0,2,92.83387622149836,2920,113
2024.0,32.0,ES,3203205.0,Linhares,MUNICIPAL,64.2,67.59,3.3900000000000006,66.76,0.8299999999999983,1,69.25,71.64,73.92,76.07,78.1,80.0,3,89.52762923351159,2188,64
2024.0,23.0,CE,2305001.0,Guaraciaba do Norte,MUNICIPAL,98.6,95.65,-2.9499999999999886,80.0,15.650000000000006,1,80.0,80.0,80.0,80.0,80.0,80.0,5,100.0,172,66
2024.0,31.0,MG,3122504.0,Dom Cavati,MUNICIPAL,74.7,73.35000000000001,-1.3499999999999943,75.54,-2.1899999999999977,0,76.33,77.1,77.85,78.59,79.3,80.0,4,88.46153846153845,1651,448
2024.0,43.0,RS,4321956.0,Trindade do Sul,MUNICIPAL,82.5,62.9,-19.6,80.0,-17.1,0,80.0,80.0,80.0,80.0,80.0,80.0,3,72.6027397260274,2597,104
2024.0,42.0,SC,4213351.0,Ponte Alta do Norte,MUNICIPAL,64.1,70.19,6.090000000000003,66.7,3.489999999999995,1,69.21,71.61,73.89,76.06,78.09,80.0,4,79.66101694915254,1932,122
2024.0,22.0,PI,2209559.0,São Braz do Piauí,MUNICIPAL,87.8,66.39,-21.409999999999997,80.0,-13.61,0,80.0,80.0,80.0,80.0,80.0,80.0,3,98.50746268656717,2294,98
2024.0,26.0,PE,2608701.0,Lagoa dos Gatos,MUNICIPAL,70.9,86.35000000000001,15.450000000000003,72.37,13.980000000000004,1,73.76,75.1,76.4,77.65,78.85,80.0,5,99.03846153846156,583,16
2024.0,31.0,MG,3166402.0,Seritinga,MUNICIPAL,64.0,75.0,11.0,66.62,8.379999999999995,1,69.15,71.56,73.86,76.04,78.08,80.0,4,90.9090909090909,1497,414
2024.0,21.0,MA,2112100.0,Timbiras,MUNICIPAL,41.9,44.63,2.730000000000004,47.97,-3.3399999999999963,0,54.08,60.06,65.76,71.04,75.8,80.0,1,88.51963746223565,4013,175
2024.0,41.0,PR,4104105.0,Campo do Tenente,MUNICIPAL,80.4,80.98,0.5799999999999983,80.0,0.980000000000004,1,80.0,80.0,80.0,80.0,80.0,80.0,5,89.1891891891892,963,92
2024.0,17.0,TO,1718006.0,Porto Alegre do Tocantins,MUNICIPAL,7.6,37.89,30.29,12.49,25.4,1,19.92,30.24,43.04,56.84,69.65,80.0,0,85.45454545454545,4408,98
2024.0,52.0,GO,5212253.0,Lagoa Santa,MUNICIPAL,81.0,76.19,-4.810000000000002,80.0,-3.8100000000000023,0,80.0,80.0,80.0,80.0,80.0,80.0,4,100.0,1394,147
2024.0,41.0,PR,4113908.0,Mallet,MUNICIPAL,82.6,87.79,5.190000000000012,80.0,7.790000000000006,1,80.0,80.0,80.0,80.0,80.0,80.0,5,98.25581395348836,502,36
2024.0,17.0,TO,1718808.0,Sampaio,MUNICIPAL,43.6,43.25,-0.3500000000000014,49.44,-6.189999999999998,0,55.29,61.0,66.42,71.44,75.98,80.0,1,84.15841584158416,4099,77
2024.0,35.0,SP,3516903.0,General Salgado,MUNICIPAL,60.8,67.35,6.549999999999997,63.97,3.3799999999999955,1,67.03,69.95,72.72,75.32,77.75,80.0,3,94.11764705882352,2208,212
2024.0,11.0,RO,1101492.0,São Francisco do Guaporé,MUNICIPAL,65.8,62.99,-2.809999999999995,68.1,-5.109999999999992,0,70.33,72.47,74.51,76.44,78.27,80.0,3,88.0,2591,37
2024.0,52.0,GO,5204706.0,Campinorte,MUNICIPAL,73.8,81.71000000000001,7.910000000000011,74.74,6.970000000000013,1,75.68,76.59,77.48,78.34,79.18,80.0,5,94.73684210526316,908,105
2024.0,52.0,GO,5217401.0,Pires do Rio,MUNICIPAL,67.4,80.88,13.47999999999999,69.4,11.47999999999999,1,71.37,73.27,75.08,76.8,78.44,80.0,5,84.81848184818482,972,114
2024.0,35.0,SP,3543105.0,Ribeirão Corrente,MUNICIPAL,71.9,74.51,2.6099999999999994,73.16,1.3500000000000085,1,74.4,75.6,76.76,77.88,78.96,80.0,4,95.16129032258064,1552,131
2024.0,35.0,SP,3551207.0,Sarutaiá,MUNICIPAL,79.0,79.97,0.9699999999999989,79.11,0.8599999999999994,1,79.26,79.41,79.56,79.71,79.85,80.0,4,91.83673469387756,1047,84
2024.0,52.0,GO,5210158.0,Ipiranga de Goiás,MUNICIPAL,93.1,96.55,3.450000000000003,80.0,16.549999999999997,1,80.0,80.0,80.0,80.0,80.0,80.0,5,96.55172413793105,138,17
2024.0,31.0,MG,3122801.0,Dom Viçoso,MUNICIPAL,94.3,84.85000000000001,-9.449999999999989,80.0,4.8500000000000085,1,80.0,80.0,80.0,80.0,80.0,80.0,5,90.9090909090909,677,175
2024.0,28.0,SE,2804409.0,Neópolis,MUNICIPAL,21.2,25.49,4.289999999999999,28.33,-2.84,0,36.76,46.09,55.7,64.9,73.12,80.0,0,100.0,4863,61
2024.0,52.0,GO,5208400.0,Goianápolis,MUNICIPAL,74.4,68.02,-6.38000000000001,75.26,-7.240000000000009,0,76.1,76.92,77.72,78.5,79.26,80.0,3,88.5,2151,184
2024.0,42.0,SC,4217154.0,São Miguel da Boa Vista,MUNICIPAL,87.5,84.21000000000001,-3.289999999999992,80.0,4.210000000000008,1,80.0,80.0,80.0,80.0,80.0,80.0,5,86.36363636363636,724,25
2024.0,41.0,PR,4119301.0,Pinhão,MUNICIPAL,61.9,61.33,-0.5700000000000003,64.88,-3.549999999999997,0,67.75,70.5,73.11,75.56,77.86,80.0,3,90.26369168356996,2729,325
2024.0,17.0,TO,1707652.0,Figueirópolis,MUNICIPAL,62.4,51.74,-10.659999999999997,65.27,-13.529999999999994,0,68.06,70.74,73.27,75.67,77.91,80.0,2,79.48717948717949,3512,50
2024.0,15.0,PA,1505486.0,Pacajá,MUNICIPAL,37.3,45.49,8.190000000000005,43.87,1.6200000000000045,1,50.64,57.39,63.88,69.89,75.29,80.0,1,82.91873963515755,3951,77
2024.0,35.0,SP,3545100.0,Salmourão,MUNICIPAL,57.1,61.690000000000005,4.590000000000003,60.91,0.7800000000000082,1,64.58,68.09,71.4,74.5,77.37,80.0,3,93.10344827586206,2699,298
2024.0,25.0,PB,2511400.0,Picuí,MUNICIPAL,52.5,42.85,-9.649999999999999,57.06,-14.21,0,61.49,65.74,69.75,73.48,76.9,80.0,1,91.82692307692308,4126,168
2024.0,50.0,MS,5003801.0,Fátima do Sul,MUNICIPAL,60.8,59.59,-1.2099999999999937,63.97,-4.3799999999999955,0,67.03,69.95,72.72,75.32,77.75,80.0,2,90.97472924187726,2892,31
2024.0,41.0,PR,4107207.0,Dois Vizinhos,MUNICIPAL,83.8,82.56,-1.2399999999999949,80.0,2.5600000000000023,1,80.0,80.0,80.0,80.0,80.0,80.0,5,85.76051779935275,836,81
2024.0,35.0,SP,3542909.0,Ribeirão Bonito,MUNICIPAL,79.2,53.4,-25.800000000000004,79.35,-25.949999999999996,0,79.46,79.57,79.68,79.79,79.89,80.0,2,90.990990990991,3393,449
2024.0,17.0,TO,1706100.0,Cristalândia,MUNICIPAL,46.9,61.42,14.520000000000003,52.25,9.170000000000002,1,57.59,62.76,67.66,72.2,76.32,80.0,3,90.81632653061224,2719,18
2024.0,32.0,ES,3200300.0,Alfredo Chaves,MUNICIPAL,74.5,87.55,13.049999999999997,75.35,12.200000000000003,1,76.17,76.98,77.76,78.53,79.27,80.0,5,92.72727272727272,513,9
2024.0,52.0,GO,5203500.0,Bom Jesus de Goiás,MUNICIPAL,75.8,81.51,5.710000000000008,76.39,5.1200000000000045,1,77.02,77.64,78.25,78.85,79.43,80.0,5,96.09929078014184,920,106
2024.0,33.0,RJ,3302452.0,Macuco,MUNICIPAL,63.6,77.99,14.389999999999993,66.31,11.679999999999993,1,68.9,71.37,73.72,75.95,78.04,80.0,4,92.10526315789474,1199,4
2024.0,52.0,GO,5208707.0,Goiânia,MUNICIPAL,66.6,69.49,2.8900000000000006,68.74,0.75,1,70.84,72.86,74.78,76.62,78.36,80.0,3,86.46300995510443,2006,178
2024.0,31.0,MG,3113909.0,Carmo da Cachoeira,MUNICIPAL,74.3,78.88,4.579999999999998,75.21,3.6700000000000017,1,76.06,76.89,77.7,78.48,79.25,80.0,4,92.3076923076923,1130,301
2024.0,42.0,SC,4200408.0,Água Doce,MUNICIPAL,64.8,72.41,7.609999999999999,67.24,5.170000000000002,1,69.64,71.94,74.13,76.2,78.16,80.0,4,75.75757575757575,1728,101
2024.0,35.0,SP,3534302.0,Orlândia,MUNICIPAL,44.9,57.15,12.25,50.6,6.549999999999997,1,56.24,61.73,66.93,71.75,76.12,80.0,2,90.15384615384616,3079,379
2024.0,26.0,PE,2603405.0,Calumbi,MUNICIPAL,74.4,86.03,11.629999999999995,75.27,10.760000000000005,1,76.11,76.92,77.72,78.5,79.26,80.0,5,97.6470588235294,601,18
2024.0,15.0,PA,1502772.0,Curionópolis,MUNICIPAL,50.8,72.88,22.08,55.58,17.299999999999997,1,60.3,64.83,69.11,73.08,76.72,80.0,4,83.38461538461537,1692,5
2024.0,42.0,SC,4200903.0,Angelina,MUNICIPAL,,90.0,,,,,80.0,80.0,80.0,80.0,80.0,80.0,5,90.9090909090909,400,15
2024.0,43.0,RS,4304408.0,Canela,MUNICIPAL,78.7,42.2,-36.5,78.87,-36.67,0,79.06,79.25,79.44,79.63,79.82,80.0,1,78.53260869565217,4161,300
2024.0,35.0,SP,3536208.0,Pariquera-Açu,MUNICIPAL,64.5,61.36,-3.1400000000000006,67.0,-5.640000000000001,0,69.45,71.79,74.02,76.14,78.13,80.0,3,89.17525773195877,2725,313
2024.0,42.0,SC,4202578.0,Bom Jesus do Oeste,MUNICIPAL,73.3,95.99,22.689999999999998,74.35,21.64,1,75.36,76.34,77.3,78.23,79.13,80.0,5,88.88888888888889,160,5
2024.0,42.0,SC,4215679.0,Santa Terezinha,MUNICIPAL,83.6,69.26,-14.33999999999999,80.0,-10.739999999999995,0,80.0,80.0,80.0,80.0,80.0,80.0,3,94.02985074626866,2025,134
2024.0,42.0,SC,4219150.0,Vargem,MUNICIPAL,89.0,69.58,-19.42,80.0,-10.420000000000002,0,80.0,80.0,80.0,80.0,80.0,80.0,3,75.0,1993,130
2024.0,23.0,CE,2305266.0,Ibaretama,MUNICIPAL,70.3,60.53,-9.769999999999996,71.84,-11.310000000000002,0,73.33,74.77,76.16,77.49,78.77,80.0,3,99.24812030075188,2792,168
2024.0,12.0,AC,1200401.0,Rio Branco,MUNICIPAL,,55.64,,,,,60.34,64.86,69.13,73.1,76.73,80.0,2,81.0294968189705,3206,4
2024.0,25.0,PB,2502904.0,Brejo dos Santos,MUNICIPAL,45.5,64.03,18.53,51.07,12.96,1,56.63,62.03,67.14,71.88,76.18,80.0,3,87.17948717948718,2512,74
2024.0,43.0,RS,4303558.0,Camargo,MUNICIPAL,80.0,55.6,-24.4,80.0,-24.4,0,80.0,80.0,80.0,80.0,80.0,80.0,2,100.0,3209,164
2024.0,29.0,BA,2929057.0,São Félix do Coribe,MUNICIPAL,54.9,36.59,-18.309999999999995,59.05,-22.459999999999994,0,63.09,66.96,70.6,74.01,77.14,80.0,0,95.906432748538,4489,176
2024.0,26.0,PE,2608909.0,Limoeiro,MUNICIPAL,72.2,67.03,-5.170000000000002,73.45,-6.420000000000002,0,74.63,75.77,76.89,77.96,79.0,80.0,3,96.91516709511568,2231,80
2024.0,15.0,PA,1501709.0,Bragança,MUNICIPAL,42.7,37.0,-5.700000000000003,48.67,-11.670000000000002,0,54.65,60.5,66.07,71.23,75.88,80.0,0,84.01639344262296,4455,108
2024.0,21.0,MA,2103174.0,Centro Novo do Maranhão,MUNICIPAL,40.0,36.86,-3.1400000000000006,46.3,-9.439999999999998,0,52.68,58.98,65.0,70.57,75.59,80.0,0,94.17989417989418,4466,194
2024.0,41.0,PR,4108601.0,Goioerê,MUNICIPAL,70.5,63.77,-6.729999999999997,72.0,-8.229999999999997,0,73.46,74.87,76.23,77.54,78.8,80.0,3,85.62091503267973,2534,301
2024.0,28.0,SE,2805505.0,Poço Verde,MUNICIPAL,30.8,40.54,9.739999999999998,37.82,2.719999999999999,1,45.43,53.26,60.94,68.1,74.51,80.0,1,88.63636363636364,4254,21
2024.0,22.0,PI,2205508.0,José de Freitas,MUNICIPAL,49.8,42.98,-6.82,54.78,-11.800000000000004,0,59.65,64.34,68.76,72.87,76.62,80.0,1,97.40820734341251,4116,180
2024.0,29.0,BA,2900207.0,Abaré,MUNICIPAL,28.3,18.24,-10.060000000000002,35.44,-17.2,0,43.32,51.56,59.71,67.36,74.18,80.0,0,98.14814814814817,4950,363
2024.0,31.0,MG,3147808.0,Passa Vinte,MUNICIPAL,61.1,77.27,16.169999999999995,64.23,13.039999999999992,1,67.24,70.11,72.83,75.39,77.78,80.0,4,100.0,1277,348
2024.0,42.0,SC,4212403.0,Pedras Grandes,MUNICIPAL,81.7,69.2,-12.5,80.0,-10.799999999999997,0,80.0,80.0,80.0,80.0,80.0,80.0,3,76.92307692307693,2032,135
2024.0,41.0,PR,4128807.0,Xambrê,MUNICIPAL,73.8,55.19,-18.61,74.79,-19.60000000000001,0,75.72,76.62,77.5,78.36,79.19,80.0,2,89.1566265060241,3249,349
2024.0,25.0,PB,2510600.0,Ouro Velho,MUNICIPAL,89.8,100.0,10.200000000000003,80.0,20.0,1,80.0,80.0,80.0,80.0,80.0,80.0,5,100.0,1,1
2024.0,43.0,RS,4318457.0,São José das Missões,MUNICIPAL,78.4,60.4,-18.000000000000007,78.67,-18.270000000000003,0,78.89,79.12,79.34,79.56,79.78,80.0,3,72.0,2807,122
2024.0,31.0,MG,3160405.0,Santo Antônio do Monte,MUNICIPAL,82.4,81.35000000000001,-1.0499999999999972,80.0,1.3500000000000085,1,80.0,80.0,80.0,80.0,80.0,80.0,5,96.9283276450512,935,247
2024.0,15.0,PA,1503606.0,Itaituba,MUNICIPAL,61.0,59.22,-1.7800000000000011,64.14,-4.920000000000002,0,67.16,70.05,72.79,75.36,77.77,80.0,2,83.4627683873915,2916,21
2024.0,24.0,RN,2408409.0,Olho d'Água do Borges,MUNICIPAL,24.2,30.77,6.57,31.39,-0.620000000000001,0,39.64,48.52,57.5,66.01,73.59,80.0,0,100.0,4711,114
2024.0,29.0,BA,2923506.0,Palmeiras,MUNICIPAL,43.7,40.45,-3.25,49.55,-9.099999999999994,0,55.38,61.07,66.47,71.47,75.99,80.0,1,89.8989898989899,4260,127
2024.0,43.0,RS,4304606.0,Canoas,MUNICIPAL,53.2,41.4,-11.800000000000004,57.6,-16.200000000000003,0,61.93,66.07,69.98,73.62,76.96,80.0,1,75.40560471976401,4204,309
2024.0,15.0,PA,1501402.0,Belém,MUNICIPAL,48.2,46.08,-2.1200000000000045,53.42,-7.340000000000003,0,58.55,63.49,68.17,72.51,76.46,80.0,1,75.65265691538605,3920,76
2024.0,41.0,PR,4123956.0,Santa Mônica,MUNICIPAL,78.7,80.22,1.519999999999996,78.86,1.3599999999999994,1,79.06,79.25,79.44,79.63,79.81,80.0,5,91.83673469387756,1017,101
2024.0,35.0,SP,3517307.0,Guaimbê,MUNICIPAL,82.7,83.39,0.6899999999999977,80.0,3.3900000000000006,1,80.0,80.0,80.0,80.0,80.0,80.0,5,90.74074074074076,771,64
2024.0,31.0,MG,3161304.0,São Francisco de Sales,MUNICIPAL,76.6,73.5,-3.0999999999999943,77.07,-3.569999999999993,0,77.58,78.08,78.57,79.05,79.53,80.0,4,87.01298701298701,1639,445
2024.0,35.0,SP,3555604.0,Uchoa,MUNICIPAL,44.8,87.56,42.760000000000005,50.47,37.09,1,56.14,61.65,66.87,71.72,76.1,80.0,5,87.5,512,41
2024.0,25.0,PB,2514404.0,São José de Espinharas,MUNICIPAL,56.3,44.79,-11.509999999999998,60.23,-15.439999999999998,0,64.04,67.68,71.11,74.32,77.28,80.0,1,95.91836734693877,4002,163
2024.0,51.0,MT,5107776.0,Santa Terezinha,MUNICIPAL,39.8,40.74,0.9400000000000048,46.1,-5.359999999999999,0,52.52,58.85,64.91,70.52,75.57,80.0,1,88.88888888888889,4242,129
2024.0,43.0,RS,4300661.0,André da Rocha,MUNICIPAL,68.8,33.3,-35.5,70.55,-37.25,0,72.3,73.98,75.59,77.13,78.6,80.0,0,78.94736842105263,4621,380
2024.0,35.0,SP,3541703.0,Quatá,MUNICIPAL,66.3,68.43,2.1300000000000097,68.48,-0.04999999999999716,0,70.64,72.7,74.67,76.55,78.32,80.0,3,92.43697478991596,2109,199
2024.0,43.0,RS,4321451.0,Teutônia,MUNICIPAL,83.4,62.9,-20.500000000000007,80.0,-17.1,0,80.0,80.0,80.0,80.0,80.0,80.0,3,100.0,2597,104
2024.0,32.0,ES,3202405.0,Guarapari,MUNICIPAL,71.8,75.99,4.189999999999998,73.1,2.8900000000000006,1,74.35,75.56,76.73,77.86,78.95,80.0,4,89.25178147268409,1414,48
2024.0,31.0,MG,3170057.0,Ubaporanga,MUNICIPAL,68.5,70.42,1.9200000000000017,70.32,0.10000000000000853,1,72.11,73.83,75.48,77.06,78.57,80.0,4,95.95959595959596,1906,517
2024.0,43.0,RS,4312807.0,Nova Araçá,MUNICIPAL,82.3,60.6,-21.699999999999996,80.0,-19.4,0,80.0,80.0,80.0,80.0,80.0,80.0,3,83.56164383561644,2790,120
2024.0,27.0,AL,2709400.0,Viçosa,MUNICIPAL,40.0,49.91,9.909999999999997,46.3,3.6099999999999994,1,52.68,58.98,65.0,70.57,75.59,80.0,1,96.21212121212122,3650,43
2024.0,31.0,MG,3168705.0,Timóteo,MUNICIPAL,55.9,70.28,14.380000000000003,59.91,10.370000000000005,1,63.78,67.48,70.97,74.23,77.24,80.0,4,92.28571428571428,1920,520
2024.0,21.0,MA,2101772.0,Bela Vista do Maranhão,MUNICIPAL,51.8,77.73,25.930000000000007,56.48,21.250000000000007,1,61.02,65.38,69.5,73.32,76.83,80.0,4,96.45669291338582,1227,39
2024.0,21.0,MA,2111201.0,São José de Ribamar,MUNICIPAL,62.3,56.58,-5.719999999999999,65.19,-8.61,0,68.0,70.69,73.24,75.65,77.9,80.0,2,86.0787824529991,3127,127
2024.0,42.0,SC,4205209.0,Erval Velho,MUNICIPAL,56.5,58.15,1.6499999999999986,60.39,-2.240000000000002,0,64.17,67.77,71.18,74.36,77.3,80.0,2,75.38461538461539,3005,197
2024.0,43.0,RS,4310652.0,Itati,MUNICIPAL,47.4,71.4,24.000000000000007,52.69,18.710000000000008,1,57.95,63.04,67.85,72.31,76.37,80.0,4,95.23809523809524,1815,48
2024.0,29.0,BA,2925006.0,Planalto,MUNICIPAL,40.1,24.31,-15.790000000000003,46.35,-22.040000000000003,0,52.73,59.01,65.02,70.59,75.6,80.0,0,92.3469387755102,4887,336
2024.0,41.0,PR,4118600.0,Paula Freitas,MUNICIPAL,77.6,74.56,-3.039999999999992,77.91,-3.3499999999999943,0,78.27,78.63,78.98,79.32,79.66,80.0,4,89.0625,1547,187
2024.0,42.0,SC,4215554.0,Santa Helena,MUNICIPAL,78.3,66.67,-11.629999999999995,78.58,-11.909999999999997,0,78.82,79.06,79.3,79.54,79.77,80.0,3,100.0,2265,153
2024.0,27.0,AL,2701506.0,Campo Grande,MUNICIPAL,51.5,37.4,-14.100000000000001,56.21,-18.810000000000002,0,60.81,65.22,69.38,73.25,76.8,80.0,0,95.83333333333334,4436,81
2024.0,43.0,RS,4314456.0,Pinhal,MUNICIPAL,56.5,33.2,-23.299999999999997,60.36,-27.159999999999997,0,64.14,67.75,71.16,74.35,77.3,80.0,0,96.0,4627,384
2024.0,11.0,RO,1101401.0,Monte Negro,MUNICIPAL,72.2,69.92,-2.280000000000001,73.41,-3.489999999999995,0,74.6,75.75,76.87,77.95,78.99,80.0,3,90.52631578947368,1967,23
2024.0,29.0,BA,2926301.0,Riachão do Jacuípe,MUNICIPAL,38.4,38.37,-0.030000000000001137,44.85,-6.480000000000004,0,51.47,58.04,64.33,70.17,75.41,80.0,0,88.2051282051282,4375,142
2024.0,41.0,PR,4108908.0,Guairaçá,MUNICIPAL,72.6,80.71000000000001,8.110000000000014,73.72,6.990000000000009,1,74.85,75.95,77.01,78.04,79.04,80.0,5,83.16831683168317,980,94
2024.0,29.0,BA,2933208.0,Vera Cruz,MUNICIPAL,39.1,38.27,-0.8299999999999983,45.5,-7.229999999999997,0,52.02,58.46,64.63,70.35,75.5,80.0,0,92.46575342465754,4384,145
2024.0,12.0,AC,1200013.0,Acrelândia,MUNICIPAL,,59.69,,,,,63.6,67.34,70.88,74.17,77.22,80.0,2,76.92307692307693,2881,3
2024.0,42.0,SC,4209607.0,Lauro Müller,MUNICIPAL,63.3,72.59,9.290000000000006,66.04,6.549999999999997,1,68.69,71.21,73.61,75.88,78.01,80.0,4,76.5625,1713,99
2024.0,52.0,GO,5218391.0,Professor Jamil,MUNICIPAL,81.6,77.25,-4.349999999999994,80.0,-2.75,0,80.0,80.0,80.0,80.0,80.0,80.0,4,89.79591836734694,1282,141
2024.0,31.0,MG,3143500.0,Morada Nova de Minas,MUNICIPAL,86.3,64.5,-21.799999999999997,80.0,-15.5,0,80.0,80.0,80.0,80.0,80.0,80.0,3,92.6829268292683,2456,628
2024.0,35.0,SP,3501004.0,Altinópolis,MUNICIPAL,68.5,67.78,-0.7199999999999989,70.36,-2.5799999999999983,0,72.14,73.85,75.5,77.07,78.57,80.0,3,93.18181818181816,2170,209
2024.0,29.0,BA,2925204.0,Pojuca,MUNICIPAL,60.5,51.55,-8.950000000000003,63.76,-12.21,0,66.86,69.82,72.62,75.26,77.72,80.0,2,90.09287925696594,3535,36
2024.0,21.0,MA,2100907.0,Araioses,MUNICIPAL,56.2,42.52,-13.68,60.17,-17.65,0,63.99,67.64,71.09,74.3,77.28,80.0,1,88.84758364312268,4142,179
2024.0,29.0,BA,2923035.0,Novo Horizonte,MUNICIPAL,60.6,73.17,12.57,63.79,9.380000000000003,1,66.89,69.84,72.64,75.27,77.72,80.0,4,93.18181818181816,1670,2
2024.0,31.0,MG,3133600.0,Itapeva,MUNICIPAL,52.0,67.89,15.89,56.63,11.259999999999998,1,61.14,65.47,69.56,73.36,76.85,80.0,3,85.87570621468926,2160,569
2024.0,25.0,PB,2508000.0,Juru,MUNICIPAL,66.0,47.76,-18.240000000000002,68.31,-20.550000000000004,0,70.5,72.59,74.6,76.5,78.3,80.0,1,96.47058823529412,3798,145
2024.0,35.0,SP,3523305.0,Itariri,MUNICIPAL,61.6,70.98,9.380000000000003,64.65,6.329999999999998,1,67.57,70.36,73.01,75.5,77.83,80.0,4,90.53254437869822,1847,169
2024.0,25.0,PB,2508307.0,Lagoa Seca,MUNICIPAL,66.5,46.71,-19.79,68.72,-22.009999999999998,0,70.83,72.85,74.78,76.61,78.35,80.0,1,88.23529411764706,3875,151
2024.0,15.0,PA,1506401.0,Santa Cruz do Arari,MUNICIPAL,49.9,52.31,2.4100000000000037,54.82,-2.509999999999998,0,59.69,64.36,68.78,72.88,76.63,80.0,2,92.85714285714286,3476,41
2024.0,43.0,RS,4323101.0,Vicente Dutra,MUNICIPAL,72.3,70.10000000000001,-2.1999999999999886,73.49,-3.3899999999999864,0,74.66,75.8,76.9,77.97,79.0,80.0,4,90.2439024390244,1940,57
2024.0,31.0,MG,3138674.0,Luisburgo,MUNICIPAL,81.6,87.7,6.1000000000000085,80.0,7.700000000000003,1,80.0,80.0,80.0,80.0,80.0,80.0,5,95.23809523809524,507,108
2024.0,31.0,MG,3136553.0,José Raydan,MUNICIPAL,79.1,77.36,-1.7399999999999949,79.22,-1.8599999999999994,0,79.35,79.48,79.61,79.74,79.87,80.0,4,94.28571428571428,1269,346
2024.0,35.0,SP,3509908.0,Cananéia,MUNICIPAL,64.9,59.72,-5.180000000000007,67.33,-7.609999999999999,0,69.71,71.99,74.17,76.23,78.17,80.0,2,93.02325581395348,2875,340
2024.0,35.0,SP,3501509.0,Alvinlândia,MUNICIPAL,74.3,91.84,17.540000000000006,75.18,16.659999999999997,1,76.03,76.87,77.68,78.47,79.25,80.0,5,97.95918367346938,316,25
2024.0,41.0,PR,4111100.0,Itambé,MUNICIPAL,89.7,86.9,-2.799999999999997,80.0,6.900000000000006,1,80.0,80.0,80.0,80.0,80.0,80.0,5,86.3013698630137,554,40
2024.0,31.0,MG,3152709.0,Prados,MUNICIPAL,73.2,93.22,20.019999999999996,74.26,18.959999999999994,1,75.29,76.29,77.26,78.2,79.11,80.0,5,95.08196721311477,265,36
2024.0,42.0,SC,4202438.0,Bocaina do Sul,MUNICIPAL,39.1,28.06,-11.040000000000003,45.49,-17.430000000000003,0,52.0,58.45,64.63,70.35,75.49,80.0,0,88.67924528301887,4802,242
2024.0,29.0,BA,2927903.0,Santa Inês,MUNICIPAL,47.3,47.31,0.010000000000005116,52.67,-5.359999999999999,0,57.93,63.02,67.84,72.31,76.37,80.0,1,95.8762886597938,3833,60
2024.0,31.0,MG,3145208.0,Nova Serrana,MUNICIPAL,55.0,72.47,17.47,59.11,13.36,1,63.13,66.99,70.63,74.02,77.15,80.0,4,93.82135661517798,1723,468
2024.0,31.0,MG,3152105.0,Ponte Nova,MUNICIPAL,52.7,81.27,28.569999999999993,57.17,24.099999999999994,1,61.58,65.81,69.8,73.51,76.91,80.0,5,87.22222222222223,941,250
2024.0,25.0,PB,2514453.0,São José dos Ramos,MUNICIPAL,58.9,27.36,-31.54,62.36,-35.0,0,65.74,68.97,72.02,74.89,77.55,80.0,0,91.8032786885246,4820,203
2024.0,51.0,MT,5106265.0,Novo Mundo,MUNICIPAL,53.6,67.67,14.07,57.99,9.68,1,62.24,66.31,70.15,73.72,77.01,80.0,3,84.8,2178,59
2024.0,51.0,MT,5103379.0,Cotriguaçu,MUNICIPAL,58.4,62.71,4.310000000000002,61.94,0.7700000000000031,1,65.41,68.71,71.84,74.77,77.49,80.0,3,89.87341772151899,2616,76
2024.0,25.0,PB,2505907.0,Emas,MUNICIPAL,65.4,38.1,-27.300000000000004,67.81,-29.71,0,70.1,72.29,74.38,76.36,78.24,80.0,0,100.0,4393,185
2024.0,52.0,GO,5214804.0,Nova Aurora,MUNICIPAL,14.3,84.21000000000001,69.91000000000001,20.79,63.42000000000001,1,29.25,39.42,50.61,61.74,71.75,80.0,5,100.0,724,79
2024.0,26.0,PE,2611804.0,Ribeirão,MUNICIPAL,61.6,65.68,4.080000000000005,64.61,1.0700000000000074,1,67.54,70.34,72.99,75.49,77.83,80.0,3,99.10313901345292,2339,88
2024.0,35.0,SP,3501905.0,Amparo,MUNICIPAL,52.4,59.94,7.539999999999999,56.97,2.969999999999999,1,61.42,65.68,69.71,73.45,76.89,80.0,2,88.91625615763546,2856,336
2024.0,51.0,MT,5106216.0,Nova Canaã do Norte,MUNICIPAL,56.6,68.51,11.910000000000004,60.45,8.060000000000002,1,64.21,67.81,71.2,74.38,77.31,80.0,3,93.47826086956522,2105,57
2024.0,35.0,SP,3538501.0,Piquete,MUNICIPAL,65.5,69.56,4.060000000000002,67.86,1.7000000000000028,1,70.13,72.32,74.4,76.37,78.24,80.0,3,90.625,1997,189
2024.0,29.0,BA,2911600.0,Governador Mangabeira,MUNICIPAL,36.9,29.08,-7.82,43.51,-14.43,0,50.34,57.15,63.71,69.79,75.25,80.0,0,89.80891719745223,4767,277
2024.0,21.0,MA,2105153.0,Igarapé do Meio,MUNICIPAL,58.9,77.64,18.740000000000002,62.41,15.230000000000004,1,65.78,69.0,72.05,74.9,77.55,80.0,4,98.63945578231292,1240,40
2024.0,41.0,PR,4127908.0,Tuneiras do Oeste,MUNICIPAL,71.5,68.12,-3.3799999999999955,72.81,-4.689999999999998,0,74.11,75.37,76.59,77.77,78.91,80.0,3,91.39784946236558,2137,273
2024.0,25.0,PB,2508604.0,Lucena,MUNICIPAL,47.2,44.96,-2.240000000000002,52.54,-7.579999999999998,0,57.83,62.94,67.79,72.27,76.35,80.0,1,84.21052631578947,3993,162
2024.0,23.0,CE,2303956.0,Chorozinho,MUNICIPAL,98.3,97.15,-1.1499999999999915,80.0,17.150000000000006,1,80.0,80.0,80.0,80.0,80.0,80.0,5,99.1869918699187,117,53
2024.0,35.0,SP,3525607.0,João Ramalho,MUNICIPAL,81.8,65.42,-16.379999999999995,80.0,-14.579999999999998,0,80.0,80.0,80.0,80.0,80.0,80.0,3,88.23529411764706,2362,236
2024.0,35.0,SP,3548203.0,Santo Antônio do Pinhal,MUNICIPAL,42.9,73.68,30.78000000000001,48.8,24.88000000000001,1,54.76,60.59,66.13,71.26,75.9,80.0,4,98.63013698630137,1624,141
2024.0,42.0,SC,4203907.0,Capinzal,MUNICIPAL,72.3,69.54,-2.759999999999991,73.49,-3.9499999999999886,0,74.66,75.8,76.9,77.97,79.0,80.0,3,79.27170868347339,2000,131
2024.0,33.0,RJ,3305307.0,São Sebastião do Alto,MUNICIPAL,63.7,49.68,-14.020000000000003,66.38,-16.699999999999996,0,68.95,71.41,73.75,75.97,78.05,80.0,1,86.76470588235294,3665,67
2024.0,31.0,MG,3101805.0,Alpercata,MUNICIPAL,46.1,70.83,24.729999999999997,51.63,19.199999999999996,1,57.08,62.37,67.39,72.03,76.24,80.0,4,87.32394366197182,1864,507
2024.0,22.0,PI,2206605.0,Monte Alegre do Piauí,MUNICIPAL,67.2,57.85,-9.350000000000001,69.24,-11.389999999999993,0,71.24,73.16,75.0,76.76,78.42,80.0,2,99.14529914529916,3026,130
2024.0,23.0,CE,2305506.0,Iguatu,MUNICIPAL,56.6,63.35,6.75,60.44,2.9100000000000037,1,64.21,67.8,71.2,74.37,77.31,80.0,3,98.27586206896552,2562,167
2024.0,22.0,PI,2209377.0,Santa Rosa do Piauí,MUNICIPAL,61.0,51.64,-9.36,64.16,-12.519999999999996,0,67.18,70.06,72.79,75.37,77.77,80.0,2,97.77777777777776,3525,154
2024.0,42.0,SC,4206603.0,Guarujá do Sul,MUNICIPAL,88.6,59.9,-28.699999999999996,80.0,-20.1,0,80.0,80.0,80.0,80.0,80.0,80.0,2,97.89473684210527,2860,185
2024.0,15.0,PA,1502301.0,Capitão Poço,MUNICIPAL,51.0,48.98,-2.020000000000003,55.77,-6.790000000000006,0,60.45,64.94,69.19,73.13,76.74,80.0,1,88.23529411764706,3711,63
2024.0,41.0,PR,4113452.0,Lindoeste,MUNICIPAL,86.5,72.9,-13.599999999999994,80.0,-7.099999999999994,0,80.0,80.0,80.0,80.0,80.0,80.0,4,96.15384615384616,1690,220
2024.0,31.0,MG,3133303.0,Itaobim,MUNICIPAL,49.7,49.620000000000005,-0.0799999999999983,54.67,-5.049999999999997,0,59.56,64.27,68.72,72.84,76.61,80.0,1,87.07865168539325,3667,732
2024.0,52.0,GO,5213707.0,Montes Claros de Goiás,MUNICIPAL,66.6,75.02,8.420000000000002,68.75,6.269999999999996,1,70.85,72.86,74.79,76.62,78.36,80.0,4,100.0,1494,153
2024.0,25.0,PB,2508901.0,Mamanguape,MUNICIPAL,46.2,68.65,22.450000000000003,51.66,16.99000000000001,1,57.11,62.4,67.4,72.04,76.25,80.0,3,93.77510040160642,2087,60
2024.0,50.0,MS,5000252.0,Alcinópolis,MUNICIPAL,76.7,63.77,-12.93,77.19,-13.419999999999995,0,77.68,78.16,78.63,79.09,79.55,80.0,3,100.0,2534,22
2024.0,52.0,GO,5200134.0,Acreúna,MUNICIPAL,58.5,81.48,22.980000000000004,62.06,19.42,1,65.5,68.78,71.89,74.8,77.51,80.0,5,93.9068100358423,923,107
2024.0,51.0,MT,5102694.0,Canabrava do Norte,MUNICIPAL,34.7,78.89,44.19,41.47,37.42,1,48.6,55.78,62.73,69.2,74.98,80.0,4,90.12345679012346,1128,25
2024.0,35.0,SP,3511706.0,Charqueada,MUNICIPAL,44.6,62.5,17.9,50.3,12.200000000000003,1,56.0,61.54,66.8,71.67,76.08,80.0,3,92.42424242424242,2630,285
2024.0,35.0,SP,3512803.0,Cosmópolis,MUNICIPAL,53.0,59.61,6.609999999999999,57.43,2.1799999999999997,1,61.79,65.96,69.91,73.57,76.94,80.0,2,94.80286738351256,2888,346
2024.0,17.0,TO,1705607.0,Conceição do Tocantins,MUNICIPAL,27.6,35.800000000000004,8.200000000000003,34.78,1.0200000000000031,1,42.73,51.08,59.36,67.14,74.09,80.0,0,95.83333333333334,4524,106
2024.0,31.0,MG,3129004.0,Guiricema,MUNICIPAL,44.7,82.89,38.19,50.41,32.480000000000004,1,56.09,61.61,66.85,71.7,76.1,80.0,5,89.36170212765957,810,208
2024.0,51.0,MT,5106158.0,Nova Bandeirantes,MUNICIPAL,73.3,76.59,3.2900000000000063,74.34,2.25,1,75.35,76.34,77.29,78.22,79.13,80.0,4,90.95238095238096,1355,29
2024.0,22.0,PI,2209856.0,São João da Canabrava,MUNICIPAL,82.0,96.34,14.340000000000003,80.0,16.340000000000003,1,80.0,80.0,80.0,80.0,80.0,80.0,5,93.10344827586206,141,17
2024.0,33.0,RJ,3300159.0,Aperibé,MUNICIPAL,59.3,68.41,9.11,62.76,5.649999999999999,1,66.06,69.21,72.2,74.99,77.6,80.0,3,91.91919191919192,2112,20
2024.0,35.0,SP,3526506.0,Lavínia,MUNICIPAL,62.0,59.08,-2.9200000000000017,64.99,-5.909999999999997,0,67.84,70.57,73.15,75.59,77.87,80.0,2,85.36585365853658,2926,349
2024.0,52.0,GO,5201801.0,Aragoiânia,MUNICIPAL,55.0,62.84,7.840000000000003,59.12,3.720000000000006,1,63.15,67.0,70.63,74.02,77.15,80.0,3,91.39784946236558,2603,210
2024.0,12.0,AC,1200708.0,Xapuri,MUNICIPAL,,51.91,,,,,57.32,62.56,67.51,72.11,76.28,80.0,2,88.33333333333333,3500,7
2024.0,41.0,PR,4119509.0,Piraquara,MUNICIPAL,58.3,50.54,-7.759999999999998,61.92,-11.380000000000003,0,65.39,68.7,71.84,74.77,77.49,80.0,2,83.44914718888187,3604,360
2024.0,35.0,SP,3525508.0,Joanópolis,MUNICIPAL,71.9,57.3,-14.600000000000009,73.15,-15.850000000000009,0,74.39,75.59,76.75,77.87,78.96,80.0,2,87.58169934640523,3062,376
2024.0,29.0,BA,2910107.0,Dom Basílio,MUNICIPAL,48.3,42.74,-5.559999999999995,53.52,-10.780000000000001,0,58.63,63.56,68.22,72.54,76.47,80.0,1,95.3846153846154,4133,101
2024.0,26.0,PE,2605301.0,Exu,MUNICIPAL,56.7,55.21,-1.490000000000002,60.53,-5.32,0,64.27,67.85,71.24,74.4,77.32,80.0,2,95.98853868194844,3244,134
2024.0,41.0,PR,4125902.0,São Pedro do Paraná,MUNICIPAL,71.9,75.0,3.0999999999999943,73.2,1.7999999999999972,1,74.43,75.62,76.78,77.89,78.96,80.0,4,88.88888888888889,1497,178
2024.0,35.0,SP,3515103.0,Embu-Guaçu,MUNICIPAL,46.5,45.34,-1.1599999999999966,51.94,-6.599999999999994,0,57.34,62.57,67.52,72.11,76.28,80.0,1,88.0813953488372,3970,535
2024.0,23.0,CE,2305704.0,Ipaumirim,MUNICIPAL,87.9,88.89,0.9899999999999949,80.0,8.89,1,80.0,80.0,80.0,80.0,80.0,80.0,5,100.0,448,116
2024.0,35.0,SP,3511003.0,Castilho,MUNICIPAL,47.9,45.42,-2.479999999999997,53.1,-7.68,0,58.29,63.3,68.03,72.42,76.42,80.0,1,93.7219730941704,3959,533
2024.0,29.0,BA,2932200.0,Ubaitaba,MUNICIPAL,29.8,31.13,1.3299999999999983,36.89,-5.760000000000002,0,44.61,52.6,60.46,67.81,74.38,80.0,0,86.28571428571429,4700,245
2024.0,51.0,MT,5108204.0,Torixoréu,MUNICIPAL,95.1,88.61,-6.489999999999995,80.0,8.61,1,80.0,80.0,80.0,80.0,80.0,80.0,5,87.5,456,11
2024.0,32.0,ES,3204252.0,Ponto Belo,MUNICIPAL,81.8,80.01,-1.789999999999992,80.0,0.010000000000005116,1,80.0,80.0,80.0,80.0,80.0,80.0,5,86.73469387755102,1032,38
2024.0,22.0,PI,2206100.0,Matias Olímpio,MUNICIPAL,24.4,52.06,27.660000000000004,31.65,20.410000000000004,1,39.88,48.72,57.64,66.1,73.63,80.0,2,97.36842105263158,3489,151
2024.0,51.0,MT,5106455.0,Planalto da Serra,MUNICIPAL,58.6,90.32,31.71999999999999,62.17,28.14999999999999,1,65.58,68.85,71.94,74.83,77.52,80.0,5,95.3125,388,10
2024.0,35.0,SP,3529609.0,Meridiano,MUNICIPAL,67.3,67.31,0.010000000000005116,69.33,-2.019999999999996,0,71.31,73.22,75.04,76.78,78.43,80.0,3,93.87755102040816,2210,213
2024.0,16.0,AP,1600600.0,Santana,MUNICIPAL,41.8,55.32,13.520000000000003,47.82,7.5,1,53.95,59.97,65.69,71.0,75.78,80.0,2,92.50567751703257,3234,5
2024.0,52.0,GO,5219209.0,Santa Cruz de Goiás,MUNICIPAL,72.6,85.78,13.180000000000007,73.75,12.030000000000001,1,74.87,75.96,77.02,78.05,79.04,80.0,5,93.33333333333331,611,69
2024.0,43.0,RS,4318408.0,São Jerônimo,MUNICIPAL,81.8,71.9,-9.899999999999991,80.0,-8.099999999999994,0,80.0,80.0,80.0,80.0,80.0,80.0,4,82.05128205128204,1775,46
2024.0,31.0,MG,3114808.0,Carvalhos,MUNICIPAL,80.3,72.5,-7.799999999999997,80.0,-7.5,0,80.0,80.0,80.0,80.0,80.0,80.0,4,91.42857142857144,1716,465
2024.0,31.0,MG,3148301.0,Paula Cândido,MUNICIPAL,53.8,89.89,36.09,58.13,31.759999999999998,1,62.35,66.39,70.21,73.76,77.03,80.0,5,94.44444444444444,408,79
2024.0,29.0,BA,2925402.0,Potiraguá,MUNICIPAL,27.9,27.54,-0.35999999999999943,35.06,-7.520000000000003,0,42.98,51.28,59.5,67.23,74.13,80.0,0,92.0,4815,303
2024.0,35.0,SP,3519600.0,Ibitinga,MUNICIPAL,49.7,49.2,-0.5,54.7,-5.5,0,59.58,64.28,68.73,72.85,76.61,80.0,1,89.64912280701755,3695,494
2024.0,22.0,PI,2203750.0,Fartura do Piauí,MUNICIPAL,36.7,52.0,15.299999999999997,43.27,8.729999999999997,1,50.13,56.99,63.59,69.72,75.21,80.0,2,100.0,3494,152
2024.0,23.0,CE,2306207.0,Itaiçaba,MUNICIPAL,91.3,96.74,5.439999999999998,80.0,16.739999999999995,1,80.0,80.0,80.0,80.0,80.0,80.0,5,100.0,131,56
2024.0,43.0,RS,4313359.0,Nova Roma do Sul,MUNICIPAL,82.6,83.3,0.7000000000000028,80.0,3.299999999999997,1,80.0,80.0,80.0,80.0,80.0,80.0,5,96.7741935483871,787,16
2024.0,31.0,MG,3108305.0,Borda da Mata,MUNICIPAL,65.6,81.21000000000001,15.610000000000014,67.91,13.300000000000011,1,70.17,72.35,74.42,76.39,78.25,80.0,5,94.44444444444444,948,252
2024.0,23.0,CE,2309300.0,Nova Russas,MUNICIPAL,96.7,99.64,2.9399999999999977,80.0,19.64,1,80.0,80.0,80.0,80.0,80.0,80.0,5,99.27272727272728,53,11
2024.0,35.0,SP,3503802.0,Artur Nogueira,MUNICIPAL,50.1,54.41,4.309999999999995,55.03,-0.6200000000000045,0,59.85,64.49,68.87,72.94,76.65,80.0,2,93.3456561922366,3314,429
2024.0,28.0,SE,2805208.0,Pinhão,MUNICIPAL,16.2,40.26,24.06,22.98,17.279999999999998,1,31.5,41.48,52.21,62.74,72.19,80.0,1,91.30434782608695,4271,23
2024.0,42.0,SC,4217956.0,Tigrinhos,MUNICIPAL,79.1,91.64,12.540000000000006,79.2,12.439999999999998,1,79.33,79.47,79.6,79.73,79.87,80.0,5,86.04651162790698,329,12
2024.0,28.0,SE,2801702.0,Cristinápolis,MUNICIPAL,24.7,34.730000000000004,10.030000000000005,31.96,2.770000000000003,1,40.17,48.96,57.82,66.2,73.68,80.0,0,96.8586387434555,4567,36
2024.0,17.0,TO,1708254.0,Tabocão,MUNICIPAL,48.9,51.71,2.8100000000000023,54.03,-2.3200000000000003,0,59.04,63.87,68.43,72.67,76.53,80.0,2,92.95774647887325,3515,51
2024.0,35.0,SP,3548807.0,São Caetano do Sul,MUNICIPAL,61.0,66.12,5.1200000000000045,64.1,2.0200000000000102,1,67.13,70.03,72.77,75.35,77.76,80.0,3,88.45843422114609,2306,225
2024.0,42.0,SC,4204004.0,Catanduvas,MUNICIPAL,68.3,72.43,4.13000000000001,70.18,2.25,1,72.0,73.74,75.42,77.02,78.55,80.0,4,78.45303867403315,1726,100
2024.0,22.0,PI,2202174.0,Campo Largo do Piauí,MUNICIPAL,17.7,64.31,46.61,24.57,39.74,1,33.1,42.91,53.3,63.42,72.48,80.0,3,96.7741935483871,2477,105
2024.0,35.0,SP,3523503.0,Itatinga,MUNICIPAL,61.7,54.18,-7.520000000000003,64.72,-10.54,0,67.63,70.4,73.04,75.52,77.84,80.0,2,93.75,3338,432
2024.0,23.0,CE,2307403.0,Jucás,MUNICIPAL,86.7,90.28,3.5799999999999983,80.0,10.280000000000001,1,80.0,80.0,80.0,80.0,80.0,80.0,5,99.28571428571428,390,111
2024.0,51.0,MT,5107701.0,Rosário Oeste,MUNICIPAL,53.7,56.370000000000005,2.6700000000000017,58.02,-1.6499999999999986,0,62.26,66.32,70.16,73.73,77.01,80.0,2,88.38709677419355,3147,100
2024.0,31.0,MG,3102308.0,Alvinópolis,MUNICIPAL,49.0,72.33,23.33,54.12,18.21,1,59.11,63.93,68.48,72.7,76.54,80.0,4,86.36363636363636,1734,471
2024.0,31.0,MG,3147956.0,Patis,MUNICIPAL,76.9,97.25,20.349999999999994,77.38,19.870000000000005,1,77.83,78.28,78.72,79.15,79.58,80.0,5,97.5,116,11
2024.0,43.0,RS,4315503.0,Restinga Sêca,MUNICIPAL,45.5,33.0,-12.5,51.07,-18.07,0,56.63,62.03,67.14,71.88,76.18,80.0,0,74.19354838709677,4633,385
2024.0,50.0,MS,5004007.0,Glória de Dourados,MUNICIPAL,78.9,73.2,-5.700000000000003,79.07,-5.86999999999999,0,79.23,79.38,79.54,79.69,79.85,80.0,4,90.9090909090909,1667,11
2024.0,35.0,SP,3536406.0,Paulicéia,MUNICIPAL,67.2,75.86,8.659999999999997,69.3,6.560000000000002,1,71.29,73.2,75.03,76.78,78.43,80.0,4,95.72649572649571,1428,117
2024.0,29.0,BA,2918357.0,João Dourado,MUNICIPAL,34.6,53.15,18.549999999999997,41.43,11.719999999999999,1,48.56,55.76,62.72,69.19,74.98,80.0,2,93.72693726937268,3413,27
2024.0,41.0,PR,4123808.0,Santa Izabel do Oeste,MUNICIPAL,82.4,82.63,0.22999999999998977,80.0,2.6299999999999955,1,80.0,80.0,80.0,80.0,80.0,80.0,5,89.23076923076924,827,80
2024.0,42.0,SC,4217550.0,Serra Alta,MUNICIPAL,92.2,97.43,5.230000000000004,80.0,17.430000000000007,1,80.0,80.0,80.0,80.0,80.0,80.0,5,93.02325581395348,111,1
2024.0,51.0,MT,5108303.0,União do Sul,MUNICIPAL,60.4,68.93,8.530000000000008,63.63,5.300000000000004,1,66.75,69.74,72.57,75.22,77.7,80.0,3,90.9090909090909,2064,54
2024.0,35.0,SP,3539103.0,Pirapora do Bom Jesus,MUNICIPAL,43.5,40.79,-2.710000000000001,49.33,-8.54,0,55.2,60.93,66.37,71.41,75.97,80.0,1,90.2777777777778,4239,562
2024.0,50.0,MS,5002902.0,Cassilândia,MUNICIPAL,37.7,54.38,16.68,44.23,10.150000000000006,1,50.95,57.63,64.04,69.99,75.34,80.0,2,89.49416342412452,3317,46
2024.0,52.0,GO,5222302.0,Vila Propício,MUNICIPAL,74.4,79.46000000000001,5.060000000000002,75.29,4.170000000000002,1,76.13,76.94,77.74,78.51,79.26,80.0,4,89.04109589041096,1090,126
2024.0,42.0,SC,4219200.0,Vidal Ramos,MUNICIPAL,73.3,83.76,10.460000000000008,74.32,9.440000000000012,1,75.34,76.33,77.29,78.22,79.12,80.0,5,85.0,749,28
2024.0,17.0,TO,1717008.0,Pindorama do Tocantins,MUNICIPAL,47.4,33.88,-13.519999999999996,52.73,-18.849999999999994,0,57.98,63.06,67.87,72.32,76.38,80.0,0,91.8032786885246,4597,111
2024.0,43.0,RS,4313490.0,Novo Barreiro,MUNICIPAL,62.1,37.0,-25.1,65.03,-28.03,0,67.87,70.59,73.17,75.6,77.88,80.0,0,88.88888888888889,4455,356
2024.0,50.0,MS,5003108.0,Corguinho,MUNICIPAL,45.7,58.66,12.959999999999994,51.21,7.449999999999996,1,56.75,62.12,67.2,71.92,76.19,80.0,2,98.55072463768116,2953,33
2024.0,21.0,MA,2106359.0,Marajá do Sena,MUNICIPAL,83.3,39.77,-43.529999999999994,80.0,-40.23,0,80.0,80.0,80.0,80.0,80.0,80.0,0,87.2340425531915,4300,187
2024.0,51.0,MT,5105903.0,Nobres,MUNICIPAL,56.9,60.61,3.710000000000001,60.77,-0.1600000000000037,0,64.47,68.0,71.34,74.46,77.35,80.0,3,89.81481481481481,2788,84
2024.0,42.0,SC,4201703.0,Ascurra,MUNICIPAL,82.0,94.83,12.829999999999998,80.0,14.829999999999998,1,80.0,80.0,80.0,80.0,80.0,80.0,5,79.3103448275862,208,8
2024.0,35.0,SP,3530706.0,Mogi Guaçu,MUNICIPAL,51.4,63.47,12.07,56.12,7.350000000000001,1,60.73,65.16,69.34,73.23,76.79,80.0,3,92.15552523874489,2555,270
2024.0,15.0,PA,1504703.0,Moju,MUNICIPAL,32.1,34.29,2.1899999999999977,39.09,-4.800000000000004,0,46.54,54.15,61.57,68.49,74.67,80.0,0,84.41273326015367,4584,112
2024.0,25.0,PB,2510501.0,Olivedos,MUNICIPAL,54.3,41.57,-12.729999999999997,58.53,-16.96,0,62.67,66.64,70.38,73.87,77.08,80.0,1,92.0,4199,173
2024.0,35.0,SP,3530201.0,Mirante do Paranapanema,MUNICIPAL,98.0,87.52,-10.480000000000004,80.0,7.519999999999996,1,80.0,80.0,80.0,80.0,80.0,80.0,5,89.38053097345133,515,42
2024.0,31.0,MG,3147501.0,Passabém,MUNICIPAL,,90.91,,,,,80.0,80.0,80.0,80.0,80.0,80.0,5,91.66666666666666,362,63
2024.0,41.0,PR,4116406.0,Nossa Senhora das Graças,MUNICIPAL,79.2,94.81,15.61,79.27,15.540000000000006,1,79.4,79.52,79.64,79.76,79.88,80.0,5,88.63636363636364,209,5
2024.0,29.0,BA,2905909.0,Campo Alegre de Lourdes,MUNICIPAL,36.7,28.04,-8.660000000000004,43.29,-15.25,0,50.15,57.01,63.6,69.72,75.22,80.0,0,82.89473684210526,4803,298
2024.0,43.0,RS,4319505.0,São Sebastião do Caí,MUNICIPAL,57.7,37.1,-20.6,61.4,-24.299999999999997,0,64.97,68.39,71.61,74.63,77.43,80.0,0,87.07482993197279,4453,355
2024.0,31.0,MG,3161809.0,São Gonçalo do Pará,MUNICIPAL,61.1,78.82000000000001,17.720000000000006,64.24,14.580000000000013,1,67.24,70.11,72.83,75.39,77.78,80.0,4,95.0,1134,303
2024.0,32.0,ES,3202504.0,Ibiraçu,MUNICIPAL,67.7,81.16,13.459999999999994,69.69,11.469999999999999,1,71.61,73.44,75.2,76.88,78.48,80.0,5,91.33858267716536,951,32
2024.0,25.0,PB,2500403.0,Alagoa Nova,MUNICIPAL,38.9,89.39,50.49,45.33,44.06,1,51.87,58.35,64.55,70.3,75.47,80.0,5,98.73949579831933,431,25
2024.0,27.0,AL,2703601.0,Japaratinga,MUNICIPAL,23.1,27.69,4.59,30.27,-2.5799999999999983,0,38.6,47.65,56.86,65.61,73.42,80.0,0,82.35294117647058,4810,90
2024.0,35.0,SP,3522158.0,Itaoca,MUNICIPAL,60.9,51.85,-9.049999999999997,64.03,-12.18,0,67.08,69.99,72.74,75.33,77.75,80.0,2,100.0,3502,464
2024.0,35.0,SP,3527801.0,Lupércio,MUNICIPAL,55.6,60.96,5.359999999999999,59.68,1.2800000000000011,1,63.6,67.34,70.87,74.17,77.22,80.0,3,92.3076923076923,2758,321
2024.0,31.0,MG,3160959.0,São Domingos das Dores,MUNICIPAL,90.7,93.62,2.9200000000000017,80.0,13.620000000000005,1,80.0,80.0,80.0,80.0,80.0,80.0,5,100.0,252,32
2024.0,29.0,BA,2900801.0,Alcobaça,MUNICIPAL,45.3,29.6,-15.699999999999996,50.94,-21.339999999999996,0,56.52,61.94,67.08,71.84,76.16,80.0,0,90.25270758122744,4752,268
2024.0,41.0,PR,4100202.0,Adrianópolis,MUNICIPAL,60.1,60.95,0.8500000000000014,63.38,-2.4299999999999997,0,66.55,69.59,72.46,75.16,77.67,80.0,3,93.33333333333331,2759,328
2024.0,35.0,SP,3517802.0,Guaraçaí,MUNICIPAL,54.4,60.72,6.32,58.6,2.1199999999999974,1,62.73,66.68,70.41,73.89,77.09,80.0,3,87.8048780487805,2777,322
2024.0,35.0,SP,3517703.0,Guará,MUNICIPAL,67.4,76.27,8.86999999999999,69.43,6.839999999999989,1,71.39,73.28,75.09,76.81,78.45,80.0,4,91.37055837563452,1383,114
2024.0,35.0,SP,3532868.0,Nova Castilho,MUNICIPAL,40.0,25.0,-15.0,46.27,-21.270000000000003,0,52.66,58.96,64.99,70.57,75.59,80.0,0,85.71428571428571,4869,578
2024.0,43.0,RS,4314605.0,Piratini,MUNICIPAL,60.0,42.8,-17.200000000000003,63.34,-20.540000000000006,0,66.53,69.57,72.45,75.15,77.67,80.0,1,96.7741935483871,4128,297
2024.0,35.0,SP,3525300.0,Jaú,MUNICIPAL,59.8,54.89,-4.909999999999997,63.12,-8.229999999999997,0,66.35,69.43,72.35,75.09,77.64,80.0,2,92.4187725631769,3277,423
2024.0,21.0,MA,2110906.0,São Francisco do Maranhão,MUNICIPAL,51.3,83.35000000000001,32.05000000000001,56.04,27.31000000000001,1,60.66,65.11,69.31,73.21,76.78,80.0,5,92.41379310344828,774,25
2024.0,32.0,ES,3204203.0,Piúma,MUNICIPAL,62.5,70.65,8.150000000000006,65.36,5.290000000000006,1,68.14,70.79,73.31,75.69,77.92,80.0,4,93.859649122807,1887,58
2024.0,43.0,RS,4313011.0,Nova Candelária,MUNICIPAL,90.9,60.0,-30.900000000000006,80.0,-20.0,0,80.0,80.0,80.0,80.0,80.0,80.0,3,100.0,2836,123
2024.0,13.0,AM,1304237.0,Tonantins,MUNICIPAL,45.9,30.02,-15.879999999999999,51.45,-21.430000000000003,0,56.94,62.27,67.31,71.98,76.22,80.0,0,93.67088607594935,4735,46
2024.0,41.0,PR,4106001.0,Congonhinhas,MUNICIPAL,68.8,41.19,-27.61,70.6,-29.409999999999997,0,72.33,74.0,75.6,77.14,78.6,80.0,1,86.5546218487395,4214,371
2024.0,31.0,MG,3166956.0,Serranópolis de Minas,MUNICIPAL,95.4,95.99,0.5899999999999892,80.0,15.989999999999995,1,80.0,80.0,80.0,80.0,80.0,80.0,5,96.29629629629628,160,15
2024.0,35.0,SP,3532827.0,Nova Campina,MUNICIPAL,45.1,61.55,16.449999999999996,50.74,10.809999999999995,1,56.36,61.82,66.99,71.79,76.14,80.0,3,96.46017699115043,2711,306
2024.0,31.0,MG,3149408.0,Pedro Teixeira,MUNICIPAL,,100.0,,,,,80.0,80.0,80.0,80.0,80.0,80.0,5,100.0,1,1
2024.0,22.0,PI,2209609.0,São Félix do Piauí,MUNICIPAL,35.6,64.29,28.690000000000005,42.27,22.020000000000003,1,49.29,56.33,63.12,69.43,75.09,80.0,3,100.0,2482,106
2024.0,27.0,AL,2703007.0,Ibateguara,MUNICIPAL,93.5,54.43,-39.07,80.0,-25.57,0,80.0,80.0,80.0,80.0,80.0,80.0,2,100.0,3312,34
2024.0,23.0,CE,2308807.0,Moraújo,MUNICIPAL,98.9,92.86,-6.040000000000006,80.0,12.86,1,80.0,80.0,80.0,80.0,80.0,80.0,5,100.0,278,91
2024.0,35.0,SP,3509957.0,Canas,MUNICIPAL,53.6,48.15,-5.450000000000003,57.95,-9.800000000000004,0,62.2,66.28,70.13,73.71,77.01,80.0,1,82.8125,3764,502
2024.0,52.0,GO,5221577.0,Uirapuru,MUNICIPAL,38.8,66.67,27.870000000000005,45.24,21.43,1,51.79,58.29,64.51,70.28,75.46,80.0,3,100.0,2265,189
2024.0,31.0,MG,3100906.0,Águas Formosas,MUNICIPAL,,69.23,,,,,71.23,73.16,75.0,76.75,78.42,80.0,3,92.85714285714286,2027,543
2024.0,50.0,MS,5007554.0,Santa Rita do Pardo,MUNICIPAL,48.3,51.3,3.0,53.47,-2.1700000000000017,0,58.59,63.52,68.19,72.52,76.47,80.0,2,96.47887323943662,3548,56
2024.0,31.0,MG,3124906.0,Eugenópolis,MUNICIPAL,56.5,68.59,12.090000000000003,60.4,8.190000000000005,1,64.17,67.78,71.18,74.36,77.3,80.0,3,74.73684210526315,2095,554
2024.0,17.0,TO,1713205.0,Miracema do Tocantins,MUNICIPAL,41.5,46.42,4.920000000000002,47.63,-1.2100000000000009,0,53.79,59.84,65.6,70.94,75.76,80.0,1,83.33333333333334,3898,70
2024.0,31.0,MG,3116308.0,Cipotânea,MUNICIPAL,73.1,92.31,19.210000000000008,74.17,18.14,1,75.22,76.23,77.22,78.17,79.1,80.0,5,92.3076923076923,300,47
2024.0,17.0,TO,1709500.0,Gurupi,MUNICIPAL,44.4,54.370000000000005,9.970000000000006,50.17,4.200000000000003,1,55.89,61.46,66.74,71.63,76.07,80.0,2,86.46080760095012,3319,40
2024.0,22.0,PI,2208874.0,Ribeira do Piauí,MUNICIPAL,57.8,54.84,-2.9599999999999937,61.44,-6.599999999999994,0,65.01,68.41,71.63,74.64,77.43,80.0,2,100.0,3284,141
2024.0,35.0,SP,3503208.0,Araraquara,MUNICIPAL,55.9,62.01,6.109999999999999,59.9,2.1099999999999994,1,63.77,67.47,70.97,74.23,77.24,80.0,3,87.8251821019771,2671,294
2024.0,43.0,RS,4301750.0,Barão do Triunfo,MUNICIPAL,,4.4,,,,,14.05,23.65,37.0,52.68,67.85,80.0,0,92.5925925925926,4979,408
2024.0,52.0,GO,5204508.0,Caldas Novas,MUNICIPAL,58.8,62.940000000000005,4.140000000000008,62.34,0.6000000000000014,1,65.72,68.96,72.01,74.88,77.54,80.0,3,97.83362218370884,2596,209
2024.0,35.0,SP,3514304.0,Dourado,MUNICIPAL,71.5,71.85000000000001,0.3500000000000085,72.84,-0.9899999999999949,0,74.14,75.39,76.61,77.78,78.91,80.0,4,91.86046511627907,1780,162
2024.0,41.0,PR,4122503.0,Roncador,MUNICIPAL,83.7,76.32000000000001,-7.3799999999999955,80.0,-3.6799999999999926,0,80.0,80.0,80.0,80.0,80.0,80.0,4,91.55844155844156,1376,161
2024.0,29.0,BA,2928802.0,Santo Estêvão,MUNICIPAL,32.7,31.86,-0.8400000000000034,39.59,-7.730000000000004,0,46.98,54.5,61.82,68.64,74.74,80.0,0,92.75092936802974,4671,235
2024.0,29.0,BA,2904050.0,Bonito,MUNICIPAL,40.2,34.0,-6.200000000000003,46.43,-12.43,0,52.79,59.07,65.06,70.61,75.61,80.0,0,92.5925925925926,4593,201
2024.0,22.0,PI,2207702.0,Parnaíba,MUNICIPAL,31.0,38.42,7.420000000000002,38.04,0.38000000000000256,1,45.63,53.42,61.05,68.17,74.53,80.0,0,87.95468097793679,4373,192
2024.0,52.0,GO,5219738.0,Santo Antônio de Goiás,MUNICIPAL,92.0,82.91,-9.090000000000003,80.0,2.9099999999999966,1,80.0,80.0,80.0,80.0,80.0,80.0,5,88.59649122807018,807,94
2024.0,31.0,MG,3144805.0,Nova Lima,MUNICIPAL,56.8,79.60000000000001,22.80000000000001,60.62,18.98000000000001,1,64.35,67.91,71.27,74.42,77.33,80.0,4,91.2486659551761,1077,288
2024.0,13.0,AM,1301704.0,Humaitá,MUNICIPAL,50.3,57.23,6.93,55.15,2.0799999999999983,1,59.95,64.56,68.92,72.97,76.67,80.0,2,92.75766016713092,3068,9
2024.0,42.0,SC,4202537.0,Bom Jesus,MUNICIPAL,64.7,55.49,-9.21,67.18,-11.690000000000005,0,69.59,71.9,74.1,76.19,78.15,80.0,2,90.9090909090909,3224,212
2024.0,35.0,SP,3553955.0,Tarumã,MUNICIPAL,83.1,91.72,8.620000000000005,80.0,11.719999999999999,1,80.0,80.0,80.0,80.0,80.0,80.0,5,93.20388349514565,321,26
2024.0,31.0,MG,3162955.0,São José da Lapa,MUNICIPAL,62.4,75.09,12.690000000000005,65.31,9.780000000000001,1,68.1,70.76,73.29,75.68,77.91,80.0,4,95.07246376811594,1488,411
2024.0,31.0,MG,3118502.0,Consolação,MUNICIPAL,62.5,38.89,-23.61,65.38,-26.489999999999995,0,68.16,70.81,73.32,75.7,77.92,80.0,0,94.73684210526316,4349,753
2024.0,51.0,MT,5103205.0,Colíder,MUNICIPAL,49.3,64.22,14.920000000000002,54.3,9.920000000000002,1,59.26,64.04,68.55,72.74,76.57,80.0,3,90.97387173396676,2491,74
2024.0,43.0,RS,4317004.0,Santana da Boa Vista,MUNICIPAL,48.8,13.1,-35.699999999999996,53.93,-40.83,0,58.96,63.81,68.39,72.65,76.52,80.0,0,80.0,4968,405
2024.0,35.0,SP,3505351.0,Barra do Chapéu,MUNICIPAL,65.1,65.29,0.19000000000001194,67.5,-2.2099999999999937,0,69.85,72.1,74.24,76.28,78.19,80.0,3,87.5,2380,240
2024.0,31.0,MG,3160306.0,Santo Antônio do Jacinto,MUNICIPAL,63.0,65.72,2.719999999999999,65.75,-0.030000000000001137,0,68.45,71.03,73.48,75.8,77.97,80.0,3,86.32478632478633,2334,607
2024.0,31.0,MG,3164902.0,São Sebastião do Rio Verde,MUNICIPAL,68.4,91.3,22.89999999999999,70.28,21.019999999999996,1,72.08,73.81,75.46,77.05,78.56,80.0,5,95.83333333333334,346,56
2024.0,29.0,BA,2906857.0,Capela do Alto Alegre,MUNICIPAL,35.9,45.45,9.550000000000004,42.56,2.8900000000000006,1,49.53,56.52,63.25,69.51,75.12,80.0,1,90.41095890410958,3953,77
2024.0,29.0,BA,2906204.0,Canarana,MUNICIPAL,29.2,33.730000000000004,4.530000000000005,36.34,-2.6099999999999994,0,44.12,52.21,60.18,67.64,74.3,80.0,0,99.22178988326849,4601,204
2024.0,31.0,MG,3142502.0,Monjolos,MUNICIPAL,,95.0,,,,,80.0,80.0,80.0,80.0,80.0,80.0,5,90.9090909090909,202,19
2024.0,31.0,MG,3106606.0,Bertópolis,MUNICIPAL,59.5,85.02,25.519999999999996,62.87,22.15,1,66.15,69.28,72.24,75.02,77.61,80.0,5,95.23809523809524,662,166
2024.0,31.0,MG,3115201.0,Conceição da Barra de Minas,MUNICIPAL,68.8,70.43,1.6300000000000097,70.55,-0.11999999999999034,0,72.3,73.98,75.59,77.13,78.6,80.0,4,87.09677419354838,1905,516
2024.0,23.0,CE,2306108.0,Irauçuba,MUNICIPAL,96.5,96.76,0.2600000000000051,80.0,16.760000000000005,1,80.0,80.0,80.0,80.0,80.0,80.0,5,100.0,129,55
2024.0,32.0,ES,3204955.0,São Roque do Canaã,MUNICIPAL,74.6,89.65,15.050000000000011,75.39,14.260000000000005,1,76.21,77.0,77.78,78.54,79.28,80.0,5,88.03418803418803,421,5
2024.0,24.0,RN,2406809.0,Lajes Pintadas,MUNICIPAL,,47.42,,,,,53.62,59.71,65.51,70.89,75.73,80.0,1,84.21052631578947,3818,45
2024.0,31.0,MG,3138625.0,Limeira do Oeste,MUNICIPAL,65.2,59.7,-5.5,67.61,-7.909999999999997,0,69.94,72.16,74.29,76.3,78.21,80.0,2,93.7007874015748,2878,680
2024.0,31.0,MG,3102407.0,Alvorada de Minas,MUNICIPAL,41.8,83.33,41.53,47.88,35.449999999999996,1,54.0,60.0,65.72,71.01,75.79,80.0,5,83.33333333333334,777,197
2024.0,17.0,TO,1721000.0,Palmas,MUNICIPAL,58.7,56.97,-1.730000000000004,62.2,-5.230000000000004,0,65.61,68.87,71.95,74.84,77.53,80.0,2,76.80746307333506,3097,33
2024.0,23.0,CE,2304285.0,Eusébio,MUNICIPAL,92.6,93.91,1.3100000000000023,80.0,13.909999999999997,1,80.0,80.0,80.0,80.0,80.0,80.0,5,97.5334018499486,245,84
2024.0,25.0,PB,2504074.0,Caraúbas,MUNICIPAL,48.4,87.82000000000001,39.42000000000001,53.58,34.24000000000001,1,58.68,63.59,68.24,72.55,76.48,80.0,5,95.45454545454544,499,27
2024.0,21.0,MA,2103000.0,Caxias,MUNICIPAL,43.8,55.15,11.350000000000001,49.57,5.579999999999998,1,55.39,61.08,66.47,71.47,75.99,80.0,2,83.27359617682198,3253,138
2024.0,29.0,BA,2922003.0,Mucuri,MUNICIPAL,49.1,47.96,-1.1400000000000006,54.16,-6.199999999999996,0,59.15,63.95,68.49,72.71,76.55,80.0,1,93.33333333333331,3777,51
2024.0,25.0,PB,2500106.0,Água Branca,MUNICIPAL,47.6,52.67,5.07,52.91,-0.23999999999999488,0,58.14,63.18,67.95,72.37,76.4,80.0,2,94.56521739130434,3444,118
2024.0,31.0,MG,3140803.0,Matias Barbosa,MUNICIPAL,58.8,78.82000000000001,20.02000000000001,62.35,16.470000000000006,1,65.73,68.96,72.02,74.88,77.54,80.0,4,91.2,1134,303
2024.0,52.0,GO,5206206.0,Cristalina,MUNICIPAL,67.9,69.10000000000001,1.2000000000000028,69.87,-0.769999999999996,0,71.75,73.55,75.28,76.93,78.51,80.0,3,93.70165745856352,2047,180
2024.0,29.0,BA,2916609.0,Itapitanga,MUNICIPAL,31.0,36.62,5.619999999999997,38.06,-1.4400000000000048,0,45.64,53.43,61.06,68.18,74.54,80.0,0,94.66666666666669,4488,175
2024.0,33.0,RJ,3302205.0,Itaperuna,MUNICIPAL,68.6,65.26,-3.339999999999989,70.46,-5.199999999999989,0,72.22,73.91,75.54,77.1,78.59,80.0,3,89.22470433639947,2383,28
2024.0,41.0,PR,4116109.0,Moreira Sales,MUNICIPAL,79.3,78.01,-1.289999999999992,79.43,-1.4200000000000017,0,79.52,79.62,79.71,79.81,79.91,80.0,4,89.83050847457628,1198,132
2024.0,29.0,BA,2931301.0,Tapiramutá,MUNICIPAL,33.1,41.82,8.719999999999999,39.97,1.8500000000000014,1,47.31,54.76,62.01,68.75,74.79,80.0,1,95.65217391304348,4180,112
2024.0,35.0,SP,3547502.0,Santa Rita do Passa Quatro,MUNICIPAL,62.4,67.97,5.57,65.26,2.7099999999999937,1,68.06,70.73,73.27,75.66,77.91,80.0,3,91.32947976878611,2157,207
2024.0,29.0,BA,2918902.0,Lajedão,MUNICIPAL,58.4,48.28,-10.119999999999997,61.97,-13.689999999999998,0,65.43,68.73,71.85,74.78,77.5,80.0,1,96.66666666666669,3755,50
2024.0,41.0,PR,4117222.0,Nova Santa Rosa,MUNICIPAL,77.8,72.16,-5.640000000000001,78.12,-5.960000000000008,0,78.45,78.76,79.08,79.39,79.7,80.0,4,88.53503184713377,1750,228
2024.0,32.0,ES,3204054.0,Pedro Canário,MUNICIPAL,69.3,80.91,11.61,70.99,9.920000000000002,1,72.65,74.25,75.78,77.25,78.66,80.0,5,92.3076923076923,969,34
2024.0,25.0,PB,2503605.0,Caiçara,MUNICIPAL,53.8,72.22,18.42,58.17,14.049999999999997,1,62.39,66.42,70.23,73.77,77.03,80.0,4,90.0,1742,51
2024.0,31.0,MG,3101300.0,Alagoa,MUNICIPAL,67.0,89.66,22.659999999999997,69.11,20.549999999999997,1,71.13,73.08,74.94,76.72,78.4,80.0,5,100.0,419,83
2024.0,31.0,MG,3147907.0,Passos,MUNICIPAL,65.5,86.17,20.67,67.82,18.35000000000001,1,70.11,72.3,74.38,76.36,78.24,80.0,5,91.44811858608894,595,143
2024.0,23.0,CE,2309508.0,Orós,MUNICIPAL,90.9,90.75,-0.15000000000000568,80.0,10.75,1,80.0,80.0,80.0,80.0,80.0,80.0,5,97.3913043478261,373,109
2024.0,31.0,MG,3101102.0,Aimorés,MUNICIPAL,48.8,57.63,8.830000000000005,53.9,3.730000000000004,1,58.93,63.79,68.38,72.64,76.52,80.0,2,82.96296296296296,3035,701
2024.0,35.0,SP,3554508.0,Tietê,MUNICIPAL,48.4,62.5,14.100000000000001,53.53,8.969999999999999,1,58.64,63.56,68.22,72.54,76.47,80.0,3,94.0625,2630,285
2024.0,35.0,SP,3538808.0,Piraju,MUNICIPAL,64.7,71.36,6.659999999999997,67.22,4.140000000000001,1,69.62,71.93,74.12,76.2,78.16,80.0,4,94.29530201342284,1825,167
2024.0,25.0,PB,2509339.0,Matinhas,MUNICIPAL,79.3,72.67,-6.6299999999999955,79.38,-6.709999999999994,0,79.49,79.59,79.69,79.8,79.9,80.0,4,94.73684210526316,1710,50
2024.0,29.0,BA,2906808.0,Cansanção,MUNICIPAL,29.7,23.19,-6.509999999999998,36.8,-13.609999999999996,0,44.53,52.54,60.41,67.78,74.37,80.0,0,85.34704370179949,4905,345
2024.0,31.0,MG,3115805.0,Centralina,MUNICIPAL,78.3,89.95,11.650000000000006,78.54,11.409999999999997,1,78.79,79.04,79.28,79.52,79.76,80.0,5,89.04109589041096,407,78
2024.0,31.0,MG,3125507.0,São Gonçalo do Rio Preto,MUNICIPAL,80.1,83.33,3.230000000000004,80.0,3.3299999999999983,1,80.0,80.0,80.0,80.0,80.0,80.0,5,96.66666666666669,777,197
2024.0,29.0,BA,2930154.0,Serra do Ramalho,MUNICIPAL,36.2,26.65,-9.550000000000004,42.83,-16.18,0,49.76,56.7,63.38,69.59,75.16,80.0,0,97.33924611973391,4838,310
2024.0,24.0,RN,2401503.0,Barcelona,MUNICIPAL,55.3,74.35000000000001,19.05000000000001,59.37,14.980000000000011,1,63.35,67.15,70.74,74.09,77.18,80.0,4,75.0,1568,2
2024.0,52.0,GO,5220603.0,Silvânia,MUNICIPAL,86.0,91.2,5.200000000000003,80.0,11.200000000000003,1,80.0,80.0,80.0,80.0,80.0,80.0,5,96.15384615384616,350,43
2024.0,42.0,SC,4202602.0,Bom Retiro,MUNICIPAL,32.5,47.34,14.840000000000003,39.4,7.940000000000005,1,46.81,54.37,61.73,68.58,74.72,80.0,1,82.71604938271605,3829,230
2024.0,31.0,MG,3140506.0,Martinho Campos,MUNICIPAL,56.0,70.72,14.719999999999999,60.0,10.719999999999999,1,63.85,67.53,71.01,74.26,77.26,80.0,4,98.88888888888889,1878,510
2024.0,13.0,AM,1300086.0,Anamã,MUNICIPAL,33.3,53.48,20.18,40.16,13.32,1,47.47,54.89,62.1,68.81,74.81,80.0,2,82.05128205128204,3387,14
2024.0,31.0,MG,3163607.0,São José do Mantimento,MUNICIPAL,47.7,87.17,39.47,53.01,34.160000000000004,1,58.21,63.24,67.99,72.4,76.41,80.0,5,90.9090909090909,537,120
2024.0,25.0,PB,2509107.0,Mari,MUNICIPAL,38.0,70.06,32.06,44.47,25.590000000000003,1,51.15,57.79,64.16,70.06,75.37,80.0,4,86.3013698630137,1950,56
2024.0,43.0,RS,4313656.0,Palmares do Sul,MUNICIPAL,53.5,45.2,-8.299999999999997,57.88,-12.68,0,62.15,66.24,70.1,73.69,77.0,80.0,1,72.44094488188976,3980,272
2024.0,23.0,CE,2300507.0,Alcântaras,MUNICIPAL,97.8,99.05,1.25,80.0,19.049999999999997,1,80.0,80.0,80.0,80.0,80.0,80.0,5,100.0,64,22
2024.0,41.0,PR,4103958.0,Campina do Simão,MUNICIPAL,85.5,84.25,-1.25,80.0,4.25,1,80.0,80.0,80.0,80.0,80.0,80.0,5,93.97590361445783,721,65
2024.0,52.0,GO,5211701.0,Jandaia,MUNICIPAL,77.2,80.25,3.049999999999997,77.61,2.6400000000000006,1,78.02,78.43,78.83,79.22,79.62,80.0,5,96.82539682539682,1013,121
2024.0,31.0,MG,3169703.0,Turmalina,MUNICIPAL,53.9,73.78,19.880000000000003,58.26,15.520000000000003,1,62.45,66.47,70.26,73.79,77.04,80.0,4,94.04761904761904,1619,437
2024.0,35.0,SP,3519808.0,Icém,MUNICIPAL,73.4,81.32000000000001,7.920000000000002,74.38,6.940000000000012,1,75.39,76.36,77.31,78.24,79.13,80.0,5,87.71929824561403,938,72
2024.0,31.0,MG,3135308.0,Japaraíba,MUNICIPAL,71.0,78.49,7.489999999999995,72.45,6.039999999999992,1,73.82,75.15,76.43,77.67,78.86,80.0,4,92.6829268292683,1158,312
2024.0,52.0,GO,5214507.0,Nerópolis,MUNICIPAL,68.1,71.18,3.0800000000000125,70.0,1.1800000000000068,1,71.85,73.63,75.34,76.97,78.52,80.0,4,89.76190476190476,1833,172
2024.0,31.0,MG,3141603.0,Mercês,MUNICIPAL,98.4,84.85000000000001,-13.549999999999997,80.0,4.8500000000000085,1,80.0,80.0,80.0,80.0,80.0,80.0,5,90.2439024390244,677,175
2024.0,35.0,SP,3532801.0,Nova Aliança,MUNICIPAL,57.7,73.75,16.049999999999997,61.36,12.39,1,64.94,68.36,71.59,74.62,77.42,80.0,4,88.40579710144928,1622,140
2024.0,17.0,TO,1715507.0,Oliveira de Fátima,MUNICIPAL,50.0,31.58,-18.42,54.93,-23.35,0,59.77,64.43,68.83,72.91,76.64,80.0,0,95.0,4677,112
2024.0,29.0,BA,2910727.0,Eunápolis,MUNICIPAL,34.6,38.37,3.769999999999996,41.41,-3.039999999999999,0,48.55,55.75,62.71,69.18,74.98,80.0,0,86.48351648351648,4375,142
2024.0,42.0,SC,4218707.0,Tubarão,MUNICIPAL,70.3,68.26,-2.039999999999992,71.86,-3.5999999999999943,0,73.35,74.78,76.17,77.5,78.78,80.0,3,76.9857433808554,2128,143
2024.0,52.0,GO,5221551.0,Turvelândia,MUNICIPAL,68.2,86.88,18.679999999999993,70.07,16.810000000000002,1,71.9,73.67,75.37,76.99,78.53,80.0,5,98.59154929577466,557,64
2024.0,43.0,RS,4314035.0,Pareci Novo,MUNICIPAL,73.0,54.0,-19.0,74.1,-20.099999999999994,0,75.15,76.18,77.18,78.15,79.09,80.0,2,90.56603773584906,3353,179
2024.0,41.0,PR,4116950.0,Nova Esperança do Sudoeste,MUNICIPAL,97.4,88.59,-8.810000000000002,80.0,8.590000000000003,1,80.0,80.0,80.0,80.0,80.0,80.0,5,88.42105263157895,458,26
2024.0,26.0,PE,2616308.0,Vicência,MUNICIPAL,57.5,68.15,10.650000000000006,61.19,6.960000000000008,1,64.81,68.26,71.52,74.57,77.4,80.0,3,99.11111111111111,2134,74
2024.0,24.0,RN,2406601.0,Lagoa Salgada,MUNICIPAL,22.8,64.22,41.42,30.02,34.2,1,38.36,47.45,56.71,65.52,73.38,80.0,3,87.2340425531915,2491,11
2024.0,35.0,SP,3546405.0,Santa Cruz do Rio Pardo,MUNICIPAL,52.7,72.25,19.549999999999997,57.25,15.0,1,61.64,65.85,69.83,73.53,76.92,80.0,4,93.1372549019608,1740,156
2024.0,35.0,SP,3529104.0,Marinópolis,MUNICIPAL,93.3,100.0,6.700000000000003,80.0,20.0,1,80.0,80.0,80.0,80.0,80.0,80.0,5,100.0,1,1
2024.0,52.0,GO,5211008.0,Itapirapuã,MUNICIPAL,34.4,73.21000000000001,38.81000000000001,41.17,32.040000000000006,1,48.34,55.58,62.59,69.11,74.95,80.0,4,91.2621359223301,1664,160
2024.0,31.0,MG,3169109.0,Toledo,MUNICIPAL,63.1,89.2,26.1,65.89,23.310000000000002,1,68.56,71.11,73.54,75.83,77.99,80.0,5,90.83333333333331,441,88
2024.0,29.0,BA,2918605.0,Jussiape,MUNICIPAL,32.1,33.33,1.2299999999999969,39.08,-5.75,0,46.53,54.14,61.56,68.49,74.67,80.0,0,97.5,4617,210
2024.0,52.0,GO,5220264.0,São Miguel do Passa Quatro,MUNICIPAL,82.0,67.1,-14.900000000000006,80.0,-12.900000000000006,0,80.0,80.0,80.0,80.0,80.0,80.0,3,97.72727272727272,2228,187
2024.0,52.0,GO,5201702.0,Aragarças,MUNICIPAL,63.6,72.16,8.559999999999995,66.26,5.8999999999999915,1,68.86,71.34,73.7,75.94,78.04,80.0,4,92.5311203319502,1750,167
2024.0,31.0,MG,3119005.0,Cordislândia,MUNICIPAL,47.1,73.53,26.43,52.49,21.04,1,57.79,62.92,67.77,72.26,76.35,80.0,4,89.47368421052632,1637,444
2024.0,25.0,PB,2511509.0,Pilar,MUNICIPAL,73.4,38.07,-35.330000000000005,74.43,-36.36000000000001,0,75.43,76.39,77.34,78.25,79.14,80.0,0,89.58333333333334,4396,186
2024.0,17.0,TO,1703891.0,Carrasco Bonito,MUNICIPAL,34.1,23.86,-10.240000000000002,40.93,-17.07,0,48.13,55.41,62.47,69.04,74.91,80.0,0,94.44444444444444,4896,122
2024.0,27.0,AL,2701308.0,Cajueiro,MUNICIPAL,26.8,33.4,6.599999999999998,33.95,-0.5500000000000043,0,41.98,50.46,58.91,66.87,73.97,80.0,0,95.10204081632652,4614,85
2024.0,35.0,SP,3549953.0,São Lourenço da Serra,MUNICIPAL,61.4,58.4,-3.0,64.46,-6.059999999999995,0,67.42,70.25,72.93,75.45,77.81,80.0,2,85.09316770186336,2977,358
2024.0,29.0,BA,2923704.0,Paratinga,MUNICIPAL,21.1,24.46,3.3599999999999994,28.27,-3.8099999999999987,0,36.71,46.05,55.67,64.88,73.11,80.0,0,89.61538461538461,4883,334
2024.0,31.0,MG,3104007.0,Araxá,MUNICIPAL,68.8,75.35000000000001,6.550000000000011,70.59,4.760000000000005,1,72.32,74.0,75.6,77.14,78.6,80.0,4,88.26907301066448,1466,403
2024.0,27.0,AL,2706307.0,Palmeira dos Índios,MUNICIPAL,32.2,38.67,6.469999999999999,39.15,-0.4799999999999969,0,46.59,54.19,61.6,68.51,74.68,80.0,0,93.4609250398724,4363,78
2024.0,15.0,PA,1507979.0,Terra Santa,MUNICIPAL,70.7,65.58,-5.1200000000000045,72.19,-6.609999999999999,0,73.61,74.99,76.32,77.59,78.82,80.0,3,93.7125748502994,2346,12
2024.0,51.0,MT,5107750.0,Salto do Céu,MUNICIPAL,95.2,97.49,2.289999999999992,80.0,17.489999999999995,1,80.0,80.0,80.0,80.0,80.0,80.0,5,90.47619047619048,109,3
2024.0,29.0,BA,2922250.0,Muquém do São Francisco,MUNICIPAL,31.0,22.03,-8.969999999999999,38.02,-15.990000000000002,0,45.61,53.4,61.04,68.16,74.53,80.0,0,89.39393939393939,4918,352
2024.0,23.0,CE,2302909.0,Capistrano,MUNICIPAL,77.6,87.35000000000001,9.750000000000014,77.99,9.360000000000014,1,78.33,78.68,79.01,79.35,79.67,80.0,5,96.13259668508287,526,125
2024.0,35.0,SP,3553005.0,Taguaí,MUNICIPAL,58.6,71.38,12.779999999999994,62.14,9.239999999999995,1,65.57,68.84,71.93,74.83,77.52,80.0,4,91.78082191780824,1822,166
2024.0,29.0,BA,2921203.0,Miguel Calmon,MUNICIPAL,47.8,36.96,-10.839999999999996,53.06,-16.1,0,58.25,63.27,68.01,72.41,76.42,80.0,0,95.33678756476684,4460,163
2024.0,42.0,SC,4203105.0,Caibi,MUNICIPAL,75.5,27.3,-48.2,76.16,-48.86,0,76.83,77.49,78.14,78.77,79.39,80.0,0,73.80952380952381,4823,243
2024.0,29.0,BA,2911303.0,Gentio do Ouro,MUNICIPAL,45.1,54.32,9.219999999999999,50.71,3.6099999999999994,1,56.33,61.8,66.98,71.78,76.13,80.0,2,98.78048780487804,3323,23
2024.0,29.0,BA,2903607.0,Biritinga,MUNICIPAL,22.2,29.82,7.620000000000001,29.4,0.4200000000000017,1,37.78,46.96,56.35,65.3,73.29,80.0,0,93.44262295081968,4742,264
2024.0,26.0,PE,2613305.0,São Joaquim do Monte,MUNICIPAL,68.5,72.13,3.6299999999999955,70.35,1.7800000000000011,1,72.13,73.85,75.49,77.07,78.57,80.0,4,99.57264957264957,1756,52
2024.0,42.0,SC,4217501.0,Seara,MUNICIPAL,83.6,70.92,-12.679999999999993,80.0,-9.079999999999998,0,80.0,80.0,80.0,80.0,80.0,80.0,4,78.23529411764706,1855,113
2024.0,43.0,RS,4314704.0,Planalto,MUNICIPAL,72.5,54.1,-18.4,73.65,-19.550000000000004,0,74.79,75.9,76.98,78.02,79.03,80.0,2,97.01492537313432,3346,178
2024.0,42.0,SC,4201273.0,Arabutã,MUNICIPAL,79.4,96.31,16.909999999999997,79.48,16.83,1,79.57,79.65,79.74,79.83,79.91,80.0,5,96.49122807017544,142,3
2024.0,15.0,PA,1505809.0,Portel,MUNICIPAL,43.7,40.72,-2.980000000000004,49.51,-8.79,0,55.35,61.04,66.45,71.46,75.99,80.0,1,80.46218487394958,4244,94
2024.0,22.0,PI,2203800.0,Flores do Piauí,MUNICIPAL,46.8,43.3,-3.5,52.23,-8.93,0,57.58,62.75,67.65,72.19,76.32,80.0,1,96.42857142857144,4095,179
2024.0,43.0,RS,4320453.0,Sério,MUNICIPAL,85.4,11.1,-74.30000000000001,80.0,-68.9,0,80.0,80.0,80.0,80.0,80.0,80.0,0,100.0,4974,406
2024.0,24.0,RN,2408904.0,Parelhas,MUNICIPAL,43.3,50.73,7.43,49.2,1.529999999999994,1,55.09,60.84,66.31,71.37,75.95,80.0,2,86.95652173913044,3586,35
2024.0,31.0,MG,3152131.0,Ponto Chique,MUNICIPAL,61.3,76.36,15.060000000000002,64.41,11.950000000000003,1,67.38,70.21,72.9,75.43,77.8,80.0,4,96.22641509433964,1372,376
2024.0,22.0,PI,2210409.0,São Miguel do Tapuio,MUNICIPAL,29.9,45.19,15.29,36.96,8.229999999999997,1,44.67,52.65,60.5,67.84,74.39,80.0,1,100.0,3983,174
2024.0,42.0,SC,4207650.0,Iporã do Oeste,MUNICIPAL,86.7,92.28,5.579999999999998,80.0,12.280000000000001,1,80.0,80.0,80.0,80.0,80.0,80.0,5,93.33333333333331,305,10
2024.0,31.0,MG,3134509.0,Itutinga,MUNICIPAL,51.4,76.33,24.93,56.09,20.239999999999995,1,60.71,65.14,69.33,73.22,76.78,80.0,4,91.42857142857144,1375,378
2024.0,31.0,MG,3166204.0,Senhora dos Remédios,MUNICIPAL,100.0,77.94,-22.060000000000002,80.0,-2.0600000000000023,0,80.0,80.0,80.0,80.0,80.0,80.0,4,98.36065573770492,1205,327
2024.0,13.0,AM,1303601.0,Santa Isabel do Rio Negro,MUNICIPAL,26.7,36.02,9.320000000000004,33.91,2.1100000000000065,1,41.95,50.43,58.89,66.86,73.96,80.0,0,88.23529411764706,4513,36
2024.0,22.0,PI,2200202.0,Água Branca,MUNICIPAL,90.6,91.98,1.3800000000000097,80.0,11.980000000000004,1,80.0,80.0,80.0,80.0,80.0,80.0,5,100.0,313,31
2024.0,11.0,RO,1100031.0,Cabixi,MUNICIPAL,69.1,75.88,6.780000000000001,70.85,5.030000000000001,1,72.53,74.15,75.71,77.21,78.64,80.0,4,92.5925925925926,1426,6
2024.0,41.0,PR,4127403.0,Terra Roxa,MUNICIPAL,68.6,76.19,7.590000000000003,70.39,5.799999999999997,1,72.16,73.87,75.51,77.08,78.58,80.0,4,93.43434343434345,1394,163
2024.0,21.0,MA,2102358.0,Buritirana,MUNICIPAL,61.4,54.91,-6.490000000000002,64.45,-9.540000000000006,0,67.41,70.24,72.92,75.44,77.81,80.0,2,91.2280701754386,3273,139
2024.0,11.0,RO,1100056.0,Cerejeiras,MUNICIPAL,58.5,66.81,8.310000000000002,62.09,4.719999999999999,1,65.53,68.81,71.91,74.81,77.51,80.0,3,96.44268774703558,2246,28
2024.0,23.0,CE,2304251.0,Cruz,MUNICIPAL,99.5,98.93,-0.5699999999999932,80.0,18.930000000000007,1,80.0,80.0,80.0,80.0,80.0,80.0,5,98.14814814814817,69,25
2024.0,31.0,MG,3138500.0,Liberdade,MUNICIPAL,56.2,71.21000000000001,15.010000000000005,60.12,11.09000000000001,1,63.95,67.61,71.06,74.29,77.27,80.0,4,92.6829268292683,1832,498
2024.0,42.0,SC,4210407.0,Maracajá,MUNICIPAL,58.5,61.81,3.3100000000000023,62.07,-0.259999999999998,0,65.51,68.79,71.9,74.81,77.51,80.0,3,76.15384615384615,2686,178
2024.0,24.0,RN,2401404.0,Baía Formosa,MUNICIPAL,26.0,35.36,9.36,33.22,2.1400000000000006,1,41.32,49.92,58.52,66.63,73.86,80.0,0,81.31868131868131,4543,91
2024.0,31.0,MG,3138005.0,Laranjal,MUNICIPAL,40.3,82.11,41.81,46.49,35.62,1,52.84,59.11,65.09,70.63,75.62,80.0,5,86.20689655172413,873,222
2024.0,15.0,PA,1506807.0,Santarém,MUNICIPAL,54.9,51.29,-3.6099999999999994,59.08,-7.789999999999999,0,63.11,66.97,70.62,74.01,77.14,80.0,2,81.48446954417103,3550,49
2024.0,24.0,RN,2410900.0,Riachuelo,MUNICIPAL,41.0,27.78,-13.219999999999999,47.19,-19.409999999999997,0,53.43,59.56,65.41,70.82,75.7,80.0,0,80.48780487804879,4808,125
2024.0,31.0,MG,3161650.0,São Geraldo do Baixio,MUNICIPAL,71.2,76.32000000000001,5.1200000000000045,72.56,3.760000000000005,1,73.91,75.22,76.48,77.7,78.87,80.0,4,95.0,1376,379
2024.0,35.0,SP,3552205.0,Sorocaba,MUNICIPAL,47.9,52.43,4.530000000000001,53.15,-0.7199999999999989,0,58.32,63.32,68.05,72.44,76.43,80.0,2,88.08077491380726,3457,461
2024.0,31.0,MG,3120839.0,Cuparaque,MUNICIPAL,98.0,69.0,-29.0,80.0,-11.0,0,80.0,80.0,80.0,80.0,80.0,80.0,3,85.24590163934425,2055,550
2024.0,35.0,SP,3531704.0,Monteiro Lobato,MUNICIPAL,66.6,50.9,-15.699999999999996,68.77,-17.869999999999997,0,70.87,72.88,74.8,76.63,78.36,80.0,2,87.93103448275862,3573,476
2024.0,35.0,SP,3522505.0,Itapevi,MUNICIPAL,50.3,55.46,5.160000000000004,55.16,0.30000000000000426,1,59.95,64.57,68.93,72.97,76.67,80.0,2,91.17152466367712,3225,409
2024.0,31.0,MG,3135506.0,Jequeri,MUNICIPAL,57.5,84.89,27.39,61.2,23.689999999999998,1,64.81,68.26,71.52,74.58,77.4,80.0,5,88.88888888888889,674,173
2024.0,26.0,PE,2616407.0,Vitória de Santo Antão,MUNICIPAL,46.1,50.66,4.559999999999995,51.59,-0.9300000000000068,0,57.06,62.35,67.37,72.02,76.24,80.0,2,94.80642115203024,3593,149
2024.0,52.0,GO,5207402.0,Edéia,MUNICIPAL,82.4,72.29,-10.11,80.0,-7.709999999999994,0,80.0,80.0,80.0,80.0,80.0,80.0,4,93.97590361445783,1738,165
2024.0,31.0,MG,3114105.0,Carmo de Minas,MUNICIPAL,56.5,71.02,14.519999999999996,60.43,10.589999999999996,1,64.19,67.79,71.19,74.37,77.31,80.0,4,97.54098360655738,1846,501
2024.0,31.0,MG,3147600.0,Passa Quatro,MUNICIPAL,85.6,75.75,-9.849999999999994,80.0,-4.25,0,80.0,80.0,80.0,80.0,80.0,80.0,4,92.06349206349206,1438,396
2024.0,43.0,RS,4315008.0,Porto Lucena,MUNICIPAL,78.6,100.0,21.400000000000006,78.78,21.22,1,78.99,79.19,79.4,79.6,79.8,80.0,5,75.0,1,1
2024.0,25.0,PB,2509008.0,Manaíra,MUNICIPAL,91.1,50.66,-40.44,80.0,-29.340000000000003,0,80.0,80.0,80.0,80.0,80.0,80.0,2,93.10344827586206,3593,127
2024.0,35.0,SP,3525201.0,Jarinu,MUNICIPAL,48.8,44.07,-4.729999999999997,53.9,-9.829999999999998,0,58.93,63.79,68.38,72.64,76.52,80.0,1,95.84120982986768,4050,551
2024.0,41.0,PR,4101408.0,Apucarana,MUNICIPAL,82.1,78.78,-3.319999999999993,80.0,-1.2199999999999989,0,80.0,80.0,80.0,80.0,80.0,80.0,4,87.76713338246131,1139,122
2024.0,51.0,MT,5103361.0,Conquista D'Oeste,MUNICIPAL,40.9,69.46000000000001,28.56000000000001,47.02,22.440000000000005,1,53.29,59.45,65.33,70.77,75.68,80.0,3,89.39393939393939,2010,49
2024.0,31.0,MG,3117702.0,Conceição do Rio Verde,MUNICIPAL,89.9,78.17,-11.730000000000004,80.0,-1.8299999999999983,0,80.0,80.0,80.0,80.0,80.0,80.0,4,96.26865671641792,1181,318
2024.0,29.0,BA,2917003.0,Itiúba,MUNICIPAL,27.8,21.05,-6.75,34.97,-13.919999999999998,0,42.9,51.21,59.46,67.2,74.11,80.0,0,93.91634980988592,4929,355
2024.0,35.0,SP,3531407.0,Monte Aprazível,MUNICIPAL,73.5,65.44,-8.060000000000002,74.54,-9.100000000000009,0,75.51,76.46,77.39,78.28,79.15,80.0,3,83.69565217391305,2361,235
2024.0,28.0,SE,2805406.0,Poço Redondo,MUNICIPAL,16.9,26.61,9.71,23.75,2.8599999999999994,1,32.28,42.17,52.74,63.07,72.33,80.0,0,87.12121212121212,4840,59
2024.0,31.0,MG,3150158.0,Piedade de Caratinga,MUNICIPAL,52.8,74.09,21.290000000000006,57.33,16.760000000000005,1,61.71,65.91,69.87,73.55,76.93,80.0,4,92.76315789473684,1587,429
2024.0,51.0,MT,5103502.0,Diamantino,MUNICIPAL,52.1,65.08,12.979999999999997,56.72,8.36,1,61.22,65.53,69.6,73.39,76.86,80.0,3,85.43307086614173,2395,72
2024.0,31.0,MG,3127370.0,Goiabeira,MUNICIPAL,67.8,91.43,23.63000000000001,69.73,21.700000000000003,1,71.64,73.47,75.22,76.9,78.49,80.0,5,100.0,342,55
2024.0,41.0,PR,4115408.0,Marmeleiro,MUNICIPAL,78.3,85.08,6.780000000000001,78.57,6.510000000000005,1,78.81,79.05,79.29,79.53,79.77,80.0,5,83.82352941176471,659,55
2024.0,26.0,PE,2606507.0,Iati,MUNICIPAL,66.3,82.26,15.960000000000008,68.56,13.700000000000003,1,70.7,72.75,74.71,76.57,78.33,80.0,5,92.51336898395722,855,28
2024.0,42.0,SC,4201208.0,Antônio Carlos,MUNICIPAL,74.5,74.89,0.39000000000000057,75.32,-0.4299999999999926,0,76.15,76.96,77.75,78.52,79.27,80.0,4,89.375,1523,90
2024.0,29.0,BA,2931905.0,Tucano,MUNICIPAL,29.0,35.550000000000004,6.550000000000004,36.12,-0.5699999999999932,0,43.93,52.05,60.06,67.57,74.27,80.0,0,72.72727272727273,4538,188
2024.0,24.0,RN,2411908.0,São Francisco do Oeste,MUNICIPAL,56.9,68.97,12.07,60.69,8.280000000000001,1,64.41,67.95,71.31,74.44,77.34,80.0,3,98.21428571428572,2060,6
2024.0,52.0,GO,5217302.0,Pirenópolis,MUNICIPAL,72.9,64.06,-8.840000000000003,74.01,-9.950000000000003,0,75.09,76.13,77.14,78.13,79.08,80.0,3,92.06349206349206,2506,207
2024.0,15.0,PA,1506195.0,Rurópolis,MUNICIPAL,58.0,54.76,-3.240000000000002,61.62,-6.859999999999999,0,65.15,68.52,71.71,74.69,77.46,80.0,2,84.43271767810026,3287,34
2024.0,12.0,AC,1200328.0,Jordão,MUNICIPAL,,19.59,,,,,28.13,38.39,49.79,61.22,71.53,80.0,0,93.87755102040816,4941,20
2024.0,26.0,PE,2616209.0,Vertentes,MUNICIPAL,55.1,56.85,1.75,59.19,-2.3399999999999963,0,63.2,67.04,70.66,74.04,77.16,80.0,2,95.45454545454544,3111,126
2024.0,35.0,SP,3510104.0,Cândido Rodrigues,MUNICIPAL,69.6,92.31,22.710000000000008,71.23,21.08,1,72.84,74.4,75.89,77.32,78.69,80.0,5,100.0,300,22
2024.0,35.0,SP,3538709.0,Piracicaba,MUNICIPAL,54.7,55.08,0.37999999999999545,58.93,-3.8500000000000014,0,62.99,66.88,70.55,73.97,77.13,80.0,2,89.57664233576642,3258,416
2024.0,13.0,AM,1304203.0,Tefé,MUNICIPAL,,36.78,,,,,44.5,52.51,60.4,67.78,74.36,80.0,0,89.67082860385925,4471,35
2024.0,25.0,PB,2507507.0,João Pessoa,MUNICIPAL,46.7,55.870000000000005,9.170000000000002,52.13,3.740000000000002,1,57.49,62.69,67.61,72.16,76.3,80.0,2,83.58836388094838,3182,103
2024.0,29.0,BA,2917102.0,Itororó,MUNICIPAL,47.4,28.85,-18.549999999999997,52.72,-23.869999999999997,0,57.97,63.06,67.86,72.32,76.38,80.0,0,96.29629629629628,4773,281
2024.0,43.0,RS,4322202.0,Tupanciretã,MUNICIPAL,71.9,44.4,-27.500000000000007,73.19,-28.79,0,74.42,75.61,76.77,77.88,78.96,80.0,1,88.23529411764706,4026,277
2024.0,43.0,RS,4320305.0,Selbach,MUNICIPAL,,50.0,,,,,55.76,61.36,66.67,71.59,76.05,80.0,2,92.3076923076923,3631,217
2024.0,29.0,BA,2925105.0,Poções,MUNICIPAL,44.0,42.93,-1.0700000000000003,49.79,-6.859999999999999,0,55.58,61.22,66.57,71.53,76.02,80.0,1,91.52941176470588,4118,97
2024.0,43.0,RS,4307500.0,Espumoso,MUNICIPAL,81.3,39.1,-42.199999999999996,80.0,-40.9,0,80.0,80.0,80.0,80.0,80.0,80.0,0,81.25,4331,333
2024.0,33.0,RJ,3300456.0,Belford Roxo,MUNICIPAL,34.7,38.9,4.199999999999996,41.51,-2.6099999999999994,0,48.64,55.81,62.76,69.21,74.99,80.0,0,70.01985440105891,4346,79
2024.0,43.0,RS,4312385.0,Monte Belo do Sul,MUNICIPAL,81.0,76.9,-4.099999999999994,80.0,-3.0999999999999943,0,80.0,80.0,80.0,80.0,80.0,80.0,4,100.0,1322,29
2024.0,35.0,SP,3515608.0,Fernando Prestes,MUNICIPAL,97.9,85.99,-11.91000000000001,80.0,5.989999999999995,1,80.0,80.0,80.0,80.0,80.0,80.0,5,96.96969696969695,605,49
2024.0,43.0,RS,4319307.0,São Paulo das Missões,MUNICIPAL,77.7,61.1,-16.6,78.07,-16.96999999999999,0,78.4,78.72,79.05,79.37,79.69,80.0,3,89.47368421052632,2746,116
2024.0,31.0,MG,3155504.0,Rio Paranaíba,MUNICIPAL,78.7,60.21,-18.490000000000002,78.89,-18.68,0,79.08,79.26,79.45,79.63,79.82,80.0,3,86.93693693693693,2821,674
2024.0,23.0,CE,2304236.0,Croatá,MUNICIPAL,98.5,99.14,0.6400000000000006,80.0,19.14,1,80.0,80.0,80.0,80.0,80.0,80.0,5,100.0,61,19
2024.0,27.0,AL,2703700.0,Jaramataia,MUNICIPAL,36.1,40.27,4.170000000000002,42.72,-2.4499999999999957,0,49.67,56.63,63.33,69.56,75.15,80.0,1,96.875,4270,71
2024.0,43.0,RS,4310009.0,Ibirubá,MUNICIPAL,60.0,55.7,-4.299999999999997,63.28,-7.579999999999998,0,66.47,69.53,72.42,75.13,77.66,80.0,2,92.7710843373494,3200,163
2024.0,17.0,TO,1713601.0,Monte do Carmo,MUNICIPAL,70.0,19.71,-50.29,71.56,-51.85,0,73.1,74.6,76.03,77.41,78.73,80.0,0,81.0126582278481,4939,125
2024.0,35.0,SP,3510401.0,Capivari,MUNICIPAL,64.5,66.48,1.980000000000004,67.01,-0.5300000000000011,0,69.46,71.8,74.03,76.14,78.13,80.0,3,94.66666666666669,2288,223
2024.0,29.0,BA,2929354.0,São José da Vitória,MUNICIPAL,31.3,27.27,-4.030000000000001,38.32,-11.05,0,45.87,53.62,61.19,68.26,74.57,80.0,0,93.90243902439023,4825,306
2024.0,41.0,PR,4123907.0,Santa Mariana,MUNICIPAL,73.7,83.73,10.030000000000001,74.63,9.100000000000009,1,75.59,76.52,77.43,78.31,79.17,80.0,5,85.84070796460178,751,66
2024.0,43.0,RS,4306924.0,Engenho Velho,MUNICIPAL,76.9,41.2,-35.7,77.38,-36.17999999999999,0,77.83,78.28,78.72,79.15,79.58,80.0,1,100.0,4212,311
2024.0,21.0,MA,2105807.0,Lago do Junco,MUNICIPAL,100.0,97.1,-2.9000000000000057,80.0,17.099999999999994,1,80.0,80.0,80.0,80.0,80.0,80.0,5,98.55072463768116,120,3
2024.0,12.0,AC,1200609.0,Tarauacá,MUNICIPAL,,45.18,,,,,51.74,58.25,64.48,70.26,75.45,80.0,1,85.98615916955016,3985,10
2024.0,21.0,MA,2112803.0,Viana,MUNICIPAL,58.3,53.36,-4.939999999999998,61.88,-8.520000000000003,0,65.36,68.68,71.82,74.76,77.49,80.0,2,92.66547406082287,3395,148
2024.0,17.0,TO,1702307.0,Arapoema,MUNICIPAL,37.3,68.32000000000001,31.02000000000001,43.86,24.460000000000008,1,50.64,57.39,63.87,69.89,75.29,80.0,3,90.2777777777778,2124,9
2024.0,31.0,MG,3152501.0,Pouso Alegre,MUNICIPAL,58.9,70.53,11.630000000000003,62.41,8.120000000000005,1,65.78,69.0,72.04,74.9,77.55,80.0,4,89.45578231292517,1896,514
2024.0,25.0,PB,2505600.0,Diamante,MUNICIPAL,25.0,72.15,47.150000000000006,32.22,39.93000000000001,1,40.4,49.16,57.96,66.29,73.72,80.0,4,96.55172413793105,1754,52
2024.0,29.0,BA,2923308.0,Ouriçangas,MUNICIPAL,35.9,50.59,14.690000000000005,42.62,7.970000000000006,1,49.58,56.56,63.29,69.53,75.13,80.0,2,94.44444444444444,3599,39
2024.0,42.0,SC,4218855.0,União do Oeste,MUNICIPAL,67.4,65.0,-2.4000000000000057,69.44,-4.439999999999998,0,71.41,73.29,75.09,76.81,78.45,80.0,3,80.55555555555556,2401,163
2024.0,35.0,SP,3543238.0,Ribeirão dos Índios,MUNICIPAL,70.6,91.67,21.070000000000007,72.08,19.590000000000003,1,73.53,74.92,76.27,77.56,78.81,80.0,5,100.0,322,27
2024.0,41.0,PR,4125456.0,São José das Palmeiras,MUNICIPAL,83.2,74.36,-8.840000000000003,80.0,-5.640000000000001,0,80.0,80.0,80.0,80.0,80.0,80.0,4,88.70967741935483,1566,191
2024.0,31.0,MG,3162302.0,São João da Mata,MUNICIPAL,78.1,72.0,-6.099999999999994,78.4,-6.400000000000006,0,78.68,78.95,79.21,79.48,79.74,80.0,4,100.0,1766,479
2024.0,42.0,SC,4200804.0,Anchieta,MUNICIPAL,77.5,91.81,14.310000000000002,77.89,13.920000000000002,1,78.25,78.61,78.96,79.31,79.66,80.0,5,82.45614035087719,318,11
2024.0,31.0,MG,3110509.0,Camanducaia,MUNICIPAL,54.6,58.56,3.960000000000001,58.85,-0.28999999999999915,0,62.93,66.83,70.51,73.95,77.12,80.0,2,81.17977528089888,2963,690
2024.0,31.0,MG,3108255.0,Bonito de Minas,MUNICIPAL,64.3,49.15,-15.149999999999999,66.87,-17.720000000000006,0,69.35,71.71,73.97,76.1,78.11,80.0,1,86.8421052631579,3700,734
2024.0,31.0,MG,3111408.0,Campo Florido,MUNICIPAL,76.0,52.14,-23.86,76.57,-24.429999999999993,0,77.17,77.76,78.33,78.9,79.46,80.0,2,80.83333333333333,3487,727
2024.0,28.0,SE,2804607.0,Nossa Senhora das Dores,MUNICIPAL,32.7,28.39,-4.310000000000002,39.64,-11.25,0,47.02,54.53,61.84,68.65,74.75,80.0,0,96.07843137254902,4793,53
2024.0,29.0,BA,2916401.0,Itapetinga,MUNICIPAL,39.6,32.22,-7.380000000000003,45.94,-13.719999999999999,0,52.38,58.75,64.83,70.47,75.55,80.0,0,92.74611398963732,4660,227
2024.0,43.0,RS,4312609.0,Muçum,MUNICIPAL,50.9,53.6,2.700000000000003,55.68,-2.0799999999999983,0,60.38,64.89,69.15,73.11,76.73,80.0,2,84.84848484848484,3378,184
2024.0,33.0,RJ,3302601.0,Mangaratiba,MUNICIPAL,47.5,40.95,-6.549999999999997,52.84,-11.89,0,58.07,63.13,67.92,72.35,76.39,80.0,1,76.06382978723404,4227,78
2024.0,31.0,MG,3120508.0,Cristina,MUNICIPAL,55.8,81.73,25.930000000000007,59.84,21.89,1,63.72,67.44,70.94,74.21,77.24,80.0,5,97.70992366412212,905,237
2024.0,21.0,MA,2105658.0,Junco do Maranhão,MUNICIPAL,94.8,67.86,-26.939999999999998,80.0,-12.14,0,80.0,80.0,80.0,80.0,80.0,80.0,3,92.5531914893617,2163,80
2024.0,41.0,PR,4107538.0,Entre Rios do Oeste,MUNICIPAL,88.8,96.25,7.450000000000003,80.0,16.25,1,80.0,80.0,80.0,80.0,80.0,80.0,5,84.7457627118644,146,4
2024.0,33.0,RJ,3303005.0,Miracema,MUNICIPAL,67.6,69.51,1.9100000000000108,69.57,-0.05999999999998806,0,71.51,73.37,75.15,76.85,78.47,80.0,3,86.19402985074626,2003,16
2024.0,41.0,PR,4126306.0,Sengés,MUNICIPAL,80.7,81.96000000000001,1.2600000000000051,80.0,1.960000000000008,1,80.0,80.0,80.0,80.0,80.0,80.0,5,91.869918699187,884,86
2024.0,29.0,BA,2916500.0,Itapicuru,MUNICIPAL,28.1,51.23,23.129999999999995,35.25,15.979999999999997,1,43.15,51.42,59.61,67.29,74.15,80.0,2,97.31343283582088,3554,37
2024.0,22.0,PI,2201770.0,Boa Hora,MUNICIPAL,58.7,47.16,-11.540000000000006,62.26,-15.100000000000001,0,65.66,68.91,71.98,74.86,77.53,80.0,1,95.74468085106383,3846,169
2024.0,41.0,PR,4128609.0,Verê,MUNICIPAL,81.0,67.29,-13.709999999999994,80.0,-12.709999999999994,0,80.0,80.0,80.0,80.0,80.0,80.0,3,90.56603773584906,2213,278
2024.0,22.0,PI,2201556.0,Bela Vista do Piauí,MUNICIPAL,61.1,89.26,28.160000000000004,64.18,25.08,1,67.2,70.08,72.81,75.37,77.77,80.0,5,97.43589743589745,435,36
2024.0,43.0,RS,4312138.0,Mato Castelhano,MUNICIPAL,76.5,38.7,-37.8,77.01,-38.31,0,77.53,78.04,78.54,79.04,79.52,80.0,0,90.32258064516128,4358,336
2024.0,29.0,BA,2908804.0,Contendas do Sincorá,MUNICIPAL,24.0,40.62,16.619999999999997,31.22,9.399999999999999,1,39.48,48.39,57.4,65.95,73.57,80.0,1,96.96969696969695,4251,124
2024.0,35.0,SP,3508702.0,Caconde,MUNICIPAL,70.2,75.94,5.739999999999995,71.78,4.159999999999997,1,73.29,74.74,76.13,77.48,78.77,80.0,4,93.63057324840764,1419,116
2024.0,16.0,AP,1600303.0,Macapá,MUNICIPAL,43.3,49.14,5.840000000000003,49.2,-0.060000000000002274,0,55.09,60.84,66.31,71.37,75.95,80.0,1,91.69190826482044,3701,7
2024.0,28.0,SE,2801207.0,Canindé de São Francisco,MUNICIPAL,22.7,26.66,3.960000000000001,29.89,-3.2300000000000004,0,38.24,47.34,56.63,65.47,73.36,80.0,0,96.4509394572025,4837,58
2024.0,31.0,MG,3168101.0,Tapira,MUNICIPAL,56.1,79.68,23.580000000000005,60.07,19.610000000000007,1,63.9,67.57,71.04,74.27,77.26,80.0,4,85.33333333333334,1072,286
2024.0,43.0,RS,4300570.0,Alto Feliz,MUNICIPAL,72.7,58.3,-14.400000000000006,73.84,-15.540000000000006,0,74.95,76.02,77.06,78.08,79.05,80.0,2,81.57894736842105,2988,141
2024.0,23.0,CE,2302701.0,Campos Sales,MUNICIPAL,84.2,82.79,-1.4099999999999966,80.0,2.7900000000000063,1,80.0,80.0,80.0,80.0,80.0,80.0,5,99.02912621359224,816,135
2024.0,52.0,GO,5209705.0,Hidrolândia,MUNICIPAL,69.0,65.56,-3.4399999999999977,70.74,-5.179999999999993,0,72.44,74.09,75.67,77.18,78.62,80.0,3,99.74683544303798,2348,197
2024.0,22.0,PI,2205607.0,Landri Sales,MUNICIPAL,97.9,100.0,2.0999999999999943,80.0,20.0,1,80.0,80.0,80.0,80.0,80.0,80.0,5,100.0,1,1
2024.0,29.0,BA,2910602.0,Esplanada,MUNICIPAL,19.9,23.96,4.060000000000002,26.95,-2.9899999999999984,0,35.44,44.95,54.85,64.38,72.89,80.0,0,94.97354497354496,4894,339
2024.0,41.0,PR,4117701.0,Palmeira,MUNICIPAL,71.6,65.93,-5.6699999999999875,72.95,-7.019999999999996,0,74.23,75.47,76.66,77.82,78.93,80.0,3,90.48723897911832,2322,289
2024.0,41.0,PR,4102307.0,Balsa Nova,MUNICIPAL,75.8,75.18,-0.6199999999999903,76.46,-1.279999999999987,0,77.08,77.69,78.28,78.87,79.44,80.0,4,88.9763779527559,1481,173
2024.0,41.0,PR,4125100.0,São João do Triunfo,MUNICIPAL,78.6,79.45,0.8500000000000085,78.79,0.6599999999999966,1,78.99,79.2,79.4,79.6,79.8,80.0,4,88.83720930232558,1092,114
2024.0,41.0,PR,4101853.0,Ariranha do Ivaí,MUNICIPAL,75.6,69.82000000000001,-5.779999999999987,76.27,-6.449999999999989,0,76.92,77.56,78.19,78.81,79.41,80.0,3,83.87096774193549,1979,260
2024.0,42.0,SC,4208609.0,Jaborá,MUNICIPAL,73.9,77.67,3.769999999999996,74.82,2.8500000000000085,1,75.75,76.64,77.52,78.37,79.2,80.0,4,83.33333333333334,1236,57
2024.0,31.0,MG,3138351.0,Leme do Prado,MUNICIPAL,52.9,92.39,39.49,57.42,34.97,1,61.78,65.96,69.9,73.57,76.94,80.0,5,97.5609756097561,298,46
2024.0,41.0,PR,4126801.0,Tapejara,MUNICIPAL,69.4,61.07,-8.330000000000005,71.09,-10.020000000000003,0,72.72,74.3,75.82,77.28,78.67,80.0,3,88.16568047337277,2750,327
2024.0,32.0,ES,3202553.0,Ibitirama,MUNICIPAL,73.9,79.56,5.659999999999997,74.85,4.710000000000008,1,75.77,76.66,77.53,78.38,79.2,80.0,4,97.38562091503267,1078,40
2024.0,35.0,SP,3537008.0,Pedregulho,MUNICIPAL,60.9,51.67,-9.229999999999997,64.02,-12.349999999999994,0,67.06,69.98,72.73,75.33,77.75,80.0,2,96.045197740113,3522,466
2024.0,31.0,MG,3158409.0,Santana de Cataguases,MUNICIPAL,85.2,73.26,-11.939999999999998,80.0,-6.739999999999995,0,80.0,80.0,80.0,80.0,80.0,80.0,4,95.83333333333334,1658,450
2024.0,35.0,SP,3527405.0,Lucélia,MUNICIPAL,64.5,68.26,3.760000000000005,67.06,1.2000000000000028,1,69.5,71.83,74.05,76.15,78.14,80.0,3,97.43589743589745,2128,201
2024.0,15.0,PA,1500602.0,Altamira,MUNICIPAL,46.7,45.32,-1.3800000000000026,52.09,-6.770000000000003,0,57.46,62.67,67.59,72.15,76.3,80.0,1,80.04104669061057,3972,80
2024.0,29.0,BA,2933505.0,Wenceslau Guimarães,MUNICIPAL,38.4,31.17,-7.229999999999997,44.82,-13.649999999999999,0,51.45,58.02,64.32,70.16,75.41,80.0,0,78.1725888324873,4699,244
2024.0,29.0,BA,2929503.0,São Sebastião do Passé,MUNICIPAL,50.0,46.1,-3.8999999999999986,54.89,-8.79,0,59.74,64.4,68.81,72.9,76.64,80.0,1,87.90849673202614,3918,74
2024.0,35.0,SP,3500709.0,Agudos,MUNICIPAL,57.2,64.6,7.3999999999999915,61.01,3.5899999999999963,1,64.66,68.15,71.44,74.52,77.38,80.0,3,90.9090909090909,2441,249
2024.0,43.0,RS,4310850.0,Jaboticaba,MUNICIPAL,85.5,25.0,-60.5,80.0,-55.0,0,80.0,80.0,80.0,80.0,80.0,80.0,0,100.0,4869,397
2024.0,43.0,RS,4313375.0,Nova Santa Rita,MUNICIPAL,57.3,64.9,7.6000000000000085,61.05,3.8500000000000085,1,64.69,68.17,71.46,74.54,77.38,80.0,3,85.0,2409,87
2024.0,42.0,SC,4205159.0,Doutor Pedrinho,MUNICIPAL,,79.10000000000001,,,,,79.25,79.4,79.55,79.7,79.85,80.0,4,95.0,1112,48
2024.0,42.0,SC,4211850.0,Ouro Verde,MUNICIPAL,44.6,66.67,22.07,50.27,16.4,1,55.97,61.52,66.79,71.66,76.08,80.0,3,88.23529411764706,2265,153
2024.0,25.0,PB,2510402.0,Olho d'Água,MUNICIPAL,64.2,89.36,25.159999999999997,66.76,22.599999999999994,1,69.26,71.65,73.92,76.07,78.1,80.0,5,95.74468085106383,432,26
2024.0,29.0,BA,2920403.0,Manoel Vitorino,MUNICIPAL,39.5,41.67,2.1700000000000017,45.86,-4.189999999999998,0,52.32,58.7,64.8,70.45,75.54,80.0,1,97.5609756097561,4190,113
2024.0,43.0,RS,4305587.0,Colinas,MUNICIPAL,86.9,39.9,-47.00000000000001,80.0,-40.1,0,80.0,80.0,80.0,80.0,80.0,80.0,0,86.20689655172413,4290,325
2024.0,31.0,MG,3128253.0,Guaraciama,MUNICIPAL,42.0,80.7,38.7,48.04,32.660000000000004,1,54.13,60.1,65.79,71.05,75.81,80.0,5,85.24590163934425,981,260
2024.0,25.0,PB,2512747.0,Riachão,MUNICIPAL,52.4,70.37,17.970000000000006,56.97,13.400000000000006,1,61.42,65.68,69.71,73.45,76.89,80.0,4,92.5925925925926,1911,55
2024.0,25.0,PB,2510204.0,Nova Olinda,MUNICIPAL,46.0,38.04,-7.960000000000001,51.47,-13.43,0,56.96,62.28,67.32,71.99,76.23,80.0,0,87.17948717948718,4399,187
2024.0,29.0,BA,2931202.0,Taperoá,MUNICIPAL,38.8,47.52,8.720000000000006,45.23,2.2900000000000063,1,51.79,58.28,64.51,70.27,75.46,80.0,1,95.27027027027027,3808,55
2024.0,43.0,RS,4305108.0,Caxias do Sul,MUNICIPAL,69.2,43.2,-26.0,70.89,-27.689999999999998,0,72.56,74.18,75.73,77.22,78.64,80.0,1,82.63353327620679,4102,292
2024.0,29.0,BA,2929206.0,São Francisco do Conde,MUNICIPAL,30.0,25.66,-4.34,37.11,-11.45,0,44.81,52.76,60.57,67.88,74.41,80.0,0,87.7237851662404,4858,322
2024.0,43.0,RS,4312401.0,Montenegro,MUNICIPAL,65.9,39.8,-26.10000000000001,68.22,-28.42,0,70.43,72.54,74.56,76.47,78.29,80.0,0,91.21447028423772,4295,326
2024.0,41.0,PR,4113403.0,Leópolis,MUNICIPAL,91.1,89.7,-1.3999999999999915,80.0,9.700000000000003,1,80.0,80.0,80.0,80.0,80.0,80.0,5,90.69767441860463,418,22
2024.0,25.0,PB,2504009.0,Campina Grande,MUNICIPAL,42.4,47.92,5.520000000000003,48.39,-0.46999999999999886,0,54.42,60.33,65.95,71.15,75.85,80.0,1,85.10217534607779,3781,142
2024.0,35.0,SP,3509700.0,Campos do Jordão,MUNICIPAL,51.2,57.120000000000005,5.920000000000002,55.98,1.1400000000000077,1,60.62,65.07,69.28,73.19,76.77,80.0,2,89.29292929292929,3085,382
2024.0,35.0,SP,3518404.0,Guaratinguetá,MUNICIPAL,56.8,55.83,-0.9699999999999989,60.67,-4.840000000000003,0,64.39,67.94,71.3,74.43,77.34,80.0,2,92.43353783231083,3187,405
2024.0,31.0,MG,3157104.0,Salto da Divisa,MUNICIPAL,43.8,59.15,15.350000000000001,49.57,9.579999999999998,1,55.39,61.08,66.47,71.47,75.99,80.0,2,92.5,2921,684
2024.0,29.0,BA,2905305.0,Cafarnaum,MUNICIPAL,21.6,30.37,8.77,28.79,1.5800000000000018,1,37.2,46.47,55.98,65.08,73.19,80.0,0,75.84269662921348,4727,258
2024.0,32.0,ES,3203007.0,Iúna,MUNICIPAL,71.9,67.97,-3.930000000000007,73.2,-5.230000000000004,0,74.43,75.62,76.77,77.89,78.96,80.0,3,93.4959349593496,2157,62
2024.0,17.0,TO,1717800.0,Ponte Alta do Bom Jesus,MUNICIPAL,9.5,44.56,35.06,15.03,29.53,1,22.93,33.35,45.69,58.59,70.4,80.0,1,89.36170212765957,4017,75
2024.0,15.0,PA,1506351.0,Santa Bárbara do Pará,MUNICIPAL,37.6,46.35,8.75,44.15,2.200000000000003,1,50.88,57.58,64.01,69.97,75.33,80.0,1,91.75627240143368,3902,75
2024.0,24.0,RN,2402709.0,Cerro Corá,MUNICIPAL,60.4,40.95,-19.449999999999996,63.66,-22.709999999999994,0,66.78,69.76,72.58,75.23,77.71,80.0,1,90.0,4227,67
2024.0,29.0,BA,2917706.0,Jaguarari,MUNICIPAL,30.6,40.77,10.170000000000002,37.63,3.1400000000000006,1,45.26,53.12,60.84,68.04,74.48,80.0,1,87.59398496240601,4240,122
2024.0,42.0,SC,4213203.0,Pomerode,MUNICIPAL,63.2,70.85000000000001,7.650000000000006,65.94,4.910000000000011,1,68.6,71.14,73.56,75.85,77.99,80.0,4,87.25490196078431,1862,115
2024.0,41.0,PR,4111803.0,Jacarezinho,MUNICIPAL,55.1,47.68,-7.420000000000002,59.25,-11.57,0,63.25,67.07,70.69,74.06,77.16,80.0,1,78.21100917431193,3801,364
2024.0,22.0,PI,2206308.0,Miguel Leão,MUNICIPAL,47.3,84.62,37.32000000000001,52.65,31.970000000000006,1,57.92,63.01,67.83,72.3,76.37,80.0,5,100.0,691,48
2024.0,29.0,BA,2932507.0,Una,MUNICIPAL,37.9,58.16,20.259999999999998,44.38,13.779999999999994,1,51.08,57.73,64.12,70.04,75.36,80.0,2,92.45283018867924,3002,14
2024.0,43.0,RS,4305132.0,Cerro Branco,MUNICIPAL,71.9,66.7,-5.200000000000003,73.15,-6.450000000000003,0,74.39,75.59,76.75,77.87,78.96,80.0,3,92.3076923076923,2253,73
2024.0,22.0,PI,2201903.0,Bom Jesus,MUNICIPAL,99.1,98.95,-0.14999999999999147,80.0,18.950000000000003,1,80.0,80.0,80.0,80.0,80.0,80.0,5,99.30313588850174,67,8
2024.0,15.0,PA,1507409.0,São Francisco do Pará,MUNICIPAL,37.0,37.44,0.4399999999999977,43.6,-6.160000000000004,0,50.41,57.21,63.75,69.81,75.26,80.0,0,78.62595419847328,4432,106
2024.0,26.0,PE,2613404.0,São José da Coroa Grande,MUNICIPAL,41.8,39.24,-2.559999999999995,47.83,-8.589999999999996,0,53.96,59.97,65.7,71.0,75.78,80.0,0,94.20849420849422,4324,168
2024.0,35.0,SP,3522307.0,Itapetininga,MUNICIPAL,42.2,50.81,8.61,48.17,2.6400000000000006,1,54.24,60.19,65.85,71.09,75.82,80.0,2,90.7258064516129,3581,477
2024.0,29.0,BA,2925600.0,Presidente Dutra,MUNICIPAL,21.3,20.0,-1.3000000000000007,28.43,-8.43,0,36.86,46.17,55.76,64.94,73.13,80.0,0,95.23809523809524,4937,359
2024.0,29.0,BA,2903235.0,Barro Alto,MUNICIPAL,24.3,29.75,5.449999999999999,31.51,-1.7600000000000016,0,39.75,48.61,57.57,66.05,73.61,80.0,0,98.3739837398374,4747,265
2024.0,51.0,MT,5101001.0,Araguaiana,MUNICIPAL,100.0,91.53,-8.469999999999999,80.0,11.530000000000001,1,80.0,80.0,80.0,80.0,80.0,80.0,5,90.2439024390244,337,9
2024.0,43.0,RS,4305702.0,Condor,MUNICIPAL,81.2,58.0,-23.200000000000003,80.0,-22.0,0,80.0,80.0,80.0,80.0,80.0,80.0,2,88.52459016393442,3014,146
2024.0,22.0,PI,2203404.0,Dom Expedito Lopes,MUNICIPAL,77.1,76.45,-0.6499999999999915,77.56,-1.1099999999999994,0,77.98,78.39,78.8,79.21,79.61,80.0,4,97.33333333333334,1363,73
2024.0,51.0,MT,5104542.0,Itanhangá,MUNICIPAL,89.0,77.99,-11.010000000000005,80.0,-2.010000000000005,0,80.0,80.0,80.0,80.0,80.0,80.0,4,89.60000000000001,1199,26
2024.0,29.0,BA,2922854.0,Nova Redenção,MUNICIPAL,31.9,27.03,-4.869999999999997,38.9,-11.869999999999997,0,46.37,54.02,61.48,68.43,74.65,80.0,0,78.72340425531915,4828,307
2024.0,41.0,PR,4127957.0,Tupãssi,MUNICIPAL,70.7,79.06,8.36,72.18,6.8799999999999955,1,73.61,74.98,76.31,77.59,78.82,80.0,4,94.1747572815534,1117,118
2024.0,31.0,MG,3148905.0,Pedra do Indaiá,MUNICIPAL,81.4,100.0,18.599999999999994,80.0,20.0,1,80.0,80.0,80.0,80.0,80.0,80.0,5,86.11111111111111,1,1
2024.0,43.0,RS,4322343.0,Ubiretama,MUNICIPAL,100.0,55.6,-44.4,80.0,-24.4,0,80.0,80.0,80.0,80.0,80.0,80.0,2,90.0,3209,164
2024.0,26.0,PE,2603504.0,Camocim de São Félix,MUNICIPAL,55.7,68.51,12.810000000000002,59.74,8.770000000000003,1,63.64,67.38,70.9,74.19,77.22,80.0,3,97.1264367816092,2105,72
2024.0,27.0,AL,2705804.0,Olho d'Água do Casado,MUNICIPAL,34.2,36.22,2.019999999999996,41.05,-4.829999999999998,0,48.24,55.5,62.53,69.07,74.93,80.0,0,95.86206896551724,4499,82
2024.0,31.0,MG,3151602.0,Planura,MUNICIPAL,45.9,65.98,20.080000000000005,51.44,14.540000000000006,1,56.93,62.26,67.3,71.98,76.22,80.0,3,88.75,2316,600
2024.0,29.0,BA,2919108.0,Lamarão,MUNICIPAL,22.2,19.57,-2.629999999999999,29.42,-9.850000000000001,0,37.8,46.97,56.36,65.31,73.29,80.0,0,97.87234042553192,4942,361
2024.0,43.0,RS,4306957.0,Entre Rios do Sul,MUNICIPAL,79.5,60.0,-19.5,79.55,-19.549999999999997,0,79.63,79.7,79.78,79.85,79.93,80.0,3,90.9090909090909,2836,123
2024.0,43.0,RS,4309555.0,Harmonia,MUNICIPAL,85.5,71.4,-14.099999999999994,80.0,-8.599999999999994,0,80.0,80.0,80.0,80.0,80.0,80.0,4,100.0,1815,48
2024.0,17.0,TO,1718899.0,Santa Rita do Tocantins,MUNICIPAL,63.2,43.12,-20.080000000000005,65.92,-22.800000000000004,0,68.59,71.13,73.56,75.84,77.99,80.0,1,93.75,4109,78
2024.0,17.0,TO,1716703.0,Colméia,MUNICIPAL,48.5,60.620000000000005,12.120000000000005,53.62,7.000000000000007,1,58.71,63.61,68.26,72.56,76.48,80.0,3,78.66666666666666,2787,23
2024.0,43.0,RS,4320800.0,Soledade,MUNICIPAL,66.3,61.9,-4.399999999999999,68.48,-6.580000000000005,0,70.64,72.7,74.67,76.55,78.32,80.0,3,75.86206896551724,2675,109
2024.0,29.0,BA,2931350.0,Teixeira de Freitas,MUNICIPAL,51.9,35.04,-16.86,56.5,-21.46,0,61.04,65.39,69.51,73.33,76.83,80.0,0,91.99192462987888,4555,192
2024.0,27.0,AL,2702504.0,Dois Riachos,MUNICIPAL,46.5,64.23,17.730000000000004,51.92,12.310000000000002,1,57.32,62.56,67.51,72.11,76.28,80.0,3,98.8095238095238,2488,21
2024.0,51.0,MT,5104906.0,Jangada,MUNICIPAL,55.9,54.870000000000005,-1.029999999999994,59.89,-5.019999999999996,0,63.76,67.47,70.96,74.23,77.24,80.0,2,87.3015873015873,3281,103
2024.0,41.0,PR,4108957.0,Guamiranga,MUNICIPAL,79.5,71.55,-7.950000000000003,79.6,-8.049999999999997,0,79.67,79.73,79.8,79.87,79.93,80.0,4,91.75257731958764,1801,236
2024.0,41.0,PR,4126405.0,Sertaneja,MUNICIPAL,92.0,90.98,-1.019999999999996,80.0,10.980000000000004,1,80.0,80.0,80.0,80.0,80.0,80.0,5,87.83783783783784,358,15
2024.0,15.0,PA,1505700.0,Ponta de Pedras,MUNICIPAL,38.7,57.13,18.43,45.11,12.020000000000003,1,51.69,58.21,64.45,70.24,75.45,80.0,2,93.48659003831418,3084,25
2024.0,31.0,MG,3101409.0,Albertina,MUNICIPAL,69.6,92.62,23.02000000000001,71.23,21.39,1,72.84,74.4,75.89,77.32,78.69,80.0,5,89.13043478260869,287,43
2024.0,33.0,RJ,3304110.0,Porto Real,MUNICIPAL,60.8,63.3,2.5,63.97,-0.6700000000000017,0,67.03,69.95,72.72,75.32,77.75,80.0,3,85.87786259541986,2567,37
2024.0,43.0,RS,4301404.0,Arvorezinha,MUNICIPAL,,63.2,,,,,66.42,69.49,72.39,75.11,77.65,80.0,3,95.65217391304348,2578,101
2024.0,29.0,BA,2903276.0,Barrocas,MUNICIPAL,42.1,46.15,4.049999999999997,48.11,-1.9600000000000009,0,54.19,60.15,65.82,71.07,75.82,80.0,1,80.53097345132744,3914,72
2024.0,50.0,MS,5006200.0,Nova Andradina,MUNICIPAL,58.4,69.44,11.04,61.97,7.469999999999999,1,65.43,68.73,71.85,74.78,77.5,80.0,3,98.05097451274362,2012,13
2024.0,22.0,PI,2207801.0,Paulistana,MUNICIPAL,45.1,50.47,5.369999999999997,50.71,-0.240000000000002,0,56.33,61.8,66.98,71.78,76.13,80.0,2,95.16129032258064,3610,157
2024.0,31.0,MG,3161700.0,São Gonçalo do Abaeté,MUNICIPAL,86.4,82.95,-3.450000000000003,80.0,2.950000000000003,1,80.0,80.0,80.0,80.0,80.0,80.0,5,95.08196721311477,804,206
2024.0,11.0,RO,1100098.0,Espigão D'Oeste,MUNICIPAL,85.3,71.16,-14.14,80.0,-8.840000000000003,0,80.0,80.0,80.0,80.0,80.0,80.0,4,90.3846153846154,1838,16
2024.0,29.0,BA,2913804.0,Ipecaetá,MUNICIPAL,34.8,46.51,11.71,41.61,4.899999999999999,1,48.71,55.88,62.8,69.24,75.0,80.0,1,94.5054945054945,3890,68
2024.0,29.0,BA,2904407.0,Brejolândia,MUNICIPAL,41.1,40.43,-0.6700000000000017,47.23,-6.799999999999997,0,53.46,59.59,65.43,70.83,75.71,80.0,1,94.0,4262,128
2024.0,15.0,PA,1507755.0,Sapucaia,MUNICIPAL,79.9,71.84,-8.060000000000002,79.9,-8.060000000000002,0,79.91,79.93,79.95,79.97,79.98,80.0,4,84.84848484848484,1783,6
2024.0,43.0,RS,4302238.0,Boa Vista do Incra,MUNICIPAL,71.3,26.6,-44.699999999999996,72.67,-46.07,0,74.0,75.29,76.53,77.73,78.89,80.0,0,95.83333333333334,4841,392
2024.0,43.0,RS,4321626.0,Travesseiro,MUNICIPAL,87.7,67.8,-19.900000000000006,80.0,-12.200000000000003,0,80.0,80.0,80.0,80.0,80.0,80.0,3,73.07692307692307,2167,70
2024.0,26.0,PE,2614105.0,Sertânia,MUNICIPAL,59.1,56.65,-2.450000000000003,62.6,-5.950000000000003,0,65.93,69.11,72.12,74.95,77.58,80.0,2,96.48562300319487,3123,128
2024.0,31.0,MG,3169000.0,Tocantins,MUNICIPAL,58.4,71.46000000000001,13.06000000000001,61.96,9.500000000000007,1,65.42,68.72,71.85,74.78,77.5,80.0,4,90.47619047619048,1804,490
2024.0,23.0,CE,2304350.0,Forquilha,MUNICIPAL,100.0,100.0,0.0,80.0,20.0,1,80.0,80.0,80.0,80.0,80.0,80.0,5,99.56521739130434,1,1
2024.0,43.0,RS,4316907.0,Santa Maria,MUNICIPAL,65.3,39.7,-25.599999999999994,67.72,-28.019999999999996,0,70.02,72.23,74.34,76.33,78.22,80.0,0,77.88595271210013,4304,328
2024.0,31.0,MG,3130556.0,Imbé de Minas,MUNICIPAL,65.6,88.46000000000001,22.860000000000014,67.94,20.52000000000001,1,70.2,72.37,74.43,76.4,78.25,80.0,5,94.23076923076924,466,97
2024.0,35.0,SP,3555505.0,Ubirajara,MUNICIPAL,48.8,56.25,7.450000000000003,53.91,2.3400000000000034,1,58.94,63.79,68.38,72.64,76.52,80.0,2,94.28571428571428,3154,396
2024.0,41.0,PR,4124905.0,São João do Caiuá,MUNICIPAL,93.3,93.06,-0.23999999999999488,80.0,13.060000000000002,1,80.0,80.0,80.0,80.0,80.0,80.0,5,93.5483870967742,273,10
2024.0,31.0,MG,3153806.0,Queluzito,MUNICIPAL,61.5,95.0,33.5,64.59,30.409999999999997,1,67.52,70.32,72.98,75.48,77.82,80.0,5,95.23809523809524,202,19
2024.0,21.0,MA,2106508.0,Matinha,MUNICIPAL,64.0,46.67,-17.33,66.6,-19.929999999999993,0,69.13,71.55,73.85,76.03,78.08,80.0,1,95.3846153846154,3880,170
2024.0,31.0,MG,3150570.0,Pintópolis,MUNICIPAL,48.0,64.82000000000001,16.820000000000007,53.21,11.610000000000007,1,58.37,63.36,68.08,72.45,76.43,80.0,3,89.62264150943396,2417,621
2024.0,43.0,RS,4321303.0,Taquari,MUNICIPAL,49.6,13.2,-36.400000000000006,54.6,-41.400000000000006,0,59.5,64.22,68.68,72.82,76.6,80.0,0,72.28915662650603,4966,404
2024.0,50.0,MS,5003207.0,Corumbá,MUNICIPAL,41.5,38.3,-3.200000000000003,47.61,-9.310000000000002,0,53.78,59.83,65.6,70.94,75.76,80.0,0,82.02099737532808,4381,72
2024.0,24.0,RN,2409308.0,Patu,MUNICIPAL,32.2,32.76,0.5599999999999952,39.13,-6.3700000000000045,0,46.58,54.18,61.59,68.5,74.68,80.0,0,83.33333333333334,4643,102
2024.0,43.0,RS,4301206.0,Arroio do Tigre,MUNICIPAL,80.4,64.7,-15.700000000000003,80.0,-15.299999999999997,0,80.0,80.0,80.0,80.0,80.0,80.0,3,96.49122807017544,2436,90
2024.0,22.0,PI,2201572.0,Belém do Piauí,MUNICIPAL,100.0,100.0,0.0,80.0,20.0,1,80.0,80.0,80.0,80.0,80.0,80.0,5,100.0,1,1
2024.0,32.0,ES,3201605.0,Conceição da Barra,MUNICIPAL,73.7,68.12,-5.579999999999998,74.67,-6.549999999999997,0,75.62,76.55,77.45,78.32,79.17,80.0,3,93.91727493917274,2137,61
2024.0,17.0,TO,1712405.0,Lizarda,MUNICIPAL,42.6,19.44,-23.16,48.57,-29.13,0,54.57,60.44,66.03,71.2,75.87,80.0,0,75.0,4944,127
2024.0,31.0,MG,3158300.0,Santana da Vargem,MUNICIPAL,64.9,87.45,22.549999999999997,67.34,20.11,1,69.72,72.0,74.17,76.23,78.17,80.0,5,88.88888888888889,523,112
2024.0,31.0,MG,3154150.0,Reduto,MUNICIPAL,39.4,83.87,44.470000000000006,45.77,38.1,1,52.24,58.64,64.76,70.43,75.53,80.0,5,92.04545454545456,743,189
2024.0,25.0,PB,2512408.0,Puxinanã,MUNICIPAL,75.6,62.11,-13.489999999999995,76.24,-14.129999999999995,0,76.9,77.55,78.18,78.8,79.41,80.0,3,97.2222222222222,2665,84
2024.0,21.0,MA,2102507.0,Cajari,MUNICIPAL,53.3,34.1,-19.199999999999996,57.7,-23.6,0,62.0,66.13,70.02,73.65,76.98,80.0,0,78.26086956521739,4590,201
2024.0,31.0,MG,3147006.0,Paracatu,MUNICIPAL,65.7,63.56,-2.1400000000000006,68.02,-4.459999999999994,0,70.27,72.42,74.47,76.42,78.26,80.0,3,89.61988304093568,2549,638
2024.0,35.0,SP,3514809.0,Eldorado,MUNICIPAL,62.3,75.19,12.89,65.24,9.950000000000003,1,68.04,70.72,73.26,75.66,77.91,80.0,4,87.62886597938144,1479,122
2024.0,35.0,SP,3542602.0,Registro,MUNICIPAL,52.3,63.81,11.510000000000005,56.89,6.920000000000002,1,61.35,65.63,69.67,73.43,76.88,80.0,3,91.13475177304964,2529,265
2024.0,25.0,PB,2515104.0,São Sebastião de Lagoa de Roça,MUNICIPAL,64.4,57.17,-7.230000000000004,66.95,-9.780000000000001,0,69.41,71.76,74.0,76.12,78.12,80.0,2,91.35802469135804,3077,101
2024.0,35.0,SP,3537404.0,Pereira Barreto,MUNICIPAL,66.1,83.47,17.370000000000005,68.39,15.079999999999998,1,70.56,72.64,74.63,76.52,78.31,80.0,5,92.34234234234236,766,63
2024.0,43.0,RS,4320503.0,Sertão,MUNICIPAL,59.8,47.2,-12.599999999999994,63.15,-15.949999999999996,0,66.38,69.45,72.36,75.1,77.64,80.0,1,96.55172413793105,3840,247
2024.0,35.0,SP,3518602.0,Guariba,MUNICIPAL,69.7,78.67,8.969999999999999,71.35,7.320000000000007,1,72.94,74.47,75.94,77.35,78.71,80.0,4,92.23300970873788,1144,95
2024.0,25.0,PB,2504157.0,Casserengue,MUNICIPAL,48.0,58.51,10.509999999999998,53.21,5.299999999999997,1,58.37,63.36,68.08,72.45,76.43,80.0,2,95.6043956043956,2966,99
2024.0,35.0,SP,3531209.0,Monte Alegre do Sul,MUNICIPAL,55.1,56.59,1.490000000000002,59.25,-2.6599999999999966,0,63.25,67.07,70.69,74.06,77.16,80.0,2,93.75,3126,389
2024.0,25.0,PB,2503803.0,Caldas Brandão,MUNICIPAL,54.9,32.4,-22.5,59.08,-26.68,0,63.11,66.97,70.62,74.01,77.14,80.0,0,84.90566037735849,4653,197
2024.0,52.0,GO,5205208.0,Caturaí,MUNICIPAL,68.4,87.17,18.769999999999996,70.26,16.909999999999997,1,72.06,73.8,75.46,77.04,78.56,80.0,5,83.33333333333334,537,61
2024.0,42.0,SC,4208401.0,Itapiranga,MUNICIPAL,71.6,78.16,6.560000000000002,72.9,5.259999999999991,1,74.19,75.44,76.64,77.8,78.92,80.0,4,86.11111111111111,1183,51
2024.0,35.0,SP,3510153.0,Canitar,MUNICIPAL,,79.49,,,,,79.58,79.66,79.75,79.83,79.92,80.0,4,92.5531914893617,1086,89
2024.0,31.0,MG,3166808.0,Serra do Salitre,MUNICIPAL,59.9,72.87,12.970000000000006,63.21,9.660000000000004,1,66.42,69.49,72.39,75.11,77.65,80.0,4,83.50515463917526,1693,458
2024.0,41.0,PR,4127858.0,Três Barras do Paraná,MUNICIPAL,79.4,75.42,-3.980000000000004,79.46,-4.039999999999992,0,79.55,79.64,79.73,79.82,79.91,80.0,4,88.27586206896552,1458,169
2024.0,29.0,BA,2905701.0,Camaçari,MUNICIPAL,33.6,36.56,2.960000000000001,40.43,-3.8699999999999974,0,47.7,55.07,62.23,68.89,74.85,80.0,0,92.03029210241615,4490,177
2024.0,51.0,MT,5105309.0,Luciara,MUNICIPAL,37.7,46.43,8.729999999999997,44.17,2.259999999999998,1,50.89,57.59,64.01,69.97,75.33,80.0,1,93.33333333333331,3895,123
2024.0,52.0,GO,5211602.0,Ivolândia,MUNICIPAL,80.8,73.91,-6.890000000000001,80.0,-6.090000000000003,0,80.0,80.0,80.0,80.0,80.0,80.0,4,100.0,1604,157
2024.0,29.0,BA,2927804.0,Santa Cruz da Vitória,MUNICIPAL,45.1,37.04,-8.060000000000002,50.76,-13.719999999999999,0,56.38,61.83,67.01,71.8,76.14,80.0,0,94.73684210526316,4454,161
2024.0,15.0,PA,1500305.0,Afuá,MUNICIPAL,30.8,38.18,7.379999999999999,37.86,0.3200000000000003,1,45.47,53.29,60.96,68.12,74.51,80.0,0,87.98283261802575,4390,102
2024.0,23.0,CE,2304608.0,General Sampaio,MUNICIPAL,94.2,97.65,3.450000000000003,80.0,17.650000000000006,1,80.0,80.0,80.0,80.0,80.0,80.0,5,100.0,106,49
2024.0,22.0,PI,2209401.0,Santo Antônio de Lisboa,MUNICIPAL,61.2,55.71,-5.490000000000002,64.31,-8.600000000000001,0,67.3,70.16,72.86,75.41,77.79,80.0,2,96.96969696969695,3199,135
2024.0,43.0,RS,4323705.0,Vista Gaúcha,MUNICIPAL,74.3,100.0,25.700000000000003,75.14,24.86,1,76.0,76.84,77.67,78.46,79.24,80.0,5,83.33333333333334,1,1
2024.0,26.0,PE,2609501.0,Nazaré da Mata,MUNICIPAL,54.7,56.96,2.259999999999998,58.93,-1.9699999999999989,0,62.99,66.88,70.55,73.97,77.13,80.0,2,97.3568281938326,3098,124
2024.0,25.0,PB,2500908.0,Arara,MUNICIPAL,35.4,52.9,17.5,42.08,10.82,1,49.12,56.2,63.03,69.38,75.06,80.0,2,98.14814814814817,3428,116
2024.0,21.0,MA,2104602.0,Governador Eugênio Barros,MUNICIPAL,52.9,48.13,-4.769999999999996,57.38,-9.25,0,61.75,65.93,69.88,73.56,76.94,80.0,1,86.88524590163934,3766,166
2024.0,42.0,SC,4207403.0,Imbuia,MUNICIPAL,64.8,79.52,14.719999999999999,67.27,12.25,1,69.66,71.96,74.14,76.21,78.16,80.0,4,91.30434782608695,1083,43
2024.0,29.0,BA,2918803.0,Laje,MUNICIPAL,46.6,45.45,-1.1499999999999986,52.04,-6.589999999999996,0,57.42,62.63,67.57,72.14,76.29,80.0,1,91.66666666666666,3953,77
2024.0,32.0,ES,3205069.0,Venda Nova do Imigrante,MUNICIPAL,83.0,82.2,-0.7999999999999972,80.0,2.200000000000003,1,80.0,80.0,80.0,80.0,80.0,80.0,5,93.28859060402684,860,25
2024.0,29.0,BA,2915304.0,Itagimirim,MUNICIPAL,32.8,25.0,-7.799999999999997,39.74,-14.740000000000002,0,47.11,54.6,61.89,68.68,74.76,80.0,0,93.02325581395348,4869,328
2024.0,25.0,PB,2514206.0,São José da Lagoa Tapada,MUNICIPAL,85.7,59.52,-26.18,80.0,-20.479999999999997,0,80.0,80.0,80.0,80.0,80.0,80.0,2,100.0,2895,96
2024.0,23.0,CE,2302206.0,Beberibe,MUNICIPAL,78.1,81.60000000000001,3.500000000000014,78.39,3.210000000000008,1,78.66,78.94,79.21,79.47,79.74,80.0,5,97.82923299565849,917,140
2024.0,21.0,MA,2101806.0,Benedito Leite,MUNICIPAL,56.0,47.28,-8.719999999999999,59.98,-12.699999999999996,0,63.84,67.52,71.0,74.25,77.25,80.0,1,92.3076923076923,3836,168
2024.0,51.0,MT,5101704.0,Barra do Bugres,MUNICIPAL,50.9,72.78,21.880000000000003,55.71,17.07,1,60.4,64.91,69.16,73.12,76.74,80.0,4,94.03669724770644,1701,41
2024.0,35.0,SP,3549607.0,São José do Barreiro,MUNICIPAL,37.9,52.78,14.880000000000003,44.38,8.399999999999999,1,51.08,57.73,64.12,70.04,75.36,80.0,2,94.44444444444444,3434,459
2024.0,50.0,MS,5007950.0,Tacuru,MUNICIPAL,51.6,56.620000000000005,5.020000000000003,56.3,0.3200000000000074,1,60.88,65.27,69.42,73.27,76.81,80.0,2,93.5,3124,37
2024.0,43.0,RS,4315701.0,Rio Pardo,MUNICIPAL,73.4,63.4,-10.000000000000007,74.39,-10.990000000000002,0,75.39,76.37,77.32,78.24,79.13,80.0,3,96.29629629629628,2560,100
2024.0,42.0,SC,4205506.0,Fraiburgo,MUNICIPAL,66.6,77.72,11.120000000000005,68.73,8.989999999999995,1,70.84,72.85,74.78,76.62,78.36,80.0,4,85.38011695906432,1228,56
2024.0,35.0,SP,3532108.0,Murutinga do Sul,MUNICIPAL,57.6,100.0,42.4,61.33,38.67,1,64.91,68.34,71.58,74.61,77.42,80.0,5,96.96969696969695,1,1
2024.0,41.0,PR,4124707.0,São Jerônimo da Serra,MUNICIPAL,81.2,71.33,-9.870000000000005,80.0,-8.670000000000002,0,80.0,80.0,80.0,80.0,80.0,80.0,4,93.61702127659576,1828,239
2024.0,35.0,SP,3539301.0,Pirassununga,MUNICIPAL,45.9,56.4,10.5,51.43,4.969999999999999,1,56.92,62.25,67.3,71.98,76.22,80.0,2,90.5511811023622,3144,394
2024.0,22.0,PI,2203271.0,Curral Novo do Piauí,MUNICIPAL,16.1,48.34,32.24,22.86,25.480000000000004,1,31.38,41.37,52.12,62.69,72.16,80.0,1,98.64864864864865,3752,165
2024.0,41.0,PR,4128534.0,Ventania,MUNICIPAL,74.1,77.17,3.0700000000000074,75.01,2.1599999999999966,1,75.89,76.76,77.6,78.42,79.22,80.0,4,89.65517241379311,1291,150
2024.0,31.0,MG,3103603.0,Arantina,MUNICIPAL,75.0,57.09,-17.909999999999997,75.76,-18.67,0,76.51,77.24,77.95,78.65,79.33,80.0,2,77.77777777777779,3089,703
2024.0,31.0,MG,3165602.0,Senador Cortes,MUNICIPAL,42.1,81.82000000000001,39.720000000000006,48.13,33.690000000000005,1,54.21,60.16,65.83,71.08,75.82,80.0,5,91.66666666666666,897,234
2024.0,29.0,BA,2902203.0,Aramari,MUNICIPAL,21.7,17.95,-3.75,28.9,-10.95,0,37.3,46.55,56.04,65.11,73.21,80.0,0,89.65517241379311,4954,364
2024.0,35.0,SP,3528809.0,Maracaí,MUNICIPAL,84.8,91.17,6.3700000000000045,80.0,11.170000000000002,1,80.0,80.0,80.0,80.0,80.0,80.0,5,93.22033898305084,352,30
2024.0,33.0,RJ,3304300.0,Rio Bonito,MUNICIPAL,55.9,57.46,1.5600000000000023,59.87,-2.4099999999999966,0,63.74,67.45,70.95,74.22,77.24,80.0,2,81.76197836166924,3049,50
2024.0,29.0,BA,2903508.0,Belo Campo,MUNICIPAL,47.6,33.06,-14.54,52.89,-19.83,0,58.11,63.16,67.94,72.37,76.4,80.0,0,92.53731343283582,4630,215
2024.0,24.0,RN,2410405.0,Pureza,MUNICIPAL,35.9,36.22,0.3200000000000003,42.59,-6.3700000000000045,0,49.56,56.54,63.27,69.52,75.13,80.0,0,78.0952380952381,4499,87
2024.0,25.0,PB,2509701.0,Monteiro,MUNICIPAL,55.0,61.09,6.090000000000003,59.17,1.9200000000000017,1,63.19,67.03,70.66,74.04,77.16,80.0,3,95.84664536741214,2748,87
2024.0,42.0,SC,4209508.0,Laurentino,MUNICIPAL,64.3,60.32,-3.979999999999997,66.86,-6.539999999999999,0,69.33,71.7,73.96,76.1,78.11,80.0,3,75.67567567567568,2813,180
2024.0,21.0,MA,2104909.0,Guimarães,MUNICIPAL,89.1,86.95,-2.1499999999999915,80.0,6.950000000000003,1,80.0,80.0,80.0,80.0,80.0,80.0,5,94.77611940298507,553,18
2024.0,27.0,AL,2706802.0,Piaçabuçu,MUNICIPAL,31.7,42.39,10.690000000000001,38.74,3.6499999999999986,1,46.24,53.91,61.4,68.38,74.63,80.0,1,93.7759336099585,4155,66
2024.0,21.0,MA,2104206.0,Fortuna,MUNICIPAL,40.4,72.06,31.660000000000004,46.62,25.440000000000005,1,52.96,59.19,65.15,70.66,75.63,80.0,4,97.17868338557992,1761,63
2024.0,43.0,RS,4323200.0,Victor Graeff,MUNICIPAL,88.9,56.3,-32.60000000000001,80.0,-23.700000000000003,0,80.0,80.0,80.0,80.0,80.0,80.0,2,88.88888888888889,3149,161
2024.0,29.0,BA,2906105.0,Canápolis,MUNICIPAL,37.3,29.55,-7.7499999999999964,43.85,-14.3,0,50.63,57.38,63.87,69.88,75.29,80.0,0,96.7032967032967,4755,270
2024.0,25.0,PB,2514503.0,São José de Piranhas,MUNICIPAL,34.1,55.77,21.67,40.93,14.840000000000003,1,48.14,55.42,62.48,69.04,74.92,80.0,2,96.40287769784172,3192,104
2024.0,35.0,SP,3550506.0,São Pedro do Turvo,MUNICIPAL,69.2,71.42,2.219999999999999,70.94,0.480000000000004,1,72.6,74.21,75.75,77.23,78.65,80.0,4,95.45454545454544,1812,165
2024.0,31.0,MG,3119955.0,Córrego Fundo,MUNICIPAL,69.6,96.07,26.47,71.22,24.849999999999994,1,72.83,74.39,75.88,77.32,78.69,80.0,5,88.13559322033898,156,13
2024.0,35.0,SP,3506102.0,Bebedouro,MUNICIPAL,48.7,55.75,7.049999999999997,53.82,1.9299999999999997,1,58.87,63.74,68.35,72.62,76.51,80.0,2,89.43217665615141,3193,406
2024.0,26.0,PE,2610400.0,Parnamirim,MUNICIPAL,48.7,58.91,10.209999999999994,53.79,5.119999999999997,1,58.85,63.73,68.33,72.61,76.51,80.0,2,95.1086956521739,2937,114
2024.0,25.0,PB,2501153.0,Areia de Baraúnas,MUNICIPAL,25.0,36.36,11.36,32.22,4.140000000000001,1,40.4,49.16,57.96,66.29,73.72,80.0,0,100.0,4493,192
2024.0,31.0,MG,3145356.0,Novo Oriente de Minas,MUNICIPAL,45.0,62.370000000000005,17.370000000000005,50.62,11.750000000000007,1,56.26,61.74,66.94,71.76,76.12,80.0,3,96.92307692307692,2646,657
2024.0,31.0,MG,3171600.0,Virgem da Lapa,MUNICIPAL,50.1,85.10000000000001,35.00000000000001,55.04,30.06000000000001,1,59.86,64.49,68.87,72.94,76.66,80.0,5,92.40506329113924,655,163
2024.0,24.0,RN,2414100.0,Tenente Ananias,MUNICIPAL,42.9,52.25,9.350000000000001,48.81,3.4399999999999977,1,54.77,60.59,66.13,71.26,75.9,80.0,2,90.625,3482,29
2024.0,26.0,PE,2610608.0,Paudalho,MUNICIPAL,63.0,66.03,3.030000000000001,65.79,0.23999999999999488,1,68.48,71.05,73.5,75.81,77.98,80.0,3,94.73684210526316,2313,86
2024.0,35.0,SP,3511904.0,Clementina,MUNICIPAL,51.1,54.120000000000005,3.020000000000003,55.83,-1.7099999999999937,0,60.5,64.98,69.22,73.15,76.75,80.0,2,89.1891891891892,3344,436
2024.0,35.0,SP,3514205.0,Dolcinópolis,MUNICIPAL,76.6,65.38,-11.219999999999999,77.13,-11.75,0,77.62,78.12,78.6,79.07,79.54,80.0,3,100.0,2368,238
2024.0,31.0,MG,3133402.0,Itapagipe,MUNICIPAL,63.9,77.3,13.399999999999999,66.51,10.789999999999992,1,69.06,71.49,73.81,76.0,78.07,80.0,4,92.0,1273,347
2024.0,23.0,CE,2306306.0,Itapajé,MUNICIPAL,90.7,89.55,-1.1500000000000057,80.0,9.549999999999997,1,80.0,80.0,80.0,80.0,80.0,80.0,5,97.23320158102769,425,114
2024.0,43.0,RS,4321493.0,Toropi,MUNICIPAL,100.0,38.7,-61.3,80.0,-41.3,0,80.0,80.0,80.0,80.0,80.0,80.0,0,94.11764705882352,4358,336
2024.0,42.0,SC,4210852.0,Mirim Doce,MUNICIPAL,39.2,74.06,34.86,45.55,28.510000000000005,1,52.06,58.49,64.65,70.36,75.5,80.0,4,79.41176470588235,1592,93
2024.0,22.0,PI,2204402.0,Gilbués,MUNICIPAL,31.3,39.2,7.900000000000002,38.32,0.8800000000000026,1,45.87,53.61,61.18,68.25,74.57,80.0,0,96.45390070921984,4326,190
2024.0,24.0,RN,2410504.0,Rafael Fernandes,MUNICIPAL,55.6,41.81,-13.79,59.65,-17.839999999999996,0,63.57,67.32,70.86,74.16,77.21,80.0,1,85.71428571428571,4181,64
2024.0,51.0,MT,5101605.0,Barão de Melgaço,MUNICIPAL,60.0,41.67,-18.33,63.34,-21.67,0,66.53,69.57,72.45,75.15,77.67,80.0,1,88.88888888888889,4190,128
2024.0,35.0,SP,3511102.0,Catanduva,MUNICIPAL,54.4,70.27,15.869999999999997,58.62,11.649999999999999,1,62.74,66.69,70.42,73.89,77.09,80.0,4,91.03194103194105,1922,178
2024.0,31.0,MG,3170750.0,Varjão de Minas,MUNICIPAL,57.2,93.29,36.09,61.0,32.290000000000006,1,64.65,68.14,71.44,74.52,77.38,80.0,5,95.45454545454544,263,35
2024.0,29.0,BA,2931707.0,Terra Nova,MUNICIPAL,23.3,28.42,5.120000000000001,30.46,-2.039999999999999,0,38.77,47.79,56.96,65.68,73.45,80.0,0,93.1372549019608,4789,290
2024.0,24.0,RN,2401305.0,Campo Grande,MUNICIPAL,36.1,43.77,7.670000000000002,42.79,0.980000000000004,1,49.73,56.67,63.37,69.58,75.15,80.0,1,91.02564102564102,4070,55
2024.0,31.0,MG,3140100.0,Marilac,MUNICIPAL,63.1,56.14,-6.960000000000001,65.87,-9.730000000000004,0,68.55,71.1,73.53,75.83,77.99,80.0,2,89.83050847457628,3165,708
2024.0,24.0,RN,2411601.0,São Bento do Norte,MUNICIPAL,57.8,32.17,-25.629999999999995,61.45,-29.28,0,65.01,68.42,71.63,74.64,77.43,80.0,0,91.8032786885246,4662,108
2024.0,35.0,SP,3504800.0,Bálsamo,MUNICIPAL,81.6,83.51,1.9100000000000108,80.0,3.510000000000005,1,80.0,80.0,80.0,80.0,80.0,80.0,5,85.71428571428571,763,62
2024.0,35.0,SP,3542503.0,Reginópolis,MUNICIPAL,96.7,84.53,-12.170000000000002,80.0,4.530000000000001,1,80.0,80.0,80.0,80.0,80.0,80.0,5,97.26027397260276,703,56
2024.0,31.0,MG,3167301.0,Silveirânia,MUNICIPAL,91.7,86.36,-5.340000000000003,80.0,6.359999999999999,1,80.0,80.0,80.0,80.0,80.0,80.0,5,100.0,581,137
2024.0,43.0,RS,4302501.0,Bossoroca,MUNICIPAL,50.0,38.4,-11.600000000000001,54.93,-16.53,0,59.77,64.43,68.83,72.91,76.64,80.0,0,86.66666666666667,4374,341
2024.0,33.0,RJ,3304201.0,Resende,MUNICIPAL,68.6,72.48,3.8800000000000097,70.45,2.030000000000001,1,72.21,73.91,75.54,77.1,78.58,80.0,4,84.96110630942091,1720,9
2024.0,15.0,PA,1501006.0,Aveiro,MUNICIPAL,57.2,64.37,7.170000000000002,61.01,3.3600000000000065,1,64.66,68.15,71.44,74.52,77.38,80.0,3,88.33333333333333,2472,15
2024.0,35.0,SP,3536802.0,Pedra Bela,MUNICIPAL,,47.19,,,,,53.43,59.56,65.41,70.82,75.7,80.0,1,83.6734693877551,3842,516
2024.0,31.0,MG,3154101.0,Recreio,MUNICIPAL,72.2,64.51,-7.689999999999998,73.4,-8.89,0,74.59,75.75,76.87,77.95,78.99,80.0,3,88.88888888888889,2453,626
2024.0,22.0,PI,2203420.0,Domingos Mourão,MUNICIPAL,91.4,82.22,-9.180000000000007,80.0,2.219999999999999,1,80.0,80.0,80.0,80.0,80.0,80.0,5,100.0,859,56
2024.0,29.0,BA,2902906.0,Barra do Choça,MUNICIPAL,36.1,30.6,-5.5,42.76,-12.159999999999997,0,49.7,56.65,63.35,69.57,75.15,80.0,0,96.0552268244576,4720,253
2024.0,31.0,MG,3130051.0,Icaraí de Minas,MUNICIPAL,54.0,77.42,23.42,58.3,19.120000000000005,1,62.49,66.5,70.28,73.81,77.05,80.0,4,95.77464788732394,1260,344
2024.0,42.0,SC,4213005.0,Pinheiro Preto,MUNICIPAL,59.3,79.31,20.010000000000005,62.71,16.6,1,66.02,69.18,72.17,74.98,77.59,80.0,4,85.24590163934425,1101,45
2024.0,41.0,PR,4127502.0,Tibagi,MUNICIPAL,77.8,77.79,-0.009999999999990905,78.09,-0.29999999999999716,0,78.42,78.74,79.06,79.38,79.69,80.0,4,89.6774193548387,1218,136
2024.0,17.0,TO,1718501.0,Recursolândia,MUNICIPAL,4.6,50.29,45.69,8.25,42.04,1,14.48,24.16,37.49,53.03,68.0,80.0,2,90.56603773584906,3620,56
2024.0,52.0,GO,5208301.0,Divinópolis de Goiás,MUNICIPAL,79.9,80.42,0.519999999999996,79.92,0.5,1,79.94,79.95,79.96,79.97,79.99,80.0,5,97.33333333333334,1000,119
2024.0,43.0,RS,4302584.0,Bozano,MUNICIPAL,100.0,27.3,-72.7,80.0,-52.7,0,80.0,80.0,80.0,80.0,80.0,80.0,0,100.0,4823,390
2024.0,25.0,PB,2513109.0,Salgado de São Félix,MUNICIPAL,87.4,40.52,-46.88,80.0,-39.48,0,80.0,80.0,80.0,80.0,80.0,80.0,1,92.5,4258,179
2024.0,50.0,MS,5002001.0,Batayporã,MUNICIPAL,45.7,67.77,22.069999999999993,51.26,16.509999999999998,1,56.78,62.14,67.22,71.93,76.2,80.0,3,95.36082474226804,2171,16
2024.0,21.0,MA,2110302.0,Santo Antônio dos Lopes,MUNICIPAL,52.7,72.56,19.86,57.23,15.330000000000005,1,61.62,65.84,69.82,73.52,76.92,80.0,4,95.0413223140496,1714,59
2024.0,41.0,PR,4111001.0,Itambaracá,MUNICIPAL,79.1,80.58,1.480000000000004,79.25,1.3299999999999983,1,79.37,79.5,79.63,79.75,79.88,80.0,5,80.88235294117648,992,96
2024.0,31.0,MG,3165107.0,São Tomás de Aquino,MUNICIPAL,68.1,82.09,13.990000000000009,70.04,12.049999999999997,1,71.89,73.66,75.36,76.98,78.53,80.0,5,96.55172413793105,875,224
2024.0,31.0,MG,3114303.0,Carmo do Paranaíba,MUNICIPAL,70.4,86.19,15.789999999999992,71.94,14.25,1,73.41,74.83,76.2,77.52,78.79,80.0,5,93.85665529010238,592,141
2024.0,35.0,SP,3554805.0,Tremembé,MUNICIPAL,42.8,54.73,11.93,48.77,5.959999999999994,1,54.74,60.57,66.12,71.26,75.9,80.0,2,88.63636363636364,3288,426
2024.0,35.0,SP,3524402.0,Jacareí,MUNICIPAL,45.6,51.48,5.8799999999999955,51.14,0.3399999999999963,1,56.68,62.07,67.17,71.9,76.18,80.0,2,85.86409395973155,3539,470
2024.0,41.0,PR,4104006.0,Campina Grande do Sul,MUNICIPAL,70.4,66.84,-3.5600000000000023,71.94,-5.099999999999994,0,73.41,74.83,76.2,77.52,78.79,80.0,3,88.46641318124207,2244,283
2024.0,41.0,PR,4124509.0,Santo Inácio,MUNICIPAL,91.1,80.07000000000001,-11.029999999999987,80.0,0.07000000000000739,1,80.0,80.0,80.0,80.0,80.0,80.0,5,93.47826086956522,1029,104
2024.0,50.0,MS,5005103.0,Jateí,MUNICIPAL,66.7,56.25,-10.450000000000003,68.83,-12.579999999999998,0,70.92,72.91,74.82,76.64,78.37,80.0,2,100.0,3154,40
2024.0,29.0,BA,2930766.0,Sítio do Quinto,MUNICIPAL,44.1,42.47,-1.6300000000000026,49.83,-7.359999999999999,0,55.61,61.24,66.59,71.54,76.03,80.0,1,97.33333333333334,4145,104
2024.0,26.0,PE,2613107.0,São Caitano,MUNICIPAL,45.1,53.17,8.07,50.74,2.4299999999999997,1,56.36,61.82,66.99,71.79,76.14,80.0,2,98.54227405247812,3410,142
2024.0,41.0,PR,4120507.0,Primeiro de Maio,MUNICIPAL,51.4,62.66,11.259999999999998,56.15,6.509999999999998,1,60.76,65.18,69.36,73.24,76.79,80.0,3,70.24793388429752,2620,311
2024.0,24.0,RN,2407005.0,Luís Gomes,MUNICIPAL,26.2,26.6,0.40000000000000213,33.44,-6.839999999999996,0,41.52,50.08,58.64,66.7,73.9,80.0,0,86.27450980392157,4841,129
2024.0,31.0,MG,3154408.0,Ressaquinha,MUNICIPAL,55.6,82.0,26.4,59.64,22.36,1,63.56,67.31,70.86,74.16,77.21,80.0,5,95.55555555555556,881,226
2024.0,31.0,MG,3169901.0,Ubá,MUNICIPAL,64.5,79.09,14.590000000000003,67.05,12.040000000000006,1,69.49,71.82,74.04,76.15,78.14,80.0,4,88.47980997624703,1115,297
2024.0,31.0,MG,3130200.0,Igaratinga,MUNICIPAL,68.9,79.48,10.579999999999998,70.67,8.810000000000002,1,72.39,74.05,75.64,77.16,78.61,80.0,4,85.71428571428571,1088,290
2024.0,35.0,SP,3526803.0,Lençóis Paulista,MUNICIPAL,61.3,63.65,2.3500000000000014,64.4,-0.7500000000000071,0,67.37,70.21,72.9,75.43,77.8,80.0,3,94.25465838509317,2541,268
2024.0,22.0,PI,2201929.0,Bonfim do Piauí,MUNICIPAL,50.6,35.96,-14.64,55.47,-19.509999999999998,0,60.21,64.76,69.06,73.05,76.71,80.0,0,100.0,4517,197
2024.0,31.0,MG,3156502.0,Rubelita,MUNICIPAL,100.0,76.83,-23.17,80.0,-3.1700000000000017,0,80.0,80.0,80.0,80.0,80.0,80.0,4,90.2439024390244,1332,362
2024.0,35.0,SP,3515806.0,Flora Rica,MUNICIPAL,30.0,27.27,-2.7300000000000004,37.09,-9.820000000000004,0,44.79,52.75,60.56,67.88,74.41,80.0,0,100.0,4825,576
2024.0,22.0,PI,2204154.0,Francisco Macedo,MUNICIPAL,59.4,95.24,35.839999999999996,62.8,32.44,1,66.09,69.23,72.21,75.0,77.6,80.0,5,100.0,187,22
2024.0,17.0,TO,1720309.0,São Sebastião do Tocantins,MUNICIPAL,26.6,58.96,32.36,33.77,25.189999999999998,1,41.81,50.32,58.81,66.81,73.94,80.0,2,98.0,2933,29
2024.0,33.0,RJ,3304607.0,Santa Maria Madalena,MUNICIPAL,64.5,65.02,0.519999999999996,67.06,-2.0400000000000063,0,69.5,71.83,74.05,76.15,78.14,80.0,3,87.5,2399,29
2024.0,26.0,PE,2608305.0,Jupi,MUNICIPAL,60.7,68.61,7.909999999999997,63.87,4.740000000000002,1,66.95,69.89,72.67,75.29,77.73,80.0,3,98.31932773109244,2093,71
2024.0,22.0,PI,2209500.0,Santo Inácio do Piauí,MUNICIPAL,73.4,85.37,11.969999999999999,74.44,10.930000000000007,1,75.43,76.4,77.34,78.25,79.14,80.0,5,100.0,640,47
2024.0,35.0,SP,3508801.0,Cafelândia,MUNICIPAL,61.2,61.51,0.30999999999999517,64.3,-2.789999999999999,0,67.29,70.15,72.86,75.4,77.79,80.0,3,93.3734939759036,2715,308
2024.0,41.0,PR,4112900.0,Jundiaí do Sul,MUNICIPAL,56.8,55.42,-1.3799999999999955,60.68,-5.259999999999998,0,64.4,67.95,71.3,74.44,77.34,80.0,2,97.91666666666666,3228,348
2024.0,21.0,MA,2111607.0,São Raimundo das Mangabeiras,MUNICIPAL,71.0,84.5,13.5,72.44,12.060000000000002,1,73.81,75.14,76.43,77.67,78.86,80.0,5,93.04029304029304,707,22
2024.0,13.0,AM,1303502.0,Pauini,MUNICIPAL,39.0,48.43,9.43,45.33,3.1000000000000014,1,51.88,58.35,64.56,70.3,75.47,80.0,1,88.46153846153845,3744,21
2024.0,17.0,TO,1720903.0,Taguatinga,MUNICIPAL,38.3,42.45,4.150000000000006,44.76,-2.309999999999995,0,51.39,57.98,64.29,70.14,75.4,80.0,1,86.06965174129353,4148,82
2024.0,32.0,ES,3205002.0,Serra,MUNICIPAL,59.1,57.120000000000005,-1.9799999999999969,62.54,-5.419999999999995,0,65.88,69.08,72.1,74.93,77.57,80.0,2,85.71869692758993,3085,72
2024.0,27.0,AL,2701803.0,Carneiros,MUNICIPAL,43.5,38.85,-4.649999999999999,49.37,-10.519999999999996,0,55.23,60.95,66.38,71.42,75.97,80.0,0,97.51552795031056,4351,76
2024.0,52.0,GO,5220009.0,São João d'Aliança,MUNICIPAL,81.8,89.53,7.730000000000004,80.0,9.530000000000001,1,80.0,80.0,80.0,80.0,80.0,80.0,5,97.26775956284152,426,49
2024.0,41.0,PR,4128500.0,Wenceslau Braz,MUNICIPAL,81.1,74.37,-6.72999999999999,80.0,-5.6299999999999955,0,80.0,80.0,80.0,80.0,80.0,80.0,4,86.66666666666667,1565,190
2024.0,31.0,MG,3163409.0,São José do Goiabal,MUNICIPAL,,86.0,,,,,80.0,80.0,80.0,80.0,80.0,80.0,5,100.0,604,146
2024.0,51.0,MT,5104807.0,Jaciara,MUNICIPAL,57.0,55.26,-1.740000000000002,60.83,-5.57,0,64.51,68.04,71.36,74.48,77.36,80.0,2,91.82058047493403,3239,101
2024.0,29.0,BA,2925709.0,Presidente Jânio Quadros,MUNICIPAL,30.4,31.78,1.3800000000000026,37.48,-5.699999999999996,0,45.13,53.02,60.76,68.0,74.46,80.0,0,89.91596638655463,4673,237
2024.0,22.0,PI,2205532.0,Jurema,MUNICIPAL,96.4,98.36,1.9599999999999937,80.0,18.36,1,80.0,80.0,80.0,80.0,80.0,80.0,5,100.0,83,9
2024.0,31.0,MG,3134004.0,Itinga,MUNICIPAL,52.3,64.84,12.540000000000006,56.85,7.990000000000002,1,61.32,65.61,69.66,73.42,76.87,80.0,3,95.45454545454544,2415,620
2024.0,41.0,PR,4112504.0,Jardim Alegre,MUNICIPAL,61.2,77.74,16.539999999999992,64.31,13.429999999999993,1,67.3,70.15,72.86,75.41,77.79,80.0,4,87.85046728971963,1225,138
2024.0,35.0,SP,3518305.0,Guararema,MUNICIPAL,64.8,76.97,12.170000000000002,67.24,9.730000000000004,1,69.64,71.94,74.13,76.2,78.16,80.0,4,91.8854415274463,1315,110
2024.0,41.0,PR,4122602.0,Rondon,MUNICIPAL,68.4,41.63,-26.770000000000003,70.28,-28.65,0,72.08,73.81,75.46,77.05,78.56,80.0,1,88.18181818181819,4196,370
2024.0,31.0,MG,3125002.0,Ewbank da Câmara,MUNICIPAL,35.7,64.41,28.709999999999994,42.36,22.049999999999997,1,49.36,56.38,63.16,69.45,75.1,80.0,3,100.0,2467,630
2024.0,42.0,SC,4215000.0,Rio Negrinho,MUNICIPAL,60.1,66.96000000000001,6.8600000000000065,63.42,3.5400000000000063,1,66.59,69.61,72.48,75.17,77.68,80.0,3,85.25519848771268,2238,149
2024.0,24.0,RN,2401602.0,Bento Fernandes,MUNICIPAL,14.9,29.29,14.389999999999999,21.48,7.809999999999999,1,29.96,40.08,51.13,62.06,71.89,80.0,0,82.08955223880598,4762,121
2024.0,41.0,PR,4108205.0,Formosa do Oeste,MUNICIPAL,88.2,85.18,-3.019999999999996,80.0,5.180000000000007,1,80.0,80.0,80.0,80.0,80.0,80.0,5,91.78082191780824,649,53
2024.0,35.0,SP,3529807.0,Mineiros do Tietê,MUNICIPAL,45.8,68.18,22.38000000000001,51.31,16.870000000000005,1,56.82,62.17,67.25,71.94,76.21,80.0,3,76.98412698412699,2131,202
2024.0,31.0,MG,3150109.0,Piau,MUNICIPAL,29.6,75.58,45.98,36.74,38.839999999999996,1,44.48,52.49,60.38,67.77,74.36,80.0,4,96.96969696969695,1453,399
2024.0,41.0,PR,4114807.0,Marialva,MUNICIPAL,73.2,73.09,-0.10999999999999943,74.29,-1.2000000000000028,0,75.31,76.3,77.27,78.21,79.12,80.0,4,86.23693379790942,1677,217
2024.0,26.0,PE,2612802.0,Santa Terezinha,MUNICIPAL,68.3,79.68,11.38000000000001,70.19,9.490000000000009,1,72.0,73.75,75.42,77.02,78.55,80.0,4,97.05882352941175,1072,35
2024.0,31.0,MG,3123403.0,Doresópolis,MUNICIPAL,38.5,66.67,28.17,44.9,21.770000000000003,1,51.51,58.07,64.35,70.18,75.42,80.0,3,100.0,2265,590
2024.0,35.0,SP,3553203.0,Taiúva,MUNICIPAL,68.1,57.370000000000005,-10.72999999999999,70.03,-12.659999999999997,0,71.88,73.65,75.35,76.98,78.53,80.0,2,95.3125,3056,375
2024.0,51.0,MT,5101902.0,Brasnorte,MUNICIPAL,51.9,69.06,17.160000000000004,56.56,12.5,1,61.09,65.43,69.53,73.34,76.84,80.0,3,85.43307086614173,2051,52
2024.0,27.0,AL,2707503.0,Porto Real do Colégio,MUNICIPAL,67.7,83.74,16.039999999999992,69.69,14.049999999999997,1,71.61,73.44,75.2,76.88,78.48,80.0,5,84.50704225352112,750,7
2024.0,22.0,PI,2210656.0,Sigefredo Pacheco,MUNICIPAL,45.2,75.67,30.47,50.79,24.880000000000003,1,56.4,61.85,67.02,71.8,76.14,80.0,4,96.42857142857144,1445,75
2024.0,35.0,SP,3534005.0,Onda Verde,MUNICIPAL,47.1,74.45,27.35,52.45,22.0,1,57.76,62.89,67.75,72.25,76.34,80.0,4,89.58333333333334,1558,133
2024.0,23.0,CE,2302305.0,Bela Cruz,MUNICIPAL,95.9,97.83,1.9299999999999926,80.0,17.83,1,80.0,80.0,80.0,80.0,80.0,80.0,5,99.27797833935018,99,45
2024.0,43.0,RS,4308102.0,Feliz,MUNICIPAL,72.8,51.1,-21.699999999999996,73.9,-22.800000000000004,0,75.0,76.06,77.09,78.09,79.06,80.0,2,92.2077922077922,3564,207
2024.0,17.0,TO,1707306.0,Dueré,MUNICIPAL,35.0,68.54,33.540000000000006,41.72,26.820000000000007,1,48.81,55.95,62.85,69.27,75.02,80.0,3,83.33333333333334,2099,8
2024.0,31.0,MG,3159001.0,Santana do Riacho,MUNICIPAL,60.9,80.15,19.250000000000007,64.05,16.10000000000001,1,67.09,70.0,72.75,75.34,77.76,80.0,5,90.76923076923076,1024,271
2024.0,33.0,RJ,3300506.0,Bom Jardim,MUNICIPAL,50.4,66.67,16.270000000000003,55.3,11.370000000000005,1,60.07,64.66,68.99,73.01,76.69,80.0,3,87.98449612403101,2265,24
2024.0,43.0,RS,4309407.0,Guaporé,MUNICIPAL,,49.2,,,,,55.09,60.84,66.31,71.37,75.95,80.0,1,91.0,3695,229
2024.0,25.0,PB,2512036.0,Poço Dantas,MUNICIPAL,23.2,81.67,58.47,30.45,51.22,1,38.76,47.79,56.96,65.67,73.45,80.0,5,91.48936170212764,913,38
2024.0,23.0,CE,2311306.0,Quixadá,MUNICIPAL,88.4,92.49,4.089999999999989,80.0,12.489999999999995,1,80.0,80.0,80.0,80.0,80.0,80.0,5,97.242206235012,292,93
2024.0,31.0,MG,3157252.0,Santa Bárbara do Leste,MUNICIPAL,,70.45,,,,,72.21,73.91,75.54,77.1,78.58,80.0,4,87.1559633027523,1902,515
2024.0,27.0,AL,2702355.0,Craíbas,MUNICIPAL,45.7,67.43,21.730000000000004,51.26,16.17000000000001,1,56.78,62.14,67.22,71.93,76.2,80.0,3,93.21266968325791,2203,19
2024.0,31.0,MG,3128907.0,Guimarânia,MUNICIPAL,60.6,85.10000000000001,24.500000000000007,63.8,21.30000000000001,1,66.89,69.84,72.64,75.27,77.72,80.0,5,92.07920792079209,655,163
2024.0,35.0,SP,3551702.0,Sertãozinho,MUNICIPAL,53.7,54.16,0.45999999999999375,58.07,-3.9100000000000037,0,62.3,66.35,70.18,73.74,77.02,80.0,2,90.88524590163937,3340,433
2024.0,35.0,SP,3507407.0,Borborema,MUNICIPAL,93.2,70.83,-22.370000000000005,80.0,-9.170000000000002,0,80.0,80.0,80.0,80.0,80.0,80.0,4,95.83333333333334,1864,170
2024.0,51.0,MT,5101308.0,Arenápolis,MUNICIPAL,62.3,58.620000000000005,-3.6799999999999926,65.24,-6.61999999999999,0,68.04,70.72,73.26,75.66,77.91,80.0,2,92.64705882352942,2956,94
2024.0,29.0,BA,2924652.0,Pintadas,MUNICIPAL,44.9,55.7,10.800000000000004,50.59,5.109999999999999,1,56.24,61.72,66.93,71.75,76.12,80.0,2,98.75,3200,20
2024.0,43.0,RS,4300307.0,Alecrim,MUNICIPAL,,33.3,,,,,41.39,49.98,58.56,66.66,73.88,80.0,0,92.3076923076923,4621,380
2024.0,52.0,GO,5212956.0,Matrinchã,MUNICIPAL,59.7,52.82,-6.880000000000003,63.07,-10.25,0,66.31,69.4,72.33,75.07,77.63,80.0,2,93.84615384615384,3431,219
2024.0,27.0,AL,2702603.0,Feira Grande,MUNICIPAL,35.2,44.46,9.259999999999998,41.94,2.520000000000003,1,49.0,56.1,62.96,69.34,75.05,80.0,1,96.1206896551724,4022,57
2024.0,43.0,RS,4311270.0,Lagoa dos Três Cantos,MUNICIPAL,61.9,36.0,-25.9,64.89,-28.89,0,67.76,70.5,73.11,75.56,77.86,80.0,0,96.15384615384616,4515,366
2024.0,31.0,MG,3128006.0,Guanhães,MUNICIPAL,57.6,68.68,11.080000000000005,61.34,7.340000000000003,1,64.93,68.35,71.59,74.61,77.42,80.0,3,90.4382470119522,2084,552
2024.0,31.0,MG,3108602.0,Brasília de Minas,MUNICIPAL,75.1,76.32000000000001,1.220000000000013,75.81,0.5100000000000051,1,76.55,77.27,77.98,78.67,79.34,80.0,4,90.47619047619048,1376,379
2024.0,31.0,MG,3169208.0,Tombos,MUNICIPAL,56.8,80.55,23.75,60.67,19.879999999999995,1,64.39,67.94,71.3,74.43,77.34,80.0,5,97.10144927536231,993,262
2024.0,51.0,MT,5107792.0,Santo Antônio do Leste,MUNICIPAL,61.0,75.82000000000001,14.820000000000007,64.12,11.700000000000003,1,67.14,70.04,72.78,75.36,77.76,80.0,4,89.55223880597015,1432,31
2024.0,32.0,ES,3204351.0,Rio Bananal,MUNICIPAL,74.6,83.06,8.460000000000008,75.44,7.6200000000000045,1,76.25,77.04,77.81,78.56,79.29,80.0,5,90.6015037593985,797,20
2024.0,29.0,BA,2930600.0,Serrolândia,MUNICIPAL,32.8,25.69,-7.109999999999996,39.77,-14.080000000000002,0,47.13,54.62,61.91,68.69,74.76,80.0,0,94.73684210526316,4857,321
2024.0,33.0,RJ,3302700.0,Maricá,MUNICIPAL,56.6,59.97,3.3699999999999974,60.52,-0.5500000000000043,0,64.27,67.85,71.23,74.39,77.32,80.0,2,82.98507462686567,2853,45
2024.0,51.0,MT,5107578.0,Rondolândia,MUNICIPAL,29.0,71.43,42.43000000000001,36.18,35.25000000000001,1,43.98,52.09,60.09,67.59,74.28,80.0,4,78.57142857142857,1807,44
2024.0,41.0,PR,4118006.0,Paraíso do Norte,MUNICIPAL,74.9,67.76,-7.140000000000001,75.67,-7.909999999999997,0,76.43,77.18,77.91,78.62,79.32,80.0,3,87.28323699421965,2172,276
2024.0,35.0,SP,3516705.0,Garça,MUNICIPAL,51.9,57.27,5.3700000000000045,56.55,0.720000000000006,1,61.08,65.43,69.53,73.34,76.84,80.0,2,92.3780487804878,3065,377
2024.0,31.0,MG,3150539.0,Pingo-d'Água,MUNICIPAL,34.7,81.43,46.730000000000004,41.49,39.940000000000005,1,48.61,55.79,62.74,69.2,74.99,80.0,5,92.3076923076923,930,244
2024.0,35.0,SP,3530607.0,Mogi das Cruzes,MUNICIPAL,46.6,47.88,1.2800000000000011,52.01,-4.1299999999999955,0,57.39,62.61,67.55,72.13,76.29,80.0,1,89.74412751677853,3783,507
2024.0,27.0,AL,2706703.0,Penedo,MUNICIPAL,40.9,42.23,1.3299999999999983,47.02,-4.790000000000006,0,53.29,59.45,65.33,70.77,75.68,80.0,1,88.43843843843844,4160,67
2024.0,42.0,SC,4204301.0,Concórdia,MUNICIPAL,76.4,75.26,-1.1400000000000006,76.94,-1.6799999999999926,0,77.47,78.0,78.51,79.02,79.51,80.0,4,83.83838383838383,1476,87
2024.0,33.0,RJ,3304706.0,Santo Antônio de Pádua,MUNICIPAL,66.4,73.82000000000001,7.420000000000002,68.58,5.240000000000009,1,70.72,72.76,74.72,76.57,78.34,80.0,4,91.18457300275482,1612,8
2024.0,31.0,MG,3111200.0,Campo Belo,MUNICIPAL,69.5,85.57000000000001,16.070000000000007,71.17,14.400000000000006,1,72.79,74.35,75.86,77.3,78.68,80.0,5,95.33169533169531,629,154
2024.0,21.0,MA,2109403.0,Primeira Cruz,MUNICIPAL,75.5,68.97,-6.530000000000001,76.22,-7.25,0,76.88,77.53,78.17,78.79,79.4,80.0,3,83.17757009345794,2060,76
2024.0,26.0,PE,2604304.0,Cedro,MUNICIPAL,46.9,63.120000000000005,16.220000000000006,52.32,10.800000000000004,1,57.65,62.81,67.69,72.22,76.33,80.0,3,90.69767441860463,2584,98
2024.0,43.0,RS,4319000.0,São Marcos,MUNICIPAL,83.8,38.3,-45.5,80.0,-41.7,0,80.0,80.0,80.0,80.0,80.0,80.0,0,87.61061946902655,4381,342
2024.0,41.0,PR,4119954.0,Pontal do Paraná,MUNICIPAL,71.2,61.28,-9.920000000000002,72.58,-11.299999999999997,0,73.93,75.23,76.49,77.71,78.88,80.0,3,81.17154811715481,2730,326
2024.0,35.0,SP,3515400.0,Fartura,MUNICIPAL,62.7,82.78,20.08,65.56,17.22,1,68.3,70.91,73.4,75.74,77.95,80.0,5,92.94117647058825,817,67
2024.0,43.0,RS,4307708.0,Esteio,MUNICIPAL,63.4,47.0,-16.4,66.11,-19.11,0,68.74,71.25,73.64,75.9,78.02,80.0,1,76.6541822721598,3854,249
2024.0,35.0,SP,3546009.0,Santa Branca,MUNICIPAL,40.8,49.71,8.910000000000004,46.96,2.75,1,53.24,59.41,65.3,70.76,75.68,80.0,1,82.8125,3661,489
2024.0,21.0,MA,2107902.0,Passagem Franca,MUNICIPAL,76.8,58.43,-18.369999999999997,77.24,-18.809999999999995,0,77.72,78.19,78.65,79.11,79.56,80.0,2,93.92523364485982,2970,116
2024.0,31.0,MG,3159902.0,Santo Antônio do Amparo,MUNICIPAL,83.8,80.3,-3.5,80.0,0.29999999999999716,1,80.0,80.0,80.0,80.0,80.0,80.0,5,92.52873563218392,1011,270
2024.0,21.0,MA,2105104.0,Icatu,MUNICIPAL,66.6,68.98,2.3800000000000097,68.75,0.23000000000000398,1,70.85,72.86,74.79,76.62,78.36,80.0,3,96.29629629629628,2058,75
2024.0,43.0,RS,4314753.0,Poço das Antas,MUNICIPAL,85.5,66.3,-19.200000000000003,80.0,-13.700000000000003,0,80.0,80.0,80.0,80.0,80.0,80.0,3,96.0,2296,84
2024.0,24.0,RN,2403103.0,Currais Novos,MUNICIPAL,41.2,46.77,5.57,47.33,-0.5599999999999952,0,53.54,59.65,65.47,70.86,75.72,80.0,1,83.63636363636363,3872,48
2024.0,27.0,AL,2705408.0,Monteirópolis,MUNICIPAL,35.3,31.11,-4.189999999999998,42.02,-10.910000000000004,0,49.07,56.15,63.0,69.36,75.06,80.0,0,100.0,4701,88
2024.0,23.0,CE,2311207.0,Potengi,MUNICIPAL,90.9,91.04,0.14000000000000057,80.0,11.040000000000006,1,80.0,80.0,80.0,80.0,80.0,80.0,5,100.0,356,106
2024.0,29.0,BA,2912509.0,Ibipitanga,MUNICIPAL,44.2,46.81,2.6099999999999994,49.93,-3.1199999999999974,0,55.69,61.31,66.64,71.57,76.04,80.0,1,93.06930693069307,3869,67
2024.0,24.0,RN,2409803.0,Pedro Velho,MUNICIPAL,17.0,23.56,6.559999999999999,23.8,-0.240000000000002,0,32.33,42.22,52.78,63.1,72.34,80.0,0,73.07692307692307,4900,134
2024.0,31.0,MG,3158953.0,Santana do Paraíso,MUNICIPAL,69.8,69.95,0.15000000000000568,71.41,-1.4599999999999937,0,72.98,74.5,75.97,77.37,78.71,80.0,3,93.18181818181816,1965,528
2024.0,13.0,AM,1303569.0,Rio Preto da Eva,MUNICIPAL,35.3,46.76,11.46,42.05,4.710000000000001,1,49.09,56.17,63.01,69.36,75.06,80.0,1,80.72562358276643,3874,23
2024.0,22.0,PI,2205003.0,Itainópolis,MUNICIPAL,74.2,73.67,-0.5300000000000011,75.05,-1.3799999999999955,0,75.93,76.79,77.62,78.44,79.23,80.0,4,98.82352941176472,1627,81
2024.0,52.0,GO,5205109.0,Catalão,MUNICIPAL,64.9,76.88,11.97999999999999,67.35,9.530000000000001,1,69.73,72.01,74.18,76.23,78.18,80.0,4,90.0,1326,143
2024.0,35.0,SP,3546256.0,Santa Cruz da Esperança,MUNICIPAL,45.9,42.56,-3.3399999999999963,51.45,-8.89,0,56.94,62.27,67.31,71.98,76.22,80.0,1,95.45454545454544,4140,558
2024.0,22.0,PI,2209757.0,São Gonçalo do Gurguéia,MUNICIPAL,76.5,60.71,-15.79,77.0,-16.29,0,77.52,78.03,78.54,79.03,79.52,80.0,3,100.0,2778,120
2024.0,13.0,AM,1303809.0,São Gabriel da Cachoeira,MUNICIPAL,36.5,31.59,-4.91,43.12,-11.529999999999998,0,50.01,56.89,63.52,69.68,75.2,80.0,0,91.8918918918919,4675,43
2024.0,43.0,RS,4316006.0,Rolante,MUNICIPAL,88.6,66.6,-22.0,80.0,-13.400000000000006,0,80.0,80.0,80.0,80.0,80.0,80.0,3,93.82716049382717,2280,82
2024.0,52.0,GO,5203203.0,Barro Alto,MUNICIPAL,80.6,77.88,-2.719999999999999,80.0,-2.1200000000000045,0,80.0,80.0,80.0,80.0,80.0,80.0,4,96.71052631578948,1210,134
2024.0,51.0,MT,5108006.0,Tapurah,MUNICIPAL,55.9,68.81,12.910000000000004,59.92,8.89,1,63.78,67.48,70.97,74.23,77.25,80.0,3,89.95983935742971,2070,55
2024.0,21.0,MA,2112506.0,Tutóia,MUNICIPAL,37.6,57.61,20.009999999999998,44.16,13.450000000000003,1,50.89,57.58,64.01,69.97,75.33,80.0,2,91.26074498567334,3038,121
2024.0,43.0,RS,4301057.0,Arroio do Sal,MUNICIPAL,67.5,46.5,-21.0,69.49,-22.989999999999995,0,71.44,73.32,75.11,76.83,78.46,80.0,1,84.5679012345679,3892,254
